{"type": "FeatureCollection", "claim": "river centrelines coloured by the observed per-window change fraction; ext=true segments come from the 2026-09-02 neighbor-river extension scan (single-placebo p99, separate from the sealed 6-lead funnel); grey dash = unobservable; not risk, not a forecast", "features": [{"type": "Feature", "properties": {"frac": 0.0466, "observed": true, "ext": false, "wid": "v000"}, "geometry": {"type": "LineString", "coordinates": [[85.3769971, 28.2780537], [85.3768216, 28.2779066], [85.3767462, 28.2777463], [85.3767613, 28.2775121], [85.3769391, 28.2771348], [85.3771714, 28.2758879], [85.3773933, 28.2751452], [85.3776105, 28.2744659], [85.3777286, 28.2734137], [85.3776181, 28.2726571], [85.3775209, 28.2719917], [85.3776048, 28.2713134], [85.3775962, 28.2706383], [85.3775949, 28.270283], [85.3773685, 28.2698453], [85.3767389, 28.2692069], [85.3763324, 28.2688538], [85.376239, 28.2682701]]}}, {"type": "Feature", "properties": {"frac": 0.0398, "observed": true, "ext": false, "wid": "v001"}, "geometry": {"type": "LineString", "coordinates": [[85.376239, 28.2682701], [85.3761588, 28.268068], [85.3760461, 28.2677839], [85.3758622, 28.2674971], [85.3758404, 28.2671284], [85.3757841, 28.2668506], [85.3755782, 28.266605], [85.3752892, 28.2663322], [85.3750465, 28.2662087], [85.3747305, 28.2660842], [85.374483, 28.2660575], [85.3740981, 28.2658021], [85.3738543, 28.2655288], [85.3736376, 28.2652264], [85.3732695, 28.2649583], [85.3728356, 28.2648002], [85.3726159, 28.2645444], [85.3725014, 28.2642226], [85.3725293, 28.2637686], [85.3727395, 28.2633658], [85.3728672, 28.2630691], [85.372849, 28.2627265], [85.3726205, 28.2623202], [85.3721556, 28.2619653], [85.371794, 28.2617948], [85.3711533, 28.2614335], [85.3709295, 28.2612648], [85.3706772, 28.2609758], [85.3701434, 28.2603391], [85.369643, 28.2598333], [85.369335, 28.2595682], [85.3689459, 28.2591658], [85.3687436, 28.2589566], [85.3680626, 28.2586969], [85.3674829, 28.2585703], [85.3665112, 28.2584886], [85.3658447, 28.2581913], [85.3655834, 28.2579395], [85.3654734, 28.2576234], [85.3655078, 28.2570507], [85.3655078, 28.2564967], [85.3651377, 28.254852], [85.3650429, 28.2542095], [85.3650446, 28.2534983], [85.3650598, 28.2530637], [85.3650195, 28.2522315], [85.3648935, 28.2520075], [85.3647465, 28.2517719], [85.3646775, 28.2514446], [85.3646449, 28.2511203], [85.3648108, 28.2505815]]}}, {"type": "Feature", "properties": {"frac": 0.0713, "observed": true, "ext": false, "wid": "v002"}, "geometry": {"type": "LineString", "coordinates": [[85.3648108, 28.2505815], [85.36497, 28.2500646], [85.3650164, 28.2497402], [85.3649821, 28.249554], [85.3648616, 28.2494292], [85.364336, 28.2489507], [85.3640952, 28.2486872], [85.3638697, 28.2481966], [85.3633558, 28.2467827], [85.3631936, 28.2465653], [85.3629994, 28.2463895], [85.3624306, 28.2458514], [85.3611588, 28.2450484], [85.3604894, 28.2447003], [85.3596845, 28.2442672], [85.3592583, 28.2438852], [85.3588736, 28.2434913], [85.3586512, 28.2432473], [85.358457, 28.2428725], [85.3582262, 28.2423521], [85.3581454, 28.2416326], [85.3581813, 28.2411955], [85.3582245, 28.2406879], [85.3582515, 28.2403252], [85.3582567, 28.2397252], [85.3582034, 28.2392849], [85.3582631, 28.2386698], [85.3581634, 28.2382734], [85.3580332, 28.2380123], [85.3579697, 28.2378227], [85.3579239, 28.2376081], [85.3579374, 28.2373559], [85.358087, 28.2370764], [85.3584222, 28.23691], [85.3585944, 28.2368124], [85.3587017, 28.2366909], [85.3587843, 28.2364763], [85.358794, 28.2362643], [85.3588086, 28.2359585], [85.3588799, 28.2357066], [85.3590113, 28.2351725], [85.3591105, 28.2349433], [85.3592688, 28.2347566], [85.3594673, 28.2345889], [85.3596367, 28.2343824], [85.3598347, 28.233913], [85.360057, 28.2334183], [85.3603115, 28.2329665]]}}, {"type": "Feature", "properties": {"frac": 0.1331, "observed": true, "ext": false, "wid": "v003"}, "geometry": {"type": "LineString", "coordinates": [[85.3603115, 28.2329665], [85.3603513, 28.2327601], [85.3603578, 28.2321643], [85.3603979, 28.2316935], [85.3604357, 28.2311473], [85.3605317, 28.23082], [85.360677, 28.2305289], [85.3607477, 28.2302819], [85.3608379, 28.2300611], [85.3608727, 28.2295459], [85.3609988, 28.2289197], [85.361031, 28.2285227], [85.3610095, 28.2280429], [85.360978, 28.2276578], [85.3609934, 28.227386], [85.3610739, 28.2266628], [85.36108, 28.2264494], [85.3610873, 28.2258924], [85.361097, 28.2255196], [85.3611168, 28.2251645], [85.3611661, 28.2247643], [85.3611157, 28.2243836], [85.3610444, 28.2241672], [85.3609334, 28.2237594], [85.3609103, 28.2234369], [85.3608544, 28.2231308], [85.3608245, 28.2229265], [85.3607766, 28.2227661], [85.3606904, 28.222631], [85.360536, 28.222457], [85.3603604, 28.2221915], [85.3599903, 28.2218275], [85.3599375, 28.2217743], [85.3597462, 28.2215817], [85.3595547, 28.2213854], [85.3593171, 28.2213028], [85.3591132, 28.2212627], [85.3588825, 28.2211563], [85.3587438, 28.2210795], [85.3586572, 28.2209271], [85.3585698, 28.2207489], [85.3584718, 28.2205331], [85.3582308, 28.2202393], [85.3580672, 28.2200337], [85.3577882, 28.2197855], [85.3576004, 28.2196012], [85.3573912, 28.2193649], [85.3571874, 28.2190907], [85.3568763, 28.2188165], [85.3565893, 28.2185944], [85.3564122, 28.218462], [85.356254, 28.2182659], [85.3559624, 28.2179836], [85.3557745, 28.2177415]]}}, {"type": "Feature", "properties": {"frac": 0.0489, "observed": true, "ext": false, "wid": "v004"}, "geometry": {"type": "LineString", "coordinates": [[85.3557745, 28.2177415], [85.3556367, 28.2175385], [85.3555419, 28.2173248], [85.3554214, 28.2170492], [85.3552582, 28.216824], [85.3550939, 28.2165683], [85.3548749, 28.216323], [85.3548004, 28.216186], [85.3547013, 28.2160753], [85.3546174, 28.2158921], [85.3546029, 28.2156445], [85.354615, 28.2154387], [85.3546433, 28.2152425], [85.3546835, 28.2147811], [85.3547627, 28.214411], [85.3548374, 28.2140348], [85.3548592, 28.2136405], [85.3548512, 28.2132576], [85.3547822, 28.212834], [85.3546037, 28.2121479], [85.3544623, 28.2117237], [85.3543764, 28.2114968], [85.354277, 28.2112688], [85.3541994, 28.2110146], [85.3541709, 28.2107702], [85.354202, 28.2105184], [85.3542691, 28.2101235], [85.3542678, 28.2099214], [85.3542182, 28.2097264], [85.3541944, 28.2094957], [85.354186, 28.2092868], [85.3542477, 28.2088826], [85.3543558, 28.2085319], [85.3543335, 28.2082209], [85.3544435, 28.2077953], [85.3545052, 28.2075826], [85.3546929, 28.2071926], [85.3548217, 28.2067884], [85.3548605, 28.2065511], [85.3548646, 28.2064575], [85.3548955, 28.2062059], [85.3548431, 28.2060722], [85.3548029, 28.2059091], [85.3546876, 28.2057058], [85.3545772, 28.2055263], [85.3544489, 28.2053962], [85.3543079, 28.2052212], [85.3538936, 28.2047532], [85.3537488, 28.2045311], [85.35362, 28.2043065], [85.3535745, 28.2041907], [85.3532921, 28.2037442], [85.3532002, 28.2032427], [85.352985, 28.2023396], [85.3525852, 28.2003513], [85.35248, 28.1995918], [85.3523831, 28.199336], [85.352108, 28.1990037], [85.3519543, 28.1985975], [85.3518202, 28.1980166]]}}, {"type": "Feature", "properties": {"frac": 0.022, "observed": true, "ext": false, "wid": "v005"}, "geometry": {"type": "LineString", "coordinates": [[85.3518202, 28.1980166], [85.3515916, 28.1976113], [85.351472, 28.1974739], [85.3512821, 28.1973014], [85.3510543, 28.1971358], [85.3509353, 28.197051], [85.350757, 28.1968721], [85.3505912, 28.1965873], [85.3503538, 28.1956769], [85.3502347, 28.1952771], [85.3497741, 28.1942085], [85.3491297, 28.1934251], [85.3488563, 28.1919014], [85.3487439, 28.1916413], [85.3483397, 28.1911612], [85.3474878, 28.1897316], [85.3466022, 28.1887847], [85.346156, 28.1882563], [85.3459219, 28.1874569], [85.3457747, 28.1867874], [85.3458047, 28.1862178], [85.3451906, 28.1856063], [85.3445442, 28.1849538], [85.344102, 28.1840369], [85.3439246, 28.1836371], [85.3438114, 28.1831794], [85.3436949, 28.1827808], [85.343715, 28.1824017], [85.3436936, 28.1823194], [85.3436134, 28.1821557], [85.3434173, 28.1820751], [85.3431107, 28.1819754], [85.3429162, 28.1817393], [85.3427556, 28.1811583]]}}, {"type": "Feature", "properties": {"frac": 0.022, "observed": true, "ext": false, "wid": "v005"}, "geometry": {"type": "LineString", "coordinates": [[85.3427556, 28.1811583], [85.3426722, 28.1807772], [85.3426633, 28.1803773]]}}, {"type": "Feature", "properties": {"frac": 0.0427, "observed": true, "ext": false, "wid": "v006"}, "geometry": {"type": "LineString", "coordinates": [[85.3426633, 28.1803773], [85.3426728, 28.1801701], [85.3426392, 28.1799331], [85.3427327, 28.1793587], [85.3428027, 28.1789346], [85.3427577, 28.1785799], [85.3428829, 28.1782323], [85.3429865, 28.1779971], [85.3429497, 28.177811], [85.3428838, 28.1773014], [85.3427835, 28.1769611], [85.3427678, 28.1765348], [85.3427038, 28.1761377], [85.3428187, 28.1757361], [85.3427418, 28.1755148], [85.3427748, 28.1753508], [85.3429465, 28.1743452], [85.3430013, 28.1739672], [85.3429266, 28.1738088], [85.3429127, 28.1734989], [85.3428061, 28.1731357], [85.3426822, 28.1728292], [85.3427098, 28.17265], [85.3426868, 28.1724432], [85.3427036, 28.1721164], [85.3426869, 28.1713281], [85.3426739, 28.1709703], [85.3427953, 28.1706038], [85.3427419, 28.1703673], [85.3427625, 28.1701237], [85.3427062, 28.1699171], [85.3426577, 28.1697139], [85.3425684, 28.1693096], [85.3424341, 28.1683292], [85.3424312, 28.1681469], [85.3424173, 28.1677745], [85.3424406, 28.1675819], [85.3424861, 28.1674392], [85.3425707, 28.167275], [85.3426658, 28.1671531], [85.3427899, 28.1669935], [85.342845, 28.1666895], [85.3428768, 28.1666029], [85.3428934, 28.1665014], [85.3428912, 28.1663782], [85.3428463, 28.1661297], [85.342693, 28.1657707], [85.3425719, 28.1655778], [85.3421898, 28.1650042], [85.3420658, 28.1648709], [85.3419347, 28.1647573], [85.3418024, 28.1646622], [85.3415572, 28.1645234], [85.3413057, 28.1644225]]}}, {"type": "Feature", "properties": {"frac": 0.0427, "observed": true, "ext": false, "wid": "v006"}, "geometry": {"type": "LineString", "coordinates": [[85.3413057, 28.1644225], [85.3409875, 28.1643893], [85.340532, 28.1643132], [85.3402864, 28.1642576], [85.3400519, 28.1641894], [85.3398457, 28.1641076]]}}, {"type": "Feature", "properties": {"frac": 0.0319, "observed": true, "ext": false, "wid": "v007"}, "geometry": {"type": "LineString", "coordinates": [[85.3398457, 28.1641076], [85.3396849, 28.1640114], [85.3395867, 28.1639001], [85.3393909, 28.1634449], [85.3393403, 28.163375], [85.3392711, 28.1633073], [85.3391771, 28.1632397], [85.339052, 28.16317], [85.338553, 28.1629488], [85.3381598, 28.1627521], [85.3378941, 28.1625885], [85.3377417, 28.1624543], [85.3376559, 28.162331], [85.3375777, 28.1621786], [85.3375177, 28.1620127], [85.3374859, 28.1618485], [85.337497, 28.1616699], [85.3376032, 28.1611136], [85.3376654, 28.1606448], [85.3376746, 28.1604142], [85.3376607, 28.160201], [85.3376171, 28.1600161], [85.3375375, 28.1598707], [85.3374022, 28.1597451], [85.3372069, 28.1596149], [85.3369682, 28.1594842], [85.3367027, 28.1593569], [85.3361579, 28.1591283], [85.335555, 28.1589104], [85.3354138, 28.1588773], [85.3347748, 28.1588089], [85.3343802, 28.1587523], [85.3340535, 28.158677], [85.3339434, 28.1586316], [85.333848, 28.1585642], [85.3336178, 28.1583377], [85.332979, 28.1575967], [85.3327739, 28.1573924], [85.3326739, 28.1573217], [85.3324092, 28.1571811], [85.331426, 28.1567493], [85.3312826, 28.1566735], [85.3311212, 28.1565668], [85.3309161, 28.156409], [85.330426, 28.1559941], [85.3291694, 28.1548664], [85.3282423, 28.1538869], [85.328064, 28.1537128], [85.3279363, 28.1536303], [85.3275485, 28.1534571]]}}, {"type": "Feature", "properties": {"frac": 0.0349, "observed": true, "ext": false, "wid": "v008"}, "geometry": {"type": "LineString", "coordinates": [[85.3275485, 28.1534571], [85.3273835, 28.1533544], [85.3273022, 28.1532871], [85.3272221, 28.1531995], [85.3270634, 28.1529595], [85.3266736, 28.1522561], [85.326519, 28.1520573], [85.3264191, 28.1519809], [85.3261108, 28.1518156], [85.3253143, 28.1514667], [85.3249712, 28.1513013], [85.3248453, 28.1512249], [85.324439, 28.1509382], [85.3242126, 28.150821], [85.3240829, 28.1507747], [85.3239379, 28.1507387], [85.3237747, 28.1507148], [85.3234034, 28.1506985], [85.3230839, 28.1506652], [85.3228256, 28.1505994], [85.3226163, 28.1504961], [85.3224435, 28.1503504], [85.3222088, 28.1500621], [85.3220265, 28.1498619], [85.3218138, 28.1496708], [85.3216942, 28.1495823], [85.3214243, 28.1494261], [85.3212726, 28.1493613], [85.3209984, 28.1492687], [85.320555, 28.1491444], [85.3204137, 28.1490732], [85.3203392, 28.1490208], [85.3202697, 28.148953], [85.3202136, 28.1488714], [85.3201674, 28.1487797], [85.3200135, 28.1483867], [85.3199657, 28.1483006], [85.3199073, 28.1482269], [85.3198349, 28.1481694], [85.3197427, 28.1481207], [85.3195008, 28.1480239], [85.3190625, 28.1478942], [85.3186415, 28.1478064], [85.3183128, 28.1477671], [85.3181053, 28.1477268], [85.3179142, 28.1476493], [85.3178282, 28.1475901], [85.3177505, 28.1475137], [85.3176822, 28.1474176], [85.3175648, 28.1471704], [85.3174902, 28.1470461], [85.3173103, 28.146815], [85.3171119, 28.1466138], [85.3169217, 28.1464508], [85.3167665, 28.1463341], [85.3165973, 28.146233], [85.3163658, 28.1461201], [85.3160998, 28.1460086], [85.315697, 28.1458726], [85.3145872, 28.1456305], [85.3139249, 28.1454574]]}}, {"type": "Feature", "properties": {"frac": 0.0324, "observed": true, "ext": false, "wid": "v009"}, "geometry": {"type": "LineString", "coordinates": [[85.3139249, 28.1454574], [85.3137532, 28.1453985], [85.3136229, 28.1453408], [85.3133995, 28.1452158], [85.3131771, 28.1450626], [85.3130771, 28.1449731], [85.3129903, 28.1448736], [85.312921, 28.1447632], [85.3128735, 28.1446409], [85.3128521, 28.1445058], [85.3128612, 28.144357], [85.3129926, 28.1434204], [85.3130287, 28.1429048], [85.3130252, 28.1427774], [85.3129957, 28.1425949], [85.3129326, 28.141955], [85.3128555, 28.1416831], [85.3127933, 28.1415606], [85.312711, 28.1414526], [85.3126147, 28.1413619], [85.3125138, 28.141288], [85.3124101, 28.14123], [85.3122014, 28.1411581], [85.3120029, 28.1411397], [85.3118292, 28.1411678], [85.3116654, 28.1412484], [85.3106353, 28.1419047], [85.3103448, 28.1420738], [85.3102541, 28.1421148], [85.3100296, 28.142174], [85.3098638, 28.1421917], [85.309779, 28.1421898], [85.3096104, 28.1421572], [85.3094494, 28.142077], [85.3076233, 28.1407319]]}}, {"type": "Feature", "properties": {"frac": 0.0324, "observed": true, "ext": false, "wid": "v009"}, "geometry": {"type": "LineString", "coordinates": [[85.3076233, 28.1407319], [85.3075203, 28.1406605], [85.3060828, 28.1393561], [85.3046923, 28.1375475], [85.3033364, 28.1350049]]}}, {"type": "Feature", "properties": {"frac": 0.0286, "observed": true, "ext": false, "wid": "v010"}, "geometry": {"type": "LineString", "coordinates": [[85.3033364, 28.1350049], [85.3028335, 28.1346139], [85.3026186, 28.1345063], [85.3025608, 28.1344347], [85.302528, 28.1343363], [85.3026272, 28.1340357], [85.3026116, 28.1338612], [85.3023343, 28.1336234], [85.3011448, 28.1326205], [85.3009424, 28.132384], [85.3006023, 28.1315057], [85.3004252, 28.1313217], [85.3004022, 28.1311802], [85.3005091, 28.1310402], [85.3006002, 28.1309499], [85.3006023, 28.1308019], [85.3004923, 28.1305231], [85.3004513, 28.1303875], [85.300565, 28.1301279], [85.3005771, 28.1299159], [85.3004577, 28.1297003], [85.3002729, 28.1294918], [85.2999343, 28.1291096], [85.2987956, 28.128339], [85.2985606, 28.128045], [85.2981267, 28.1275022]]}}, {"type": "Feature", "properties": {"frac": 0.0286, "observed": true, "ext": false, "wid": "v010"}, "geometry": {"type": "LineString", "coordinates": [[85.2981267, 28.1275022], [85.2980461, 28.1273133], [85.297939, 28.1271264], [85.297776, 28.1268183], [85.2976758, 28.126656], [85.2975361, 28.1264958], [85.2974126, 28.1264198], [85.2972566, 28.1263849], [85.2970656, 28.1263582], [85.2969701, 28.1263027], [85.2968653, 28.1261918], [85.2967465, 28.1260439], [85.29653, 28.1258714], [85.2963134, 28.1257605], [85.2960409, 28.1256619]]}}, {"type": "Feature", "properties": {"frac": 0.0323, "observed": true, "ext": false, "wid": "v011"}, "geometry": {"type": "LineString", "coordinates": [[85.2960409, 28.1256619], [85.2956962, 28.1255366], [85.2954237, 28.1254298], [85.2952048, 28.1253189], [85.2949579, 28.1251546], [85.294555, 28.1248423], [85.2942219, 28.124561], [85.2940403, 28.1243638], [85.2937911, 28.1240926], [85.2935815, 28.1237784], [85.2934114, 28.1234415], [85.2932717, 28.1231909], [85.2931506, 28.1230492], [85.2929876, 28.1229054], [85.2928595, 28.1228356], [85.2926592, 28.1227493], [85.2923378, 28.122624], [85.292198, 28.1225521], [85.2920117, 28.1224761], [85.2918394, 28.1224453], [85.2916135, 28.1224268], [85.2914085, 28.1223139], [85.2912571, 28.1221927], [85.2911081, 28.1219667], [85.2909078, 28.1216216], [85.2907401, 28.1213094], [85.2905375, 28.1210506], [85.290265, 28.1208349], [85.2900134, 28.1206809], [85.2898318, 28.1205885], [85.2895243, 28.1204775], [85.2893194, 28.1204303], [85.2891127, 28.1202822], [85.2889856, 28.1201641], [85.2887092, 28.1198921], [85.2885066, 28.1195573], [85.2882807, 28.1191711], [85.2881246, 28.118937], [85.2879104, 28.1187131], [85.2876425, 28.1185241], [85.2874981, 28.118446], [85.2873188, 28.1183741], [85.2871348, 28.1183207], [85.2869601, 28.1182529], [85.2867039, 28.1181749], [85.2864757, 28.1180886], [85.2860518, 28.1179428], [85.2856885, 28.1177641], [85.2853322, 28.1175566], [85.285069, 28.1174005], [85.2849223, 28.1173101], [85.2847359, 28.1172033], [85.284543, 28.1171113], [85.2843716, 28.1170029]]}}, {"type": "Feature", "properties": {"frac": 0.0413, "observed": true, "ext": false, "wid": "v012"}, "geometry": {"type": "LineString", "coordinates": [[85.2843716, 28.1170029], [85.2841956, 28.1169202], [85.2840824, 28.1168444], [85.2839483, 28.116773], [85.2838556, 28.1166224], [85.2837076, 28.1165134], [85.2835416, 28.1164248], [85.2832671, 28.116345], [85.2830665, 28.1162579], [85.2828945, 28.1161599], [85.282767, 28.1159654], [85.2827093, 28.1158475], [85.2826303, 28.1156812], [85.2826143, 28.1155286], [85.2825968, 28.1153732], [85.2825436, 28.1151409], [85.2824721, 28.1148892], [85.2823435, 28.1145988], [85.2821521, 28.1143051], [85.2818759, 28.1140296], [85.2815569, 28.1136968], [85.2812122, 28.1132819], [85.2811226, 28.1131441], [85.2810004, 28.1129807], [85.2807019, 28.1127824], [85.2803481, 28.1125136], [85.2801618, 28.1123493], [85.2800011, 28.1122568], [85.2799502, 28.1122053], [85.2798431, 28.1121409], [85.2796828, 28.1120114], [85.2794689, 28.1118427], [85.2793348, 28.111707], [85.2791394, 28.1115399], [85.2790392, 28.1114002], [85.2789344, 28.1112441], [85.2788483, 28.1111229], [85.2787365, 28.1110243], [85.2786375, 28.1109493], [85.278556, 28.1109133], [85.2784803, 28.1108907], [85.2783618, 28.1108712], [85.2783206, 28.1108658], [85.2783029, 28.110867], [85.277999, 28.110841], [85.277881, 28.1108202], [85.2777608, 28.1107786], [85.2776613, 28.1107689], [85.2775729, 28.1107092], [85.2774654, 28.1105934], [85.2773171, 28.1102092], [85.2772736, 28.1100911], [85.2771837, 28.1099484], [85.2770519, 28.1097828], [85.2769504, 28.1096898], [85.2768976, 28.1096554], [85.2764147, 28.1094724], [85.2762238, 28.1093779], [85.2760758, 28.1092741], [85.2759983, 28.109169], [85.2759175, 28.1089796], [85.2758784, 28.1089306], [85.2758092, 28.108894], [85.2756373, 28.1088534], [85.27561, 28.1088284], [85.2755813, 28.1087398], [85.2755568, 28.1085638], [85.2755101, 28.108477], [85.2754473, 28.1084379], [85.2754083, 28.1084307], [85.2751765, 28.1084419], [85.2750815, 28.1084221], [85.2750367, 28.1083971], [85.2749796, 28.1083366], [85.2749267, 28.1081049], [85.2748489, 28.1079807], [85.2746771, 28.1077927], [85.2744599, 28.1076149], [85.2740853, 28.107395], [85.2738132, 28.1072704], [85.2736109, 28.1072039], [85.2735078, 28.1071811], [85.2730324, 28.1071235], [85.2728981, 28.1070958], [85.2727514, 28.1070438]]}}, {"type": "Feature", "properties": {"frac": 0.0289, "observed": true, "ext": false, "wid": "v013"}, "geometry": {"type": "LineString", "coordinates": [[85.2727514, 28.1070438], [85.2726745, 28.1070058], [85.2726016, 28.1069612], [85.2724709, 28.1068594], [85.2723211, 28.1067038], [85.2722418, 28.1065896], [85.2718936, 28.1057988], [85.2717537, 28.1055297], [85.2716827, 28.1054544], [85.2714004, 28.1052333], [85.2713191, 28.1051558], [85.2711876, 28.1049874], [85.2710554, 28.1046086]]}}, {"type": "Feature", "properties": {"frac": 0.0289, "observed": true, "ext": false, "wid": "v013"}, "geometry": {"type": "LineString", "coordinates": [[85.2710554, 28.1046086], [85.2709716, 28.1042902], [85.2709017, 28.1041608], [85.2708132, 28.1040786], [85.2706991, 28.1040129], [85.2705617, 28.1039595], [85.2703148, 28.1039081], [85.2701239, 28.1038999], [85.2700097, 28.1038382], [85.2699189, 28.1037602], [85.2697792, 28.1036636], [85.2695416, 28.1035671], [85.2693227, 28.1034787], [85.2691876, 28.1033924], [85.2691084, 28.1032918], [85.2690059, 28.1030452], [85.268964, 28.1028973], [85.2689058, 28.1027371], [85.2688382, 28.1026303], [85.2686659, 28.1024577], [85.2685471, 28.1024043], [85.2683864, 28.1023467], [85.2682281, 28.1023098], [85.2680441, 28.1022995], [85.2678484, 28.1023077], [85.2676924, 28.1023406], [85.2675573, 28.1024043], [85.2674292, 28.1024454], [85.2673244, 28.1024659], [85.2672382, 28.1024721], [85.2671451, 28.1024556], [85.2670705, 28.1024392], [85.2669657, 28.1023714], [85.2668516, 28.102244], [85.2666932, 28.1020653], [85.2666187, 28.1019831], [85.2665442, 28.101866], [85.266458, 28.1016667], [85.2664231, 28.1015435], [85.2663765, 28.1014572], [85.2662973, 28.1013914], [85.266118, 28.101336], [85.265948, 28.1013298], [85.2658851, 28.1013072], [85.2658315, 28.101262], [85.2657919, 28.1011922], [85.2657337, 28.1010874], [85.2656336, 28.1009497], [85.2654752, 28.1007731], [85.2653378, 28.1006436], [85.2652246, 28.100484], [85.2650128, 28.1002845], [85.2647071, 28.1000095], [85.2645275, 28.0998585], [85.2644089, 28.099722], [85.2642993, 28.0995494], [85.2641826, 28.0993514], [85.26415, 28.0992445], [85.2641197, 28.0991213], [85.2640731, 28.0989446], [85.2640103, 28.0988603], [85.2639357, 28.0987535], [85.2638412, 28.0985804], [85.263796, 28.0984994], [85.2636236, 28.0982871], [85.2635118, 28.0981721], [85.2634415, 28.0981075], [85.2633208, 28.0979986], [85.2631183, 28.0978484], [85.2629252, 28.097749], [85.2626368, 28.0976153], [85.2621326, 28.0973728], [85.2619649, 28.0972486], [85.2618442, 28.0971457], [85.2616981, 28.09698], [85.2614956, 28.0967434], [85.2612582, 28.0964654], [85.2610731, 28.0962726], [85.2608424, 28.0960958], [85.2603355, 28.0958952], [85.2595496, 28.0956775]]}}, {"type": "Feature", "properties": {"frac": 0.0171, "observed": true, "ext": false, "wid": "v014"}, "geometry": {"type": "LineString", "coordinates": [[85.2595496, 28.0956775], [85.2585974, 28.095474], [85.2577016, 28.0953604], [85.2568969, 28.0952326], [85.2562344, 28.0951404], [85.2556095, 28.0950292], [85.2548853, 28.094763], [85.2545017, 28.0945701], [85.2539545, 28.0942389], [85.2536361, 28.0940161], [85.2533323, 28.0938035], [85.2526204, 28.0933609], [85.2520609, 28.0931078], [85.2514654, 28.092928], [85.2503065, 28.0927968], [85.2496684, 28.0927245], [85.2488476, 28.0926724], [85.2479571, 28.0926535], [85.2469218, 28.0926109], [85.2458408, 28.0925423], [85.2448887, 28.0924855], [85.2441671, 28.0924902], [85.2436924, 28.0925115], [85.2432471, 28.0924784], [85.2428582, 28.0924074], [85.2423245, 28.0922394], [85.2420455, 28.0921116], [85.2417746, 28.0919744]]}}, {"type": "Feature", "properties": {"frac": null, "observed": false, "ext": false, "wid": "v015"}, "geometry": {"type": "LineString", "coordinates": [[85.2417746, 28.0919744], [85.2415118, 28.091752], [85.2411523, 28.0915627], [85.2407715, 28.0914609], [85.2400419, 28.0913923], [85.2386606, 28.0913757], [85.2376977, 28.0913119], [85.2370325, 28.0912101], [85.2362573, 28.0909711], [85.2335697, 28.0900483], [85.2328482, 28.0897856], [85.2324714, 28.0896532], [85.2321884, 28.0895537], [85.2320878, 28.0895194], [85.2318826, 28.0894449], [85.2316385, 28.0893289], [85.2314079, 28.0891657], [85.2311799, 28.0889906], [85.2309975, 28.0887681], [85.2307078, 28.0883233], [85.2302411, 28.0878145], [85.2297851, 28.0874548], [85.2296993, 28.0873554], [85.2295572, 28.0869816], [85.2294552, 28.0867899], [85.2293506, 28.0866384], [85.2292433, 28.0864894], [85.2291092, 28.0863616], [85.2290288, 28.0862764], [85.2289805, 28.0861675], [85.2289376, 28.0858528], [85.2289, 28.0856777], [85.2288651, 28.0855144], [85.2288142, 28.0854292], [85.2287284, 28.0853417], [85.2286211, 28.0852683]]}}, {"type": "Feature", "properties": {"frac": null, "observed": false, "ext": false, "wid": "v016"}, "geometry": {"type": "LineString", "coordinates": [[85.2286211, 28.0852683], [85.2284548, 28.0851902], [85.2283153, 28.0851571], [85.2277037, 28.0850553], [85.2272156, 28.0849252], [85.2267998, 28.0847856], [85.2264807, 28.0846436], [85.2260971, 28.0844306], [85.2258664, 28.0843241], [85.2252373, 28.0840919], [85.225103, 28.0840315], [85.2247698, 28.0838421], [85.2246353, 28.0837657], [85.2243215, 28.0835503], [85.223954, 28.0833089], [85.2235249, 28.0830841], [85.2230926, 28.0829039], [85.2223416, 28.082637], [85.2221988, 28.082578], [85.2220567, 28.0824796], [85.2219611, 28.08236], [85.221878, 28.0822417], [85.2217734, 28.0820476], [85.2216715, 28.0819033], [85.2215543, 28.0817885], [85.2212289, 28.0816004], [85.2207836, 28.081385], [85.2203652, 28.0812217], [85.2197295, 28.0810135], [85.2194023, 28.0808904], [85.2191448, 28.0807461], [85.2189866, 28.0806065], [85.2188015, 28.0803958], [85.2186674, 28.0802278], [85.218485, 28.080003], [85.2183589, 28.0798563], [85.2182028, 28.0797126], [85.2179007, 28.0794701], [85.2178874, 28.0794598], [85.2177782, 28.079389], [85.2176865, 28.0793173], [85.2175483, 28.0791764], [85.2174587, 28.0790475], [85.2173282, 28.0788018], [85.2171469, 28.0785771], [85.2169583, 28.0783928], [85.2166371, 28.0781825], [85.21653, 28.0780994], [85.216492, 28.0780575], [85.2164061, 28.0778896], [85.2163146, 28.0777831], [85.2162355, 28.0777331], [85.2159512, 28.0776624], [85.2157672, 28.0775736], [85.2157047, 28.0775321], [85.2152953, 28.0771988], [85.215087, 28.0770532], [85.2150142, 28.0770023]]}}, {"type": "Feature", "properties": {"frac": 0.0143, "observed": true, "ext": false, "wid": "v017"}, "geometry": {"type": "LineString", "coordinates": [[85.2150142, 28.0770023], [85.214582, 28.0767799], [85.2135014, 28.0762876], [85.2128995, 28.0759548], [85.212885, 28.0759468], [85.2125144, 28.0757196], [85.2116963, 28.0751283], [85.2114714, 28.0749819], [85.2112937, 28.0749158], [85.2109564, 28.0748422], [85.2107155, 28.0748141], [85.2102698, 28.0747973], [85.2100557, 28.0747645], [85.2098524, 28.0747062], [85.2097574, 28.0746671], [85.2095853, 28.0745681], [85.2095103, 28.0745079], [85.2093513, 28.0743434], [85.209173, 28.0741294], [85.2088511, 28.0736956], [85.2087539, 28.073547], [85.2086393, 28.0733444], [85.2085087, 28.0730607], [85.2083926, 28.0726968], [85.2083212, 28.0722852], [85.2082993, 28.0719323], [85.2083087, 28.071507], [85.2083079, 28.0710515], [85.2082934, 28.0708966], [85.2082658, 28.0707591], [85.208206, 28.0706033], [85.2081573, 28.0705066], [85.2080204, 28.0702899], [85.2079313, 28.0701756], [85.2077101, 28.0699496], [85.2075772, 28.0698437], [85.2074289, 28.0697462], [85.2071282, 28.0695832], [85.2069395, 28.0694888], [85.2067316, 28.0694107], [85.2062065, 28.0692415], [85.205922, 28.069134], [85.2055355, 28.0689646], [85.2054226, 28.0689036], [85.20536, 28.0688574], [85.2052825, 28.0687782], [85.2052399, 28.0687121], [85.2052032, 28.0686301], [85.2051725, 28.068525], [85.2051543, 28.0683858], [85.2051172, 28.0677943], [85.2051226, 28.0673492], [85.2051635, 28.0670106], [85.2053128, 28.0665505], [85.2054647, 28.0661623], [85.2055031, 28.0660866], [85.2055859, 28.0659645], [85.2058706, 28.0656197]]}}, {"type": "Feature", "properties": {"frac": 0.027, "observed": true, "ext": false, "wid": "v018"}, "geometry": {"type": "LineString", "coordinates": [[85.2058706, 28.0656197], [85.2062253, 28.0652287], [85.2063101, 28.0650963], [85.2063549, 28.0650264], [85.2065984, 28.0646015], [85.2068474, 28.0641391], [85.2072168, 28.0633692], [85.2074316, 28.0628702], [85.2075072, 28.0626323], [85.2076549, 28.0621671], [85.2077493, 28.0618632], [85.2077916, 28.0616979], [85.2078792, 28.0613246], [85.2079306, 28.0609033], [85.2079608, 28.0606393], [85.207994, 28.060362], [85.2080756, 28.0600847], [85.2081844, 28.0597941], [85.2083234, 28.0595488], [85.208408, 28.0592955], [85.2085168, 28.0587142], [85.2085863, 28.0582822], [85.2086558, 28.0579702], [85.208692, 28.0577089], [85.208695, 28.0575089], [85.2087068, 28.0571865], [85.2087162, 28.0565863], [85.2087378, 28.0562124], [85.2087494, 28.0560504], [85.2087222, 28.055885], [85.2086739, 28.0557037], [85.2085681, 28.0554584], [85.2082781, 28.0549837], [85.2080847, 28.0547011], [85.207997, 28.0545731], [85.2076496, 28.0540211], [85.207157, 28.0532291]]}}, {"type": "Feature", "properties": {"frac": 0.045, "observed": true, "ext": false, "wid": "v019"}, "geometry": {"type": "LineString", "coordinates": [[85.207157, 28.0532291], [85.2069093, 28.0528212], [85.2068126, 28.0526692], [85.2066675, 28.0524638], [85.20645, 28.0522212], [85.2062838, 28.0521145], [85.2061267, 28.0520398], [85.2056463, 28.0518932], [85.2054106, 28.0518238], [85.2052051, 28.0516798], [85.2050208, 28.0515385], [85.2045947, 28.0512052], [85.2042291, 28.0508985], [85.2037517, 28.0505172], [85.2029389, 28.0499652], [85.2028271, 28.0498452], [85.2026967, 28.0496576], [85.2026696, 28.0496102], [85.2025417, 28.0493866], [85.2024978, 28.0491465], [85.2024796, 28.0489492], [85.2024736, 28.0487492], [85.2024736, 28.0484558], [85.2024524, 28.0482478], [85.2023708, 28.0480398], [85.2021352, 28.0475998], [85.2019267, 28.0472238], [85.2014493, 28.0463625], [85.2009356, 28.0454398], [85.2007599, 28.045232], [85.1992857, 28.0442181], [85.1977716, 28.0432499], [85.1967953, 28.0424864]]}}, {"type": "Feature", "properties": {"frac": 0.0497, "observed": true, "ext": false, "wid": "v020"}, "geometry": {"type": "LineString", "coordinates": [[85.1967953, 28.0424864], [85.1954529, 28.0415845], [85.19519, 28.0413915], [85.1949513, 28.0411465], [85.1945624, 28.0407156], [85.1942271, 28.0402777], [85.1939119, 28.0398303], [85.1937269, 28.0394136], [85.1935284, 28.0383258], [85.1935297, 28.0380452], [85.1935311, 28.0376558], [85.1935525, 28.0374581], [85.1937336, 28.0369598], [85.1940259, 28.0364389], [85.1942298, 28.036169], [85.1945704, 28.0358045], [85.1947153, 28.035634], [85.1948091, 28.0353759], [85.1948225, 28.0349356], [85.1948145, 28.0344739], [85.194793, 28.0340857], [85.1947609, 28.0336193], [85.1947099, 28.0333044], [85.1946214, 28.0330866], [85.1945516, 28.032999], [85.1944068, 28.0328995], [85.1942486, 28.0327575], [85.1940903, 28.0325515], [85.1939987, 28.032384], [85.1939052, 28.0321254], [85.1937443, 28.0316874], [85.1934198, 28.0309439]]}}, {"type": "Feature", "properties": {"frac": 0.0608, "observed": true, "ext": false, "wid": "v021"}, "geometry": {"type": "LineString", "coordinates": [[85.1934198, 28.0309439], [85.1929389, 28.0299247]]}}, {"type": "Feature", "properties": {"frac": 0.0608, "observed": true, "ext": false, "wid": "v021"}, "geometry": {"type": "LineString", "coordinates": [[85.1929389, 28.0299247], [85.1926439, 28.0295269], [85.1924691, 28.0293412], [85.1923134, 28.029158], [85.1922369, 28.0290109], [85.192196, 28.0288734], [85.1921987, 28.0287529], [85.1921413, 28.0286082], [85.1920157, 28.0284684], [85.1918873, 28.0283261], [85.1916934, 28.0281043], [85.1914421, 28.0278535], [85.1913, 28.0277233], [85.1911553, 28.0275859], [85.1909641, 28.0274075], [85.1907346, 28.027176], [85.190639, 28.0270627], [85.1905461, 28.0269421], [85.1904287, 28.0268143], [85.190314, 28.0266142], [85.1902539, 28.0264744], [85.1902129, 28.0263345], [85.1901828, 28.0261754], [85.1901446, 28.0260645], [85.1900736, 28.0259415], [85.1900026, 28.0258716], [85.1898769, 28.0258306], [85.1897376, 28.0258306], [85.1895628, 28.0258161], [85.1893142, 28.0257727], [85.188981, 28.0256787], [85.188615, 28.0255798], [85.1883336, 28.0255171], [85.1881506, 28.0254448], [85.1880359, 28.0253966], [85.1878665, 28.0252856]]}}, {"type": "Feature", "properties": {"frac": 0.0608, "observed": true, "ext": false, "wid": "v021"}, "geometry": {"type": "LineString", "coordinates": [[85.1878665, 28.0252856], [85.1877464, 28.0251844], [85.1876289, 28.0250325], [85.1874841, 28.0248637], [85.1873421, 28.024719], [85.187129, 28.0245695], [85.1869078, 28.0244345], [85.1867876, 28.024338], [85.1866811, 28.0242006], [85.1864953, 28.0238944], [85.1863342, 28.0234965], [85.1862113, 28.0231903], [85.1861457, 28.0229033], [85.1860911, 28.0226695], [85.1860364, 28.0223632], [85.1860201, 28.021975], [85.1860091, 28.0217845], [85.1860282, 28.021541], [85.1860665, 28.0213023], [85.1861348, 28.0209526], [85.1861949, 28.0207452], [85.1862768, 28.0205933], [85.1863664, 28.0204707], [85.1866975, 28.0202172], [85.1870252, 28.0199543], [85.1872602, 28.019747], [85.1873558, 28.0196192]]}}, {"type": "Feature", "properties": {"frac": 0.073, "observed": true, "ext": false, "wid": "v022"}, "geometry": {"type": "LineString", "coordinates": [[85.1873558, 28.0196192], [85.1874213, 28.0194745], [85.1874759, 28.0193153], [85.1874869, 28.0191441], [85.1874759, 28.0189898], [85.187424, 28.0186233], [85.1873776, 28.0184231], [85.1873503, 28.0182351], [85.1873366, 28.0178082], [85.1877063, 28.0174335], [85.1872902, 28.0170511], [85.1872957, 28.0166966], [85.1873066, 28.0164772], [85.1873011, 28.0163445], [85.1872875, 28.0162457], [85.1872274, 28.0160745], [85.1870799, 28.0159201], [85.1869624, 28.0158285], [85.1867931, 28.01572], [85.1864489, 28.0155656], [85.1861157, 28.0154258], [85.1857332, 28.0152498], [85.1856322, 28.0151654], [85.1855639, 28.0150617], [85.1854983, 28.0149194], [85.1853365, 28.0144716]]}}, {"type": "Feature", "properties": {"frac": 0.073, "observed": true, "ext": false, "wid": "v022"}, "geometry": {"type": "LineString", "coordinates": [[85.1853365, 28.0144716], [85.1852374, 28.0142434], [85.1850394, 28.013909], [85.1848346, 28.0135955], [85.1846652, 28.0133953], [85.1844576, 28.0131904], [85.1843566, 28.0130674], [85.1842309, 28.0128576], [85.1841681, 28.0127153], [85.1840124, 28.0123753], [85.1838622, 28.0120353], [85.1837884, 28.0118351], [85.1837338, 28.0115819], [85.1837119, 28.0113311], [85.1836899, 28.0110866], [85.1836955, 28.0107958], [85.1837365, 28.0101663], [85.1837354, 28.0098032], [85.1835872, 28.0088224], [85.1835617, 28.008307], [85.1835699, 28.0077765], [85.1835999, 28.00734]]}}, {"type": "Feature", "properties": {"frac": 0.0602, "observed": true, "ext": false, "wid": "v023"}, "geometry": {"type": "LineString", "coordinates": [[85.1835999, 28.00734], [85.1836245, 28.0070409], [85.1836983, 28.0067057], [85.1837611, 28.006426], [85.1837902, 28.0063465], [85.1838786, 28.0061052], [85.1839767, 28.0058782], [85.1840807, 28.0056374], [85.1841544, 28.0053914], [85.1842255, 28.0051502], [85.1842746, 28.0047595], [85.1842746, 28.0045473], [85.1842418, 28.0043375], [85.1842063, 28.0041614], [85.1841626, 28.0039878], [85.1841435, 28.0038069], [85.1841353, 28.0036188], [85.1841572, 28.0033873], [85.1841626, 28.0031461], [85.1841224, 28.0029503], [85.1840862, 28.0028278], [85.1840097, 28.002671], [85.1838731, 28.0024033], [85.1838048, 28.0022007], [85.1837791, 28.0020026], [85.183783, 28.0017956], [85.1838157, 28.0016316], [85.1838676, 28.0014652], [85.1839605, 28.0012939], [85.1841217, 28.0010552], [85.1843211, 28.0008164], [85.1844576, 28.0006789], [85.184668, 28.0003992], [85.1847226, 28.0002593], [85.1847581, 28.0001001], [85.1847772, 27.999912], [85.1847909, 27.9995985], [85.1847936, 27.9994272], [85.1848346, 27.9992584], [85.184927, 27.9990392], [85.185217, 27.9986145], [85.185509, 27.998187], [85.1856977, 27.9978692], [85.1859163, 27.997505], [85.1860646, 27.9972086], [85.1861484, 27.9970009], [85.1861703, 27.9968297], [85.186132, 27.9967091], [85.1859927, 27.9965379], [85.1858671, 27.9964438], [85.1856049, 27.9962653], [85.1854656, 27.9961351], [85.1851269, 27.99566], [85.1849712, 27.9954694], [85.1848373, 27.9953127], [85.1845327, 27.9950057], [85.1842992, 27.9947989], [85.1840834, 27.9946229], [85.1837679, 27.9943842], [85.1835317, 27.9942056], [85.183193, 27.9939572], [85.1828433, 27.9936943], [85.1826357, 27.9935279], [85.1824445, 27.9933759], [85.1822779, 27.9932408], [85.1822042, 27.9931251], [85.1821478, 27.9930151], [85.1821277, 27.9928887], [85.1821277, 27.992785], [85.1821523, 27.9926379], [85.1822147, 27.992372], [85.1824625, 27.9916476], [85.1828281, 27.9908578]]}}, {"type": "Feature", "properties": {"frac": 0.0602, "observed": true, "ext": false, "wid": "v023"}, "geometry": {"type": "LineString", "coordinates": [[85.1828281, 27.9908578], [85.1829157, 27.9903881], [85.1828553, 27.9900066]]}}, {"type": "Feature", "properties": {"frac": 0.1068, "observed": true, "ext": false, "wid": "v024"}, "geometry": {"type": "LineString", "coordinates": [[85.1828553, 27.9900066], [85.1827405, 27.9897424], [85.1824655, 27.9894942], [85.1819608, 27.9892167], [85.1809576, 27.9888245], [85.1806856, 27.9887177], [85.1804681, 27.9885977], [85.18032, 27.9884242], [85.180184, 27.988152], [85.1801024, 27.9877224], [85.1801417, 27.9869566], [85.1804645, 27.9851617], [85.1805376, 27.9844029], [85.180459, 27.983549], [85.1803623, 27.9830499], [85.1802747, 27.9816623], [85.1803804, 27.9811633], [85.1806705, 27.9804481], [85.1813414, 27.9791405], [85.1815317, 27.9786895], [85.1816768, 27.9782278], [85.1820318, 27.9765961], [85.1821724, 27.9759381], [85.1824625, 27.9749667], [85.1827193, 27.9744169], [85.1830306, 27.974006], [85.1836954, 27.9732053], [85.1840429, 27.972805], [85.1844206, 27.9721138], [85.1843375, 27.9713772], [85.1838011, 27.9706486], [85.1835745, 27.9705259], [85.1828976, 27.970247]]}}, {"type": "Feature", "properties": {"frac": 0.1317, "observed": true, "ext": false, "wid": "v025"}, "geometry": {"type": "LineString", "coordinates": [[85.1828976, 27.970247], [85.1811918, 27.9698733], [85.1798073, 27.9695149], [85.1791136, 27.9692761], [85.1782122, 27.9685196], [85.1778288, 27.9678993], [85.1773658, 27.9667154], [85.1771155, 27.9660609], [85.1768812, 27.9656057], [85.1762602, 27.9649438], [85.1756392, 27.9645875], [85.1741328, 27.9641031], [85.1726348, 27.9637142], [85.1719738, 27.9635426], [85.170581, 27.9630785], [85.1704379, 27.9630308], [85.1697648, 27.9626298], [85.1690728, 27.961713], [85.1687374, 27.9609203], [85.1686824, 27.9607589], [85.1686147, 27.9605426], [85.1682875, 27.9595662]]}}, {"type": "Feature", "properties": {"frac": 0.0642, "observed": true, "ext": false, "wid": "v026"}, "geometry": {"type": "LineString", "coordinates": [[85.1682875, 27.9595662], [85.1679099, 27.9585563], [85.1675032, 27.9577962], [85.1670947, 27.9570338], [85.1666346, 27.9566821], [85.1656998, 27.956326], [85.1641117, 27.9557071], [85.1632558, 27.9555512], [85.1624635, 27.9552921], [85.1619412, 27.9548401], [85.1618866, 27.9544913], [85.1622625, 27.9538272], [85.1625544, 27.9531683], [85.1626008, 27.9524964], [85.1624398, 27.9502647], [85.1625999, 27.9490345], [85.1628659, 27.947379], [85.1627308, 27.9469735], [85.1622463, 27.9466233], [85.161801, 27.9463014], [85.1611003, 27.9454219], [85.1601688, 27.9437218], [85.1599483, 27.9423487]]}}, {"type": "Feature", "properties": {"frac": 0.081, "observed": true, "ext": false, "wid": "v027"}, "geometry": {"type": "LineString", "coordinates": [[85.1599483, 27.9423487], [85.1592114, 27.9405468], [85.1583033, 27.939073], [85.1571413, 27.9376969], [85.1561354, 27.9362994], [85.1557918, 27.9355358], [85.1556677, 27.9351314], [85.1555407, 27.9346626], [85.1553276, 27.9340437], [85.15528, 27.9337759], [85.1552937, 27.9336297], [85.1554392, 27.9334816], [85.1554876, 27.9329836], [85.1552412, 27.9324458], [85.1548091, 27.9320262], [85.1544661, 27.9318483], [85.1542915, 27.9317982], [85.1541099, 27.9317732], [85.1538698, 27.9317822], [85.1536567, 27.9318226], [85.1534774, 27.9318645], [85.1533518, 27.9319169], [85.1532213, 27.9319745], [85.1529035, 27.9322668], [85.152587, 27.9325771], [85.1523106, 27.9328684], [85.1521801, 27.9329648], [85.1519102, 27.9332011], [85.1518678, 27.9332424], [85.1515368, 27.933615], [85.1512398, 27.9339255], [85.15114, 27.9339796], [85.1510516, 27.9340036], [85.1509382, 27.9339896], [85.1508589, 27.9339555], [85.150741, 27.9338714], [85.1506095, 27.9337192], [85.1503446, 27.9333643], [85.150258, 27.9332204], [85.1501764, 27.9330381], [85.1500336, 27.9327027], [85.1499837, 27.9325574], [85.1499517, 27.9324006], [85.1499202, 27.9322068], [85.1499089, 27.9320065], [85.14989, 27.9315582], [85.1498703, 27.9313475], [85.1498411, 27.9311532], [85.1495471, 27.9301652]]}}, {"type": "Feature", "properties": {"frac": 0.0554, "observed": true, "ext": false, "wid": "v028"}, "geometry": {"type": "LineString", "coordinates": [[85.1495471, 27.9301652], [85.1493974, 27.9297254], [85.1492734, 27.9294425], [85.1492151, 27.9292902], [85.1491171, 27.9290659], [85.149092, 27.9290139], [85.1490013, 27.9289195], [85.1489443, 27.9288188], [85.1489158, 27.9287046], [85.1489067, 27.9286332], [85.1489246, 27.9285362], [85.1489925, 27.9284413], [85.1491503, 27.928298], [85.1493015, 27.9282032], [85.1494965, 27.9280735], [85.1497967, 27.9278121], [85.1500355, 27.927574], [85.1503072, 27.927272], [85.1505044, 27.9270029], [85.1506184, 27.9268189], [85.1507258, 27.926606], [85.1508331, 27.9263233], [85.1509359, 27.9260911], [85.151015, 27.9258974], [85.1510742, 27.9257019], [85.1510983, 27.925516], [85.1511048, 27.9253146], [85.151118, 27.9251559], [85.1511333, 27.9249894], [85.1511599, 27.9248165], [85.1511837, 27.9246215], [85.1512275, 27.9244299], [85.1512911, 27.9241472], [85.1513283, 27.9239052], [85.1513415, 27.9237174], [85.1513524, 27.9233941], [85.1513305, 27.9231075], [85.1512933, 27.9229468], [85.1512385, 27.9227958], [85.1511158, 27.9226042], [85.1509383, 27.922335], [85.1507893, 27.9221705], [85.1506469, 27.9220717], [85.150522, 27.9220408], [85.1502678, 27.9220117], [85.150007, 27.9219536], [85.1498471, 27.921911], [85.1497074, 27.9218874], [85.1495359, 27.9218491], [85.1493541, 27.9218162], [85.1492423, 27.9217813], [85.1491043, 27.9217155], [85.1489553, 27.9216342], [85.1487493, 27.9215199], [85.1485477, 27.9214076], [85.1484184, 27.9213379], [85.1482541, 27.9212566], [85.1480328, 27.921156], [85.1477983, 27.9210669], [85.1475507, 27.9209836], [85.1470818, 27.920821], [85.1469131, 27.9207474], [85.1466808, 27.9206835], [85.1465384, 27.9206526], [85.1463478, 27.9206313], [85.1461067, 27.9206119]]}}, {"type": "Feature", "properties": {"frac": 0.0787, "observed": true, "ext": false, "wid": "v029"}, "geometry": {"type": "LineString", "coordinates": [[85.1461067, 27.9206119], [85.1457386, 27.9205771], [85.1454209, 27.9205403], [85.1451295, 27.9205132], [85.1447438, 27.920488], [85.1444984, 27.9204802], [85.1443253, 27.9204744], [85.1440689, 27.9204628], [85.1436899, 27.9204512], [85.1435409, 27.9204551], [85.1433941, 27.9204357], [85.1432494, 27.9204144], [85.1431136, 27.9203544], [85.1429712, 27.9202382], [85.1428024, 27.9200892], [85.1426534, 27.9199827], [85.1425351, 27.9198646], [85.1424124, 27.9197058], [85.142316, 27.9195277], [85.1421626, 27.9192547], [85.1420509, 27.9190494], [85.1419435, 27.9188674], [85.1417616, 27.9186119], [85.1415929, 27.9184202], [85.1414198, 27.9182421], [85.1412029, 27.9180117], [85.1410407, 27.9178239], [85.1408107, 27.9176109], [85.1406376, 27.9174831], [85.140436, 27.9173553], [85.14023, 27.9172372], [85.1400284, 27.9171501], [85.1398553, 27.9170668], [85.1396712, 27.9169971], [85.1395288, 27.9169661], [85.1393163, 27.9169371], [85.1391278, 27.9169158], [85.1387578, 27.9168768], [85.1383127, 27.9167977], [85.1377937, 27.9166871], [85.1372521, 27.9165897], [85.1370177, 27.9165344], [85.1366715, 27.9164434], [85.1362245, 27.9163136], [85.1357436, 27.9161586]]}}, {"type": "Feature", "properties": {"frac": 0.0787, "observed": true, "ext": false, "wid": "v029"}, "geometry": {"type": "LineString", "coordinates": [[85.1357436, 27.9161586], [85.1349421, 27.9157659], [85.1346147, 27.9156073], [85.1343171, 27.9152245], [85.1340893, 27.9148461], [85.1341454, 27.9143144], [85.1343647, 27.9140722], [85.1353721, 27.9134195], [85.1368273, 27.9119598], [85.1380735, 27.9106469], [85.1388693, 27.909243], [85.1389519, 27.9082467], [85.1391003, 27.907109], [85.1394667, 27.9061918], [85.1404189, 27.9051783], [85.1407752, 27.9045613]]}}, {"type": "Feature", "properties": {"frac": 0.0661, "observed": true, "ext": false, "wid": "v030"}, "geometry": {"type": "LineString", "coordinates": [[85.1407752, 27.9045613], [85.1408902, 27.9039971], [85.1408483, 27.9033029], [85.1404405, 27.9021052], [85.1397067, 27.9014617], [85.1390163, 27.9011428], [85.1377349, 27.9007992], [85.1375981, 27.9007], [85.1368283, 27.9001413], [85.1368283, 27.8988942], [85.1366889, 27.8977033], [85.1361431, 27.8965168], [85.1356472, 27.8952278], [85.1356817, 27.8943852], [85.1358053, 27.8934901], [85.135968, 27.8929627], [85.1362578, 27.8925964], [85.1370751, 27.8903307], [85.1370587, 27.8889861], [85.1365971, 27.8885493], [85.1347459, 27.8875487], [85.1333809, 27.886455], [85.1306813, 27.8847034], [85.1283089, 27.8830621]]}}, {"type": "Feature", "properties": {"frac": 0.0798, "observed": true, "ext": false, "wid": "v031"}, "geometry": {"type": "LineString", "coordinates": [[85.1283089, 27.8830621], [85.1267201, 27.8814258], [85.1261662, 27.8805913], [85.1257623, 27.8793385], [85.1256703, 27.8787953], [85.1257916, 27.8779849], [85.1260431, 27.8770859], [85.1260598, 27.8763234], [85.1259112, 27.8756894], [85.1256596, 27.875053], [85.1253431, 27.8746475], [85.1248602, 27.8743055], [85.1238303, 27.873983], [85.122178, 27.8735468], [85.1209335, 27.8730346], [85.1187662, 27.8717448], [85.1169802, 27.870901], [85.1164161, 27.870424], [85.115634, 27.8701067], [85.1149192, 27.8698582], [85.1144042, 27.8696471]]}}, {"type": "Feature", "properties": {"frac": 0.0798, "observed": true, "ext": false, "wid": "v031"}, "geometry": {"type": "LineString", "coordinates": [[85.1144042, 27.8696471], [85.114465, 27.8691241], [85.1136664, 27.8685205]]}}, {"type": "Feature", "properties": {"frac": 0.047, "observed": true, "ext": false, "wid": "v032"}, "geometry": {"type": "LineString", "coordinates": [[85.1136664, 27.8685205], [85.1132116, 27.8680688], [85.1129727, 27.8670595], [85.1126849, 27.8666182], [85.1123059, 27.866037], [85.1118657, 27.8651328], [85.1116115, 27.8646361], [85.111024, 27.8635196], [85.1109144, 27.8632629], [85.110793, 27.8629652], [85.1106982, 27.8626205], [85.1106241, 27.862294], [85.1105115, 27.8619701], [85.1103283, 27.8618254], [85.1092605, 27.8613495], [85.1083081, 27.8606428], [85.10774, 27.8603403], [85.1074103, 27.8599187], [85.1069278, 27.8590962]]}}, {"type": "Feature", "properties": {"frac": 0.047, "observed": true, "ext": false, "wid": "v032"}, "geometry": {"type": "LineString", "coordinates": [[85.1069278, 27.8590962], [85.1066615, 27.8587405], [85.1062434, 27.8584955], [85.1052065, 27.8582518], [85.1033789, 27.8580888], [85.1016784, 27.8581636], [85.1007253, 27.8583827], [85.0985341, 27.8593734]]}}, {"type": "Feature", "properties": {"frac": 0.0305, "observed": true, "ext": false, "wid": "v033"}, "geometry": {"type": "LineString", "coordinates": [[85.0985341, 27.8593734], [85.097828, 27.8597212], [85.0973491, 27.859837]]}}, {"type": "Feature", "properties": {"frac": 0.0305, "observed": true, "ext": false, "wid": "v033"}, "geometry": {"type": "LineString", "coordinates": [[85.0973491, 27.859837], [85.0965058, 27.8599897], [85.0944762, 27.8601759]]}}, {"type": "Feature", "properties": {"frac": 0.0305, "observed": true, "ext": false, "wid": "v033"}, "geometry": {"type": "LineString", "coordinates": [[85.0944762, 27.8601759], [85.0926139, 27.8603357], [85.0909334, 27.8604799], [85.0894857, 27.8603773], [85.0893594, 27.8603205], [85.0892543, 27.8602328], [85.0891822, 27.8600385], [85.0885678, 27.857563], [85.0884335, 27.8573224], [85.0882497, 27.857136], [85.087858, 27.8569549], [85.0863703, 27.8563353], [85.0814161, 27.8561827], [85.081069, 27.8561726], [85.0791811, 27.8561176], [85.0772339, 27.8550037], [85.0747642, 27.8534529], [85.0723582, 27.8530758]]}}, {"type": "Feature", "properties": {"frac": 0.0511, "observed": true, "ext": false, "wid": "v034"}, "geometry": {"type": "LineString", "coordinates": [[85.0723582, 27.8530758], [85.0707918, 27.8537019], [85.0691369, 27.854686], [85.0676027, 27.8557081], [85.0656983, 27.8565831], [85.0636679, 27.8574416], [85.0629893, 27.8578471], [85.0625333, 27.8583735], [85.0617394, 27.859398], [85.0603661, 27.8601354], [85.0591859, 27.8598153], [85.0577965, 27.8586913], [85.0575605, 27.8582099], [85.0574961, 27.8578495], [85.0571989, 27.8562394], [85.0564045, 27.855267], [85.0548461, 27.8542615], [85.0532019, 27.8535667], [85.0515473, 27.8531007], [85.0507316, 27.8529454]]}}, {"type": "Feature", "properties": {"frac": 0.0266, "observed": true, "ext": false, "wid": "v035"}, "geometry": {"type": "LineString", "coordinates": [[85.0507316, 27.8529454], [85.0498304, 27.8528292], [85.0489318, 27.8528624], [85.0483096, 27.8529857], [85.0477892, 27.8532228], [85.0474834, 27.8534552], [85.0472099, 27.8537635], [85.0468183, 27.8541596], [85.0464964, 27.8543445], [85.0457293, 27.8547619], [85.0447851, 27.8553524], [85.0438265, 27.8560646], [85.0430963, 27.8565535], [85.0425157, 27.8567535], [85.0422379, 27.8567411], [85.0418291, 27.8566843], [85.0414495, 27.8565449], [85.0412571, 27.856435], [85.0397499, 27.8555741], [85.0378869, 27.8543968], [85.0374526, 27.8542369], [85.0361757, 27.8537669], [85.0347799, 27.8537307]]}}, {"type": "Feature", "properties": {"frac": 0.0204, "observed": true, "ext": false, "wid": "v036"}, "geometry": {"type": "LineString", "coordinates": [[85.0347799, 27.8537307], [85.0340791, 27.8537255], [85.0335359, 27.8538133], [85.0329986, 27.8540302], [85.0325255, 27.8542832], [85.0321518, 27.8544123], [85.0318189, 27.8543813], [85.031521, 27.8542626], [85.0312582, 27.8540095], [85.0310538, 27.8536739], [85.0308552, 27.8533693], [85.0301894, 27.8525431], [85.0296054, 27.8518047], [85.029366, 27.8509836], [85.0291674, 27.8501058], [85.029109, 27.8494655], [85.0289805, 27.8487115], [85.0287819, 27.8483965], [85.0285838, 27.8481962], [85.0262589, 27.8467854], [85.025342, 27.8463103], [85.0239579, 27.8457216], [85.0230001, 27.8452827]]}}, {"type": "Feature", "properties": {"frac": 0.0227, "observed": true, "ext": false, "wid": "v037"}, "geometry": {"type": "LineString", "coordinates": [[85.0230001, 27.8452827], [85.0222408, 27.8448024], [85.0210786, 27.8435785], [85.0207749, 27.8433823], [85.020407, 27.8432945], [85.0200274, 27.8432842], [85.0196828, 27.8432377], [85.0193849, 27.8431189], [85.0192097, 27.8429898], [85.0191338, 27.8428039], [85.019128, 27.8425302], [85.0192623, 27.8419053], [85.0194258, 27.8412805], [85.0199222, 27.8402166], [85.020553, 27.8393181], [85.0210786, 27.8385641], [85.02154, 27.8379185], [85.0219605, 27.8372575], [85.0226847, 27.8369683], [85.0230585, 27.8366481], [85.0232687, 27.8361471], [85.0234147, 27.8354396], [85.023257, 27.8346649], [85.0231402, 27.8337818], [85.0229709, 27.833162], [85.0228949, 27.8329658], [85.0226672, 27.8326559], [85.0220131, 27.8318967], [85.0209151, 27.8307346]]}}, {"type": "Feature", "properties": {"frac": 0.042, "observed": true, "ext": false, "wid": "v038"}, "geometry": {"type": "LineString", "coordinates": [[85.0209151, 27.8307346], [85.0195348, 27.8292612], [85.0184888, 27.8283124], [85.0179094, 27.8276388], [85.0175929, 27.8270126], [85.0174051, 27.8264955], [85.0172442, 27.8258503], [85.0172442, 27.8254755], [85.0172883, 27.8250274], [85.0173992, 27.8243663], [85.0174802, 27.8235114], [85.0173992, 27.8225276], [85.0172766, 27.8216405], [85.0171047, 27.8202093], [85.0169894, 27.8197017], [85.0168633, 27.8192415], [85.01674, 27.8189497], [85.0165737, 27.8187433], [85.0163215, 27.8184563], [85.0157958, 27.8178751], [85.0154069, 27.8173745]]}}, {"type": "Feature", "properties": {"frac": 0.0446, "observed": true, "ext": false, "wid": "v039"}, "geometry": {"type": "LineString", "coordinates": [[85.0154069, 27.8173745], [85.015144, 27.8168242], [85.0147694, 27.8158787], [85.0141597, 27.8150165], [85.0135079, 27.8142194], [85.0127918, 27.8134223], [85.0123975, 27.8129099], [85.0122043, 27.812573], [85.0120193, 27.8118281], [85.0119603, 27.8111401], [85.0120676, 27.810324], [85.0123438, 27.8098495], [85.012832, 27.8095719], [85.0135696, 27.8092516], [85.0141382, 27.8088697], [85.0143287, 27.8086229], [85.0144708, 27.8082434], [85.0143716, 27.8078756]]}}, {"type": "Feature", "properties": {"frac": 0.0446, "observed": true, "ext": false, "wid": "v039"}, "geometry": {"type": "LineString", "coordinates": [[85.0143716, 27.8078756], [85.0141382, 27.8075459], [85.0137815, 27.8072849], [85.0127086, 27.8068056], [85.0121748, 27.8065969], [85.0108274, 27.8059833], [85.0106379, 27.8058993], [85.0098494, 27.8056645], [85.0095946, 27.8056028], [85.0092566, 27.8055862], [85.0090286, 27.8056597], [85.0086048, 27.8058424], [85.0084653, 27.8058258], [85.0083286, 27.8057523], [85.0081193, 27.8055221], [85.007776, 27.8050595], [85.0074863, 27.8048199], [85.0071216, 27.8046087], [85.0050428, 27.8037902], [85.0034121, 27.8030665], [85.0020039, 27.8022978], [85.0015479, 27.8021246]]}}, {"type": "Feature", "properties": {"frac": 0.0314, "observed": true, "ext": false, "wid": "v040"}, "geometry": {"type": "LineString", "coordinates": [[85.0015479, 27.8021246], [85.001335, 27.802167], [84.9995792, 27.8025161], [84.9974763, 27.8032706], [84.9958777, 27.8034319], [84.9941397, 27.803579], [84.9926376, 27.8034889], [84.9910766, 27.8032042], [84.9907279, 27.8032231], [84.9905455, 27.8033892], [84.9897248, 27.8047558], [84.9890596, 27.8053157], [84.9883085, 27.805496]]}}, {"type": "Feature", "properties": {"frac": 0.0085, "observed": true, "ext": true, "wid": "n000"}, "geometry": {"type": "LineString", "coordinates": [[85.39115, 27.75908], [85.3912, 27.75877], [85.39138, 27.75846], [85.39183, 27.75823], [85.39234, 27.75802], [85.39272, 27.75774], [85.39302, 27.75742], [85.39315, 27.75729], [85.39334, 27.75725], [85.3938, 27.75729], [85.39419, 27.75729], [85.39471, 27.75716], [85.39488, 27.75699], [85.39487, 27.75676], [85.39499, 27.75648], [85.39523, 27.7563], [85.39562, 27.75593], [85.39569, 27.75558], [85.39577, 27.75502], [85.39603, 27.75475], [85.39646, 27.7546], [85.39685, 27.75452], [85.39703, 27.75439], [85.39736, 27.75425], [85.39748, 27.75411], [85.39752, 27.75391], [85.39743, 27.75344], [85.39731, 27.75314], [85.39693, 27.75303], [85.39662, 27.75304], [85.39593, 27.75278], [85.39575, 27.75266], [85.39563, 27.75233], [85.39544, 27.75181], [85.3953, 27.75143], [85.39518, 27.75108], [85.39515, 27.75081], [85.395, 27.75061], [85.39467, 27.75024], [85.39447, 27.7501], [85.39429, 27.75008], [85.39415, 27.74995], [85.39404, 27.74979], [85.394, 27.74965], [85.39389, 27.74951], [85.39374, 27.74924], [85.39366, 27.74895], [85.39373, 27.74871], [85.39388, 27.74853], [85.39397, 27.74841], [85.39433, 27.74799], [85.39458, 27.74753], [85.39501, 27.747]]}}, {"type": "Feature", "properties": {"frac": 0.0059, "observed": true, "ext": true, "wid": "n248"}, "geometry": {"type": "LineString", "coordinates": [[85.39501, 27.747], [85.39539, 27.74662], [85.39556, 27.74622], [85.39548, 27.74584], [85.39521, 27.74562], [85.39482, 27.74546], [85.39439, 27.74527], [85.39407, 27.74475], [85.39368, 27.74426], [85.39347, 27.74366], [85.39341, 27.74319], [85.39344, 27.74278], [85.39327, 27.74258], [85.39283, 27.74238], [85.39217, 27.74224], [85.39192, 27.74213], [85.39163, 27.74202], [85.39144, 27.7419], [85.39126, 27.74186], [85.39106, 27.74191], [85.39084, 27.74205], [85.39067, 27.74211], [85.39052, 27.7421], [85.39011, 27.74169], [85.38976, 27.7414], [85.38962, 27.741], [85.38964, 27.7406], [85.38974, 27.74025], [85.38966, 27.7398], [85.38966, 27.73978]]}}, {"type": "Feature", "properties": {"frac": 0.0068, "observed": true, "ext": true, "wid": "n001"}, "geometry": {"type": "LineString", "coordinates": [[85.35346, 27.73639], [85.35329, 27.7363], [85.35308, 27.73623], [85.35291, 27.73616], [85.35277, 27.73608], [85.35269, 27.736], [85.35261, 27.73592], [85.35253, 27.73581], [85.35247, 27.73568], [85.35223, 27.73508], [85.3522, 27.73492], [85.35218, 27.73486], [85.35218, 27.73474], [85.35219, 27.73458], [85.35218, 27.73436], [85.3521, 27.73393], [85.35188, 27.73345], [85.35183, 27.73338], [85.35173, 27.73334], [85.35155, 27.73334], [85.3513, 27.73336], [85.35102, 27.73338], [85.35086, 27.7334], [85.35072, 27.73342], [85.3506, 27.7334], [85.35053, 27.73337], [85.35048, 27.73332], [85.3504, 27.73323], [85.35037, 27.73312], [85.35025, 27.73291], [85.35004, 27.73257], [85.34996, 27.73245], [85.34987, 27.73236], [85.3498, 27.7323], [85.34974, 27.73228], [85.34962, 27.73226], [85.34947, 27.73222], [85.34939, 27.73218], [85.34931, 27.73209], [85.34926, 27.73201], [85.34922, 27.73191], [85.34919, 27.73181], [85.34918, 27.73169], [85.34919, 27.73156], [85.34926, 27.73145], [85.34936, 27.73135], [85.34949, 27.73123], [85.34973, 27.73079], [85.35001, 27.73035], [85.35011, 27.7302], [85.35018, 27.72992], [85.35023, 27.72972], [85.35025, 27.72959], [85.35024, 27.72948], [85.35005, 27.7288], [85.35, 27.72859], [85.34995, 27.72849], [85.34988, 27.72838], [85.34977, 27.72824], [85.34946, 27.72799], [85.34936, 27.72788], [85.34928, 27.72775], [85.34913, 27.72746], [85.34894, 27.72713], [85.34882, 27.72673], [85.34877, 27.72648], [85.34877, 27.72628], [85.34879, 27.72613], [85.34885, 27.72592], [85.349, 27.72564], [85.34907, 27.72548], [85.34909, 27.7254], [85.3491, 27.72531], [85.3491, 27.72523], [85.34909, 27.72514], [85.34907, 27.72506], [85.34903, 27.725], [85.349, 27.72495], [85.34882, 27.72476], [85.34859, 27.72457], [85.34834, 27.7244], [85.34775, 27.72399], [85.34767, 27.72395], [85.34757, 27.72393], [85.34744, 27.72392], [85.34729, 27.72392], [85.34691, 27.72395], [85.34672, 27.72396], [85.34656, 27.72396], [85.34644, 27.72394], [85.34636, 27.72391], [85.34628, 27.72385], [85.34622, 27.72377], [85.34617, 27.72364], [85.34615, 27.72351], [85.34615, 27.72327]]}}, {"type": "Feature", "properties": {"frac": null, "observed": false, "ext": true, "wid": "n002"}, "geometry": {"type": "LineString", "coordinates": [[85.34547, 27.72197], [85.34541, 27.72195], [85.34527, 27.72191], [85.34497, 27.72188], [85.34467, 27.72186], [85.34439, 27.72186], [85.34403, 27.72189], [85.34391, 27.72189], [85.34365, 27.72187], [85.34349, 27.72187], [85.34339, 27.72188], [85.3433, 27.7219], [85.34273, 27.72218], [85.34265, 27.7222], [85.34256, 27.72221], [85.3425, 27.7222], [85.34243, 27.72217], [85.34237, 27.72212], [85.34229, 27.72191], [85.34218, 27.72165], [85.34208, 27.72147], [85.34186, 27.72119], [85.34145, 27.72073], [85.34142, 27.72068], [85.3414, 27.72062], [85.34142, 27.72056], [85.34146, 27.7205], [85.34152, 27.72044], [85.34188, 27.72019], [85.34198, 27.7201], [85.34202, 27.72002], [85.34206, 27.71994], [85.34207, 27.71984], [85.34206, 27.71963], [85.34207, 27.71954], [85.34203, 27.71946], [85.34198, 27.7194], [85.34189, 27.71932], [85.34176, 27.71926], [85.3416, 27.71922], [85.34135, 27.71916], [85.34106, 27.71905], [85.34096, 27.719], [85.34004, 27.71849], [85.33979, 27.71832], [85.33957, 27.71808], [85.33949, 27.71797], [85.3393, 27.71752], [85.33921, 27.71725], [85.33912, 27.7169], [85.33909, 27.71679], [85.33903, 27.71663], [85.33888, 27.71616], [85.33881, 27.71581], [85.3388, 27.71571], [85.33873, 27.71554], [85.33854, 27.71508], [85.33848, 27.71484], [85.3384, 27.71446], [85.33837, 27.71425], [85.33837, 27.714], [85.33833, 27.71373], [85.3383, 27.71358], [85.33811, 27.71301], [85.33802, 27.71277], [85.33784, 27.71243], [85.33779, 27.71234], [85.33766, 27.71215], [85.33755, 27.71196], [85.33748, 27.71174], [85.33736, 27.71156], [85.33733, 27.71144], [85.33732, 27.7112], [85.33731, 27.71091], [85.33725, 27.71054], [85.3372, 27.71022], [85.33714, 27.70994], [85.33708, 27.70961], [85.33706, 27.70926], [85.33701, 27.70902], [85.33692, 27.70872], [85.33684, 27.70805], [85.33673, 27.70745], [85.33668, 27.70715], [85.33663, 27.70682], [85.33657, 27.70636], [85.33651, 27.70599], [85.33644, 27.70576], [85.33637, 27.70553], [85.33628, 27.70535], [85.33625, 27.70507], [85.33621, 27.70471], [85.33616, 27.70429], [85.33614, 27.70405], [85.33608, 27.70356], [85.33609, 27.70309], [85.33608, 27.70296], [85.33601, 27.70266], [85.33581, 27.70224], [85.33554, 27.70177], [85.33544, 27.70161], [85.33522, 27.70134], [85.33485, 27.70097], [85.33468, 27.70082], [85.33419, 27.70037], [85.33388, 27.70016], [85.33365, 27.70002], [85.33348, 27.69995], [85.33244, 27.69981], [85.33224, 27.6998], [85.33209, 27.6998], [85.33194, 27.69982], [85.33149, 27.69988], [85.33136, 27.69989], [85.33129, 27.69988], [85.33122, 27.69987], [85.3311, 27.69981], [85.33088, 27.69968], [85.33073, 27.69956], [85.33065, 27.69946], [85.33058, 27.69938], [85.33051, 27.69929], [85.33045, 27.69919], [85.33035, 27.69901], [85.33035, 27.6989], [85.33035, 27.69884], [85.33036, 27.69879], [85.3304, 27.69872], [85.33093, 27.69819], [85.3311, 27.69808], [85.33121, 27.69801], [85.33142, 27.69789], [85.3316, 27.69784], [85.33169, 27.69777], [85.33177, 27.6977], [85.33184, 27.69756], [85.33183, 27.6975], [85.33182, 27.69744], [85.33175, 27.69732], [85.33162, 27.69715], [85.33151, 27.69702], [85.3312, 27.69665], [85.33104, 27.69644], [85.33081, 27.69615]]}}, {"type": "Feature", "properties": {"frac": null, "observed": false, "ext": true, "wid": "n003"}, "geometry": {"type": "LineString", "coordinates": [[85.09742, 28.09318], [85.09489, 28.0924], [85.09395, 28.09162], [85.09258, 28.0892], [85.09, 28.08814], [85.0876, 28.08753]]}}, {"type": "Feature", "properties": {"frac": null, "observed": false, "ext": true, "wid": "n004"}, "geometry": {"type": "LineString", "coordinates": [[85.0876, 28.08753], [85.08451, 28.08753], [85.08022, 28.08768], [85.07731, 28.08753], [85.07556, 28.08839], [85.07095, 28.08889], [85.0674, 28.08937]]}}, {"type": "Feature", "properties": {"frac": null, "observed": false, "ext": true, "wid": "n005"}, "geometry": {"type": "LineString", "coordinates": [[85.0674, 28.08937], [85.06615, 28.08936], [85.06509, 28.08895], [85.0635, 28.08916], [85.06126, 28.08831], [85.06053, 28.08836], [85.05955, 28.08837], [85.05847, 28.08757], [85.05859, 28.08648], [85.05739, 28.08558], [85.05669, 28.08503], [85.05592, 28.08442], [85.05531, 28.08447], [85.05498, 28.08506], [85.05413, 28.08535], [85.05372, 28.08524], [85.05286, 28.08554], [85.05152, 28.08532], [85.05015, 28.0862], [85.04933, 28.08588], [85.04781, 28.08617], [85.04686, 28.08567], [85.0464, 28.08592], [85.0454, 28.08646], [85.04264, 28.08719], [85.04055, 28.08791]]}}, {"type": "Feature", "properties": {"frac": null, "observed": false, "ext": true, "wid": "n006"}, "geometry": {"type": "LineString", "coordinates": [[85.0364, 28.08802], [85.03537, 28.08752], [85.0345, 28.08661], [85.03369, 28.08651], [85.03166, 28.08693], [85.02985, 28.08829], [85.02889, 28.08881], [85.0282, 28.0892], [85.0258, 28.08889], [85.02288, 28.08753], [85.02082, 28.08677], [85.01859, 28.08602], [85.01653, 28.08571], [85.01568, 28.08578], [85.01445, 28.08587], [85.01138, 28.08677], [85.01076, 28.08692], [85.00954, 28.08753], [85.0089, 28.08779], [85.00822, 28.08784]]}}, {"type": "Feature", "properties": {"frac": null, "observed": false, "ext": true, "wid": "n007"}, "geometry": {"type": "LineString", "coordinates": [[85.11384, 28.15128], [85.11377, 28.15279], [85.11292, 28.15389], [85.11143, 28.15601], [85.11115, 28.15719], [85.11051, 28.1584], [85.10963, 28.15902], [85.10773, 28.1605]]}}, {"type": "Feature", "properties": {"frac": null, "observed": false, "ext": true, "wid": "n008"}, "geometry": {"type": "LineString", "coordinates": [[85.10773, 28.1605], [85.10568, 28.16184], [85.10501, 28.16219], [85.10417, 28.16262], [85.10348, 28.16361], [85.10137, 28.16496], [85.10129, 28.16502], [85.10059, 28.16554], [85.0996, 28.16695], [85.09924, 28.1683], [85.09869, 28.16856], [85.09839, 28.17007], [85.09728, 28.1716], [85.09716, 28.17229], [85.09736, 28.17275]]}}, {"type": "Feature", "properties": {"frac": 0.0084, "observed": true, "ext": true, "wid": "n009"}, "geometry": {"type": "LineString", "coordinates": [[85.09736, 28.17275], [85.09732, 28.17447], [85.09722, 28.17489], [85.09701, 28.17519], [85.09696, 28.17549], [85.09718, 28.17572], [85.09717, 28.17609], [85.09704, 28.17636], [85.09752, 28.17698], [85.09747, 28.17752], [85.09757, 28.17818], [85.09772, 28.17863], [85.09797, 28.17883], [85.09811, 28.1791], [85.09818, 28.17961], [85.098, 28.18025], [85.0977, 28.18066], [85.09752, 28.18094], [85.09732, 28.1811], [85.09721, 28.18109], [85.0971, 28.18116], [85.09701, 28.18133], [85.09692, 28.18154], [85.09693, 28.18169], [85.09692, 28.18187], [85.097, 28.18206], [85.0965, 28.18226], [85.09617, 28.18228], [85.09621, 28.18291], [85.09591, 28.18342], [85.09554, 28.18385], [85.09596, 28.18424], [85.09612, 28.18462], [85.09578, 28.18507], [85.09544, 28.18533], [85.09461, 28.18585], [85.09401, 28.18597], [85.09234, 28.18672], [85.09105, 28.18708], [85.09074, 28.18739], [85.09037, 28.18767], [85.08989, 28.18789], [85.0894, 28.18841], [85.08933, 28.18872]]}}, {"type": "Feature", "properties": {"frac": 0.0427, "observed": true, "ext": false, "wid": "v006"}, "geometry": {"type": "LineString", "coordinates": [[85.34131, 28.16442], [85.34099, 28.16439], [85.34053, 28.16431], [85.34029, 28.16426], [85.34005, 28.16419], [85.33985, 28.16411]]}}, {"type": "Feature", "properties": {"frac": 0.0319, "observed": true, "ext": false, "wid": "v007"}, "geometry": {"type": "LineString", "coordinates": [[85.33985, 28.16411], [85.33968, 28.16401], [85.33959, 28.1639], [85.33939, 28.16344], [85.33934, 28.16337], [85.33927, 28.16331], [85.33918, 28.16324], [85.33905, 28.16317], [85.33855, 28.16295], [85.33816, 28.16275], [85.33789, 28.16259], [85.33774, 28.16245], [85.33766, 28.16233], [85.33758, 28.16218], [85.33752, 28.16201], [85.33749, 28.16185], [85.3375, 28.16167], [85.3376, 28.16111], [85.33767, 28.16064], [85.33763, 28.16048], [85.33755, 28.16028], [85.33754, 28.16015], [85.33747, 28.16003], [85.33736, 28.1599], [85.33718, 28.15985], [85.33698, 28.15983], [85.33657, 28.1597], [85.33595, 28.15947], [85.33556, 28.15923], [85.33522, 28.15897], [85.33477, 28.15881], [85.33438, 28.15875], [85.33405, 28.15868], [85.33394, 28.15863], [85.33385, 28.15856], [85.33362, 28.15834], [85.33298, 28.1576], [85.33277, 28.15739], [85.33267, 28.15732], [85.33241, 28.15718], [85.33143, 28.15675], [85.33128, 28.15667], [85.33112, 28.15657], [85.33092, 28.15641], [85.33043, 28.15599], [85.3292, 28.15484], [85.32824, 28.15389], [85.32806, 28.15371], [85.32794, 28.15363], [85.32755, 28.15346]]}}, {"type": "Feature", "properties": {"frac": 0.0349, "observed": true, "ext": false, "wid": "v008"}, "geometry": {"type": "LineString", "coordinates": [[85.32755, 28.15346], [85.32738, 28.15335], [85.3273, 28.15329], [85.32722, 28.1532], [85.32706, 28.15296], [85.32667, 28.15226], [85.32652, 28.15206], [85.32642, 28.15198], [85.32611, 28.15182], [85.32531, 28.15147], [85.32497, 28.1513], [85.32485, 28.15122], [85.32444, 28.15094], [85.32421, 28.15082], [85.32408, 28.15077], [85.32394, 28.15074], [85.32377, 28.15071], [85.3234, 28.1507], [85.32308, 28.15067], [85.32283, 28.1506], [85.32262, 28.1505], [85.32244, 28.15035], [85.32221, 28.15006], [85.32203, 28.14986], [85.32181, 28.14967], [85.32169, 28.14958], [85.32142, 28.14943], [85.32127, 28.14936], [85.321, 28.14927], [85.32069, 28.14896], [85.32047, 28.14891], [85.32036, 28.14882], [85.32024, 28.14873], [85.32014, 28.14861], [85.32012, 28.14859], [85.32001, 28.14839], [85.31997, 28.1483], [85.31991, 28.14823], [85.31983, 28.14817], [85.31974, 28.14812], [85.3195, 28.14802], [85.31906, 28.14789], [85.31864, 28.14781], [85.31831, 28.14777], [85.31811, 28.14773], [85.31791, 28.14765], [85.31783, 28.14759], [85.31775, 28.14751], [85.31768, 28.14742], [85.31756, 28.14717], [85.31749, 28.14705], [85.31731, 28.14682], [85.31711, 28.14661], [85.31692, 28.14645], [85.31677, 28.14633], [85.3166, 28.14623], [85.31637, 28.14612], [85.3161, 28.14601], [85.3157, 28.14587], [85.31459, 28.14563], [85.31392, 28.14546]]}}, {"type": "Feature", "properties": {"frac": 0.0324, "observed": true, "ext": false, "wid": "v009"}, "geometry": {"type": "LineString", "coordinates": [[85.31392, 28.14546], [85.31375, 28.1454], [85.31362, 28.14534], [85.3134, 28.14522], [85.31318, 28.14506], [85.31308, 28.14497], [85.31299, 28.14487], [85.31292, 28.14476], [85.31287, 28.14464], [85.31285, 28.14451], [85.31286, 28.14436], [85.31299, 28.14342], [85.31303, 28.1429], [85.31303, 28.14278], [85.313, 28.14259], [85.31293, 28.14195], [85.31286, 28.14168], [85.31279, 28.14156], [85.31271, 28.14145], [85.31261, 28.14136], [85.31251, 28.14129], [85.31241, 28.14123], [85.3122, 28.14116], [85.312, 28.14114], [85.31183, 28.14117], [85.31167, 28.14125], [85.31064, 28.1419], [85.31034, 28.14207], [85.31025, 28.14211], [85.31003, 28.14217], [85.30986, 28.14219], [85.30978, 28.14219], [85.30961, 28.14216], [85.30945, 28.14208], [85.30762, 28.14073]]}}, {"type": "Feature", "properties": {"frac": null, "observed": false, "ext": true, "wid": "n010"}, "geometry": {"type": "LineString", "coordinates": [[85.19735, 28.21492], [85.19753, 28.2146], [85.1976, 28.21433], [85.19773, 28.2141], [85.19785, 28.214], [85.19836, 28.21379], [85.19871, 28.21351], [85.199, 28.21346], [85.19945, 28.2131], [85.19974, 28.21301], [85.19978, 28.213], [85.2001, 28.21283], [85.20044, 28.2123], [85.20055, 28.21206], [85.20058, 28.21195], [85.20067, 28.21174], [85.20081, 28.21162], [85.20092, 28.21148], [85.20117, 28.21132], [85.20133, 28.21124], [85.20145, 28.21117], [85.2015, 28.21082], [85.20151, 28.21044], [85.20155, 28.21031], [85.20185, 28.21006], [85.20212, 28.20961], [85.20211, 28.20946], [85.20204, 28.20922], [85.20206, 28.20908], [85.20225, 28.20882], [85.20253, 28.20846], [85.20255, 28.20826], [85.20254, 28.20804], [85.20267, 28.20774]]}}, {"type": "Feature", "properties": {"frac": null, "observed": false, "ext": true, "wid": "n011"}, "geometry": {"type": "LineString", "coordinates": [[85.20267, 28.20774], [85.20313, 28.20665], [85.20318, 28.20632], [85.20352, 28.20572], [85.2037, 28.20537], [85.20377, 28.20507], [85.20393, 28.20476], [85.20424, 28.20412], [85.20432, 28.20387], [85.20424, 28.20351], [85.20423, 28.2031], [85.20402, 28.20253], [85.20388, 28.20209], [85.2036, 28.20158], [85.2034, 28.20097], [85.20326, 28.20053], [85.20314, 28.20025], [85.20322, 28.19994], [85.2036, 28.19945], [85.20372, 28.19925], [85.20373, 28.19907], [85.20359, 28.1988], [85.20353, 28.1986], [85.20353, 28.19829], [85.20363, 28.19752], [85.20348, 28.19726], [85.20331, 28.19719], [85.203, 28.19699], [85.20271, 28.19682], [85.20276, 28.19664], [85.20274, 28.19641], [85.20276, 28.19616], [85.20262, 28.19585], [85.20252, 28.19548], [85.20265, 28.19528], [85.20274, 28.19508], [85.20253, 28.19491], [85.20253, 28.19469], [85.20262, 28.19445], [85.20255, 28.19432], [85.20244, 28.19418], [85.20211, 28.19409], [85.20162, 28.19356], [85.20143, 28.1934], [85.20143, 28.19322], [85.20133, 28.19282], [85.20087, 28.19265], [85.20077, 28.1924], [85.20064, 28.19216], [85.20054, 28.19161]]}}, {"type": "Feature", "properties": {"frac": null, "observed": false, "ext": true, "wid": "n012"}, "geometry": {"type": "LineString", "coordinates": [[85.20054, 28.19161], [85.20048, 28.19103], [85.20058, 28.19081], [85.20052, 28.19049], [85.20076, 28.19013], [85.20054, 28.18956], [85.20027, 28.18876], [85.20036, 28.18816], [85.20016, 28.18747], [85.19988, 28.18689], [85.19961, 28.18679], [85.19883, 28.18616], [85.1985, 28.18596], [85.19838, 28.18547], [85.19859, 28.18504], [85.19872, 28.1848], [85.19869, 28.18463], [85.19855, 28.18425], [85.19862, 28.18368], [85.19862, 28.1836], [85.19878, 28.18343], [85.19915, 28.18316], [85.19945, 28.18286], [85.19957, 28.18247], [85.19935, 28.18228], [85.19913, 28.18185], [85.19917, 28.18146], [85.19981, 28.18092], [85.20025, 28.18035], [85.2004, 28.17925], [85.20025, 28.17817], [85.19997, 28.17698], [85.19978, 28.17569], [85.19875, 28.17482]]}}, {"type": "Feature", "properties": {"frac": null, "observed": false, "ext": true, "wid": "n013"}, "geometry": {"type": "LineString", "coordinates": [[85.19875, 28.17482], [85.19819, 28.17384], [85.19793, 28.17317], [85.19708, 28.17212], [85.19671, 28.17078], [85.19638, 28.16939], [85.19605, 28.16833], [85.19627, 28.16734], [85.19645, 28.16718], [85.19664, 28.16696], [85.19676, 28.16681], [85.19685, 28.16598], [85.19715, 28.16568], [85.19773, 28.16479], [85.19805, 28.16387], [85.19803, 28.16296], [85.19806, 28.1616], [85.19888, 28.16068], [85.19944, 28.16001], [85.19965, 28.15959], [85.19968, 28.15938], [85.19922, 28.15871]]}}, {"type": "Feature", "properties": {"frac": null, "observed": false, "ext": true, "wid": "n014"}, "geometry": {"type": "LineString", "coordinates": [[85.19922, 28.15871], [85.19854, 28.15735], [85.19834, 28.15495], [85.19807, 28.15424], [85.19836, 28.15341], [85.19817, 28.15244], [85.19799, 28.15117], [85.19783, 28.14978], [85.19813, 28.14898], [85.19844, 28.14838], [85.19871, 28.14781], [85.19881, 28.14722], [85.19892, 28.14709], [85.19923, 28.1467], [85.19932, 28.14647], [85.19883, 28.14622], [85.19839, 28.1459], [85.19798, 28.14537], [85.19785, 28.14418], [85.19785, 28.14191], [85.19848, 28.14098]]}}, {"type": "Feature", "properties": {"frac": null, "observed": false, "ext": true, "wid": "n015"}, "geometry": {"type": "LineString", "coordinates": [[85.19848, 28.14098], [85.19788, 28.14008], [85.19785, 28.13872], [85.19871, 28.13858], [85.19855, 28.13723], [85.19885, 28.13676], [85.19922, 28.13619], [85.19922, 28.13449], [85.19917, 28.13338], [85.19961, 28.13244], [85.19931, 28.13167], [85.1992, 28.13088], [85.19911, 28.13015], [85.19947, 28.12876], [85.19964, 28.12827], [85.19974, 28.12798], [85.1997, 28.1264], [85.19942, 28.12594], [85.19902, 28.12561], [85.19932, 28.12518], [85.19953, 28.1245], [85.19939, 28.12193]]}}, {"type": "Feature", "properties": {"frac": null, "observed": false, "ext": true, "wid": "n016"}, "geometry": {"type": "LineString", "coordinates": [[85.19939, 28.12193], [85.19974, 28.12011], [85.20145, 28.1186], [85.20225, 28.11721], [85.2029, 28.11594], [85.20317, 28.11542], [85.20275, 28.11337], [85.2012, 28.11247], [85.20042, 28.11088], [85.19868, 28.10827]]}}, {"type": "Feature", "properties": {"frac": null, "observed": false, "ext": true, "wid": "n017"}, "geometry": {"type": "LineString", "coordinates": [[85.19868, 28.10827], [85.19814, 28.10774], [85.19836, 28.10734], [85.19842, 28.10693], [85.19815, 28.10611], [85.19825, 28.1056], [85.19806, 28.105], [85.19794, 28.10485], [85.1979, 28.10482], [85.19782, 28.10479], [85.19754, 28.10474], [85.19747, 28.10469], [85.19743, 28.10462], [85.19738, 28.10447], [85.19732, 28.10436], [85.19726, 28.10415], [85.19722, 28.10391], [85.19722, 28.10379], [85.19722, 28.10373], [85.1973, 28.10347], [85.19748, 28.10294], [85.1975, 28.10281], [85.1975, 28.10265], [85.19749, 28.10249], [85.19744, 28.10224], [85.19739, 28.10215], [85.19728, 28.10201], [85.19683, 28.10144], [85.1968, 28.10139], [85.19679, 28.10129], [85.1968, 28.10122], [85.19686, 28.10112], [85.19685, 28.10105], [85.19681, 28.10099], [85.19675, 28.10092], [85.19652, 28.10071], [85.19643, 28.10057], [85.1964, 28.1005], [85.19636, 28.10037], [85.19634, 28.10016], [85.19635, 28.10006], [85.19647, 28.09962], [85.1965, 28.09944], [85.19648, 28.09931], [85.19639, 28.09911], [85.19636, 28.099], [85.19636, 28.09895], [85.19637, 28.09889], [85.1964, 28.09884], [85.19647, 28.09875], [85.19657, 28.09867], [85.19676, 28.09856], [85.19684, 28.09849], [85.19691, 28.09837], [85.19694, 28.09824], [85.19694, 28.09813], [85.19685, 28.09779], [85.1968, 28.09754], [85.19682, 28.09739], [85.19685, 28.09726], [85.19693, 28.09711], [85.19706, 28.09695], [85.19716, 28.09688], [85.19737, 28.09679], [85.19748, 28.09672], [85.19763, 28.09659], [85.19772, 28.09648], [85.19775, 28.09642], [85.19776, 28.09635], [85.19777, 28.0961], [85.19778, 28.09601], [85.19783, 28.09589], [85.19791, 28.09575], [85.19791, 28.09574], [85.19795, 28.09563], [85.19796, 28.09555], [85.19795, 28.09546], [85.19792, 28.09538], [85.19784, 28.09532], [85.19756, 28.09523], [85.19743, 28.09515], [85.19734, 28.09506], [85.1973, 28.09499], [85.1973, 28.09494], [85.1973, 28.09483], [85.19732, 28.09477], [85.19749, 28.09427], [85.19758, 28.09387], [85.19765, 28.09367], [85.19773, 28.09355], [85.19804, 28.09331], [85.19819, 28.09324], [85.19841, 28.0932], [85.19858, 28.09316], [85.19882, 28.09305], [85.19894, 28.09298], [85.19901, 28.09292], [85.19912, 28.09277], [85.1992, 28.09271], [85.19931, 28.09266], [85.19938, 28.09264], [85.19944, 28.09262], [85.19948, 28.09259], [85.19951, 28.09255], [85.19954, 28.09246], [85.19954, 28.09231], [85.19955, 28.09221], [85.19957, 28.09216], [85.19957, 28.09204], [85.19955, 28.09192], [85.19948, 28.09162], [85.19945, 28.0913], [85.19946, 28.09107], [85.1995, 28.09072], [85.19959, 28.09019], [85.1996, 28.09004], [85.19958, 28.08977], [85.19959, 28.08967], [85.19962, 28.08957], [85.19968, 28.08939], [85.19981, 28.08913], [85.19983, 28.089], [85.19983, 28.08888], [85.19981, 28.08879], [85.19971, 28.08844], [85.19969, 28.08832], [85.1997, 28.08826], [85.19973, 28.0881], [85.19987, 28.08762], [85.19991, 28.08746], [85.19991, 28.08739], [85.19989, 28.08732], [85.19983, 28.08718], [85.19954, 28.08676], [85.19951, 28.08669], [85.19949, 28.08662], [85.1995, 28.08655], [85.19954, 28.08643], [85.19961, 28.08633], [85.1997, 28.08623], [85.19972, 28.08621], [85.19971, 28.08616], [85.19968, 28.08612], [85.19951, 28.086]]}}, {"type": "Feature", "properties": {"frac": 0.0143, "observed": true, "ext": false, "wid": "v017"}, "geometry": {"type": "LineString", "coordinates": [[85.19984, 28.08326], [85.19979, 28.08315], [85.19975, 28.08311], [85.19967, 28.08306], [85.19964, 28.08305], [85.1995, 28.08297], [85.19954, 28.08238], [85.19939, 28.08192], [85.19963, 28.08127], [85.19967, 28.08111], [85.1997, 28.08071], [85.1999, 28.08013], [85.20006, 28.07984], [85.20083, 28.07956], [85.20176, 28.07874], [85.20187, 28.07865], [85.202, 28.07857], [85.20233, 28.07851], [85.20285, 28.07824], [85.20359, 28.07739], [85.20419, 28.07702], [85.20503, 28.07599], [85.20557, 28.0749], [85.20582, 28.07437], [85.20631, 28.07392], [85.20715, 28.07342], [85.20745, 28.07291], [85.20748, 28.0722], [85.2078, 28.07165], [85.20809, 28.07157], [85.20831, 28.07151]]}}, {"type": "Feature", "properties": {"frac": null, "observed": false, "ext": true, "wid": "n018"}, "geometry": {"type": "LineString", "coordinates": [[85.08298, 28.26131], [85.08339, 28.26099], [85.08332, 28.26039], [85.08364, 28.25998], [85.08361, 28.25962], [85.08337, 28.25901], [85.08296, 28.25826], [85.08278, 28.25756], [85.08234, 28.25674], [85.08218, 28.2561], [85.08189, 28.25523], [85.08141, 28.25353], [85.08098, 28.25269]]}}, {"type": "Feature", "properties": {"frac": null, "observed": false, "ext": true, "wid": "n019"}, "geometry": {"type": "LineString", "coordinates": [[85.08098, 28.25269], [85.08114, 28.25186], [85.08078, 28.25057], [85.0804, 28.25034], [85.08029, 28.24934], [85.07982, 28.2483], [85.07914, 28.24784], [85.07818, 28.24753], [85.07779, 28.24743], [85.07747, 28.24735], [85.07734, 28.24715], [85.07723, 28.2469], [85.07717, 28.24652], [85.07732, 28.24616], [85.07742, 28.24588], [85.07763, 28.24564], [85.07789, 28.24545], [85.07795, 28.24501], [85.07769, 28.24477], [85.0775, 28.24451], [85.07728, 28.24428], [85.07693, 28.24385], [85.07654, 28.24366], [85.07633, 28.24356], [85.07616, 28.24348], [85.07583, 28.24311], [85.07558, 28.2428], [85.07528, 28.2423], [85.07525, 28.24205], [85.07513, 28.24171], [85.07505, 28.2415], [85.0749, 28.24132], [85.07473, 28.24114], [85.07442, 28.24091], [85.07418, 28.24074], [85.07384, 28.24051], [85.07347, 28.24023], [85.0731, 28.24008], [85.07276, 28.23997], [85.07257, 28.23982], [85.07235, 28.23961], [85.07227, 28.23939], [85.07229, 28.23911], [85.07236, 28.23903], [85.0725, 28.23886], [85.07302, 28.2385], [85.07343, 28.23822], [85.07355, 28.2379], [85.07349, 28.23737], [85.07334, 28.23684], [85.07308, 28.23629], [85.07283, 28.23587], [85.0727, 28.23552], [85.07301, 28.23457], [85.07236, 28.23159]]}}, {"type": "Feature", "properties": {"frac": null, "observed": false, "ext": true, "wid": "n020"}, "geometry": {"type": "LineString", "coordinates": [[85.07339, 28.22849], [85.07318, 28.22799], [85.07328, 28.22752], [85.07283, 28.22722], [85.07239, 28.22656], [85.07237, 28.22597], [85.0712, 28.22546], [85.07029, 28.22455], [85.07, 28.22418], [85.06974, 28.22398], [85.06989, 28.22351], [85.0705, 28.22291], [85.07093, 28.22212], [85.07135, 28.22106], [85.07067, 28.21985], [85.07163, 28.21757], [85.07102, 28.21685], [85.06991, 28.21639], [85.06895, 28.21486], [85.06844, 28.21199], [85.06861, 28.21032], [85.06861, 28.20805], [85.06861, 28.20654], [85.06885, 28.2056]]}}, {"type": "Feature", "properties": {"frac": null, "observed": false, "ext": true, "wid": "n021"}, "geometry": {"type": "LineString", "coordinates": [[85.06885, 28.2056], [85.06821, 28.20514], [85.06929, 28.20382], [85.06929, 28.2023], [85.06981, 28.19928], [85.06964, 28.19686], [85.0696, 28.19631], [85.06945, 28.19581], [85.06959, 28.19549], [85.06964, 28.19523], [85.0701, 28.19499], [85.07054, 28.19481], [85.07085, 28.1945], [85.07113, 28.19413], [85.07132, 28.19382], [85.07123, 28.19352], [85.07109, 28.19328], [85.07083, 28.19308], [85.07082, 28.19282], [85.07102, 28.19261], [85.0713, 28.19252], [85.07138, 28.19214], [85.07142, 28.19186], [85.07132, 28.19154], [85.07134, 28.19112]]}}, {"type": "Feature", "properties": {"frac": 0.0602, "observed": true, "ext": false, "wid": "v023"}, "geometry": {"type": "LineString", "coordinates": [[85.18283, 27.99086], [85.18292, 27.99039], [85.18286, 27.99001]]}}, {"type": "Feature", "properties": {"frac": 0.1068, "observed": true, "ext": false, "wid": "v024"}, "geometry": {"type": "LineString", "coordinates": [[85.18286, 27.99001], [85.18274, 27.98974], [85.18247, 27.98949], [85.18196, 27.98922], [85.18096, 27.98882], [85.18069, 27.98872], [85.18047, 27.9886], [85.18032, 27.98842], [85.18018, 27.98815], [85.1801, 27.98772], [85.18014, 27.98696], [85.18046, 27.98516], [85.18054, 27.9844], [85.18046, 27.98355], [85.18036, 27.98305], [85.18027, 27.98166], [85.18038, 27.98116], [85.18067, 27.98045], [85.18134, 27.97914], [85.18153, 27.97869], [85.18168, 27.97823], [85.18203, 27.9766], [85.18217, 27.97594], [85.18246, 27.97497], [85.18272, 27.97442], [85.18303, 27.97401], [85.1837, 27.97321], [85.18404, 27.97281], [85.18442, 27.97211], [85.18434, 27.97138], [85.1838, 27.97065], [85.18357, 27.97053], [85.1829, 27.97025]]}}, {"type": "Feature", "properties": {"frac": 0.1317, "observed": true, "ext": false, "wid": "v025"}, "geometry": {"type": "LineString", "coordinates": [[85.1829, 27.97025], [85.18119, 27.96987], [85.17981, 27.96951], [85.17911, 27.96928], [85.17821, 27.96852], [85.17783, 27.9679], [85.17737, 27.96672], [85.17711, 27.96606], [85.17688, 27.96561], [85.17626, 27.96494], [85.17564, 27.96459], [85.17413, 27.9641], [85.17263, 27.96371], [85.17197, 27.96354], [85.17058, 27.96308], [85.17044, 27.96303], [85.16976, 27.96263], [85.16907, 27.96171], [85.16874, 27.96092], [85.16868, 27.96076], [85.16861, 27.96054], [85.16829, 27.95957]]}}, {"type": "Feature", "properties": {"frac": 0.0642, "observed": true, "ext": false, "wid": "v026"}, "geometry": {"type": "LineString", "coordinates": [[85.16829, 27.95957], [85.16791, 27.95856], [85.1675, 27.9578], [85.16709, 27.95703], [85.16663, 27.95668], [85.1657, 27.95633], [85.16411, 27.95571], [85.16326, 27.95555], [85.16246, 27.95529], [85.16194, 27.95484], [85.16189, 27.95449], [85.16226, 27.95383], [85.16255, 27.95317], [85.1626, 27.9525], [85.16244, 27.95026], [85.1626, 27.94903], [85.16287, 27.94738], [85.16273, 27.94697], [85.16225, 27.94662], [85.1618, 27.9463], [85.1611, 27.94542], [85.16017, 27.94372], [85.15995, 27.94235]]}}, {"type": "Feature", "properties": {"frac": 0.081, "observed": true, "ext": false, "wid": "v027"}, "geometry": {"type": "LineString", "coordinates": [[85.15995, 27.94235], [85.15921, 27.94055], [85.1583, 27.93907], [85.15714, 27.9377], [85.15614, 27.9363], [85.15579, 27.93554], [85.15567, 27.93513], [85.15554, 27.93466], [85.15533, 27.93404], [85.15528, 27.93378], [85.15529, 27.93363], [85.15544, 27.93348], [85.15549, 27.93298], [85.15524, 27.93245], [85.15481, 27.93203], [85.15447, 27.93185], [85.15429, 27.9318], [85.15411, 27.93177], [85.15387, 27.93178], [85.15366, 27.93182], [85.15348, 27.93186], [85.15335, 27.93192], [85.15322, 27.93197], [85.1529, 27.93227], [85.15259, 27.93258], [85.15231, 27.93287], [85.15218, 27.93296], [85.15191, 27.9332], [85.15187, 27.93324], [85.15154, 27.93361], [85.15124, 27.93393], [85.15114, 27.93398], [85.15105, 27.934], [85.15094, 27.93399], [85.15086, 27.93396], [85.15074, 27.93387], [85.15061, 27.93372], [85.15034, 27.93336], [85.15026, 27.93322], [85.15018, 27.93304], [85.15003, 27.9327], [85.14998, 27.93256], [85.14995, 27.9324], [85.14992, 27.93221], [85.14991, 27.93201], [85.14989, 27.93156], [85.14987, 27.93135], [85.14984, 27.93115], [85.14955, 27.93017]]}}, {"type": "Feature", "properties": {"frac": 0.0554, "observed": true, "ext": false, "wid": "v028"}, "geometry": {"type": "LineString", "coordinates": [[85.14955, 27.93017], [85.1494, 27.92973], [85.14927, 27.92944], [85.14922, 27.92929], [85.14912, 27.92907], [85.14909, 27.92901], [85.149, 27.92892], [85.14894, 27.92882], [85.14892, 27.9287], [85.14891, 27.92863], [85.14892, 27.92854], [85.14899, 27.92844], [85.14915, 27.9283], [85.1493, 27.9282], [85.1495, 27.92807], [85.1498, 27.92781], [85.15004, 27.92757], [85.15031, 27.92727], [85.1505, 27.927], [85.15062, 27.92682], [85.15073, 27.92661], [85.15083, 27.92632], [85.15094, 27.92609], [85.15102, 27.9259], [85.15107, 27.9257], [85.1511, 27.92552], [85.1511, 27.92531], [85.15112, 27.92516], [85.15113, 27.92499], [85.15116, 27.92482], [85.15118, 27.92462], [85.15123, 27.92443], [85.15129, 27.92415], [85.15133, 27.92391], [85.15134, 27.92372], [85.15135, 27.92339], [85.15133, 27.92311], [85.15129, 27.92295], [85.15124, 27.9228], [85.15112, 27.9226], [85.15094, 27.92234], [85.15079, 27.92217], [85.15065, 27.92207], [85.15052, 27.92204], [85.15027, 27.92201], [85.15001, 27.92195], [85.14985, 27.92191], [85.14971, 27.92189], [85.14954, 27.92185], [85.14935, 27.92182], [85.14924, 27.92178], [85.1491, 27.92172], [85.14896, 27.92163], [85.14875, 27.92152], [85.14855, 27.92141], [85.14842, 27.92134], [85.14825, 27.92126], [85.14803, 27.92116], [85.1478, 27.92107], [85.14755, 27.92098], [85.14708, 27.92082], [85.14691, 27.92075], [85.14668, 27.92068], [85.14654, 27.92065], [85.14635, 27.92063], [85.14611, 27.92061]]}}, {"type": "Feature", "properties": {"frac": 0.0787, "observed": true, "ext": false, "wid": "v029"}, "geometry": {"type": "LineString", "coordinates": [[85.14611, 27.92061], [85.14574, 27.92058], [85.14542, 27.92054], [85.14513, 27.92051], [85.14474, 27.92049], [85.1445, 27.92048], [85.14433, 27.92047], [85.14407, 27.92046], [85.14369, 27.92045], [85.14354, 27.92046], [85.14339, 27.92044], [85.14325, 27.92041], [85.14311, 27.92035], [85.14297, 27.92024], [85.1428, 27.92009], [85.14265, 27.91998], [85.14254, 27.91986], [85.14241, 27.91971], [85.14232, 27.91953], [85.14216, 27.91925], [85.14205, 27.91905], [85.14194, 27.91887], [85.14176, 27.91861], [85.14159, 27.91842], [85.14142, 27.91824], [85.1412, 27.91801], [85.14104, 27.91782], [85.14081, 27.91761], [85.14064, 27.91748], [85.14044, 27.91736], [85.14023, 27.91724], [85.14003, 27.91715], [85.13986, 27.91707], [85.13967, 27.917], [85.13953, 27.91697], [85.13932, 27.91694], [85.13913, 27.91692], [85.13876, 27.91688], [85.13831, 27.9168], [85.13779, 27.91669], [85.13725, 27.91659], [85.13702, 27.91653], [85.13667, 27.91644], [85.13622, 27.91631], [85.13574, 27.91616]]}}, {"type": "Feature", "properties": {"frac": null, "observed": false, "ext": true, "wid": "n022"}, "geometry": {"type": "LineString", "coordinates": [[85.64277, 27.98077], [85.6413, 27.97975], [85.64036, 27.97955], [85.63951, 27.97947], [85.63926, 27.97914], [85.63922, 27.97851], [85.63911, 27.97791], [85.63857, 27.97767], [85.63748, 27.97728], [85.63683, 27.97616], [85.63683, 27.97513], [85.63683, 27.97465], [85.63663, 27.97357], [85.63666, 27.9732], [85.63622, 27.97266], [85.63511, 27.97228], [85.63462, 27.97187], [85.63452, 27.9712], [85.63439, 27.97101], [85.63392, 27.97072], [85.63385, 27.97047], [85.63385, 27.97032], [85.63386, 27.97017], [85.63425, 27.96991], [85.63468, 27.96981], [85.6348, 27.96958], [85.63465, 27.96915], [85.63405, 27.96871], [85.63413, 27.96848]]}}, {"type": "Feature", "properties": {"frac": null, "observed": false, "ext": true, "wid": "n023"}, "geometry": {"type": "LineString", "coordinates": [[85.63378, 27.96629], [85.63363, 27.96606], [85.63365, 27.96565], [85.63386, 27.96521], [85.63455, 27.96473], [85.63462, 27.96435], [85.63428, 27.96407], [85.63413, 27.96392], [85.63421, 27.96356], [85.63479, 27.96323], [85.63513, 27.96277], [85.63507, 27.96208], [85.63521, 27.96182], [85.63554, 27.96177], [85.63621, 27.96165], [85.63668, 27.96178], [85.63704, 27.96171], [85.63728, 27.9615], [85.6373, 27.96093], [85.63757, 27.9602], [85.6373, 27.95971], [85.63677, 27.95917], [85.63673, 27.95856], [85.63706, 27.95782], [85.63711, 27.95711], [85.63712, 27.95699], [85.63737, 27.95664], [85.63806, 27.95616], [85.6381, 27.95613], [85.63831, 27.95553], [85.63829, 27.95494], [85.6386, 27.9547], [85.63882, 27.9542], [85.63896, 27.95355], [85.63869, 27.95255], [85.63868, 27.95232], [85.63879, 27.95204], [85.63905, 27.95193], [85.63983, 27.95181], [85.64018, 27.95159], [85.64029, 27.95135], [85.6403, 27.95098], [85.64015, 27.95047], [85.63996, 27.95002], [85.63991, 27.94891], [85.63993, 27.94843], [85.63983, 27.94824], [85.63939, 27.94779], [85.63868, 27.94685], [85.63838, 27.94623], [85.63839, 27.94543], [85.63849, 27.94432], [85.63852, 27.94375]]}}, {"type": "Feature", "properties": {"frac": 0.0, "observed": true, "ext": true, "wid": "n024"}, "geometry": {"type": "LineString", "coordinates": [[85.63852, 27.94375], [85.63838, 27.94317], [85.63803, 27.9425], [85.63793, 27.94168], [85.63836, 27.94097], [85.63794, 27.93971], [85.63746, 27.93907], [85.63737, 27.93852], [85.63755, 27.93782], [85.63734, 27.9369], [85.63689, 27.93586], [85.6366, 27.93504], [85.63642, 27.93414], [85.63629, 27.93292], [85.6363, 27.93254], [85.63639, 27.93219], [85.63638, 27.93146], [85.63675, 27.93057], [85.63731, 27.9299], [85.63736, 27.92973], [85.63723, 27.92947], [85.63668, 27.92907], [85.6363, 27.92844], [85.6362, 27.92797], [85.63607, 27.92764], [85.63573, 27.92719], [85.63554, 27.92683]]}}, {"type": "Feature", "properties": {"frac": 0.0, "observed": true, "ext": true, "wid": "n025"}, "geometry": {"type": "LineString", "coordinates": [[85.63554, 27.92683], [85.63547, 27.92653], [85.6353, 27.92611], [85.63503, 27.92571], [85.63495, 27.92518], [85.63473, 27.92486], [85.63451, 27.92416], [85.63424, 27.92345], [85.63388, 27.92314], [85.63297, 27.92211], [85.6326, 27.92175], [85.63257, 27.92072], [85.63148, 27.92028], [85.63083, 27.91959], [85.63062, 27.91912], [85.63085, 27.91849], [85.63032, 27.91739], [85.63023, 27.9166], [85.62963, 27.91603], [85.62844, 27.91584], [85.62824, 27.9157], [85.62818, 27.91493], [85.62781, 27.9149], [85.62757, 27.91467], [85.62741, 27.91473], [85.62692, 27.91454], [85.62674, 27.91385], [85.62666, 27.91359], [85.62642, 27.91329], [85.62535, 27.9126], [85.62501, 27.9123], [85.62461, 27.91196], [85.62428, 27.91152], [85.62428, 27.91101], [85.62427, 27.91089], [85.62441, 27.91064], [85.62464, 27.91051], [85.62468, 27.91039], [85.62472, 27.91019], [85.62472, 27.90992], [85.62464, 27.90972], [85.62426, 27.90962], [85.62406, 27.90954], [85.62381, 27.90935], [85.62365, 27.90911], [85.62355, 27.90879], [85.62361, 27.90854], [85.62351, 27.9082], [85.62341, 27.90806], [85.62328, 27.90767], [85.62306, 27.90762], [85.62321, 27.90727], [85.62298, 27.90692]]}}, {"type": "Feature", "properties": {"frac": 0.0003, "observed": true, "ext": true, "wid": "n026"}, "geometry": {"type": "LineString", "coordinates": [[85.62193, 27.90268], [85.6219, 27.90234], [85.62189, 27.90214], [85.62178, 27.90198], [85.62127, 27.90132], [85.62098, 27.90056], [85.62131, 27.90012], [85.62123, 27.89941], [85.62084, 27.8989], [85.62022, 27.89859], [85.61929, 27.89827], [85.61887, 27.89804], [85.61886, 27.89745], [85.6189, 27.89664], [85.61866, 27.89613], [85.61812, 27.89558], [85.61796, 27.89495], [85.61791, 27.89468], [85.61785, 27.89442], [85.61788, 27.89401], [85.61794, 27.89363], [85.61783, 27.8933], [85.61743, 27.89279], [85.61734, 27.89265], [85.61725, 27.89211], [85.61738, 27.89183], [85.61785, 27.89096], [85.61807, 27.8907], [85.61792, 27.89016], [85.61738, 27.88949], [85.61623, 27.8886], [85.61562, 27.88826], [85.61511, 27.88795], [85.61475, 27.88766], [85.61455, 27.88735], [85.61436, 27.88685], [85.61418, 27.88639], [85.61418, 27.88602], [85.61392, 27.88563], [85.61385, 27.88542], [85.61384, 27.88525], [85.6141, 27.8843], [85.61387, 27.88389], [85.61377, 27.88338], [85.61376, 27.88309], [85.61348, 27.88273], [85.61304, 27.88271], [85.6124, 27.88273], [85.61182, 27.88238]]}}, {"type": "Feature", "properties": {"frac": 0.0005, "observed": true, "ext": true, "wid": "n027"}, "geometry": {"type": "LineString", "coordinates": [[85.61182, 27.88238], [85.61088, 27.8814], [85.60987, 27.88019], [85.60864, 27.87854], [85.60781, 27.87781], [85.60756, 27.87755], [85.60717, 27.87718], [85.6069, 27.87697], [85.6067, 27.87686], [85.60653, 27.87652], [85.60631, 27.87595], [85.6062, 27.87556], [85.60589, 27.8753], [85.60545, 27.8748], [85.60535, 27.87464]]}}, {"type": "Feature", "properties": {"frac": 0.0277, "observed": true, "ext": true, "wid": "n028"}, "geometry": {"type": "LineString", "coordinates": [[85.48781, 27.85648], [85.48845, 27.85676], [85.49023, 27.85672], [85.49188, 27.85758], [85.49281, 27.85751], [85.49382, 27.85765], [85.49395, 27.85824], [85.49445, 27.8588], [85.49528, 27.85917], [85.49603, 27.85917], [85.49678, 27.85924]]}}, {"type": "Feature", "properties": {"frac": 0.0224, "observed": true, "ext": true, "wid": "n029"}, "geometry": {"type": "LineString", "coordinates": [[85.49678, 27.85924], [85.49756, 27.85909], [85.49825, 27.85881], [85.49942, 27.85865], [85.49968, 27.85877], [85.50001, 27.85886], [85.50062, 27.8588], [85.50114, 27.8589], [85.50174, 27.85903], [85.50257, 27.85964], [85.50286, 27.86022], [85.50322, 27.86049], [85.50331, 27.86049], [85.50338, 27.86058], [85.50337, 27.86069], [85.50345, 27.86074], [85.5036, 27.86077], [85.50373, 27.8607], [85.50387, 27.86067], [85.50395, 27.86071], [85.50417, 27.86097], [85.50463, 27.86095], [85.50484, 27.86099], [85.50502, 27.86095], [85.50531, 27.86092], [85.50542, 27.86102], [85.50566, 27.8612], [85.50585, 27.86123], [85.50599, 27.86126], [85.50625, 27.86129], [85.50645, 27.86138], [85.5066, 27.86143], [85.50731, 27.86195], [85.50778, 27.86254], [85.5087, 27.86281], [85.50906, 27.86282], [85.50956, 27.86287], [85.51002, 27.86277], [85.51032, 27.86268], [85.51077, 27.86266], [85.51101, 27.86257], [85.51128, 27.8624], [85.51159, 27.86246], [85.51192, 27.86256], [85.51328, 27.86301], [85.51445, 27.86405]]}}, {"type": "Feature", "properties": {"frac": 0.0064, "observed": true, "ext": true, "wid": "n030"}, "geometry": {"type": "LineString", "coordinates": [[85.51445, 27.86405], [85.51524, 27.86474], [85.51681, 27.86588], [85.51748, 27.8659], [85.51852, 27.86697], [85.52022, 27.86804], [85.5206, 27.86801], [85.52093, 27.86796], [85.52126, 27.86804], [85.52144, 27.868], [85.52146, 27.86788], [85.52151, 27.86766], [85.52204, 27.86766], [85.52242, 27.86781], [85.52271, 27.86799], [85.5229, 27.86828], [85.52375, 27.8685], [85.52449, 27.8692], [85.52534, 27.86928], [85.52589, 27.86942], [85.52617, 27.86973], [85.52706, 27.86954], [85.5285, 27.86948], [85.52874, 27.86928], [85.52902, 27.86933], [85.52929, 27.86931], [85.52959, 27.86941], [85.52984, 27.86943], [85.52997, 27.86936], [85.53055, 27.86935], [85.53075, 27.86928], [85.53096, 27.86905], [85.53128, 27.86894], [85.5316, 27.86869], [85.5317, 27.86855], [85.53185, 27.86846], [85.53242, 27.86815]]}}, {"type": "Feature", "properties": {"frac": 0.0, "observed": true, "ext": true, "wid": "n224"}, "geometry": {"type": "LineString", "coordinates": [[85.53242, 27.86815], [85.53272, 27.86815], [85.53283, 27.86824], [85.53297, 27.86827], [85.53306, 27.86823], [85.53313, 27.86817], [85.53316, 27.86803], [85.53348, 27.86793], [85.534, 27.86796], [85.53421, 27.86818], [85.53435, 27.86816], [85.53447, 27.86807], [85.53501, 27.86798], [85.53534, 27.8679], [85.53545, 27.86792], [85.53555, 27.86788], [85.53563, 27.86772], [85.53594, 27.86766], [85.53624, 27.86764], [85.53679, 27.86784], [85.53776, 27.86812], [85.53896, 27.86814], [85.53976, 27.86798]]}}, {"type": "Feature", "properties": {"frac": 0.0005, "observed": true, "ext": true, "wid": "n031"}, "geometry": {"type": "LineString", "coordinates": [[85.57578, 27.82267], [85.57619, 27.82185], [85.57645, 27.82115], [85.57653, 27.82053], [85.57649, 27.82027], [85.57641, 27.82005], [85.57481, 27.81815], [85.57466, 27.81768], [85.57487, 27.81703], [85.57496, 27.81621], [85.57498, 27.81576], [85.57499, 27.81559], [85.57498, 27.81549], [85.57463, 27.81467], [85.57417, 27.81404]]}}, {"type": "Feature", "properties": {"frac": 0.0005, "observed": true, "ext": true, "wid": "n032"}, "geometry": {"type": "LineString", "coordinates": [[85.57417, 27.81404], [85.57422, 27.81315], [85.57446, 27.81215], [85.57485, 27.81112], [85.57522, 27.81055], [85.57573, 27.81003], [85.57634, 27.80918], [85.57622, 27.80797], [85.57588, 27.80737], [85.57538, 27.80671], [85.5754, 27.80605], [85.57541, 27.80574]]}}, {"type": "Feature", "properties": {"frac": 0.0014, "observed": true, "ext": true, "wid": "n033"}, "geometry": {"type": "LineString", "coordinates": [[85.42918, 27.7305], [85.42952, 27.73041], [85.42957, 27.73038], [85.42965, 27.73035], [85.42982, 27.73018], [85.42984, 27.72995], [85.42983, 27.72965], [85.42993, 27.72916], [85.43004, 27.7288], [85.43004, 27.72851], [85.43004, 27.72835], [85.42996, 27.72806], [85.42988, 27.72769], [85.4298, 27.7276], [85.42967, 27.72742], [85.42933, 27.72699], [85.42906, 27.72675], [85.42896, 27.72665], [85.42888, 27.72656], [85.42873, 27.72637], [85.42852, 27.72593], [85.42847, 27.72578], [85.42845, 27.72561], [85.42846, 27.72547], [85.42839, 27.72517]]}}, {"type": "Feature", "properties": {"frac": 0.0181, "observed": true, "ext": true, "wid": "n034"}, "geometry": {"type": "LineString", "coordinates": [[85.46916, 27.7207], [85.4694, 27.7209], [85.46951, 27.72104], [85.46964, 27.72129], [85.46981, 27.72174], [85.46982, 27.72187], [85.4698, 27.72202], [85.46968, 27.72233], [85.46952, 27.72284], [85.46953, 27.72323], [85.46972, 27.7238], [85.46978, 27.72412], [85.46987, 27.72427], [85.47001, 27.72461], [85.47, 27.72479], [85.46993, 27.72497], [85.4698, 27.72515], [85.46962, 27.7253], [85.4694, 27.7254], [85.46882, 27.7255], [85.4686, 27.72558], [85.46847, 27.72572], [85.46827, 27.72589], [85.46804, 27.72609], [85.46798, 27.72617], [85.46791, 27.7263], [85.46778, 27.72655], [85.46777, 27.72664], [85.46776, 27.72675], [85.46779, 27.72699], [85.46784, 27.7272], [85.46813, 27.72753], [85.46832, 27.72761], [85.46915, 27.72774]]}}, {"type": "Feature", "properties": {"frac": 0.0064, "observed": true, "ext": true, "wid": "n035"}, "geometry": {"type": "LineString", "coordinates": [[85.43506, 27.75124], [85.43505, 27.75056], [85.43504, 27.7503], [85.43505, 27.7501], [85.43503, 27.74997], [85.43499, 27.74987], [85.43484, 27.74968], [85.43472, 27.74949], [85.43428, 27.74845], [85.43381, 27.74809], [85.4334, 27.74727], [85.43291, 27.74671], [85.43292, 27.74645], [85.433, 27.74627], [85.43306, 27.74577], [85.4328, 27.74531], [85.43233, 27.74516], [85.43211, 27.74515], [85.43188, 27.74509], [85.43129, 27.7445], [85.43111, 27.74423], [85.43105, 27.74401], [85.43112, 27.74329], [85.43108, 27.74298], [85.43088, 27.74269], [85.43067, 27.74255], [85.43052, 27.74251], [85.42985, 27.74242], [85.42955, 27.74226], [85.42925, 27.74225], [85.42899, 27.74219], [85.42876, 27.74202], [85.42862, 27.7417], [85.4286, 27.74132]]}}, {"type": "Feature", "properties": {"frac": 0.0014, "observed": true, "ext": true, "wid": "n033"}, "geometry": {"type": "LineString", "coordinates": [[85.4286, 27.74132], [85.42875, 27.74081], [85.42886, 27.7396], [85.42883, 27.73949], [85.42866, 27.73936], [85.42843, 27.73896], [85.42828, 27.73888], [85.4276, 27.73884], [85.42689, 27.73909], [85.42669, 27.73913], [85.42651, 27.73915], [85.42623, 27.73913], [85.42607, 27.73914], [85.42594, 27.73916], [85.42578, 27.73922], [85.42556, 27.73934]]}}, {"type": "Feature", "properties": {"frac": 0.0019, "observed": true, "ext": true, "wid": "n247"}, "geometry": {"type": "LineString", "coordinates": [[85.42556, 27.73934], [85.42547, 27.73938], [85.42541, 27.73939], [85.42535, 27.73937], [85.4253, 27.73935], [85.42524, 27.73928], [85.42518, 27.73912], [85.42519, 27.73907], [85.42526, 27.73884]]}}, {"type": "Feature", "properties": {"frac": 0.0014, "observed": true, "ext": true, "wid": "n033"}, "geometry": {"type": "LineString", "coordinates": [[85.42526, 27.73884], [85.42532, 27.73869], [85.42537, 27.73853], [85.42537, 27.73844], [85.42548, 27.73815], [85.42562, 27.73791], [85.42565, 27.7378], [85.42567, 27.73763], [85.42576, 27.73749], [85.4259, 27.73724], [85.42594, 27.73711], [85.42596, 27.73699], [85.42597, 27.73693], [85.42596, 27.73687], [85.42594, 27.73684], [85.4259, 27.73678], [85.42587, 27.73672], [85.42585, 27.73666], [85.42586, 27.73657], [85.42587, 27.73646], [85.42587, 27.7364], [85.42582, 27.73624], [85.42578, 27.73611], [85.42577, 27.73598], [85.42579, 27.73585], [85.4258, 27.73582], [85.42585, 27.73579], [85.42614, 27.73567], [85.42621, 27.73564], [85.42626, 27.73559], [85.42629, 27.73553], [85.42636, 27.7354], [85.4264, 27.73533], [85.42661, 27.73509], [85.42673, 27.73498], [85.42682, 27.73489], [85.42688, 27.7348], [85.42691, 27.73475], [85.42695, 27.73461], [85.42704, 27.73431], [85.42707, 27.73417], [85.42713, 27.73392], [85.42715, 27.73379], [85.42713, 27.73337], [85.42719, 27.73287], [85.42721, 27.73274], [85.42723, 27.73224], [85.42722, 27.73207], [85.4273, 27.73178], [85.42745, 27.73133], [85.42753, 27.73103], [85.42756, 27.73068], [85.42758, 27.73054], [85.42763, 27.73042], [85.42767, 27.73035], [85.42772, 27.7303], [85.42788, 27.7302], [85.42796, 27.73018], [85.42829, 27.73036], [85.42846, 27.73043], [85.4286, 27.73048], [85.42874, 27.73052], [85.42894, 27.73053], [85.42918, 27.7305]]}}, {"type": "Feature", "properties": {"frac": null, "observed": false, "ext": true, "wid": "n036"}, "geometry": {"type": "LineString", "coordinates": [[85.23063, 27.77369], [85.23068, 27.77345], [85.23068, 27.77327], [85.23067, 27.77323], [85.23063, 27.77313], [85.23059, 27.77307], [85.23051, 27.773], [85.23044, 27.77297], [85.2303, 27.77296], [85.23012, 27.77297], [85.22986, 27.77301], [85.22976, 27.77305], [85.22968, 27.7731], [85.22928, 27.77348], [85.2291, 27.77363], [85.229, 27.77368], [85.22885, 27.77373], [85.22875, 27.77375], [85.22867, 27.77375], [85.22861, 27.77373], [85.22856, 27.7737], [85.22845, 27.77359], [85.22841, 27.77351], [85.2284, 27.77337], [85.22835, 27.77323], [85.22828, 27.7731], [85.22821, 27.77304], [85.22817, 27.77302], [85.22796, 27.77298], [85.22775, 27.77292], [85.22727, 27.77274], [85.22714, 27.7727], [85.22706, 27.77269], [85.22698, 27.77269], [85.22674, 27.77274], [85.22661, 27.77276], [85.22624, 27.77275], [85.22588, 27.77279], [85.22572, 27.77282], [85.22525, 27.773], [85.22507, 27.77301], [85.22493, 27.77301], [85.22485, 27.773], [85.2247, 27.77289], [85.22463, 27.77286], [85.22454, 27.77284], [85.22438, 27.77282], [85.22419, 27.77284], [85.22402, 27.77287], [85.22389, 27.77292], [85.2237, 27.77307], [85.22361, 27.77316], [85.22359, 27.77322], [85.22358, 27.77325], [85.22372, 27.77355], [85.22375, 27.77362], [85.22375, 27.77368], [85.22359, 27.77395], [85.22355, 27.77399], [85.22343, 27.77403], [85.22335, 27.77408], [85.22332, 27.77413], [85.2233, 27.77421], [85.22324, 27.77429], [85.22285, 27.77463], [85.22215, 27.77517], [85.22156, 27.77553], [85.22115, 27.77567], [85.22091, 27.77566], [85.2206, 27.7755], [85.22015, 27.77519], [85.21976, 27.77506], [85.21947, 27.77507], [85.21915, 27.77511], [85.21878, 27.77497], [85.21816, 27.77461], [85.21782, 27.77438], [85.21731, 27.77431]]}}, {"type": "Feature", "properties": {"frac": null, "observed": false, "ext": true, "wid": "n037"}, "geometry": {"type": "LineString", "coordinates": [[85.21731, 27.77431], [85.21694, 27.77439], [85.21677, 27.77462], [85.21663, 27.77494], [85.2164, 27.77522], [85.21607, 27.77546], [85.21569, 27.77558], [85.2155, 27.77557], [85.21545, 27.7753], [85.2156, 27.77458], [85.2156, 27.77426], [85.21526, 27.77408], [85.21488, 27.7741], [85.21458, 27.77423], [85.21443, 27.77443], [85.21411, 27.77441], [85.21381, 27.77431], [85.21343, 27.77411], [85.21282, 27.774], [85.21265, 27.77384], [85.21259, 27.77332], [85.21242, 27.77286], [85.2122, 27.77238], [85.21206, 27.77228], [85.21177, 27.77216], [85.21157, 27.77214], [85.21129, 27.77199], [85.21101, 27.77178], [85.21071, 27.77175], [85.21048, 27.77188], [85.21046, 27.772], [85.21052, 27.77217], [85.21046, 27.77233], [85.21041, 27.77245], [85.21062, 27.77278], [85.21057, 27.77297], [85.21036, 27.77306], [85.20986, 27.77294], [85.20955, 27.7726], [85.20919, 27.7723], [85.20876, 27.77179], [85.20837, 27.77122], [85.20815, 27.77103], [85.20783, 27.77096], [85.20762, 27.77129], [85.2076, 27.77174], [85.20755, 27.77214], [85.20741, 27.77244], [85.207, 27.77312], [85.20662, 27.77361], [85.20631, 27.77376], [85.20609, 27.77369], [85.20609, 27.77338], [85.20622, 27.77312], [85.20627, 27.77279], [85.2061, 27.77231], [85.20585, 27.77181], [85.20568, 27.77134], [85.2055, 27.77081], [85.20532, 27.77042], [85.20513, 27.76992], [85.20491, 27.76942], [85.20483, 27.76914], [85.20456, 27.76901], [85.20438, 27.76913], [85.20428, 27.76938], [85.20412, 27.76956], [85.204, 27.7698], [85.20398, 27.77012], [85.20422, 27.77044], [85.20441, 27.77091], [85.20444, 27.77129], [85.2045, 27.7714], [85.20443, 27.77155], [85.20427, 27.77163], [85.20424, 27.77174], [85.20417, 27.77179], [85.20379, 27.77196], [85.20327, 27.77206], [85.20271, 27.77212], [85.20246, 27.77214], [85.20237, 27.77219], [85.20234, 27.77232], [85.2026, 27.77252], [85.20284, 27.77262], [85.20279, 27.77285], [85.20279, 27.7731], [85.20269, 27.77326], [85.2025, 27.77338], [85.20225, 27.77344], [85.20166, 27.77334], [85.20144, 27.77336], [85.20133, 27.77324], [85.20159, 27.77302], [85.20171, 27.77222], [85.20117, 27.77173], [85.20119, 27.77127], [85.20127, 27.77071], [85.20157, 27.77011], [85.20173, 27.76968], [85.20169, 27.76957], [85.20127, 27.76941], [85.20079, 27.76945], [85.20054, 27.7698], [85.2004, 27.7701], [85.20024, 27.77031], [85.20008, 27.77037], [85.19982, 27.77036], [85.19954, 27.77029], [85.1993, 27.77024], [85.1989, 27.77017], [85.19865, 27.76998], [85.19855, 27.7698], [85.19844, 27.76968], [85.19847, 27.76947], [85.19866, 27.76925], [85.19879, 27.76897], [85.19864, 27.76879], [85.19846, 27.76869], [85.1982, 27.76866], [85.19782, 27.76876], [85.19767, 27.76884], [85.1976, 27.76903], [85.19761, 27.76938], [85.19775, 27.76964], [85.1978, 27.76984], [85.1978, 27.77004], [85.1977, 27.77023], [85.19753, 27.77031], [85.19722, 27.77054], [85.19686, 27.77073], [85.19661, 27.77074], [85.19643, 27.77068], [85.19626, 27.77053], [85.19613, 27.77032], [85.19611, 27.77023], [85.19614, 27.77005], [85.19608, 27.76991], [85.19588, 27.76982], [85.19555, 27.76976], [85.19511, 27.76963], [85.19459, 27.76937], [85.19417, 27.76913], [85.19388, 27.76904], [85.19356, 27.76901], [85.19332, 27.76908], [85.19318, 27.76919], [85.19315, 27.76931], [85.1932, 27.76941], [85.19334, 27.76953], [85.19343, 27.7696], [85.19357, 27.76966], [85.19375, 27.76975], [85.19386, 27.76981], [85.19391, 27.7699], [85.19396, 27.76999], [85.19397, 27.77023], [85.19393, 27.77037], [85.19389, 27.77045], [85.19385, 27.77055], [85.19341, 27.77129], [85.19317, 27.77174], [85.19286, 27.77235], [85.19257, 27.77289], [85.19242, 27.77315], [85.19232, 27.77325], [85.19219, 27.77324], [85.19209, 27.77314], [85.19196, 27.77283], [85.19204, 27.77257], [85.19206, 27.7725], [85.19217, 27.77196], [85.19226, 27.77152], [85.19227, 27.77145], [85.19228, 27.77112], [85.19224, 27.77081], [85.19206, 27.77052], [85.19159, 27.77021], [85.19112, 27.76992], [85.19088, 27.76976], [85.19062, 27.76959], [85.19031, 27.76939], [85.18994, 27.76927], [85.18962, 27.7692]]}}, {"type": "Feature", "properties": {"frac": 0.03, "observed": true, "ext": true, "wid": "n038"}, "geometry": {"type": "LineString", "coordinates": [[85.18962, 27.7692], [85.1893, 27.76918], [85.18894, 27.76921], [85.18864, 27.76929], [85.18835, 27.76941], [85.18793, 27.76969], [85.18742, 27.7701], [85.18697, 27.77058], [85.18644, 27.77112], [85.1862, 27.77132], [85.18605, 27.77143], [85.18589, 27.77152], [85.18572, 27.7716], [85.18555, 27.77163], [85.18533, 27.77162], [85.18512, 27.77158], [85.18472, 27.77147], [85.18419, 27.77131], [85.184, 27.77126], [85.1838, 27.77122], [85.18362, 27.77119], [85.18321, 27.77114], [85.18297, 27.77112], [85.18265, 27.77108], [85.18239, 27.77107], [85.1822, 27.77107], [85.18198, 27.77107], [85.18175, 27.7711], [85.18153, 27.77114], [85.18127, 27.7712], [85.18099, 27.77131], [85.18086, 27.77136], [85.18061, 27.77146], [85.18007, 27.77168], [85.17935, 27.772], [85.17897, 27.77217], [85.17882, 27.77225], [85.17862, 27.77236], [85.17857, 27.77238], [85.17852, 27.77238], [85.17846, 27.77235], [85.17838, 27.77229], [85.17822, 27.77217], [85.17808, 27.77202], [85.17801, 27.77189], [85.17793, 27.77173], [85.17784, 27.77154], [85.17776, 27.77134], [85.17767, 27.77091], [85.17761, 27.77057], [85.17757, 27.77034], [85.17755, 27.76992], [85.17756, 27.76955], [85.17758, 27.76933], [85.17757, 27.769], [85.17757, 27.7687], [85.17758, 27.76846], [85.17758, 27.76828], [85.17756, 27.76813], [85.1775, 27.76799], [85.17742, 27.76794], [85.17729, 27.76788], [85.17711, 27.76782], [85.1768, 27.76772], [85.17651, 27.76762], [85.17622, 27.76753], [85.17585, 27.76744], [85.17554, 27.76737], [85.17536, 27.76734], [85.17517, 27.76739], [85.17509, 27.76747], [85.17504, 27.7676], [85.17498, 27.76788], [85.1749, 27.76828], [85.17481, 27.76853], [85.17471, 27.76862], [85.17455, 27.7686], [85.17435, 27.76848], [85.17422, 27.76824], [85.17404, 27.76801], [85.17379, 27.76776], [85.17337, 27.76746], [85.17298, 27.76722], [85.17248, 27.76686], [85.17215, 27.76667], [85.17182, 27.76664], [85.17146, 27.76674], [85.17091, 27.76676], [85.17048, 27.76668], [85.16998, 27.76669], [85.16957, 27.76675], [85.16917, 27.76677], [85.16877, 27.76691], [85.1682, 27.76706], [85.16728, 27.76738], [85.16677, 27.76756], [85.16639, 27.76761], [85.16599, 27.76755], [85.16563, 27.76743], [85.16537, 27.76732], [85.16524, 27.76716], [85.16509, 27.76694], [85.16497, 27.76661], [85.16492, 27.76635], [85.16486, 27.76618], [85.16476, 27.76594], [85.16466, 27.76589], [85.16448, 27.76583], [85.16415, 27.76588], [85.16383, 27.76587], [85.16364, 27.76594], [85.16344, 27.76601], [85.16281, 27.76607], [85.16239, 27.7661], [85.16197, 27.76607], [85.16187, 27.76605], [85.16158, 27.76597], [85.16107, 27.76581], [85.16088, 27.76576], [85.1607, 27.76575], [85.16043, 27.76576], [85.16003, 27.76569], [85.15935, 27.76558], [85.159, 27.76558], [85.15862, 27.76565]]}}, {"type": "Feature", "properties": {"frac": null, "observed": false, "ext": true, "wid": "n039"}, "geometry": {"type": "LineString", "coordinates": [[85.15567, 27.76706], [85.15525, 27.76707], [85.155, 27.76708], [85.15424, 27.76697], [85.15386, 27.76691], [85.15346, 27.76666], [85.15315, 27.76667], [85.15281, 27.76657], [85.15221, 27.76648], [85.15164, 27.76636], [85.15131, 27.76627], [85.15109, 27.76612], [85.15102, 27.76599], [85.15099, 27.76573], [85.15097, 27.76556], [85.15097, 27.7652], [85.15095, 27.7649], [85.15083, 27.76473], [85.15054, 27.76452], [85.15023, 27.76432], [85.14997, 27.76405], [85.14987, 27.7639], [85.14979, 27.7638], [85.14949, 27.76374], [85.14925, 27.76382], [85.149, 27.76391], [85.14856, 27.76397], [85.14801, 27.76393], [85.14731, 27.7639], [85.14707, 27.76392], [85.14677, 27.76402], [85.14639, 27.7642], [85.1456, 27.76466], [85.14526, 27.76476], [85.14455, 27.76474], [85.14416, 27.76461], [85.1438, 27.76452], [85.14338, 27.76458], [85.1429, 27.76476], [85.14243, 27.76502], [85.14193, 27.76514], [85.14178, 27.76522], [85.1417, 27.76526], [85.14126, 27.76542], [85.14087, 27.76565], [85.14045, 27.76589], [85.13978, 27.76614], [85.13949, 27.76618], [85.13933, 27.76613], [85.1392, 27.76604], [85.139, 27.76578], [85.13871, 27.7654], [85.13857, 27.76514], [85.13844, 27.76478], [85.1382, 27.76441], [85.13798, 27.76413], [85.13751, 27.76364], [85.1373, 27.76353], [85.137, 27.76346], [85.13667, 27.76341], [85.13613, 27.76339], [85.13586, 27.76331], [85.13564, 27.76318], [85.13549, 27.76301], [85.13542, 27.76278], [85.1354, 27.76238], [85.13522, 27.76206], [85.135, 27.76185], [85.13468, 27.76171], [85.13443, 27.76168], [85.13415, 27.76178], [85.13374, 27.7621], [85.13333, 27.76232], [85.13301, 27.76249], [85.13268, 27.76258], [85.13247, 27.76265], [85.1321, 27.76277], [85.1318, 27.76285], [85.1316, 27.763], [85.13138, 27.76321], [85.13135, 27.76351], [85.13142, 27.76395], [85.13144, 27.76425], [85.13124, 27.76436], [85.13098, 27.76433], [85.13059, 27.76428], [85.13033, 27.76409], [85.12998, 27.76381], [85.12964, 27.76352], [85.12957, 27.76328], [85.12949, 27.76309], [85.12937, 27.76297], [85.12906, 27.76278], [85.12893, 27.76253], [85.12889, 27.76237], [85.1288, 27.7622], [85.12869, 27.76203], [85.12856, 27.76185], [85.12842, 27.76158], [85.12825, 27.76124], [85.12817, 27.76099], [85.12806, 27.7608], [85.12792, 27.76065], [85.12768, 27.76062]]}}, {"type": "Feature", "properties": {"frac": null, "observed": false, "ext": true, "wid": "n040"}, "geometry": {"type": "LineString", "coordinates": [[85.12768, 27.76062], [85.12732, 27.76065], [85.1271, 27.7607], [85.12702, 27.76087], [85.127, 27.7611], [85.12691, 27.76143], [85.12675, 27.76153], [85.12662, 27.76153], [85.12643, 27.76142], [85.12627, 27.7611], [85.12615, 27.76092], [85.12605, 27.76087], [85.12597, 27.7609], [85.12583, 27.76107], [85.1257, 27.76112], [85.12549, 27.76113], [85.12538, 27.76104], [85.12533, 27.76092], [85.12523, 27.76073], [85.12504, 27.76064], [85.1248, 27.76065], [85.12448, 27.76072], [85.12436, 27.76078], [85.12427, 27.7609], [85.12427, 27.76105], [85.12434, 27.7613], [85.12454, 27.76156], [85.12469, 27.76172], [85.12472, 27.76184], [85.12463, 27.76211], [85.12452, 27.76241], [85.12447, 27.76295], [85.12439, 27.76307], [85.12425, 27.76315], [85.12407, 27.76315], [85.12394, 27.76307], [85.12382, 27.76281], [85.12374, 27.76274], [85.12316, 27.76255], [85.12297, 27.76251], [85.12284, 27.7625], [85.12277, 27.76254], [85.1226, 27.76274], [85.12227, 27.76301], [85.12182, 27.76337], [85.12139, 27.76393], [85.12132, 27.76412], [85.12132, 27.76433], [85.12136, 27.76449], [85.12161, 27.76506], [85.12171, 27.76528], [85.12173, 27.76539], [85.12167, 27.76551], [85.12145, 27.76567], [85.12122, 27.76588], [85.12113, 27.76602], [85.12111, 27.76612], [85.12102, 27.76618], [85.12089, 27.76619], [85.12065, 27.76617], [85.12048, 27.7662], [85.12018, 27.76639], [85.12013, 27.76662], [85.12016, 27.76675], [85.12028, 27.76694], [85.1203, 27.76708], [85.12015, 27.76718], [85.1199, 27.7673], [85.11955, 27.76744], [85.11908, 27.76769], [85.11886, 27.76771], [85.11869, 27.76761], [85.1186, 27.76746], [85.11855, 27.76728], [85.11855, 27.76702], [85.1183, 27.76664], [85.1181, 27.76641], [85.11792, 27.76642], [85.11769, 27.7665], [85.11742, 27.76644], [85.11721, 27.76649], [85.11715, 27.76667], [85.11723, 27.76692], [85.11728, 27.76731], [85.11733, 27.76771], [85.11722, 27.76803], [85.11682, 27.76826], [85.11661, 27.76833], [85.11655, 27.7685], [85.11635, 27.76868], [85.11614, 27.76873], [85.11575, 27.76868], [85.11544, 27.76875], [85.11509, 27.76898], [85.11493, 27.76924], [85.11494, 27.76952], [85.11493, 27.76977], [85.11479, 27.77008], [85.11477, 27.77048], [85.11476, 27.77071], [85.11464, 27.77089], [85.11447, 27.77094], [85.11432, 27.77113], [85.11433, 27.77133], [85.11448, 27.77161], [85.11478, 27.77201], [85.11529, 27.77266], [85.11557, 27.7731], [85.11568, 27.77352], [85.11564, 27.77378], [85.1154, 27.77395], [85.11514, 27.77403], [85.11484, 27.77401], [85.11458, 27.77392], [85.11439, 27.77383], [85.11417, 27.77366], [85.1138, 27.77334], [85.11334, 27.77308], [85.11316, 27.77282], [85.11304, 27.77256], [85.11278, 27.77248], [85.11242, 27.77267], [85.11207, 27.77306], [85.1117, 27.77351], [85.11144, 27.77409], [85.11141, 27.77485], [85.11136, 27.77525], [85.11115, 27.77553], [85.11088, 27.77573], [85.11057, 27.77584], [85.11023, 27.77591], [85.10983, 27.77589], [85.10956, 27.77585], [85.10926, 27.77578], [85.1089, 27.77555], [85.10882, 27.77537], [85.1087, 27.77478], [85.10877, 27.77442], [85.10848, 27.77416], [85.10814, 27.77411], [85.10748, 27.77421], [85.1068, 27.77414], [85.10638, 27.77417], [85.1058, 27.77427], [85.10536, 27.77455], [85.10505, 27.7749]]}}, {"type": "Feature", "properties": {"frac": 0.02, "observed": true, "ext": true, "wid": "n041"}, "geometry": {"type": "LineString", "coordinates": [[85.10505, 27.7749], [85.10441, 27.77542], [85.10406, 27.7757], [85.10368, 27.77568], [85.10335, 27.77571], [85.10312, 27.77589], [85.10268, 27.77613], [85.10218, 27.77639], [85.10185, 27.77669], [85.10159, 27.7769], [85.10117, 27.77723], [85.1009, 27.77756], [85.10065, 27.77807], [85.10014, 27.77833], [85.0997, 27.77837], [85.09933, 27.7783], [85.09886, 27.77817], [85.09839, 27.77815], [85.09804, 27.77826], [85.09781, 27.77848], [85.09776, 27.77873], [85.09754, 27.77894], [85.09718, 27.77917], [85.09683, 27.77955], [85.09676, 27.77988], [85.09669, 27.78041], [85.09669, 27.78075], [85.09641, 27.78137], [85.09594, 27.78163], [85.09532, 27.78201], [85.09463, 27.78231], [85.09442, 27.78261], [85.09426, 27.78288], [85.09387, 27.78336], [85.09335, 27.78376], [85.09251, 27.78423], [85.09143, 27.78549], [85.09072, 27.78592], [85.09017, 27.78643], [85.08911, 27.78724], [85.08834, 27.78779], [85.08735, 27.78798], [85.08563, 27.78806]]}}, {"type": "Feature", "properties": {"frac": 0.0171, "observed": true, "ext": true, "wid": "n042"}, "geometry": {"type": "LineString", "coordinates": [[85.08563, 27.78806], [85.08512, 27.78866], [85.08469, 27.78889], [85.08381, 27.78871], [85.08319, 27.78866], [85.0825, 27.78878], [85.08237, 27.78931], [85.08249, 27.78965], [85.08207, 27.78995], [85.08125, 27.79018], [85.08057, 27.79011], [85.07958, 27.79011], [85.07919, 27.79037], [85.07868, 27.7909], [85.07786, 27.79121], [85.07675, 27.7917], [85.07606, 27.79216], [85.07516, 27.79219], [85.07417, 27.79212], [85.07342, 27.79196], [85.07293, 27.79193], [85.07168, 27.79221], [85.07121, 27.79212], [85.0707, 27.79197], [85.07037, 27.79177], [85.07008, 27.79169], [85.06958, 27.7917], [85.06926, 27.79207], [85.06888, 27.79247], [85.06837, 27.793], [85.06777, 27.79302], [85.06748, 27.79291], [85.06725, 27.79284]]}}, {"type": "Feature", "properties": {"frac": 0.0114, "observed": true, "ext": true, "wid": "n043"}, "geometry": {"type": "LineString", "coordinates": [[85.06725, 27.79284], [85.06697, 27.79276], [85.0665, 27.79279], [85.06593, 27.79269], [85.06559, 27.79261], [85.0649, 27.79269], [85.06433, 27.79281], [85.06384, 27.79313], [85.06233, 27.79371], [85.06156, 27.79386], [85.06101, 27.79392], [85.06032, 27.79407], [85.05967, 27.7944], [85.05933, 27.79451], [85.05865, 27.79456], [85.05828, 27.79469], [85.05809, 27.79507], [85.05773, 27.79537], [85.05688, 27.7958], [85.05692, 27.79661], [85.05698, 27.79698], [85.057, 27.79724], [85.05673, 27.79732], [85.05628, 27.79724], [85.05585, 27.79724], [85.05542, 27.79719], [85.05495, 27.79698], [85.05462, 27.79692], [85.05428, 27.79686], [85.0539, 27.79675], [85.05336, 27.7969], [85.05276, 27.79709], [85.05252, 27.79747], [85.05239, 27.79779], [85.05248, 27.79824], [85.05254, 27.79872], [85.05229, 27.79919], [85.05203, 27.79937], [85.05139, 27.79941], [85.05098, 27.79934], [85.0507, 27.79944], [85.05046, 27.79963], [85.04984, 27.80039], [85.04959, 27.80076], [85.04936, 27.80103], [85.04892, 27.80159], [85.04831, 27.80142], [85.04791, 27.80142], [85.04746, 27.8013], [85.04701, 27.80138], [85.04675, 27.80172], [85.04674, 27.80198], [85.04679, 27.80247], [85.0468, 27.80316]]}}, {"type": "Feature", "properties": {"frac": 0.0282, "observed": true, "ext": true, "wid": "n044"}, "geometry": {"type": "LineString", "coordinates": [[85.0468, 27.80316], [85.04656, 27.80382], [85.04597, 27.80411], [85.04574, 27.80485], [85.04568, 27.80524], [85.04567, 27.8057], [85.04607, 27.80613], [85.04654, 27.80636], [85.04719, 27.80671], [85.04737, 27.80696], [85.0474, 27.80723], [85.04753, 27.80788], [85.04777, 27.80856], [85.04822, 27.80921], [85.04878, 27.8098], [85.04891, 27.81045], [85.04867, 27.81059], [85.04834, 27.81061], [85.04791, 27.81076], [85.04757, 27.81102], [85.04715, 27.81148], [85.04705, 27.81186], [85.04736, 27.81218], [85.04772, 27.81273], [85.04772, 27.81299], [85.04758, 27.81321], [85.04709, 27.8133], [85.04673, 27.8131], [85.04652, 27.81291], [85.04637, 27.81277], [85.04555, 27.8123], [85.045, 27.81197], [85.04457, 27.81189], [85.04392, 27.81205], [85.04332, 27.8122], [85.04236, 27.81258], [85.04213, 27.81272], [85.04176, 27.8131], [85.04168, 27.81349], [85.04177, 27.81393], [85.04165, 27.81438], [85.04149, 27.81493], [85.04118, 27.81555], [85.0411, 27.81593], [85.04108, 27.81622], [85.04129, 27.81654], [85.04156, 27.81685], [85.04189, 27.81713], [85.0419, 27.81757], [85.04161, 27.81783], [85.04122, 27.8177], [85.041, 27.8176], [85.04079, 27.81739], [85.04061, 27.81698], [85.04036, 27.81643], [85.03991, 27.81596], [85.03948, 27.81577], [85.03905, 27.81559], [85.03867, 27.81534], [85.03832, 27.81508], [85.03809, 27.81486], [85.0377, 27.81479], [85.03743, 27.81509], [85.03728, 27.81534], [85.03713, 27.81557], [85.03667, 27.81569], [85.03612, 27.81563], [85.03564, 27.81561], [85.03502, 27.81568], [85.0347, 27.81563], [85.03411, 27.8153], [85.03382, 27.81514], [85.03351, 27.81506], [85.03308, 27.81508], [85.03235, 27.81529], [85.03156, 27.81541], [85.03101, 27.81546], [85.03048, 27.81548], [85.03012, 27.81546], [85.02984, 27.81546], [85.02947, 27.81557], [85.02922, 27.8158], [85.02835, 27.8166], [85.02821, 27.8167], [85.02792, 27.81681], [85.02762, 27.81683]]}}, {"type": "Feature", "properties": {"frac": 0.042, "observed": true, "ext": false, "wid": "v038"}, "geometry": {"type": "LineString", "coordinates": [[85.02762, 27.81683], [85.02723, 27.81662], [85.02707, 27.81647], [85.02694, 27.81616]]}}, {"type": "Feature", "properties": {"frac": null, "observed": false, "ext": true, "wid": "n045"}, "geometry": {"type": "LineString", "coordinates": [[85.13713, 27.73354], [85.13671, 27.73387], [85.13662, 27.73398], [85.13649, 27.73419], [85.13637, 27.73452], [85.13622, 27.73508], [85.13615, 27.73521], [85.13605, 27.7353], [85.13589, 27.7354], [85.13558, 27.73575], [85.13532, 27.73604], [85.13521, 27.73615], [85.13492, 27.73626], [85.13465, 27.73633], [85.13444, 27.73631], [85.13428, 27.73623], [85.13384, 27.73592], [85.1336, 27.7358], [85.13337, 27.73577], [85.13313, 27.7358], [85.13291, 27.73591], [85.13241, 27.7362], [85.13134, 27.73676], [85.131, 27.73711], [85.13072, 27.73722], [85.13024, 27.73731], [85.12973, 27.73756], [85.12879, 27.73768]]}}, {"type": "Feature", "properties": {"frac": null, "observed": false, "ext": true, "wid": "n046"}, "geometry": {"type": "LineString", "coordinates": [[85.12879, 27.73768], [85.12725, 27.73772], [85.12646, 27.73766], [85.12606, 27.73758], [85.12566, 27.73749], [85.12519, 27.7374], [85.12491, 27.73741], [85.1246, 27.73751], [85.12406, 27.73773], [85.12349, 27.73798], [85.12317, 27.7383], [85.12257, 27.73864], [85.12232, 27.73858], [85.12214, 27.73871], [85.12184, 27.73892], [85.12173, 27.73903], [85.12153, 27.73954], [85.12141, 27.73967], [85.12121, 27.73978], [85.12088, 27.73992], [85.12071, 27.74003], [85.12045, 27.74043], [85.12027, 27.74057], [85.11969, 27.74086], [85.11939, 27.74108], [85.11888, 27.74153], [85.11859, 27.74175], [85.11832, 27.7421], [85.11807, 27.74253], [85.11783, 27.7428], [85.11745, 27.7433], [85.11718, 27.74369], [85.11711, 27.74385], [85.11703, 27.74409], [85.11694, 27.74422], [85.11678, 27.74429], [85.11642, 27.74461], [85.11627, 27.74469], [85.116, 27.74475], [85.11556, 27.74495], [85.11524, 27.74505], [85.11509, 27.74513], [85.11499, 27.74524], [85.11482, 27.74553], [85.11444, 27.74609], [85.11368, 27.74614], [85.11297, 27.74612], [85.11164, 27.74618], [85.11087, 27.74569], [85.11015, 27.74523], [85.10996, 27.74519], [85.10973, 27.74523], [85.10918, 27.74541], [85.10888, 27.74554], [85.10853, 27.74563], [85.10825, 27.74564], [85.10799, 27.74562], [85.1075, 27.7454], [85.10694, 27.74525], [85.10634, 27.74531], [85.10599, 27.7453], [85.10541, 27.74509], [85.10502, 27.74506], [85.10395, 27.74509]]}}, {"type": "Feature", "properties": {"frac": null, "observed": false, "ext": true, "wid": "n047"}, "geometry": {"type": "LineString", "coordinates": [[85.10191, 27.74491], [85.10112, 27.74525], [85.10066, 27.74559], [85.09938, 27.74595], [85.0983, 27.74634], [85.09737, 27.74648], [85.09716, 27.74654], [85.09711, 27.74657], [85.09633, 27.74684], [85.09602, 27.74696], [85.09559, 27.74704], [85.09518, 27.74708], [85.09475, 27.7471], [85.09431, 27.74716], [85.09407, 27.74719], [85.09382, 27.74719], [85.09359, 27.74717], [85.09326, 27.74713], [85.09315, 27.74707], [85.09296, 27.74706], [85.09261, 27.74703], [85.09222, 27.74703], [85.09183, 27.74714], [85.09159, 27.74718], [85.09122, 27.74733], [85.09106, 27.74733], [85.09083, 27.74733], [85.09052, 27.74734], [85.09044, 27.74737], [85.09033, 27.74743], [85.09014, 27.74746], [85.08998, 27.74753], [85.08981, 27.74766], [85.08975, 27.74775], [85.08962, 27.74781], [85.08942, 27.74787], [85.08931, 27.74786], [85.0891, 27.74788], [85.08898, 27.74787], [85.0888, 27.74794], [85.08864, 27.74799], [85.08849, 27.74799], [85.08842, 27.74795], [85.08837, 27.74789], [85.08831, 27.74783], [85.08827, 27.7478], [85.08819, 27.7477], [85.08809, 27.74756], [85.08795, 27.74744], [85.08781, 27.74737], [85.08773, 27.74734], [85.08766, 27.74726], [85.08762, 27.74719], [85.08749, 27.74681], [85.08745, 27.74657], [85.08753, 27.74586], [85.08744, 27.74563], [85.08717, 27.7452], [85.08694, 27.74504], [85.0865, 27.74508], [85.08579, 27.74531], [85.0855, 27.74575], [85.08529, 27.74581], [85.08509, 27.74579], [85.08497, 27.7457], [85.08486, 27.74557], [85.08473, 27.7455], [85.08455, 27.74549], [85.08427, 27.74551], [85.08405, 27.7456], [85.0838, 27.74577], [85.08368, 27.74592], [85.0836, 27.74611], [85.08339, 27.74647], [85.08329, 27.74671], [85.08317, 27.74708], [85.08297, 27.74739], [85.08225, 27.74811], [85.08207, 27.74816], [85.08195, 27.74814], [85.08184, 27.74811], [85.08175, 27.74804], [85.08171, 27.74789], [85.08168, 27.74757], [85.08158, 27.74743], [85.08146, 27.74734], [85.08129, 27.74726], [85.08107, 27.74729], [85.08081, 27.74739], [85.08039, 27.74744], [85.07992, 27.74743], [85.07963, 27.74736], [85.0794, 27.74741], [85.07907, 27.74743], [85.07862, 27.74735], [85.07772, 27.74739], [85.07747, 27.74746], [85.07714, 27.74764], [85.07684, 27.74782], [85.07658, 27.74807], [85.07641, 27.74844], [85.07633, 27.74884], [85.07621, 27.74925], [85.07604, 27.7495], [85.07561, 27.74975], [85.07495, 27.74992], [85.07425, 27.75], [85.07375, 27.75007], [85.07351, 27.75016], [85.07313, 27.75042], [85.07294, 27.75049], [85.07276, 27.75049], [85.07255, 27.75042], [85.07228, 27.75038], [85.07202, 27.75044], [85.07151, 27.75036]]}}, {"type": "Feature", "properties": {"frac": 0.0129, "observed": true, "ext": true, "wid": "n048"}, "geometry": {"type": "LineString", "coordinates": [[85.07151, 27.75036], [85.07133, 27.75038], [85.07125, 27.75043], [85.07118, 27.75053], [85.07117, 27.75068], [85.07119, 27.75087], [85.07139, 27.75119], [85.07149, 27.75144], [85.07154, 27.75168], [85.07155, 27.75185], [85.07149, 27.75213], [85.07141, 27.75229], [85.07131, 27.7524], [85.0712, 27.75248], [85.07109, 27.75251], [85.07093, 27.75247], [85.0708, 27.75244], [85.07065, 27.75243], [85.07046, 27.7525], [85.07025, 27.75258], [85.06976, 27.75278], [85.06947, 27.75283], [85.06924, 27.75275], [85.06909, 27.75267], [85.06894, 27.75263], [85.06832, 27.7527], [85.06772, 27.75289], [85.06749, 27.75292], [85.06716, 27.75288], [85.06666, 27.75287], [85.06641, 27.7529], [85.06626, 27.75294], [85.0657, 27.75312], [85.06525, 27.75322], [85.0649, 27.7533], [85.06469, 27.75346], [85.064, 27.75405], [85.06324, 27.75419], [85.06268, 27.75418], [85.0602, 27.75342], [85.05977, 27.7532], [85.05956, 27.75307], [85.0594, 27.75283], [85.05938, 27.75253], [85.05947, 27.75156], [85.0594, 27.75124], [85.05921, 27.75114], [85.0588, 27.75108], [85.05812, 27.75104], [85.05775, 27.75095], [85.05713, 27.75082], [85.05653, 27.75067], [85.05599, 27.75031], [85.05554, 27.75], [85.05522, 27.7498], [85.05489, 27.74968], [85.0543, 27.74982], [85.05382, 27.75022], [85.05368, 27.75066], [85.05342, 27.75151], [85.05316, 27.75281], [85.05289, 27.75347], [85.05267, 27.7536], [85.05241, 27.75372], [85.05215, 27.75387], [85.05197, 27.75389], [85.05171, 27.75388], [85.05147, 27.75378], [85.05128, 27.75356], [85.05101, 27.75312], [85.05077, 27.75261], [85.05034, 27.75201], [85.04942, 27.75101], [85.04857, 27.75029], [85.04842, 27.75022], [85.0482, 27.75021], [85.04757, 27.7499], [85.04725, 27.74975], [85.04702, 27.74976], [85.04626, 27.74993], [85.04588, 27.75004], [85.0453, 27.75046], [85.04503, 27.75077], [85.0449, 27.7511], [85.04494, 27.7514], [85.04512, 27.7519], [85.04516, 27.75214], [85.04518, 27.7525], [85.04526, 27.753], [85.04527, 27.75307], [85.04545, 27.75347], [85.04611, 27.75445], [85.04667, 27.75515], [85.04687, 27.75568], [85.04691, 27.75696], [85.04683, 27.75769], [85.04657, 27.75798]]}}, {"type": "Feature", "properties": {"frac": 0.0096, "observed": true, "ext": true, "wid": "n049"}, "geometry": {"type": "LineString", "coordinates": [[85.04657, 27.75798], [85.04624, 27.75817], [85.04578, 27.75824], [85.04485, 27.7582], [85.04459, 27.75827], [85.04419, 27.75848], [85.04401, 27.7587], [85.04397, 27.75896], [85.04402, 27.75922], [85.04426, 27.75955], [85.04535, 27.7611], [85.04577, 27.76146], [85.04632, 27.76185], [85.04688, 27.76223], [85.04707, 27.76247], [85.04717, 27.76274], [85.0472, 27.763], [85.04728, 27.76338], [85.04739, 27.76365], [85.04738, 27.76386], [85.04729, 27.76407], [85.04713, 27.76433], [85.04687, 27.76454], [85.04516, 27.76588], [85.04433, 27.76653], [85.04382, 27.76684], [85.04301, 27.76759], [85.04242, 27.76791], [85.04144, 27.76825], [85.0408, 27.76843], [85.04039, 27.76852], [85.03974, 27.76851], [85.03853, 27.76831], [85.03831, 27.7682], [85.03811, 27.76816], [85.03793, 27.76818], [85.03778, 27.76828], [85.03773, 27.7684], [85.03767, 27.76856], [85.03767, 27.76893], [85.03755, 27.76911], [85.03753, 27.76923], [85.0375, 27.76942], [85.03736, 27.76956], [85.03716, 27.76966], [85.03699, 27.76984], [85.03687, 27.76985], [85.03653, 27.76981], [85.03637, 27.76982], [85.036, 27.76985], [85.03591, 27.76989], [85.03582, 27.76999], [85.03572, 27.77009], [85.03563, 27.77015], [85.03556, 27.77016], [85.03538, 27.77013], [85.03523, 27.77015], [85.03509, 27.7702], [85.03497, 27.7703], [85.03492, 27.77043], [85.03488, 27.77064], [85.03474, 27.7708], [85.03453, 27.77099], [85.03443, 27.77113], [85.03437, 27.77145], [85.03406, 27.77209], [85.0338, 27.77254], [85.03379, 27.77284], [85.03385, 27.77293], [85.03397, 27.773], [85.0341, 27.77305], [85.03423, 27.77308], [85.03435, 27.77322], [85.03457, 27.77391], [85.03466, 27.7743], [85.03453, 27.77474], [85.03445, 27.7749], [85.03417, 27.77493], [85.03352, 27.77483], [85.03218, 27.77443], [85.0307, 27.77409], [85.02942, 27.77387], [85.02881, 27.77382], [85.02823, 27.77382], [85.02764, 27.7739], [85.02717, 27.774]]}}, {"type": "Feature", "properties": {"frac": 0.0263, "observed": true, "ext": true, "wid": "n050"}, "geometry": {"type": "LineString", "coordinates": [[85.02543, 27.77661], [85.02503, 27.77743], [85.02488, 27.77774], [85.02483, 27.77801], [85.02482, 27.7784], [85.02473, 27.77875], [85.02462, 27.77905], [85.02458, 27.77946], [85.02449, 27.77972], [85.02429, 27.78008], [85.02397, 27.78049], [85.02368, 27.78072], [85.02321, 27.78095], [85.02285, 27.78106], [85.02227, 27.78109], [85.02102, 27.78102], [85.02031, 27.78108], [85.01956, 27.78119], [85.01863, 27.78149], [85.01805, 27.78165], [85.01761, 27.78167], [85.01709, 27.78164], [85.01662, 27.78149], [85.0161, 27.7815], [85.01575, 27.78157], [85.01539, 27.7817], [85.01513, 27.7819], [85.01493, 27.78212], [85.01479, 27.78243], [85.01425, 27.78475], [85.01408, 27.7851], [85.01403, 27.78531], [85.01395, 27.78551], [85.01388, 27.78576], [85.01349, 27.78593], [85.0133, 27.78627], [85.01252, 27.78779], [85.01219, 27.78824], [85.01204, 27.78884], [85.01215, 27.78922], [85.01225, 27.78957], [85.01251, 27.79014], [85.01274, 27.79058], [85.01283, 27.79075], [85.01271, 27.79087], [85.01264, 27.79095], [85.01237, 27.79102], [85.01175, 27.79114], [85.01122, 27.79125], [85.01083, 27.79148], [85.0106, 27.79186], [85.01004, 27.79267], [85.00931, 27.79346], [85.00879, 27.79419], [85.00863, 27.79453], [85.00834, 27.79541], [85.00792, 27.79633], [85.0075, 27.79719]]}}, {"type": "Feature", "properties": {"frac": 0.0446, "observed": true, "ext": false, "wid": "v039"}, "geometry": {"type": "LineString", "coordinates": [[85.0075, 27.79719], [85.00733, 27.79752], [85.00685, 27.79789], [85.00614, 27.79827], [85.00513, 27.79854], [85.00489, 27.79866], [85.00442, 27.79858], [85.00396, 27.79853], [85.00367, 27.79854], [85.00291, 27.79845], [85.00258, 27.79858]]}}, {"type": "Feature", "properties": {"frac": 0.0314, "observed": true, "ext": false, "wid": "v040"}, "geometry": {"type": "LineString", "coordinates": [[85.00258, 27.79858], [85.00261, 27.7987]]}}, {"type": "Feature", "properties": {"frac": 0.0446, "observed": true, "ext": false, "wid": "v039"}, "geometry": {"type": "LineString", "coordinates": [[85.00261, 27.7987], [85.00255, 27.79878]]}}, {"type": "Feature", "properties": {"frac": 0.0314, "observed": true, "ext": false, "wid": "v040"}, "geometry": {"type": "LineString", "coordinates": [[85.00255, 27.79878], [85.00236, 27.79878], [85.00227, 27.79889], [85.00201, 27.79902], [85.00172, 27.79907], [85.00151, 27.7993], [85.00136, 27.79935], [85.00133, 27.79943], [85.00103, 27.79975], [85.00085, 27.79989], [85.00087, 27.79998], [85.00099, 27.80005], [85.00103, 27.80016], [85.00101, 27.80037], [85.00091, 27.80079], [85.00097, 27.80112], [85.00118, 27.80135], [85.00136, 27.80174], [85.00145, 27.8019], [85.00155, 27.80212]]}}, {"type": "Feature", "properties": {"frac": null, "observed": false, "ext": true, "wid": "n051"}, "geometry": {"type": "LineString", "coordinates": [[84.90278, 27.7511], [84.90299, 27.75213], [84.90322, 27.75229], [84.90443, 27.75155], [84.90577, 27.7512], [84.90771, 27.75143], [84.90883, 27.75234], [84.90978, 27.75343], [84.91056, 27.75335], [84.91113, 27.75306], [84.9108, 27.75253], [84.91035, 27.75204], [84.91083, 27.75166], [84.91163, 27.75195], [84.91235, 27.75309], [84.91389, 27.75451], [84.91449, 27.75561], [84.91518, 27.75505], [84.91487, 27.75425], [84.91566, 27.75412], [84.91533, 27.75343], [84.91559, 27.75299], [84.91615, 27.75273], [84.91687, 27.7528], [84.91699, 27.75357], [84.91669, 27.75435], [84.9169, 27.75535], [84.91809, 27.75531], [84.91907, 27.75713]]}}, {"type": "Feature", "properties": {"frac": 0.0439, "observed": true, "ext": true, "wid": "n052"}, "geometry": {"type": "LineString", "coordinates": [[84.91284, 27.76483], [84.91311, 27.76524], [84.91348, 27.76559], [84.91353, 27.76589], [84.91361, 27.76635], [84.91343, 27.76669], [84.91335, 27.76709], [84.91328, 27.76779], [84.91338, 27.76819], [84.91362, 27.76881], [84.91405, 27.76938], [84.91438, 27.7696], [84.91498, 27.77], [84.91551, 27.77009], [84.91572, 27.77009], [84.91603, 27.77009], [84.91631, 27.77018], [84.91633, 27.77042], [84.91617, 27.77061], [84.91589, 27.77084], [84.91576, 27.77106], [84.91553, 27.77145], [84.91535, 27.77207], [84.91552, 27.77245], [84.91597, 27.77266], [84.91714, 27.77325], [84.91786, 27.77378], [84.91816, 27.774], [84.91859, 27.77451], [84.91869, 27.77483], [84.91871, 27.77518], [84.9187, 27.77544], [84.91864, 27.77566], [84.91855, 27.77591], [84.91857, 27.77626], [84.91871, 27.77678], [84.91876, 27.77707], [84.91906, 27.77747], [84.91918, 27.7777], [84.91921, 27.77791], [84.91922, 27.77795], [84.91909, 27.77814], [84.91886, 27.77843], [84.91875, 27.7785], [84.91855, 27.77879], [84.91854, 27.77906], [84.91858, 27.77933], [84.91903, 27.7799], [84.91934, 27.7806], [84.9196, 27.7811], [84.91981, 27.78152], [84.91994, 27.78172], [84.9201, 27.78183], [84.92026, 27.78189], [84.92044, 27.7818], [84.92055, 27.78161], [84.92069, 27.78114], [84.92087, 27.78072], [84.92104, 27.78048], [84.92132, 27.78019], [84.92147, 27.78005], [84.92161, 27.77999], [84.92175, 27.7801], [84.92187, 27.78037], [84.92201, 27.78108], [84.92196, 27.78123], [84.92184, 27.78137], [84.9217, 27.78162], [84.92157, 27.78223], [84.92136, 27.78253], [84.92113, 27.78281], [84.91993, 27.78397], [84.91974, 27.78423], [84.91968, 27.78456], [84.91971, 27.78467], [84.91979, 27.78478], [84.91995, 27.7849], [84.92013, 27.78497], [84.92037, 27.78502], [84.9205, 27.78502], [84.92056, 27.78501], [84.92062, 27.78501], [84.9208, 27.78496], [84.92097, 27.78497], [84.92102, 27.78497], [84.92108, 27.78499], [84.92127, 27.78511], [84.92235, 27.78569], [84.92241, 27.78571], [84.92246, 27.78574], [84.92252, 27.78576], [84.92258, 27.78576], [84.92305, 27.78564], [84.9231, 27.78564], [84.92316, 27.78565], [84.92321, 27.78568], [84.92329, 27.78575], [84.92337, 27.78584], [84.92353, 27.78606], [84.92357, 27.78617], [84.92359, 27.7863], [84.92358, 27.78637], [84.92349, 27.7866], [84.9232, 27.78715], [84.92318, 27.78727], [84.92318, 27.78732], [84.92319, 27.78737], [84.92322, 27.78741], [84.92327, 27.78744], [84.9235, 27.78749], [84.92356, 27.78749], [84.92362, 27.78748], [84.92367, 27.78747], [84.92387, 27.78747], [84.92393, 27.78748], [84.92398, 27.78749], [84.92432, 27.78753], [84.92469, 27.78752], [84.92531, 27.78746], [84.92603, 27.78736], [84.92614, 27.78733], [84.92619, 27.78732], [84.92624, 27.78729], [84.92631, 27.78721], [84.92634, 27.78717], [84.92642, 27.78709], [84.92648, 27.78707], [84.92653, 27.78705], [84.92666, 27.78702], [84.92671, 27.787], [84.92675, 27.78696], [84.92679, 27.78692], [84.92691, 27.78655], [84.9269, 27.78642], [84.92685, 27.78629], [84.92676, 27.78609], [84.92668, 27.78595], [84.92661, 27.78579], [84.92654, 27.78559], [84.92651, 27.78539], [84.92654, 27.78511], [84.92669, 27.78466], [84.92687, 27.7842], [84.92696, 27.784], [84.92707, 27.78385], [84.92719, 27.78377], [84.9274, 27.78366], [84.92756, 27.78355], [84.92759, 27.78351], [84.9276, 27.78348], [84.92762, 27.78343], [84.92765, 27.78342], [84.92768, 27.78341], [84.92782, 27.78339], [84.92793, 27.78335], [84.92798, 27.78331], [84.92805, 27.78319], [84.92805, 27.78317], [84.92805, 27.78314], [84.928, 27.78311], [84.92798, 27.78307], [84.92795, 27.783], [84.92795, 27.7829], [84.92796, 27.78278], [84.92813, 27.78211], [84.92818, 27.78178], [84.92819, 27.7815], [84.92819, 27.78135], [84.92821, 27.78125], [84.92827, 27.78115], [84.9284, 27.78089], [84.92843, 27.78085], [84.92847, 27.78083], [84.92853, 27.78082], [84.92859, 27.78083], [84.92864, 27.78084], [84.92869, 27.78087], [84.92875, 27.78095], [84.92889, 27.78122], [84.929, 27.78155], [84.92912, 27.78183], [84.92927, 27.78205], [84.92947, 27.78225], [84.92974, 27.78257], [84.92992, 27.78273], [84.93005, 27.78279], [84.93021, 27.78282], [84.93037, 27.78281], [84.93054, 27.78275], [84.9307, 27.78266], [84.93078, 27.78253], [84.93081, 27.78238], [84.93082, 27.78223], [84.93082, 27.78205], [84.93079, 27.78183], [84.9307, 27.7814], [84.93059, 27.78099], [84.93051, 27.78049], [84.93042, 27.7801], [84.93036, 27.77995], [84.93037, 27.7799], [84.93039, 27.77986], [84.93044, 27.77983], [84.93049, 27.77981], [84.9306, 27.77981], [84.93089, 27.7798], [84.93114, 27.77977], [84.93139, 27.77973], [84.93163, 27.77973], [84.93178, 27.77977], [84.93193, 27.77981], [84.93206, 27.77989], [84.93225, 27.77997], [84.93253, 27.78003], [84.9327, 27.7801], [84.93279, 27.78021], [84.9329, 27.78042], [84.93303, 27.78081], [84.93304, 27.7809], [84.93302, 27.78099], [84.93294, 27.7811], [84.93271, 27.78137], [84.93255, 27.7816], [84.93248, 27.78176], [84.93243, 27.78192], [84.93241, 27.7821], [84.93242, 27.78221], [84.93245, 27.78232], [84.93258, 27.78264]]}}, {"type": "Feature", "properties": {"frac": 0.0178, "observed": true, "ext": true, "wid": "n053"}, "geometry": {"type": "LineString", "coordinates": [[84.93258, 27.78264], [84.93266, 27.78288], [84.93282, 27.78347], [84.93287, 27.78383], [84.93304, 27.78402], [84.93324, 27.78403], [84.93349, 27.7839], [84.93364, 27.7837], [84.93365, 27.78333], [84.93376, 27.78307], [84.93383, 27.78285], [84.93398, 27.78274], [84.93411, 27.78271], [84.93427, 27.78273], [84.93433, 27.78281], [84.93438, 27.78291], [84.93439, 27.78315], [84.93443, 27.7833], [84.93448, 27.78346], [84.93461, 27.78371], [84.93465, 27.78374], [84.93476, 27.78378], [84.93486, 27.78384], [84.93512, 27.78405], [84.9352, 27.78414], [84.93549, 27.78443], [84.93561, 27.78476], [84.93552, 27.78504], [84.93526, 27.78545], [84.93521, 27.7858], [84.93544, 27.78637], [84.93571, 27.78659], [84.936, 27.78661], [84.93639, 27.78655], [84.93869, 27.78618], [84.9395, 27.78601], [84.93987, 27.78607], [84.94006, 27.78628], [84.9401, 27.78648], [84.94, 27.7867], [84.93986, 27.78687], [84.93962, 27.78712], [84.93956, 27.78744], [84.93963, 27.78772], [84.93992, 27.78792], [84.94038, 27.78807], [84.94106, 27.78897], [84.94299, 27.79087], [84.94308, 27.79142], [84.94292, 27.79193], [84.94257, 27.7924], [84.94173, 27.79282], [84.94062, 27.79297], [84.93977, 27.79332], [84.93922, 27.79348], [84.93912, 27.79353], [84.93901, 27.79356], [84.93895, 27.79358], [84.93889, 27.79359], [84.93872, 27.79364], [84.93867, 27.79367], [84.93863, 27.79371], [84.9386, 27.79375], [84.9385, 27.79388], [84.93847, 27.79392], [84.93844, 27.79409], [84.93844, 27.79425], [84.93847, 27.79435], [84.9385, 27.79439], [84.93852, 27.79443], [84.93866, 27.7946], [84.93869, 27.79464], [84.93894, 27.79485], [84.93902, 27.79495], [84.93908, 27.79504], [84.93913, 27.79507], [84.93918, 27.79509], [84.93924, 27.79511], [84.93929, 27.79511], [84.93951, 27.79511], [84.93957, 27.79513], [84.93969, 27.79517], [84.94024, 27.79546], [84.94085, 27.79576], [84.94123, 27.79591], [84.94127, 27.79593], [84.94133, 27.79594], [84.94153, 27.79597], [84.94175, 27.79597], [84.94201, 27.79598], [84.94218, 27.79602], [84.94238, 27.796], [84.94262, 27.79593], [84.94266, 27.79589], [84.94274, 27.79583], [84.94278, 27.7958], [84.94285, 27.79578], [84.94311, 27.79564], [84.94341, 27.79548], [84.94351, 27.79543], [84.94372, 27.79538], [84.94378, 27.79537], [84.94383, 27.79537], [84.94403, 27.79531], [84.94408, 27.79532], [84.9441, 27.79537], [84.94408, 27.79542], [84.94407, 27.79551], [84.94411, 27.7956], [84.94421, 27.7958], [84.94423, 27.79588], [84.94425, 27.79593], [84.94428, 27.79597], [84.94438, 27.79609], [84.94442, 27.79619], [84.94456, 27.79675], [84.94458, 27.79696], [84.94455, 27.7972], [84.94451, 27.79751], [84.94459, 27.79791], [84.9447, 27.79838], [84.94482, 27.79871], [84.94495, 27.799], [84.94503, 27.79915], [84.94506, 27.79925], [84.94506, 27.7993], [84.94505, 27.79935], [84.94501, 27.7994], [84.94499, 27.79944], [84.94493, 27.79947], [84.9447, 27.7997], [84.94442, 27.80007], [84.9444, 27.80011], [84.94437, 27.80015], [84.94435, 27.8002], [84.94432, 27.8003], [84.94432, 27.80035], [84.94443, 27.80064], [84.94466, 27.8009], [84.94484, 27.80132], [84.945, 27.80161], [84.94504, 27.80184], [84.945, 27.80233], [84.94493, 27.8028], [84.94497, 27.80314], [84.94505, 27.80337], [84.94523, 27.80354], [84.94545, 27.80364], [84.94571, 27.80369], [84.94598, 27.8037], [84.9462, 27.80365], [84.94647, 27.80358], [84.94663, 27.80349], [84.94674, 27.8034], [84.94688, 27.80322], [84.94702, 27.80298], [84.94703, 27.80293], [84.94703, 27.80288], [84.94701, 27.80268], [84.94701, 27.80258], [84.94703, 27.80249], [84.9472, 27.80225], [84.94724, 27.80214], [84.94724, 27.80209], [84.94724, 27.80204], [84.94721, 27.80199], [84.94704, 27.80179]]}}, {"type": "Feature", "properties": {"frac": 0.0077, "observed": true, "ext": true, "wid": "n054"}, "geometry": {"type": "LineString", "coordinates": [[85.35565, 27.78161], [85.35558, 27.78119], [85.35531, 27.781], [85.35509, 27.78075], [85.35494, 27.78049], [85.35491, 27.78034], [85.35477, 27.78008], [85.35458, 27.77973], [85.35435, 27.77942], [85.35415, 27.77908], [85.35392, 27.77887], [85.35395, 27.77821], [85.35419, 27.77785], [85.3543, 27.77732], [85.35424, 27.77695], [85.35421, 27.77662], [85.35385, 27.77632], [85.3535, 27.7761], [85.35329, 27.77588], [85.35322, 27.77568], [85.35317, 27.77555], [85.35286, 27.77541], [85.35269, 27.7754], [85.35264, 27.77529], [85.35266, 27.77512], [85.35271, 27.77499], [85.35263, 27.77487], [85.35257, 27.7748], [85.35227, 27.7746], [85.35217, 27.7746], [85.35201, 27.77459], [85.35176, 27.77442], [85.35154, 27.77433], [85.35107, 27.77427], [85.35086, 27.77435], [85.35076, 27.77436], [85.35048, 27.77448], [85.35032, 27.77445], [85.35022, 27.77447], [85.35013, 27.77435], [85.35001, 27.77424], [85.34976, 27.77405], [85.34963, 27.77399], [85.34957, 27.7739], [85.34937, 27.77369], [85.34915, 27.77364], [85.34836, 27.77361], [85.34811, 27.77358], [85.34761, 27.77366], [85.3471, 27.77381], [85.34679, 27.77398], [85.34653, 27.77417], [85.3463, 27.77427], [85.34613, 27.77421], [85.34594, 27.77398], [85.34594, 27.77372], [85.34579, 27.77341], [85.3456, 27.77319], [85.34551, 27.77308], [85.34549, 27.77286], [85.3454, 27.77284], [85.34514, 27.77279], [85.34484, 27.77269], [85.34466, 27.77245], [85.3445, 27.77217], [85.34445, 27.77189], [85.34429, 27.77171], [85.34416, 27.77166], [85.34399, 27.77164], [85.34374, 27.77162]]}}, {"type": "Feature", "properties": {"frac": 0.0027, "observed": true, "ext": true, "wid": "n055"}, "geometry": {"type": "LineString", "coordinates": [[85.34202, 27.77125], [85.34178, 27.77112], [85.34161, 27.771], [85.34147, 27.7709], [85.3414, 27.77081], [85.34136, 27.77062], [85.34145, 27.77035], [85.34156, 27.77005], [85.34168, 27.76975], [85.34165, 27.76953], [85.34163, 27.76926], [85.3415, 27.76893], [85.34145, 27.76884], [85.34128, 27.76865], [85.3408, 27.76836], [85.34046, 27.76813], [85.34035, 27.76805], [85.34026, 27.7678], [85.34029, 27.76761], [85.3404, 27.76714], [85.34057, 27.76669], [85.34062, 27.76655], [85.3406, 27.7664], [85.34048, 27.76628], [85.34028, 27.76627], [85.34016, 27.76627], [85.33967, 27.76633], [85.33952, 27.7663], [85.33937, 27.76629], [85.33922, 27.76621], [85.33893, 27.76583], [85.3386, 27.76535], [85.33849, 27.76511], [85.3384, 27.76501], [85.33833, 27.7649], [85.33827, 27.76458], [85.33812, 27.76408], [85.33797, 27.7639], [85.33761, 27.76357], [85.33744, 27.76345], [85.33734, 27.76333], [85.33727, 27.7632], [85.33722, 27.76301], [85.33723, 27.76282], [85.3372, 27.76267], [85.33708, 27.76239], [85.33696, 27.76218], [85.33685, 27.76198], [85.33674, 27.7617], [85.3367, 27.76145], [85.3367, 27.76123], [85.33654, 27.7606], [85.33647, 27.76049], [85.33642, 27.76044], [85.33629, 27.76036], [85.33606, 27.76023], [85.33593, 27.76013], [85.3356, 27.75981], [85.3355, 27.75973], [85.33521, 27.75958], [85.33467, 27.75939], [85.33423, 27.75928], [85.33418, 27.75925], [85.33414, 27.7592], [85.33399, 27.75904], [85.33397, 27.75899], [85.33394, 27.75888], [85.33395, 27.75878], [85.33399, 27.75847], [85.33399, 27.7583], [85.33397, 27.75813], [85.33393, 27.75786], [85.33389, 27.75773], [85.33383, 27.7575], [85.33377, 27.75726], [85.33374, 27.75719], [85.33369, 27.75713], [85.33361, 27.75709], [85.33348, 27.75704], [85.33332, 27.75702], [85.33315, 27.75702], [85.33298, 27.75702], [85.33279, 27.75698], [85.33233, 27.75685], [85.33164, 27.75656], [85.33038, 27.75646], [85.32912, 27.75673], [85.32847, 27.75684], [85.32814, 27.75677], [85.32775, 27.75646], [85.32738, 27.75608], [85.32728, 27.75595], [85.32713, 27.7557], [85.32712, 27.75545], [85.32724, 27.75426], [85.32723, 27.75383], [85.327, 27.75338], [85.32668, 27.75318], [85.3265, 27.7532], [85.32608, 27.75326], [85.32572, 27.75328], [85.32531, 27.75351], [85.32516, 27.75355], [85.32493, 27.75344], [85.32471, 27.7533], [85.32446, 27.75315], [85.32434, 27.75308], [85.32415, 27.753], [85.32397, 27.7529], [85.32376, 27.75277], [85.32356, 27.7526], [85.32338, 27.75254], [85.32333, 27.7524], [85.32327, 27.75221], [85.32314, 27.75186], [85.32295, 27.75158], [85.32276, 27.75119], [85.3227, 27.75085], [85.32277, 27.75057], [85.32286, 27.75033], [85.32303, 27.75006], [85.32308, 27.74994], [85.323, 27.7494]]}}, {"type": "Feature", "properties": {"frac": 0.0006, "observed": true, "ext": true, "wid": "n072"}, "geometry": {"type": "LineString", "coordinates": [[85.323, 27.7494], [85.32287, 27.74901], [85.32274, 27.74859], [85.32269, 27.7484], [85.32251, 27.74824], [85.32225, 27.74813], [85.32214, 27.74786], [85.3219, 27.74752], [85.32173, 27.74713], [85.32172, 27.74689], [85.32179, 27.74655], [85.32181, 27.74639], [85.32187, 27.74623], [85.3221, 27.74594], [85.32214, 27.74578], [85.32216, 27.74544], [85.32222, 27.74525], [85.32225, 27.7452], [85.32235, 27.74497], [85.32235, 27.74493], [85.32234, 27.74488], [85.32221, 27.74462], [85.32213, 27.74448], [85.32199, 27.74431], [85.32183, 27.74423], [85.32145, 27.74431], [85.32109, 27.74439], [85.32086, 27.74448], [85.32059, 27.74459]]}}, {"type": "Feature", "properties": {"frac": 0.0022, "observed": true, "ext": true, "wid": "n056"}, "geometry": {"type": "LineString", "coordinates": [[85.32059, 27.74459], [85.32046, 27.74466], [85.32025, 27.74471], [85.32009, 27.74478], [85.31995, 27.7451], [85.31977, 27.74519], [85.31949, 27.74526], [85.31925, 27.7452], [85.31907, 27.74524], [85.31894, 27.74528], [85.31874, 27.74528], [85.3186, 27.74527], [85.31844, 27.74523], [85.31825, 27.74519], [85.31808, 27.74514], [85.31778, 27.74503], [85.31737, 27.74479], [85.31693, 27.74473], [85.31643, 27.74476], [85.31598, 27.74474], [85.31556, 27.74459], [85.31529, 27.74457], [85.31532, 27.74423], [85.31523, 27.7438], [85.31513, 27.74352], [85.31501, 27.74326], [85.31482, 27.74294], [85.31458, 27.74261], [85.31431, 27.74227], [85.31389, 27.74189], [85.31366, 27.74163], [85.31352, 27.74147], [85.31295, 27.74111], [85.31221, 27.74047], [85.31214, 27.74044], [85.31154, 27.73989], [85.31101, 27.73958], [85.30997, 27.7388]]}}, {"type": "Feature", "properties": {"frac": 0.0022, "observed": true, "ext": true, "wid": "n056"}, "geometry": {"type": "LineString", "coordinates": [[85.30006, 27.74485], [85.30016, 27.74415], [85.30021, 27.74373], [85.30015, 27.7432], [85.29984, 27.74207], [85.29994, 27.74171], [85.30018, 27.74132], [85.30048, 27.74109], [85.30088, 27.74091], [85.30149, 27.7409], [85.3018, 27.74101], [85.30225, 27.74111], [85.30276, 27.74107], [85.30349, 27.74092], [85.30414, 27.74078], [85.3047, 27.74065], [85.30537, 27.7407], [85.30721, 27.74068], [85.30793, 27.74065], [85.30844, 27.7405], [85.30864, 27.74042], [85.30909, 27.74016], [85.30947, 27.73979], [85.30974, 27.73934], [85.30997, 27.7388]]}}, {"type": "Feature", "properties": {"frac": 0.0033, "observed": true, "ext": true, "wid": "n057"}, "geometry": {"type": "LineString", "coordinates": [[85.31521, 27.78736], [85.31532, 27.78651], [85.31494, 27.78574], [85.3146, 27.78519], [85.31429, 27.78431], [85.31433, 27.7835], [85.31438, 27.783], [85.31445, 27.78263], [85.31448, 27.78228], [85.31474, 27.78205], [85.31446, 27.78161], [85.31377, 27.78123], [85.31352, 27.78075], [85.31302, 27.77978], [85.31248, 27.77968], [85.31203, 27.77981], [85.31169, 27.78022], [85.31123, 27.77993], [85.31112, 27.77957], [85.31093, 27.77933], [85.31027, 27.77897], [85.3102, 27.77836]]}}, {"type": "Feature", "properties": {"frac": 0.0071, "observed": true, "ext": true, "wid": "n061"}, "geometry": {"type": "LineString", "coordinates": [[85.3102, 27.77836], [85.31034, 27.77801], [85.31027, 27.77705], [85.31025, 27.77669], [85.31013, 27.77628], [85.30998, 27.77581], [85.30985, 27.77527], [85.30977, 27.77507], [85.30962, 27.77484], [85.30955, 27.77441], [85.30961, 27.77413], [85.30976, 27.77384], [85.30994, 27.77351], [85.31024, 27.77322], [85.31048, 27.77276], [85.3106, 27.77247], [85.31067, 27.77195], [85.3105, 27.77159], [85.31014, 27.77121], [85.30986, 27.77103], [85.30938, 27.7706], [85.30925, 27.77021], [85.30931, 27.77009], [85.3094, 27.76987], [85.30952, 27.76964], [85.3095, 27.76951], [85.30947, 27.76924], [85.30938, 27.76854], [85.30928, 27.76843], [85.30904, 27.76839], [85.30883, 27.76836], [85.30859, 27.76811], [85.30837, 27.76787], [85.30833, 27.76773], [85.3084, 27.76742], [85.30848, 27.7671], [85.30865, 27.76652], [85.30881, 27.76622], [85.30884, 27.76585], [85.30886, 27.76542], [85.30887, 27.76495], [85.30891, 27.76453], [85.30901, 27.76427], [85.30894, 27.76359], [85.3088, 27.76333], [85.30863, 27.76301], [85.3084, 27.76287], [85.30811, 27.76273], [85.3077, 27.76232], [85.30753, 27.76187], [85.30737, 27.76148], [85.30695, 27.76093], [85.30671, 27.76064], [85.30659, 27.76056], [85.30639, 27.76039]]}}, {"type": "Feature", "properties": {"frac": null, "observed": false, "ext": true, "wid": "n058"}, "geometry": {"type": "LineString", "coordinates": [[85.29027, 28.40875], [85.29141, 28.40842], [85.29196, 28.40798], [85.29259, 28.40768], [85.29333, 28.40646], [85.29437, 28.40551], [85.29547, 28.405], [85.29622, 28.40503], [85.29695, 28.40543], [85.29757, 28.40609], [85.29795, 28.40698], [85.29897, 28.40738], [85.29997, 28.40728], [85.30042, 28.40755], [85.3007, 28.40822], [85.30127, 28.40849], [85.30233, 28.40854], [85.30265, 28.40831], [85.30297, 28.40785], [85.30381, 28.40726], [85.30434, 28.40668], [85.30466, 28.40589], [85.30519, 28.40528]]}}, {"type": "Feature", "properties": {"frac": 0.0022, "observed": true, "ext": true, "wid": "n059"}, "geometry": {"type": "LineString", "coordinates": [[85.30519, 28.40528], [85.30596, 28.40467], [85.30618, 28.40421], [85.30622, 28.40361], [85.30657, 28.40331], [85.30691, 28.40316], [85.30763, 28.40324], [85.30794, 28.40311], [85.30815, 28.40288], [85.30894, 28.40201], [85.3096, 28.40169], [85.31015, 28.40167], [85.31089, 28.40184], [85.31154, 28.40169], [85.31215, 28.40196], [85.31329, 28.40205], [85.31367, 28.40192], [85.31367, 28.40133], [85.31408, 28.40097], [85.31411, 28.40046], [85.31375, 28.39979], [85.31307, 28.39929], [85.31226, 28.39875], [85.31165, 28.39826], [85.31133, 28.39688], [85.31137, 28.3966], [85.31184, 28.39629], [85.31262, 28.39606], [85.31309, 28.395], [85.31337, 28.39469], [85.31393, 28.39451], [85.31401, 28.39417], [85.3142, 28.39342], [85.31457, 28.39299], [85.31541, 28.39266], [85.3162, 28.39261], [85.31677, 28.3922], [85.31691, 28.39167], [85.31683, 28.391], [85.31699, 28.39076], [85.31789, 28.39013], [85.31885, 28.38956], [85.31914, 28.3896], [85.32005, 28.38973], [85.32052, 28.38956], [85.32099, 28.38929], [85.32123, 28.38889], [85.3215, 28.38871], [85.32258, 28.38909], [85.32329, 28.38919], [85.32395, 28.38898], [85.3244, 28.38865], [85.32459, 28.38783], [85.32447, 28.38709], [85.32408, 28.38671], [85.32392, 28.38599], [85.32433, 28.38561]]}}, {"type": "Feature", "properties": {"frac": 0.0027, "observed": true, "ext": true, "wid": "n060"}, "geometry": {"type": "LineString", "coordinates": [[85.32433, 28.38561], [85.32439, 28.38532], [85.32421, 28.38501], [85.32342, 28.38458], [85.32318, 28.38399], [85.32258, 28.38313], [85.32258, 28.38249], [85.32277, 28.38155], [85.32289, 28.38104], [85.32309, 28.38081], [85.32333, 28.3799], [85.32338, 28.37943], [85.32358, 28.3792], [85.32393, 28.37913], [85.3247, 28.37874], [85.32523, 28.37838], [85.32644, 28.37731], [85.32733, 28.37699], [85.32857, 28.37701], [85.32999, 28.37751], [85.33103, 28.37837], [85.33224, 28.37883], [85.33307, 28.37884], [85.3337, 28.37865], [85.33465, 28.3779], [85.33502, 28.37769], [85.33538, 28.3777], [85.33557, 28.37734], [85.33651, 28.37695], [85.33674, 28.3765], [85.33723, 28.3763], [85.33779, 28.37571], [85.33813, 28.37545], [85.33845, 28.37485], [85.33823, 28.37421], [85.33832, 28.37344], [85.33801, 28.37308], [85.33715, 28.37223], [85.33561, 28.37176], [85.33508, 28.37141], [85.33482, 28.37103], [85.3348, 28.37064], [85.33505, 28.37006], [85.33562, 28.36979], [85.33635, 28.36929], [85.33694, 28.3691], [85.3381, 28.36909], [85.33959, 28.36939], [85.34088, 28.36946], [85.34134, 28.3693], [85.342, 28.36894], [85.34216, 28.36869], [85.34215, 28.36831], [85.34228, 28.36809], [85.3426, 28.36791], [85.34334, 28.36759], [85.34348, 28.36743], [85.34395, 28.36734]]}}, {"type": "Feature", "properties": {"frac": 0.0068, "observed": true, "ext": true, "wid": "n233"}, "geometry": {"type": "LineString", "coordinates": [[85.34395, 28.36734], [85.34499, 28.36739], [85.34623, 28.367], [85.34715, 28.36708], [85.34791, 28.3673], [85.34823, 28.3673], [85.34848, 28.3671], [85.3486, 28.36688], [85.34902, 28.36668], [85.34949, 28.36678], [85.35004, 28.36707], [85.35032, 28.36705], [85.35075, 28.36692], [85.35116, 28.36704], [85.35197, 28.36756], [85.35253, 28.36766], [85.35328, 28.36822], [85.35395, 28.36845], [85.35453, 28.3684], [85.35541, 28.36816], [85.35639, 28.36813], [85.35707, 28.36822], [85.35746, 28.36805]]}}, {"type": "Feature", "properties": {"frac": 0.0289, "observed": true, "ext": false, "wid": "v013"}, "geometry": {"type": "LineString", "coordinates": [[85.27106, 28.10461], [85.27097, 28.10429], [85.2709, 28.10416], [85.27081, 28.10408], [85.2707, 28.10401], [85.27056, 28.10396], [85.27031, 28.10391], [85.27012, 28.1039], [85.27001, 28.10384], [85.26992, 28.10376], [85.26978, 28.10366], [85.26954, 28.10357], [85.26932, 28.10348], [85.26919, 28.10339], [85.26911, 28.10329], [85.26901, 28.10305], [85.26896, 28.1029], [85.26891, 28.10274], [85.26884, 28.10263], [85.26867, 28.10246], [85.26855, 28.1024], [85.26839, 28.10235], [85.26823, 28.10231], [85.26804, 28.1023], [85.26785, 28.10231], [85.26769, 28.10234], [85.26756, 28.1024], [85.26743, 28.10245], [85.26732, 28.10247], [85.26724, 28.10247], [85.26715, 28.10246], [85.26707, 28.10244], [85.26697, 28.10237], [85.26685, 28.10224], [85.26669, 28.10207], [85.26662, 28.10198], [85.26654, 28.10187], [85.26646, 28.10167], [85.26642, 28.10154], [85.26638, 28.10146], [85.2663, 28.10139], [85.26612, 28.10134], [85.26595, 28.10133], [85.26589, 28.10131], [85.26583, 28.10126], [85.26579, 28.10119], [85.26573, 28.10109], [85.26563, 28.10095], [85.26548, 28.10077], [85.26534, 28.10064], [85.26522, 28.10048], [85.26501, 28.10028], [85.26471, 28.10001], [85.26453, 28.09986], [85.26441, 28.09972], [85.2643, 28.09955], [85.26418, 28.09935], [85.26415, 28.09924], [85.26412, 28.09912], [85.26407, 28.09894], [85.26401, 28.09886], [85.26394, 28.09875], [85.26384, 28.09858], [85.2638, 28.0985], [85.26362, 28.09829], [85.26351, 28.09817], [85.26344, 28.09811], [85.26332, 28.098], [85.26312, 28.09785], [85.26293, 28.09775], [85.26264, 28.09762], [85.26213, 28.09737], [85.26196, 28.09725], [85.26184, 28.09715], [85.2617, 28.09698], [85.2615, 28.09674], [85.26126, 28.09647], [85.26107, 28.09627], [85.26084, 28.0961], [85.26034, 28.0959], [85.25955, 28.09568]]}}, {"type": "Feature", "properties": {"frac": 0.0171, "observed": true, "ext": false, "wid": "v014"}, "geometry": {"type": "LineString", "coordinates": [[85.25955, 28.09568], [85.2586, 28.09547], [85.2577, 28.09536], [85.2569, 28.09523], [85.25623, 28.09514], [85.25561, 28.09503], [85.25489, 28.09476], [85.2545, 28.09457], [85.25395, 28.09424], [85.25364, 28.09402], [85.25333, 28.0938], [85.25262, 28.09336], [85.25206, 28.09311], [85.25147, 28.09293], [85.25031, 28.0928], [85.24967, 28.09272], [85.24885, 28.09267], [85.24796, 28.09265], [85.24692, 28.09261], [85.24584, 28.09254], [85.24489, 28.09249], [85.24417, 28.09249], [85.24369, 28.09251], [85.24325, 28.09248], [85.2429, 28.09247], [85.24232, 28.09224], [85.24205, 28.09211], [85.24177, 28.09197]]}}, {"type": "Feature", "properties": {"frac": null, "observed": false, "ext": false, "wid": "v015"}, "geometry": {"type": "LineString", "coordinates": [[85.24177, 28.09197], [85.24151, 28.09175], [85.24115, 28.09156], [85.24077, 28.09146], [85.24004, 28.09139], [85.23866, 28.09138], [85.2377, 28.09131], [85.23703, 28.09121], [85.23626, 28.09097], [85.23357, 28.09005], [85.23285, 28.08979], [85.23247, 28.08965], [85.23219, 28.08955], [85.23209, 28.08952], [85.23188, 28.08944], [85.23164, 28.08933], [85.23141, 28.08917], [85.23118, 28.08899], [85.231, 28.08877], [85.23071, 28.08832], [85.23024, 28.08781], [85.22979, 28.08745], [85.2297, 28.08736], [85.22956, 28.08698], [85.22946, 28.08679], [85.22935, 28.08664], [85.22924, 28.08649], [85.22911, 28.08636], [85.22903, 28.08628], [85.22898, 28.08617], [85.22894, 28.08585], [85.2289, 28.08568], [85.22887, 28.08551], [85.22881, 28.08543], [85.22873, 28.08534], [85.22862, 28.08527]]}}, {"type": "Feature", "properties": {"frac": null, "observed": false, "ext": false, "wid": "v016"}, "geometry": {"type": "LineString", "coordinates": [[85.22862, 28.08527], [85.22845, 28.08519], [85.22832, 28.08516], [85.2277, 28.08506], [85.22722, 28.08493], [85.2268, 28.08479], [85.22648, 28.08464], [85.2261, 28.08443], [85.22587, 28.08432], [85.22524, 28.08409], [85.2251, 28.08403], [85.22477, 28.08384], [85.22464, 28.08377], [85.22432, 28.08355], [85.22395, 28.08331], [85.22352, 28.08308], [85.22309, 28.0829], [85.22234, 28.08264], [85.2222, 28.08258], [85.22206, 28.08248], [85.22196, 28.08236], [85.22188, 28.08224], [85.22177, 28.08205], [85.22167, 28.0819], [85.22155, 28.08179], [85.22123, 28.0816], [85.22078, 28.08139], [85.22037, 28.08122], [85.21973, 28.08101], [85.2194, 28.08089], [85.21914, 28.08075], [85.21899, 28.08061], [85.2188, 28.0804], [85.21867, 28.08023], [85.21849, 28.08], [85.21836, 28.07986], [85.2182, 28.07971], [85.2179, 28.07947], [85.21789, 28.07946], [85.21778, 28.07939], [85.21769, 28.07932], [85.21755, 28.07918], [85.21746, 28.07905], [85.21733, 28.0788], [85.21715, 28.07858], [85.21696, 28.07839], [85.21664, 28.07818], [85.21653, 28.0781], [85.21649, 28.07806], [85.21641, 28.07789], [85.21631, 28.07778], [85.21624, 28.07773], [85.21595, 28.07766], [85.21577, 28.07757], [85.2157, 28.07753], [85.2153, 28.0772], [85.21509, 28.07705], [85.21501, 28.077]]}}, {"type": "Feature", "properties": {"frac": 0.0143, "observed": true, "ext": false, "wid": "v017"}, "geometry": {"type": "LineString", "coordinates": [[85.21501, 28.077], [85.21458, 28.07678], [85.2135, 28.07629], [85.2129, 28.07595], [85.21288, 28.07595], [85.21251, 28.07572], [85.2117, 28.07513], [85.21147, 28.07498], [85.21129, 28.07492], [85.21096, 28.07484], [85.21072, 28.07481], [85.21027, 28.0748], [85.21006, 28.07476], [85.20985, 28.07471], [85.20976, 28.07467], [85.20959, 28.07457], [85.20951, 28.07451], [85.20935, 28.07434], [85.20917, 28.07413], [85.20885, 28.0737], [85.20875, 28.07355], [85.20864, 28.07334], [85.20851, 28.07306], [85.20839, 28.0727], [85.20832, 28.07229], [85.2083, 28.07193], [85.20831, 28.07151], [85.20831, 28.07105], [85.20829, 28.0709], [85.20827, 28.07076], [85.20821, 28.0706], [85.20816, 28.07051], [85.20802, 28.07029], [85.20793, 28.07018], [85.20771, 28.06995], [85.20758, 28.06984], [85.20743, 28.06975], [85.20713, 28.06958], [85.20694, 28.06949], [85.20673, 28.06941], [85.20621, 28.06924], [85.20592, 28.06913], [85.20554, 28.06896], [85.20542, 28.0689], [85.20536, 28.06886], [85.20528, 28.06878], [85.20524, 28.06871], [85.2052, 28.06863], [85.20517, 28.06853], [85.20515, 28.06839], [85.20512, 28.06779], [85.20512, 28.06735], [85.20516, 28.06701], [85.20531, 28.06655], [85.20546, 28.06616], [85.2055, 28.06609], [85.20559, 28.06596], [85.20587, 28.06562]]}}, {"type": "Feature", "properties": {"frac": 0.027, "observed": true, "ext": false, "wid": "v018"}, "geometry": {"type": "LineString", "coordinates": [[85.20587, 28.06562], [85.20623, 28.06523], [85.20631, 28.0651], [85.20635, 28.06503], [85.2066, 28.0646], [85.20685, 28.06414], [85.20722, 28.06337], [85.20743, 28.06287], [85.20751, 28.06263], [85.20765, 28.06217], [85.20775, 28.06186], [85.20779, 28.0617], [85.20788, 28.06132], [85.20793, 28.0609], [85.20796, 28.06064], [85.20799, 28.06036], [85.20808, 28.06008], [85.20818, 28.05979], [85.20832, 28.05955], [85.20841, 28.0593], [85.20852, 28.05871], [85.20859, 28.05828], [85.20866, 28.05797], [85.20869, 28.05771], [85.2087, 28.05751], [85.20871, 28.05719], [85.20872, 28.05659], [85.20874, 28.05621], [85.20875, 28.05605], [85.20872, 28.05588], [85.20867, 28.0557], [85.20857, 28.05546], [85.20828, 28.05498], [85.20808, 28.0547], [85.208, 28.05457], [85.20765, 28.05402], [85.20716, 28.05323]]}}, {"type": "Feature", "properties": {"frac": 0.045, "observed": true, "ext": false, "wid": "v019"}, "geometry": {"type": "LineString", "coordinates": [[85.20716, 28.05323], [85.20691, 28.05282], [85.20681, 28.05267], [85.20667, 28.05246], [85.20645, 28.05222], [85.20628, 28.05211], [85.20613, 28.05204], [85.20565, 28.05189], [85.20541, 28.05182], [85.20521, 28.05168], [85.20502, 28.05154], [85.20459, 28.05121], [85.20423, 28.0509], [85.20375, 28.05052], [85.20294, 28.04997], [85.20283, 28.04985], [85.2027, 28.04966], [85.20267, 28.04961], [85.20254, 28.04939], [85.2025, 28.04915], [85.20248, 28.04895], [85.20247, 28.04875], [85.20247, 28.04846], [85.20245, 28.04825], [85.20237, 28.04804], [85.20214, 28.0476], [85.20193, 28.04722], [85.20145, 28.04636], [85.20094, 28.04544], [85.20076, 28.04523], [85.19929, 28.04422], [85.19777, 28.04325], [85.1968, 28.04249]]}}, {"type": "Feature", "properties": {"frac": 0.0497, "observed": true, "ext": false, "wid": "v020"}, "geometry": {"type": "LineString", "coordinates": [[85.1968, 28.04249], [85.19545, 28.04158], [85.19519, 28.04139], [85.19495, 28.04115], [85.19456, 28.04072], [85.19423, 28.04028], [85.19391, 28.03983], [85.19373, 28.03941], [85.19353, 28.03833], [85.19353, 28.03805], [85.19353, 28.03766], [85.19355, 28.03746], [85.19373, 28.03696], [85.19403, 28.03644], [85.19423, 28.03617], [85.19457, 28.0358], [85.19472, 28.03563], [85.19481, 28.03538], [85.19482, 28.03494], [85.19481, 28.03447], [85.19479, 28.03409], [85.19476, 28.03362], [85.19471, 28.0333], [85.19462, 28.03309], [85.19455, 28.033], [85.19441, 28.0329], [85.19425, 28.03276], [85.19409, 28.03255], [85.194, 28.03238], [85.19391, 28.03213], [85.19374, 28.03169], [85.19342, 28.03094]]}}, {"type": "Feature", "properties": {"frac": 0.0608, "observed": true, "ext": false, "wid": "v021"}, "geometry": {"type": "LineString", "coordinates": [[85.19342, 28.03094], [85.19294, 28.02992]]}}, {"type": "Feature", "properties": {"frac": 0.0071, "observed": true, "ext": true, "wid": "n061"}, "geometry": {"type": "LineString", "coordinates": [[85.31632, 27.77063], [85.31622, 27.77055], [85.31612, 27.77042], [85.31601, 27.77027], [85.31594, 27.77009], [85.31577, 27.76979], [85.31577, 27.76957], [85.31593, 27.76935], [85.31627, 27.76908], [85.31643, 27.76897], [85.31656, 27.76884], [85.31672, 27.76861], [85.31677, 27.76853], [85.31685, 27.76839], [85.31688, 27.76825], [85.31681, 27.76769], [85.31692, 27.76733], [85.31697, 27.76688], [85.31701, 27.7667], [85.31712, 27.76638], [85.31724, 27.76611], [85.31726, 27.76596], [85.31727, 27.76581], [85.31735, 27.76557], [85.31745, 27.76528], [85.31762, 27.76463], [85.31765, 27.76447], [85.31772, 27.76429], [85.31794, 27.76353], [85.31795, 27.76335], [85.31773, 27.76305], [85.31742, 27.7625], [85.3172, 27.76208], [85.31702, 27.76168], [85.31681, 27.76133], [85.31652, 27.76089], [85.31631, 27.76061], [85.31617, 27.75999], [85.316, 27.75934], [85.31597, 27.75855], [85.31598, 27.75798], [85.3161, 27.75767], [85.31615, 27.75738], [85.31614, 27.75695], [85.3163, 27.75669], [85.31687, 27.75638], [85.31716, 27.7562]]}}, {"type": "Feature", "properties": {"frac": 0.0022, "observed": true, "ext": true, "wid": "n056"}, "geometry": {"type": "LineString", "coordinates": [[85.31611, 27.75313], [85.31604, 27.75249], [85.31623, 27.75197], [85.31655, 27.75151], [85.31666, 27.75123], [85.31658, 27.75096], [85.31637, 27.75058], [85.31599, 27.75009], [85.31564, 27.74959], [85.31515, 27.74866], [85.31504, 27.74831], [85.31503, 27.74781], [85.31502, 27.74682], [85.31507, 27.74636], [85.31515, 27.74598], [85.31523, 27.74515], [85.31529, 27.74457]]}}, {"type": "Feature", "properties": {"frac": 0.0286, "observed": true, "ext": false, "wid": "v010"}, "geometry": {"type": "LineString", "coordinates": [[85.29813, 28.1275], [85.29805, 28.12731], [85.29794, 28.12713], [85.29778, 28.12682], [85.29768, 28.12666], [85.29754, 28.1265], [85.29741, 28.12642], [85.29726, 28.12638], [85.29707, 28.12636], [85.29697, 28.1263], [85.29687, 28.12619], [85.29675, 28.12604], [85.29653, 28.12587], [85.29631, 28.12576], [85.29604, 28.12566]]}}, {"type": "Feature", "properties": {"frac": 0.0323, "observed": true, "ext": false, "wid": "v011"}, "geometry": {"type": "LineString", "coordinates": [[85.29604, 28.12566], [85.2957, 28.12554], [85.29542, 28.12543], [85.2952, 28.12532], [85.29496, 28.12515], [85.29456, 28.12484], [85.29422, 28.12456], [85.29404, 28.12436], [85.29379, 28.12409], [85.29358, 28.12378], [85.29341, 28.12344], [85.29327, 28.12319], [85.29315, 28.12305], [85.29299, 28.12291], [85.29286, 28.12284], [85.29266, 28.12275], [85.29234, 28.12262], [85.2922, 28.12255], [85.29201, 28.12248], [85.29184, 28.12245], [85.29161, 28.12243], [85.29141, 28.12231], [85.29126, 28.12219], [85.29111, 28.12197], [85.29091, 28.12162], [85.29074, 28.12131], [85.29054, 28.12105], [85.29027, 28.12083], [85.29001, 28.12068], [85.28983, 28.12059], [85.28952, 28.12048], [85.28932, 28.12043], [85.28911, 28.12028], [85.28899, 28.12016], [85.28871, 28.11989], [85.28851, 28.11956], [85.28828, 28.11917], [85.28812, 28.11894], [85.28791, 28.11871], [85.28764, 28.11852], [85.2875, 28.11845], [85.28732, 28.11837], [85.28713, 28.11832], [85.28696, 28.11825], [85.2867, 28.11817], [85.28648, 28.11809], [85.28605, 28.11794], [85.28569, 28.11776], [85.28533, 28.11756], [85.28507, 28.1174], [85.28492, 28.11731], [85.28474, 28.1172], [85.28454, 28.11711], [85.28437, 28.117]]}}, {"type": "Feature", "properties": {"frac": 0.0413, "observed": true, "ext": false, "wid": "v012"}, "geometry": {"type": "LineString", "coordinates": [[85.28437, 28.117], [85.2842, 28.11692], [85.28408, 28.11684], [85.28395, 28.11677], [85.28386, 28.11662], [85.28371, 28.11651], [85.28354, 28.11642], [85.28327, 28.11634], [85.28307, 28.11626], [85.28289, 28.11616], [85.28277, 28.11597], [85.28271, 28.11585], [85.28263, 28.11568], [85.28261, 28.11553], [85.2826, 28.11537], [85.28254, 28.11514], [85.28247, 28.11489], [85.28234, 28.1146], [85.28215, 28.11431], [85.28188, 28.11403], [85.28156, 28.1137], [85.28121, 28.11328], [85.28112, 28.11314], [85.281, 28.11298], [85.2807, 28.11278], [85.28035, 28.11251], [85.28016, 28.11235], [85.28, 28.11226], [85.27995, 28.11221], [85.27984, 28.11214], [85.27968, 28.11201], [85.27947, 28.11184], [85.27933, 28.11171], [85.27914, 28.11154], [85.27904, 28.1114], [85.27893, 28.11124], [85.27885, 28.11112], [85.27874, 28.11102], [85.27864, 28.11095], [85.27856, 28.11091], [85.27848, 28.11089], [85.27836, 28.11087], [85.27832, 28.11087], [85.2783, 28.11087], [85.278, 28.11084], [85.27788, 28.11082], [85.27776, 28.11078], [85.27766, 28.11077], [85.27757, 28.11071], [85.27747, 28.11059], [85.27732, 28.11021], [85.27727, 28.11009], [85.27718, 28.10995], [85.27705, 28.10978], [85.27695, 28.10969], [85.2769, 28.10966], [85.27641, 28.10947], [85.27622, 28.10938], [85.27608, 28.10927], [85.276, 28.10917], [85.27592, 28.10898], [85.27588, 28.10893], [85.27581, 28.10889], [85.27564, 28.10885], [85.27561, 28.10883], [85.27558, 28.10874], [85.27556, 28.10856], [85.27551, 28.10848], [85.27545, 28.10844], [85.27541, 28.10843], [85.27518, 28.10844], [85.27508, 28.10842], [85.27504, 28.1084], [85.27498, 28.10834], [85.27493, 28.1081], [85.27485, 28.10798], [85.27468, 28.10779], [85.27446, 28.10761], [85.27409, 28.1074], [85.27381, 28.10727], [85.27361, 28.1072], [85.27351, 28.10718], [85.27303, 28.10712], [85.2729, 28.1071], [85.27275, 28.10704]]}}, {"type": "Feature", "properties": {"frac": 0.0289, "observed": true, "ext": false, "wid": "v013"}, "geometry": {"type": "LineString", "coordinates": [[85.27275, 28.10704], [85.27267, 28.10701], [85.2726, 28.10696], [85.27247, 28.10686], [85.27232, 28.1067], [85.27224, 28.10659], [85.27189, 28.1058], [85.27175, 28.10553], [85.27168, 28.10545], [85.2714, 28.10523], [85.27132, 28.10516], [85.27119, 28.10499], [85.27106, 28.10461]]}}, {"type": "Feature", "properties": {"frac": 0.0085, "observed": true, "ext": true, "wid": "n062"}, "geometry": {"type": "LineString", "coordinates": [[85.4134, 27.8544], [85.41305, 27.85471], [85.4129, 27.85478], [85.4127, 27.85477], [85.41239, 27.85465], [85.41214, 27.85463], [85.41204, 27.85461], [85.41185, 27.85464], [85.4113, 27.85488], [85.41116, 27.85499], [85.41104, 27.85506], [85.41093, 27.85513], [85.41086, 27.85522], [85.41076, 27.85527], [85.4106, 27.85531], [85.41043, 27.8553], [85.4102, 27.85513], [85.41013, 27.85491], [85.41014, 27.85467], [85.41006, 27.8543], [85.40988, 27.85402], [85.40929, 27.85393], [85.40887, 27.85399], [85.40791, 27.85478], [85.40618, 27.85521], [85.40562, 27.85554], [85.40515, 27.85609], [85.40465, 27.85647], [85.404, 27.8566], [85.40358, 27.85659], [85.40325, 27.85658], [85.40246, 27.85636], [85.40166, 27.85594], [85.40127, 27.85572], [85.40095, 27.85581], [85.40066, 27.85614], [85.40026, 27.85729], [85.4001, 27.85813], [85.39987, 27.85876], [85.39971, 27.85884], [85.39951, 27.85884], [85.3989, 27.85868], [85.39843, 27.85891], [85.39782, 27.85889]]}}, {"type": "Feature", "properties": {"frac": 0.0059, "observed": true, "ext": true, "wid": "n063"}, "geometry": {"type": "LineString", "coordinates": [[85.39636, 27.85815], [85.39584, 27.85804], [85.39534, 27.85778], [85.39454, 27.85771], [85.39353, 27.85749], [85.39327, 27.85748], [85.39298, 27.85774], [85.39266, 27.85811], [85.39241, 27.85857], [85.39213, 27.85881], [85.39156, 27.85894], [85.39141, 27.85912], [85.39115, 27.85979], [85.39111, 27.8599], [85.39104, 27.86004], [85.39085, 27.86013], [85.3903, 27.86013], [85.38968, 27.86003], [85.38913, 27.85981], [85.38862, 27.85935], [85.38828, 27.85927], [85.38784, 27.85921], [85.38727, 27.85933], [85.38641, 27.85991], [85.38598, 27.86009], [85.38568, 27.86021], [85.38401, 27.8605], [85.38362, 27.86058], [85.38293, 27.86081], [85.38277, 27.86094], [85.38245, 27.86092], [85.38141, 27.86098], [85.38124, 27.86112], [85.38121, 27.8613], [85.38114, 27.86158], [85.38103, 27.86169], [85.38087, 27.86172], [85.38047, 27.86171], [85.38018, 27.86164], [85.37982, 27.86141], [85.37924, 27.86124], [85.37866, 27.86131], [85.37858, 27.86131], [85.37789, 27.86143], [85.37653, 27.86173], [85.37616, 27.8618], [85.37542, 27.8618], [85.37492, 27.86156], [85.37454, 27.86103], [85.37395, 27.86066], [85.37344, 27.86055], [85.37292, 27.86031], [85.37265, 27.86022], [85.37254, 27.86021], [85.37239, 27.86015], [85.37213, 27.85998], [85.37201, 27.85991], [85.37185, 27.85984], [85.37162, 27.85958], [85.37153, 27.85935], [85.37125, 27.8591], [85.37074, 27.85892], [85.36974, 27.85905], [85.36943, 27.85901], [85.36915, 27.85905], [85.36891, 27.85919], [85.36856, 27.85955], [85.36844, 27.85961], [85.36833, 27.85965], [85.36812, 27.85945], [85.36783, 27.85938], [85.36712, 27.8594], [85.36689, 27.85946], [85.36676, 27.8597], [85.36672, 27.86029], [85.36681, 27.86076], [85.36683, 27.86099], [85.36675, 27.86112], [85.36592, 27.86168], [85.36543, 27.86195], [85.36497, 27.86227], [85.36478, 27.86237], [85.36467, 27.86239], [85.36454, 27.86242]]}}, {"type": "Feature", "properties": {"frac": 0.0221, "observed": true, "ext": true, "wid": "n064"}, "geometry": {"type": "LineString", "coordinates": [[85.36226, 27.86337], [85.36165, 27.86301], [85.36102, 27.86252], [85.36127, 27.86203], [85.36104, 27.86161], [85.3594, 27.86151], [85.35895, 27.8616], [85.35847, 27.86191], [85.35715, 27.86176], [85.35635, 27.86205], [85.35577, 27.86202], [85.35525, 27.86158], [85.35426, 27.86165], [85.35358, 27.8613], [85.35299, 27.86113], [85.35244, 27.8612], [85.35124, 27.86126], [85.35087, 27.86089], [85.35004, 27.86028], [85.34885, 27.86024], [85.34852, 27.86104], [85.34797, 27.86114], [85.34698, 27.86068], [85.3466, 27.86058], [85.34626, 27.86071], [85.34598, 27.86095], [85.34544, 27.86084], [85.34502, 27.86071], [85.34419, 27.86007], [85.34338, 27.8597], [85.34321, 27.85965], [85.34302, 27.85975], [85.34265, 27.86022], [85.34217, 27.86055], [85.34186, 27.86062], [85.34153, 27.86062], [85.34122, 27.86052], [85.34089, 27.86042], [85.34033, 27.86051], [85.33977, 27.8606], [85.33899, 27.86079], [85.33825, 27.86108], [85.33787, 27.86107], [85.33754, 27.86099]]}}, {"type": "Feature", "properties": {"frac": 0.0121, "observed": true, "ext": true, "wid": "n065"}, "geometry": {"type": "LineString", "coordinates": [[85.33754, 27.86099], [85.33718, 27.86089], [85.33679, 27.86078], [85.33627, 27.86051], [85.33614, 27.86028], [85.33596, 27.86011], [85.33555, 27.86007], [85.33534, 27.86009], [85.33504, 27.86024], [85.33492, 27.86036], [85.33476, 27.86043], [85.33419, 27.86071], [85.33362, 27.86077], [85.33244, 27.86066], [85.33222, 27.86064], [85.3321, 27.86067], [85.33184, 27.86071], [85.33041, 27.86145], [85.32998, 27.86168], [85.32957, 27.86183], [85.32864, 27.86188], [85.32801, 27.8618], [85.32733, 27.86184], [85.32692, 27.86184], [85.32682, 27.86184], [85.32638, 27.86184], [85.32601, 27.86178], [85.32558, 27.86157], [85.32489, 27.86107], [85.32384, 27.86045], [85.3229, 27.86012], [85.32216, 27.86006], [85.32132, 27.85993], [85.31996, 27.85948], [85.31916, 27.85932], [85.31782, 27.8592], [85.317, 27.85928], [85.31635, 27.85935], [85.31389, 27.85933], [85.31369, 27.85939], [85.31351, 27.85955], [85.31338, 27.86047], [85.31316, 27.8609], [85.31272, 27.86131], [85.31165, 27.86147]]}}, {"type": "Feature", "properties": {"frac": 0.0036, "observed": true, "ext": true, "wid": "n066"}, "geometry": {"type": "LineString", "coordinates": [[85.31053, 27.86251], [85.31059, 27.86297], [85.31061, 27.86338], [85.31039, 27.86371], [85.30949, 27.86448], [85.30852, 27.86478], [85.3079, 27.86478], [85.30692, 27.8646], [85.30655, 27.86458], [85.30638, 27.86457], [85.30626, 27.8646], [85.30561, 27.86475], [85.30519, 27.86507], [85.30475, 27.86541], [85.30432, 27.86539], [85.304, 27.86528], [85.30386, 27.86489], [85.30359, 27.86481], [85.30356, 27.86481], [85.30308, 27.86494], [85.30241, 27.86518], [85.30216, 27.86513], [85.30174, 27.86476], [85.30097, 27.8641], [85.29984, 27.86248], [85.29882, 27.86229], [85.2971, 27.86273], [85.29542, 27.86278], [85.29479, 27.86296], [85.29438, 27.86328], [85.29326, 27.86415], [85.28985, 27.86679], [85.28854, 27.86666], [85.28699, 27.86711], [85.28568, 27.86775]]}}, {"type": "Feature", "properties": {"frac": 0.0031, "observed": true, "ext": true, "wid": "n067"}, "geometry": {"type": "LineString", "coordinates": [[85.28568, 27.86775], [85.28532, 27.86806], [85.28446, 27.86858], [85.2841, 27.8689], [85.28387, 27.86921], [85.28358, 27.86936], [85.2826, 27.86961], [85.28157, 27.86971], [85.28111, 27.86987], [85.28086, 27.86962], [85.27966, 27.86989], [85.27848, 27.87029], [85.27784, 27.87085], [85.27741, 27.87148], [85.27727, 27.87202], [85.27707, 27.8722], [85.27673, 27.87233], [85.27581, 27.87239], [85.27532, 27.8723], [85.27481, 27.87227], [85.27431, 27.87241], [85.27407, 27.8726], [85.27399, 27.87264], [85.2737, 27.87347], [85.27339, 27.8737], [85.27274, 27.87399], [85.27226, 27.87448], [85.27198, 27.87499], [85.27203, 27.87568], [85.27177, 27.87604], [85.27114, 27.87667], [85.27069, 27.87708], [85.27028, 27.87752], [85.26871, 27.87828], [85.26836, 27.87851], [85.26801, 27.87877], [85.26781, 27.879], [85.26774, 27.87936], [85.268, 27.87967], [85.26787, 27.88011], [85.26724, 27.8802], [85.26686, 27.88044], [85.26591, 27.8809], [85.26561, 27.88109], [85.26511, 27.8811]]}}, {"type": "Feature", "properties": {"frac": 0.0035, "observed": true, "ext": true, "wid": "n068"}, "geometry": {"type": "LineString", "coordinates": [[85.26109, 27.88216], [85.26061, 27.8825], [85.26027, 27.88247], [85.25976, 27.88266], [85.25931, 27.88298], [85.25931, 27.88341], [85.25854, 27.88377], [85.25826, 27.88419], [85.25765, 27.88431], [85.25642, 27.88473], [85.25596, 27.88516], [85.25578, 27.8854], [85.25553, 27.88572], [85.25555, 27.88653], [85.25541, 27.8868], [85.25507, 27.88705], [85.25406, 27.88759], [85.25278, 27.88808], [85.25132, 27.88843], [85.25086, 27.88866], [85.2508, 27.88875], [85.25064, 27.88889], [85.25056, 27.8893], [85.25038, 27.88962], [85.25047, 27.88996], [85.25054, 27.89021], [85.25027, 27.89111], [85.24997, 27.89179], [85.24988, 27.89219], [85.24952, 27.89275], [85.24853, 27.89295], [85.24755, 27.89302]]}}, {"type": "Feature", "properties": {"frac": 0.0069, "observed": true, "ext": true, "wid": "n069"}, "geometry": {"type": "LineString", "coordinates": [[85.15232, 27.87665], [85.15037, 27.87535], [85.14973, 27.87497], [85.14951, 27.8749], [85.14929, 27.875], [85.14905, 27.87529], [85.14879, 27.87549], [85.14836, 27.87574], [85.14804, 27.87582], [85.14775, 27.87588], [85.1468, 27.87589], [85.14599, 27.8758], [85.14537, 27.87563], [85.14491, 27.87541], [85.1446, 27.87524], [85.14428, 27.87495], [85.14356, 27.87424], [85.14337, 27.87383], [85.14326, 27.87328], [85.14328, 27.87265], [85.14342, 27.87204], [85.14385, 27.87114], [85.14401, 27.87082], [85.14412, 27.87071], [85.1442, 27.87058], [85.14419, 27.87044], [85.14412, 27.8703], [85.14374, 27.86977], [85.14349, 27.86954], [85.14326, 27.86916], [85.14321, 27.86888], [85.14326, 27.86873], [85.14363, 27.86824], [85.14402, 27.86776], [85.14429, 27.86707], [85.1445, 27.86654], [85.1445, 27.86609], [85.14423, 27.86582], [85.14371, 27.86562], [85.14224, 27.86609], [85.14159, 27.86653], [85.14113, 27.86662], [85.14057, 27.86656]]}}, {"type": "Feature", "properties": {"frac": 0.047, "observed": true, "ext": false, "wid": "v032"}, "geometry": {"type": "LineString", "coordinates": [[85.12604, 27.85873], [85.12559, 27.85835], [85.12516, 27.85809], [85.12474, 27.85803], [85.12412, 27.85824], [85.12372, 27.85856], [85.12343, 27.8589], [85.12321, 27.85892], [85.12286, 27.85892], [85.12246, 27.85883], [85.12175, 27.85847], [85.12138, 27.85801], [85.12119, 27.85752], [85.12091, 27.85708], [85.1207, 27.85693], [85.12038, 27.85686], [85.11961, 27.85715], [85.11914, 27.85721], [85.11829, 27.85738], [85.11786, 27.8575], [85.11752, 27.85744], [85.11692, 27.85738], [85.11625, 27.85748], [85.11572, 27.85746], [85.11521, 27.85756], [85.11467, 27.85757], [85.11432, 27.85738], [85.114, 27.85722], [85.11364, 27.85714], [85.11332, 27.85717], [85.11309, 27.85728], [85.11291, 27.85757], [85.11274, 27.85801], [85.11229, 27.85865], [85.11213, 27.85875], [85.11174, 27.85874], [85.11113, 27.85864], [85.11083, 27.8587], [85.11066, 27.85868], [85.11051, 27.85855], [85.11035, 27.85837], [85.11016, 27.8583], [85.10988, 27.85831], [85.1095, 27.85845], [85.10912, 27.85865], [85.1089, 27.85875], [85.10836, 27.85891], [85.10762, 27.85906], [85.10722, 27.85909], [85.10693, 27.8591]]}}, {"type": "Feature", "properties": {"frac": 0.0014, "observed": true, "ext": true, "wid": "n070"}, "geometry": {"type": "LineString", "coordinates": [[85.27804, 27.70262], [85.27818, 27.70241], [85.27864, 27.7016], [85.27875, 27.70145], [85.27894, 27.70113], [85.27899, 27.70084], [85.27899, 27.70058], [85.27907, 27.7005], [85.28036, 27.69962], [85.28077, 27.69942], [85.28105, 27.69939], [85.28123, 27.69955], [85.28152, 27.69955], [85.28214, 27.69954], [85.28265, 27.69963], [85.28278, 27.69964], [85.28312, 27.69955], [85.2835, 27.69902], [85.28361, 27.69897], [85.28387, 27.69909], [85.28406, 27.69938], [85.28435, 27.6995], [85.2846, 27.69953], [85.28486, 27.69945], [85.28509, 27.69927], [85.2853, 27.69902], [85.28572, 27.6988], [85.28577, 27.69865], [85.28583, 27.69847], [85.28599, 27.69819], [85.28611, 27.69809], [85.28628, 27.69801], [85.28651, 27.69803], [85.28669, 27.69795], [85.28679, 27.69781], [85.2869, 27.69761], [85.28725, 27.69768], [85.2876, 27.69777], [85.28787, 27.69789], [85.28809, 27.69791], [85.28827, 27.69786], [85.28837, 27.69778], [85.28845, 27.69765], [85.28855, 27.69754], [85.28892, 27.69736], [85.28907, 27.69737], [85.28942, 27.69742], [85.2896, 27.69738], [85.28982, 27.6972], [85.2899, 27.69715]]}}, {"type": "Feature", "properties": {"frac": 0.0049, "observed": true, "ext": true, "wid": "n071"}, "geometry": {"type": "LineString", "coordinates": [[85.2899, 27.69715], [85.28987, 27.69681], [85.2899, 27.69675], [85.29015, 27.69676], [85.29042, 27.69662], [85.2911, 27.69663], [85.2912, 27.69654], [85.29137, 27.69652], [85.29156, 27.69656], [85.29173, 27.69655], [85.29191, 27.69648], [85.29223, 27.69622], [85.29234, 27.69621], [85.29245, 27.69635], [85.29254, 27.69646], [85.29264, 27.69654], [85.29287, 27.6965], [85.29298, 27.69646], [85.29316, 27.69625], [85.2936, 27.69608], [85.29376, 27.69604], [85.29409, 27.6961], [85.29433, 27.69607], [85.29495, 27.69634], [85.29527, 27.6964], [85.29545, 27.69638], [85.29566, 27.69627], [85.29579, 27.69645], [85.29595, 27.69657], [85.29622, 27.69654], [85.29679, 27.6966], [85.2971, 27.69664], [85.29731, 27.69659], [85.29748, 27.69639], [85.29778, 27.69637], [85.2982, 27.69632], [85.29936, 27.69592], [85.29986, 27.69568], [85.30026, 27.69524]]}}, {"type": "Feature", "properties": {"frac": 0.0049, "observed": true, "ext": true, "wid": "n071"}, "geometry": {"type": "LineString", "coordinates": [[85.3028, 27.70019], [85.30282, 27.69998], [85.3028, 27.69973], [85.30279, 27.69953], [85.30274, 27.6993], [85.30266, 27.69896], [85.30253, 27.69858], [85.30231, 27.69809], [85.30228, 27.69796], [85.30217, 27.69779], [85.30198, 27.69754], [85.30155, 27.69691], [85.30135, 27.6967], [85.30091, 27.6962], [85.30071, 27.69596], [85.30047, 27.69568], [85.30038, 27.69545], [85.30026, 27.69524], [85.30009, 27.69482], [85.29987, 27.69439], [85.2998, 27.69413], [85.29969, 27.69373], [85.29966, 27.69347], [85.29968, 27.69332], [85.29973, 27.69317], [85.29991, 27.69296], [85.30038, 27.69268], [85.30099, 27.69237], [85.3019, 27.69187], [85.30223, 27.69173], [85.3023, 27.69166], [85.30234, 27.69161], [85.30236, 27.69152], [85.30233, 27.69146]]}}, {"type": "Feature", "properties": {"frac": 0.0305, "observed": true, "ext": false, "wid": "v033"}, "geometry": {"type": "LineString", "coordinates": [[85.09448, 27.86018], [85.09261, 27.86034], [85.09093, 27.86048], [85.08949, 27.86038], [85.08936, 27.86032], [85.08925, 27.86023], [85.08918, 27.86004], [85.08857, 27.85756], [85.08843, 27.85732], [85.08825, 27.85714], [85.08786, 27.85695], [85.08637, 27.85634], [85.08142, 27.85618], [85.08107, 27.85617], [85.07918, 27.85612], [85.07723, 27.855], [85.07476, 27.85345], [85.07236, 27.85308]]}}, {"type": "Feature", "properties": {"frac": 0.0511, "observed": true, "ext": false, "wid": "v034"}, "geometry": {"type": "LineString", "coordinates": [[85.07236, 27.85308], [85.07079, 27.8537], [85.06914, 27.85469], [85.0676, 27.85571], [85.0657, 27.85658], [85.06367, 27.85744], [85.06299, 27.85785], [85.06253, 27.85837], [85.06174, 27.8594], [85.06037, 27.86014], [85.05919, 27.85982], [85.0578, 27.85869], [85.05756, 27.85821], [85.0575, 27.85785], [85.0572, 27.85624], [85.0564, 27.85527], [85.05485, 27.85426], [85.0532, 27.85357], [85.05155, 27.8531], [85.05073, 27.85295]]}}, {"type": "Feature", "properties": {"frac": 0.0266, "observed": true, "ext": false, "wid": "v035"}, "geometry": {"type": "LineString", "coordinates": [[85.05073, 27.85295], [85.04983, 27.85283], [85.04893, 27.85286], [85.04831, 27.85299], [85.04779, 27.85322], [85.04748, 27.85346], [85.04721, 27.85376], [85.04682, 27.85416], [85.0465, 27.85434], [85.04573, 27.85476], [85.04479, 27.85535], [85.04383, 27.85606], [85.0431, 27.85655], [85.04252, 27.85675], [85.04224, 27.85674], [85.04183, 27.85668], [85.04145, 27.85654], [85.04126, 27.85644], [85.03975, 27.85557], [85.03789, 27.8544], [85.03745, 27.85424], [85.03618, 27.85377], [85.03478, 27.85373]]}}, {"type": "Feature", "properties": {"frac": 0.0204, "observed": true, "ext": false, "wid": "v036"}, "geometry": {"type": "LineString", "coordinates": [[85.03478, 27.85373], [85.03408, 27.85373], [85.03354, 27.85381], [85.033, 27.85403], [85.03253, 27.85428], [85.03215, 27.85441], [85.03182, 27.85438], [85.03152, 27.85426], [85.03126, 27.85401], [85.03105, 27.85367], [85.03086, 27.85337], [85.03019, 27.85254], [85.02961, 27.8518], [85.02937, 27.85098], [85.02917, 27.85011], [85.02911, 27.84947], [85.02898, 27.84871], [85.02878, 27.8484], [85.02858, 27.8482], [85.02626, 27.84679], [85.02534, 27.84631], [85.02396, 27.84572], [85.023, 27.84528]]}}, {"type": "Feature", "properties": {"frac": 0.0227, "observed": true, "ext": false, "wid": "v037"}, "geometry": {"type": "LineString", "coordinates": [[85.023, 27.84528], [85.02224, 27.8448], [85.02108, 27.84358], [85.02077, 27.84338], [85.02041, 27.84329], [85.02003, 27.84328], [85.01968, 27.84324], [85.01938, 27.84312], [85.01921, 27.84299], [85.01913, 27.8428], [85.01913, 27.84253], [85.01926, 27.84191], [85.01943, 27.84128], [85.01992, 27.84022], [85.02055, 27.83932], [85.02108, 27.83856], [85.02154, 27.83792], [85.02196, 27.83726], [85.02268, 27.83697], [85.02306, 27.83665], [85.02327, 27.83615], [85.02341, 27.83544], [85.02326, 27.83466], [85.02314, 27.83378], [85.02297, 27.83316], [85.02289, 27.83297], [85.02267, 27.83266], [85.02201, 27.8319], [85.02092, 27.83073]]}}, {"type": "Feature", "properties": {"frac": 0.042, "observed": true, "ext": false, "wid": "v038"}, "geometry": {"type": "LineString", "coordinates": [[85.02092, 27.83073], [85.01953, 27.82926], [85.01849, 27.82831], [85.01791, 27.82764], [85.01759, 27.82701], [85.01741, 27.8265], [85.01724, 27.82585], [85.01724, 27.82548], [85.01729, 27.82503], [85.0174, 27.82437], [85.01748, 27.82351], [85.0174, 27.82253], [85.01728, 27.82164], [85.0171, 27.82021], [85.01699, 27.8197], [85.01686, 27.81924], [85.01674, 27.81895], [85.01657, 27.81874], [85.01632, 27.81846], [85.0158, 27.81788], [85.01541, 27.81737]]}}, {"type": "Feature", "properties": {"frac": 0.0446, "observed": true, "ext": false, "wid": "v039"}, "geometry": {"type": "LineString", "coordinates": [[85.01541, 27.81737], [85.01514, 27.81682], [85.01477, 27.81588], [85.01416, 27.81502], [85.01351, 27.81422], [85.01279, 27.81342], [85.0124, 27.81291], [85.0122, 27.81257], [85.01202, 27.81183], [85.01196, 27.81114], [85.01207, 27.81032], [85.01234, 27.80985], [85.01283, 27.80957], [85.01357, 27.80925], [85.01414, 27.80887], [85.01433, 27.80862], [85.01447, 27.80824], [85.01437, 27.80788]]}}, {"type": "Feature", "properties": {"frac": 0.0446, "observed": true, "ext": false, "wid": "v039"}, "geometry": {"type": "LineString", "coordinates": [[85.01437, 27.80788], [85.01414, 27.80755], [85.01378, 27.80728], [85.01271, 27.80681], [85.01217, 27.8066], [85.01083, 27.80598], [85.01064, 27.8059], [85.00985, 27.80566], [85.00959, 27.8056], [85.00926, 27.80559], [85.00903, 27.80566], [85.0086, 27.80584], [85.00847, 27.80583], [85.00833, 27.80575], [85.00812, 27.80552], [85.00778, 27.80506], [85.00749, 27.80482], [85.00712, 27.80461], [85.00504, 27.80379], [85.00341, 27.80307], [85.002, 27.8023], [85.00155, 27.80212]]}}, {"type": "Feature", "properties": {"frac": 0.0314, "observed": true, "ext": false, "wid": "v040"}, "geometry": {"type": "LineString", "coordinates": [[85.00155, 27.80212], [85.00133, 27.80217], [84.99958, 27.80252], [84.99748, 27.80327], [84.99588, 27.80343], [84.99414, 27.80358], [84.99264, 27.80349], [84.99108, 27.8032], [84.99073, 27.80322], [84.99055, 27.80339], [84.98972, 27.80476], [84.98906, 27.80532], [84.98831, 27.8055]]}}, {"type": "Feature", "properties": {"frac": 0.0006, "observed": true, "ext": true, "wid": "n072"}, "geometry": {"type": "LineString", "coordinates": [[85.32918, 27.73779], [85.32901, 27.73785], [85.32865, 27.73792], [85.32847, 27.73796], [85.32826, 27.73815], [85.32801, 27.73814], [85.32774, 27.73815], [85.32755, 27.73819], [85.32715, 27.73836], [85.327, 27.73829], [85.32692, 27.7382], [85.32681, 27.73805], [85.32675, 27.73792], [85.32664, 27.73782], [85.32663, 27.73781], [85.32648, 27.73771], [85.32629, 27.73762], [85.32617, 27.73758], [85.3261, 27.73756], [85.32592, 27.73746], [85.32581, 27.73738], [85.32568, 27.73724], [85.3256, 27.73714], [85.32547, 27.73694], [85.32536, 27.7368], [85.32509, 27.73659], [85.32496, 27.73649], [85.32478, 27.73637], [85.32466, 27.73628], [85.32461, 27.73623], [85.32458, 27.73616], [85.32443, 27.73574], [85.3244, 27.7357], [85.32432, 27.73563], [85.32408, 27.73548], [85.32373, 27.73529], [85.32362, 27.73523], [85.32349, 27.73517], [85.32339, 27.73511], [85.32331, 27.73505], [85.32321, 27.73495], [85.32314, 27.73488], [85.32306, 27.73483], [85.32259, 27.73451], [85.32246, 27.73447], [85.32236, 27.73446], [85.32226, 27.73446], [85.32217, 27.73448], [85.32208, 27.73451], [85.32186, 27.73458], [85.3217, 27.73461], [85.3216, 27.7346], [85.32153, 27.73458], [85.32147, 27.73454], [85.32142, 27.73449], [85.32139, 27.73444], [85.32126, 27.73418], [85.32116, 27.73396], [85.32096, 27.73376], [85.32069, 27.73354], [85.32048, 27.73332], [85.32013, 27.73298], [85.31987, 27.73279], [85.31964, 27.73257], [85.3195, 27.73239], [85.31941, 27.73222], [85.31941, 27.73199], [85.3194, 27.73176], [85.31935, 27.73154], [85.31922, 27.73127], [85.31903, 27.7311]]}}, {"type": "Feature", "properties": {"frac": 0.0022, "observed": true, "ext": true, "wid": "n056"}, "geometry": {"type": "LineString", "coordinates": [[85.31903, 27.7311], [85.31887, 27.73095], [85.31877, 27.73084], [85.31864, 27.73073], [85.31848, 27.73061], [85.31832, 27.73045], [85.31818, 27.73036], [85.31803, 27.73024], [85.31788, 27.73011], [85.31784, 27.73004], [85.31778, 27.72996], [85.3177, 27.72985], [85.31766, 27.72979], [85.31763, 27.72971], [85.31765, 27.7297], [85.3176, 27.72954], [85.31756, 27.72947], [85.31752, 27.72941], [85.31746, 27.72933], [85.31746, 27.72931], [85.3173, 27.7292], [85.31715, 27.72909], [85.31708, 27.72903], [85.31702, 27.72896], [85.31693, 27.72889], [85.31687, 27.72883], [85.31674, 27.72874], [85.3166, 27.72873], [85.31613, 27.72874], [85.31601, 27.72874], [85.31593, 27.72872], [85.31587, 27.72871], [85.31564, 27.7286], [85.31496, 27.7283], [85.31483, 27.72823], [85.31475, 27.72817], [85.31464, 27.7281], [85.31453, 27.72805], [85.31433, 27.72797], [85.31412, 27.72798]]}}, {"type": "Feature", "properties": {"frac": 0.0019, "observed": true, "ext": true, "wid": "n250"}, "geometry": {"type": "LineString", "coordinates": [[85.31412, 27.72798], [85.31397, 27.72799], [85.31382, 27.72801], [85.31354, 27.72805], [85.3132, 27.72815], [85.3131, 27.7282], [85.31298, 27.72827], [85.3128, 27.72836], [85.31261, 27.72843], [85.31239, 27.72844], [85.31216, 27.72844], [85.31188, 27.72849], [85.31161, 27.72854], [85.31128, 27.7286], [85.31107, 27.72864], [85.31092, 27.72866], [85.31072, 27.72867], [85.31045, 27.72868], [85.31035, 27.72869], [85.31024, 27.72872], [85.31011, 27.72875], [85.30999, 27.72878], [85.30994, 27.72881], [85.30985, 27.72888], [85.30977, 27.72891], [85.30949, 27.72892], [85.30938, 27.72892], [85.30902, 27.72891], [85.30885, 27.72892], [85.30852, 27.72887], [85.30837, 27.72884], [85.30825, 27.72876], [85.30768, 27.72869], [85.30759, 27.72868], [85.30754, 27.72866], [85.30734, 27.72859], [85.30715, 27.72853], [85.30672, 27.7285]]}}, {"type": "Feature", "properties": {"frac": 0.0068, "observed": true, "ext": true, "wid": "n001"}, "geometry": {"type": "LineString", "coordinates": [[85.34233, 27.73435], [85.34219, 27.73422], [85.34216, 27.73414], [85.34214, 27.73409], [85.34214, 27.73403], [85.34204, 27.73372], [85.34198, 27.73333], [85.34187, 27.73314], [85.34165, 27.73308], [85.34142, 27.73297], [85.34121, 27.73274], [85.34121, 27.7326], [85.34116, 27.73254], [85.34105, 27.73245], [85.34076, 27.73204]]}}, {"type": "Feature", "properties": {"frac": 0.0006, "observed": true, "ext": true, "wid": "n072"}, "geometry": {"type": "LineString", "coordinates": [[85.34076, 27.73204], [85.34072, 27.73197], [85.34073, 27.73185], [85.34098, 27.73159]]}}, {"type": "Feature", "properties": {"frac": 0.0068, "observed": true, "ext": true, "wid": "n001"}, "geometry": {"type": "LineString", "coordinates": [[85.34098, 27.73159], [85.34108, 27.73147], [85.34132, 27.73139], [85.34125, 27.73116], [85.34119, 27.73091], [85.34101, 27.73041], [85.34101, 27.73016], [85.3406, 27.72965]]}}, {"type": "Feature", "properties": {"frac": 0.0006, "observed": true, "ext": true, "wid": "n072"}, "geometry": {"type": "LineString", "coordinates": [[85.3406, 27.72965], [85.34061, 27.72939], [85.3406, 27.72897], [85.34046, 27.72867], [85.34042, 27.72862], [85.34025, 27.72845], [85.34011, 27.72815], [85.33999, 27.72782], [85.33986, 27.72756], [85.33983, 27.72738], [85.33976, 27.72711], [85.33972, 27.72696], [85.3397, 27.72688], [85.33966, 27.7268], [85.33954, 27.72666], [85.33949, 27.72655]]}}, {"type": "Feature", "properties": {"frac": 0.0006, "observed": true, "ext": true, "wid": "n072"}, "geometry": {"type": "LineString", "coordinates": [[85.33506, 27.72683], [85.33499, 27.7266], [85.33506, 27.7265], [85.33529, 27.72638], [85.33558, 27.72611], [85.33553, 27.72587], [85.33552, 27.72578], [85.3355, 27.72571], [85.33542, 27.72553], [85.33534, 27.72542], [85.33518, 27.72527], [85.33513, 27.72521], [85.33507, 27.72515], [85.33492, 27.72502], [85.33479, 27.72496], [85.33459, 27.7249], [85.33452, 27.72486], [85.3343, 27.72459], [85.3342, 27.72449], [85.33407, 27.72435], [85.33393, 27.72418], [85.33384, 27.72401], [85.33375, 27.72385]]}}, {"type": "Feature", "properties": {"frac": null, "observed": false, "ext": true, "wid": "n002"}, "geometry": {"type": "LineString", "coordinates": [[85.33361, 27.72368], [85.33351, 27.72352], [85.33348, 27.72341], [85.33339, 27.72335], [85.33328, 27.72326], [85.33312, 27.72316], [85.33282, 27.723], [85.33279, 27.72298], [85.33268, 27.72284], [85.33234, 27.72251], [85.33209, 27.72219], [85.33197, 27.72218], [85.33187, 27.72221], [85.33169, 27.72227], [85.33163, 27.72223], [85.33137, 27.72202], [85.33128, 27.72196], [85.33114, 27.72195], [85.33089, 27.72195], [85.33082, 27.72193], [85.33073, 27.72188], [85.33069, 27.72185], [85.33066, 27.72181], [85.33057, 27.72177], [85.33052, 27.72178], [85.33038, 27.72183], [85.3303, 27.72184], [85.33018, 27.72179], [85.32992, 27.72165], [85.32985, 27.72162], [85.32975, 27.72154], [85.32969, 27.72148], [85.32956, 27.72126], [85.32945, 27.72116], [85.32936, 27.72111], [85.32928, 27.72108], [85.32915, 27.72106], [85.32905, 27.72106], [85.32892, 27.72109], [85.32864, 27.72121], [85.32855, 27.72134], [85.32839, 27.72135], [85.32818, 27.72135], [85.32786, 27.7213], [85.32753, 27.7213], [85.32736, 27.72128]]}}, {"type": "Feature", "properties": {"frac": null, "observed": false, "ext": true, "wid": "n002"}, "geometry": {"type": "LineString", "coordinates": [[85.32611, 27.72028], [85.32606, 27.72024], [85.3259, 27.72014]]}}, {"type": "Feature", "properties": {"frac": null, "observed": false, "ext": true, "wid": "n002"}, "geometry": {"type": "LineString", "coordinates": [[85.3255, 27.7196], [85.32564, 27.71937], [85.32559, 27.71917], [85.32553, 27.71904], [85.32548, 27.71891], [85.32536, 27.71877], [85.32516, 27.71856], [85.325, 27.71822], [85.32482, 27.7178], [85.32448, 27.7173], [85.32437, 27.71713], [85.32394, 27.71655], [85.32336, 27.71582], [85.32189, 27.71378]]}}, {"type": "Feature", "properties": {"frac": null, "observed": false, "ext": true, "wid": "n002"}, "geometry": {"type": "LineString", "coordinates": [[85.33763, 27.72394], [85.33748, 27.72378], [85.33736, 27.72357], [85.33731, 27.72347], [85.33738, 27.72324], [85.33744, 27.72302], [85.3374, 27.72285], [85.33752, 27.7226], [85.33794, 27.72243], [85.33842, 27.72222], [85.33832, 27.72178], [85.33826, 27.72146], [85.33863, 27.72112], [85.33882, 27.72099], [85.33906, 27.72083], [85.33916, 27.72068], [85.33913, 27.72058], [85.33915, 27.72049], [85.33918, 27.72044], [85.33922, 27.72041], [85.3393, 27.72038], [85.33932, 27.72026], [85.33946, 27.72017], [85.33978, 27.71999], [85.33994, 27.71992], [85.34012, 27.71982], [85.34029, 27.71972], [85.34045, 27.71963], [85.34057, 27.71946], [85.34088, 27.7191], [85.34095, 27.71902], [85.34096, 27.719]]}}, {"type": "Feature", "properties": {"frac": 0.0466, "observed": true, "ext": false, "wid": "v000"}, "geometry": {"type": "LineString", "coordinates": [[85.37698, 28.27805], [85.37682, 28.27791], [85.37675, 28.27775], [85.37676, 28.27751], [85.3766, 28.27703], [85.37717, 28.27589], [85.37739, 28.27515], [85.37761, 28.27447], [85.37765, 28.27414], [85.37773, 28.27341], [85.37762, 28.27266], [85.37752, 28.27199], [85.3776, 28.27131], [85.3776, 28.27064], [85.37759, 28.27028], [85.37737, 28.26985], [85.37674, 28.26921], [85.37633, 28.26885], [85.37624, 28.26827]]}}, {"type": "Feature", "properties": {"frac": 0.0398, "observed": true, "ext": false, "wid": "v001"}, "geometry": {"type": "LineString", "coordinates": [[85.37624, 28.26827], [85.37616, 28.26807], [85.37605, 28.26778], [85.37586, 28.2675], [85.37584, 28.26713], [85.37578, 28.26685], [85.37558, 28.2666], [85.37529, 28.26633], [85.37505, 28.26621], [85.37473, 28.26608], [85.37448, 28.26606], [85.3741, 28.2658], [85.37385, 28.26553], [85.37364, 28.26523], [85.37327, 28.26496], [85.37284, 28.2648], [85.37262, 28.26454], [85.3725, 28.26422], [85.37253, 28.26377], [85.37274, 28.26337], [85.37287, 28.26307], [85.37285, 28.26273], [85.37262, 28.26232], [85.37216, 28.26197], [85.37179, 28.26179], [85.37115, 28.26143], [85.37093, 28.26126], [85.37068, 28.26098], [85.37014, 28.26034], [85.36964, 28.25983], [85.36934, 28.25957], [85.36895, 28.25917], [85.36874, 28.25896], [85.36806, 28.2587], [85.36748, 28.25857], [85.36651, 28.25849], [85.36584, 28.25819], [85.36558, 28.25794], [85.36547, 28.25762], [85.36551, 28.25705], [85.36551, 28.2565], [85.36514, 28.25485], [85.36504, 28.25421], [85.36504, 28.2535], [85.36506, 28.25306], [85.36502, 28.25223], [85.36489, 28.25201], [85.36475, 28.25177], [85.36468, 28.25144], [85.36464, 28.25112], [85.36481, 28.25058]]}}, {"type": "Feature", "properties": {"frac": 0.0713, "observed": true, "ext": false, "wid": "v002"}, "geometry": {"type": "LineString", "coordinates": [[85.36481, 28.25058], [85.36497, 28.25006], [85.36502, 28.24974], [85.36498, 28.24955], [85.36486, 28.24943], [85.36434, 28.24895], [85.3641, 28.24869], [85.36387, 28.2482], [85.36336, 28.24678], [85.36319, 28.24657], [85.363, 28.24639], [85.36243, 28.24585], [85.36116, 28.24505], [85.36049, 28.2447], [85.35968, 28.24427], [85.35926, 28.24389], [85.35887, 28.24349], [85.35865, 28.24325], [85.35846, 28.24287], [85.35823, 28.24235], [85.35815, 28.24163], [85.35818, 28.2412], [85.35822, 28.24069], [85.35825, 28.24033], [85.35826, 28.23973], [85.3582, 28.23928], [85.35826, 28.23867], [85.35816, 28.23827], [85.35803, 28.23801], [85.35797, 28.23782], [85.35792, 28.23761], [85.35794, 28.23736], [85.35809, 28.23708], [85.35842, 28.23691], [85.35859, 28.23681], [85.3587, 28.23669], [85.35878, 28.23648], [85.35879, 28.23626], [85.35881, 28.23596], [85.35888, 28.23571], [85.35901, 28.23517], [85.35911, 28.23494], [85.35927, 28.23476], [85.35947, 28.23459], [85.35964, 28.23438], [85.35983, 28.23391], [85.36006, 28.23342], [85.36031, 28.23297]]}}, {"type": "Feature", "properties": {"frac": 0.1331, "observed": true, "ext": false, "wid": "v003"}, "geometry": {"type": "LineString", "coordinates": [[85.36031, 28.23297], [85.36035, 28.23276], [85.36036, 28.23216], [85.3604, 28.23169], [85.36044, 28.23115], [85.36053, 28.23082], [85.36068, 28.23053], [85.36075, 28.23028], [85.36084, 28.23006], [85.36087, 28.22955], [85.361, 28.22892], [85.36103, 28.22852], [85.36101, 28.22804], [85.36098, 28.22766], [85.36099, 28.22739], [85.36107, 28.22666], [85.36108, 28.22645], [85.36109, 28.22589], [85.3611, 28.22552], [85.36112, 28.22516], [85.36117, 28.22476], [85.36112, 28.22438], [85.36104, 28.22417], [85.36093, 28.22376], [85.36091, 28.22344], [85.36085, 28.22313], [85.36082, 28.22293], [85.36078, 28.22277], [85.36069, 28.22263], [85.36054, 28.22246], [85.36036, 28.22219], [85.35999, 28.22183], [85.35994, 28.22177], [85.35975, 28.22158], [85.35955, 28.22139], [85.35932, 28.2213], [85.35911, 28.22126], [85.35888, 28.22116], [85.35874, 28.22108], [85.35866, 28.22093], [85.35857, 28.22075], [85.35847, 28.22053], [85.35823, 28.22024], [85.35807, 28.22003], [85.35779, 28.21979], [85.3576, 28.2196], [85.35739, 28.21936], [85.35719, 28.21909], [85.35688, 28.21882], [85.35659, 28.21859], [85.35641, 28.21846], [85.35625, 28.21827], [85.35596, 28.21798], [85.35577, 28.21774]]}}, {"type": "Feature", "properties": {"frac": 0.0489, "observed": true, "ext": false, "wid": "v004"}, "geometry": {"type": "LineString", "coordinates": [[85.35577, 28.21774], [85.35564, 28.21754], [85.35554, 28.21732], [85.35542, 28.21705], [85.35526, 28.21682], [85.35509, 28.21657], [85.35487, 28.21632], [85.3548, 28.21619], [85.3547, 28.21608], [85.35462, 28.21589], [85.3546, 28.21564], [85.35461, 28.21544], [85.35464, 28.21524], [85.35468, 28.21478], [85.35476, 28.21441], [85.35484, 28.21403], [85.35486, 28.21364], [85.35485, 28.21326], [85.35478, 28.21283], [85.3546, 28.21215], [85.35446, 28.21172], [85.35438, 28.2115], [85.35428, 28.21127], [85.3542, 28.21101], [85.35417, 28.21077], [85.3542, 28.21052], [85.35427, 28.21012], [85.35427, 28.20992], [85.35422, 28.20973], [85.35419, 28.2095], [85.35419, 28.20929], [85.35425, 28.20888], [85.35427, 28.2088], [85.35436, 28.20853], [85.35433, 28.20822], [85.35444, 28.2078], [85.35451, 28.20758], [85.35469, 28.20719], [85.35482, 28.20679], [85.35486, 28.20655], [85.35486, 28.20646], [85.3549, 28.20621], [85.35484, 28.20607], [85.3548, 28.20591], [85.35469, 28.20571], [85.35458, 28.20553], [85.35445, 28.2054], [85.35431, 28.20522], [85.35389, 28.20475], [85.35375, 28.20453], [85.35362, 28.20431], [85.35357, 28.20419], [85.35329, 28.20374], [85.3532, 28.20324], [85.35299, 28.20234], [85.35259, 28.20035], [85.35248, 28.19959], [85.35238, 28.19934], [85.35211, 28.199], [85.35195, 28.1986], [85.35182, 28.19802]]}}, {"type": "Feature", "properties": {"frac": 0.022, "observed": true, "ext": false, "wid": "v005"}, "geometry": {"type": "LineString", "coordinates": [[85.35182, 28.19802], [85.35159, 28.19761], [85.35147, 28.19747], [85.35128, 28.1973], [85.35105, 28.19714], [85.35094, 28.19705], [85.35076, 28.19687], [85.35059, 28.19659], [85.35035, 28.19568], [85.35023, 28.19528], [85.34977, 28.19421], [85.34913, 28.19343], [85.34891, 28.19201], [85.34871, 28.19169], [85.34834, 28.19116], [85.34749, 28.18973], [85.34675, 28.1887], [85.3461, 28.18793], [85.34592, 28.18746], [85.34577, 28.18679], [85.3458, 28.18622], [85.34519, 28.18561], [85.34454, 28.18495], [85.3441, 28.18404], [85.34392, 28.18364], [85.34381, 28.18318], [85.34369, 28.18278], [85.34372, 28.1824], [85.34369, 28.18232], [85.34361, 28.18216], [85.34342, 28.18208], [85.34311, 28.18198], [85.34292, 28.18174], [85.34276, 28.18116]]}}, {"type": "Feature", "properties": {"frac": null, "observed": false, "ext": true, "wid": "n236"}, "geometry": {"type": "LineString", "coordinates": [[85.26499, 27.70817], [85.26515, 27.7081], [85.26545, 27.70793], [85.26564, 27.70792], [85.26587, 27.70786]]}}, {"type": "Feature", "properties": {"frac": 0.0014, "observed": true, "ext": true, "wid": "n070"}, "geometry": {"type": "LineString", "coordinates": [[85.26587, 27.70786], [85.26614, 27.7077], [85.26658, 27.70739], [85.26701, 27.70718], [85.26724, 27.70712], [85.26747, 27.70706], [85.26775, 27.70688], [85.26788, 27.70678], [85.26823, 27.70653], [85.2685, 27.70639], [85.26888, 27.70624], [85.2692, 27.70605], [85.26958, 27.70569], [85.26973, 27.70564], [85.26991, 27.70564], [85.27014, 27.7057], [85.27023, 27.70581], [85.27026, 27.70596], [85.27025, 27.70611]]}}, {"type": "Feature", "properties": {"frac": 0.0002, "observed": true, "ext": true, "wid": "n073"}, "geometry": {"type": "LineString", "coordinates": [[85.61643, 27.70559], [85.61663, 27.70503], [85.61685, 27.70408], [85.61696, 27.70373], [85.61697, 27.70295], [85.61693, 27.70249], [85.61667, 27.70196], [85.61644, 27.70145], [85.6163, 27.70121], [85.61619, 27.70085], [85.61631, 27.70053], [85.61655, 27.70033], [85.61672, 27.70014], [85.6169, 27.70013], [85.6174, 27.6998], [85.6174, 27.69941], [85.61729, 27.69905], [85.6173, 27.69877], [85.61741, 27.69852], [85.61771, 27.69815], [85.61833, 27.69797], [85.61901, 27.69768], [85.61936, 27.69751], [85.61984, 27.69741], [85.62003, 27.69723], [85.62017, 27.69692], [85.62016, 27.69662], [85.62, 27.69642], [85.61989, 27.69608], [85.61954, 27.69557], [85.61935, 27.69521], [85.61942, 27.69485], [85.61916, 27.69453], [85.6189, 27.69438], [85.61872, 27.69413], [85.61898, 27.69366], [85.61916, 27.69331], [85.61955, 27.69328], [85.62029, 27.69344], [85.62102, 27.69345], [85.62143, 27.69337], [85.62167, 27.69304], [85.62181, 27.69275], [85.62184, 27.69241], [85.62199, 27.69203]]}}, {"type": "Feature", "properties": {"frac": 0.0005, "observed": true, "ext": true, "wid": "n074"}, "geometry": {"type": "LineString", "coordinates": [[85.62199, 27.69166], [85.62227, 27.69147], [85.62245, 27.69143], [85.62283, 27.69143], [85.62295, 27.69131], [85.62303, 27.69093], [85.62314, 27.69065], [85.62356, 27.69005], [85.62381, 27.68949], [85.62394, 27.6891], [85.62395, 27.68892], [85.62388, 27.68877], [85.62403, 27.68807], [85.62422, 27.68791], [85.62448, 27.68778], [85.62462, 27.68767], [85.62522, 27.68691], [85.62551, 27.68648], [85.62553, 27.68631], [85.62585, 27.68571], [85.62605, 27.68539], [85.6261, 27.68486], [85.62651, 27.68435], [85.62671, 27.68384], [85.6267, 27.68358], [85.62677, 27.6833], [85.62706, 27.68309], [85.62755, 27.68278], [85.62769, 27.68243], [85.62833, 27.68207], [85.62845, 27.68195], [85.62879, 27.68169], [85.62904, 27.68133], [85.62908, 27.6809], [85.62902, 27.68068], [85.62879, 27.68057], [85.62841, 27.68055], [85.62789, 27.68054], [85.62755, 27.68044], [85.62744, 27.68031], [85.6275, 27.68024], [85.62764, 27.68007], [85.62781, 27.67999], [85.62785, 27.67979], [85.62774, 27.67946], [85.62736, 27.67912], [85.62746, 27.67896], [85.62732, 27.67868], [85.62749, 27.6782], [85.6277, 27.6778], [85.62797, 27.67745], [85.62836, 27.67714], [85.6288, 27.67697], [85.62931, 27.67686], [85.62963, 27.67672], [85.62984, 27.67655], [85.63003, 27.67632], [85.63016, 27.67587], [85.63015, 27.67566], [85.63019, 27.6753], [85.63034, 27.6749], [85.6306, 27.67447], [85.6308, 27.67408], [85.63117, 27.67364], [85.63141, 27.67338], [85.63169, 27.67324], [85.63244, 27.67312], [85.63382, 27.67303], [85.63424, 27.67311], [85.6346, 27.67306], [85.63486, 27.67298], [85.63501, 27.67285], [85.63522, 27.67242], [85.63525, 27.67202], [85.63527, 27.67135], [85.63527, 27.67129], [85.63526, 27.6702], [85.63526, 27.67002], [85.63553, 27.66965], [85.63627, 27.66888], [85.63642, 27.66874], [85.63696, 27.66849], [85.63774, 27.66809], [85.63832, 27.66772]]}}, {"type": "Feature", "properties": {"frac": 0.0083, "observed": true, "ext": true, "wid": "n075"}, "geometry": {"type": "LineString", "coordinates": [[85.63832, 27.66772], [85.6385, 27.66744], [85.63859, 27.66721], [85.63861, 27.66655], [85.6386, 27.66626], [85.63875, 27.66585], [85.63915, 27.66559], [85.63951, 27.66532], [85.63998, 27.66489], [85.64043, 27.66478], [85.64091, 27.66473], [85.64128, 27.66478], [85.64143, 27.6651], [85.64136, 27.66532], [85.64126, 27.66563], [85.64115, 27.66588], [85.64116, 27.66616], [85.64148, 27.66613], [85.64165, 27.66601], [85.64212, 27.66588], [85.64263, 27.6657], [85.64324, 27.66564], [85.6438, 27.66553], [85.64441, 27.66545], [85.64537, 27.66542], [85.6459, 27.66559], [85.64627, 27.66564], [85.64671, 27.66573], [85.64701, 27.6658], [85.64715, 27.66573], [85.64725, 27.66562], [85.6474, 27.66552], [85.64766, 27.66555], [85.64772, 27.66571], [85.64772, 27.66581], [85.64762, 27.66601], [85.64748, 27.66611], [85.64737, 27.66617], [85.64737, 27.66626], [85.64744, 27.66631], [85.64752, 27.66634], [85.64768, 27.66643], [85.64802, 27.66653], [85.64851, 27.66648], [85.64903, 27.66654], [85.64918, 27.66651], [85.64927, 27.66634], [85.64924, 27.66614], [85.64911, 27.66585], [85.64905, 27.66553], [85.64923, 27.66527], [85.64941, 27.66514], [85.64958, 27.66499], [85.64985, 27.66491], [85.65013, 27.66505], [85.65024, 27.66523], [85.65042, 27.66537], [85.6508, 27.66553], [85.65103, 27.66547], [85.65121, 27.66531], [85.65169, 27.66496], [85.65181, 27.66479], [85.6521, 27.66455], [85.65217, 27.66445], [85.65226, 27.6643], [85.65232, 27.66387], [85.65272, 27.66359], [85.65292, 27.66349], [85.65324, 27.66341], [85.65362, 27.6634], [85.65404, 27.66331], [85.65436, 27.66322], [85.65465, 27.66299], [85.65488, 27.66273], [85.65501, 27.66247], [85.65512, 27.66217], [85.65536, 27.6623], [85.65559, 27.66242], [85.65577, 27.6625], [85.65599, 27.66248], [85.65604, 27.66212], [85.65604, 27.66175], [85.65613, 27.66141], [85.65626, 27.66113], [85.65648, 27.66086], [85.65699, 27.66082], [85.65768, 27.66036], [85.65789, 27.66019], [85.6582, 27.65999], [85.65906, 27.65982], [85.65969, 27.65956], [85.66034, 27.65909], [85.66082, 27.65904], [85.66126, 27.65924], [85.66158, 27.65931], [85.66201, 27.65925], [85.66224, 27.65907], [85.6622, 27.65865], [85.66197, 27.65827], [85.66151, 27.65764], [85.66135, 27.65701], [85.6614, 27.65687], [85.66142, 27.6568], [85.66162, 27.65669], [85.6619, 27.65672], [85.66236, 27.65699], [85.66277, 27.6571], [85.66337, 27.65704], [85.66398, 27.65676], [85.66412, 27.65659], [85.66422, 27.65639], [85.66425, 27.65612], [85.66422, 27.65582], [85.66439, 27.65564], [85.66448, 27.65556], [85.66474, 27.65555], [85.66495, 27.65546], [85.66521, 27.65543], [85.66564, 27.65539], [85.66621, 27.6553]]}}, {"type": "Feature", "properties": {"frac": 0.0018, "observed": true, "ext": true, "wid": "n076"}, "geometry": {"type": "LineString", "coordinates": [[85.66807, 27.65525], [85.66836, 27.65518], [85.66873, 27.65518], [85.66916, 27.655], [85.66953, 27.65465], [85.66979, 27.65453], [85.67038, 27.65424], [85.67041, 27.654], [85.67047, 27.65363], [85.67077, 27.65328], [85.67091, 27.65302], [85.67113, 27.6529], [85.67132, 27.6527], [85.67157, 27.65259], [85.67193, 27.6523], [85.67201, 27.6521], [85.6723, 27.6519], [85.67275, 27.65189], [85.6731, 27.652], [85.67354, 27.65203], [85.67398, 27.65205], [85.67552, 27.65139], [85.67639, 27.65104], [85.67697, 27.65072], [85.67712, 27.65073], [85.67731, 27.65075], [85.67744, 27.65076], [85.67769, 27.65076], [85.67784, 27.65081], [85.67801, 27.65085], [85.67809, 27.65087], [85.67813, 27.65089], [85.67818, 27.65089], [85.67821, 27.65088], [85.67826, 27.65084], [85.6783, 27.65067], [85.67836, 27.65049], [85.67852, 27.65025], [85.67856, 27.6501], [85.67861, 27.64989], [85.67876, 27.6496], [85.6789, 27.6495], [85.67917, 27.64944], [85.67946, 27.64947], [85.68006, 27.64953], [85.68046, 27.64959], [85.68119, 27.64959], [85.68177, 27.64929], [85.68228, 27.64938], [85.68276, 27.64949], [85.68331, 27.64991], [85.68344, 27.64994], [85.68356, 27.6499], [85.68362, 27.64973], [85.68364, 27.64946], [85.6837, 27.64898], [85.68391, 27.64876], [85.68406, 27.64864], [85.68435, 27.64857], [85.68455, 27.64856], [85.68472, 27.64865], [85.68491, 27.64886], [85.68493, 27.64916], [85.68487, 27.64939], [85.68481, 27.64986], [85.68471, 27.65005], [85.68472, 27.65041], [85.68478, 27.65049], [85.68485, 27.65054], [85.68499, 27.65081], [85.68509, 27.65118], [85.68546, 27.65136], [85.68578, 27.65118], [85.68608, 27.65056], [85.68616, 27.65042], [85.68625, 27.65032], [85.68626, 27.65022], [85.68624, 27.65011], [85.68619, 27.64995], [85.68621, 27.6496], [85.68651, 27.64938], [85.68705, 27.64918], [85.68913, 27.64895], [85.68838, 27.64908], [85.68955, 27.6489], [85.68991, 27.64885], [85.69053, 27.64844], [85.69102, 27.6482], [85.69118, 27.64802], [85.69141, 27.64783], [85.6917, 27.64782], [85.69201, 27.64787], [85.69226, 27.64809], [85.69257, 27.64859], [85.69287, 27.6489], [85.69322, 27.64908], [85.69343, 27.6491], [85.69365, 27.64877], [85.69419, 27.64876]]}}, {"type": "Feature", "properties": {"frac": 0.0021, "observed": true, "ext": true, "wid": "n158"}, "geometry": {"type": "LineString", "coordinates": [[85.69419, 27.64876], [85.69454, 27.64886], [85.69501, 27.64878], [85.69542, 27.6486], [85.69623, 27.64825], [85.69662, 27.64794], [85.69735, 27.64752], [85.69776, 27.64746], [85.69808, 27.6476], [85.69858, 27.64752], [85.69907, 27.6472], [85.69968, 27.64684], [85.70056, 27.64658], [85.70167, 27.64617], [85.70204, 27.64588], [85.70264, 27.64565], [85.70307, 27.64534], [85.70332, 27.64493], [85.7034, 27.64466], [85.70363, 27.64335]]}}, {"type": "Feature", "properties": {"frac": 0.0087, "observed": true, "ext": true, "wid": "n077"}, "geometry": {"type": "LineString", "coordinates": [[85.53308, 27.75508], [85.53328, 27.75508], [85.53353, 27.75517], [85.5338, 27.75561], [85.53405, 27.7558], [85.5345, 27.7561], [85.53472, 27.75616], [85.53511, 27.75615], [85.53555, 27.75607], [85.53578, 27.7562], [85.53626, 27.75617], [85.53639, 27.75603], [85.53653, 27.75589], [85.53704, 27.75569], [85.53755, 27.75568], [85.53776, 27.7555], [85.53801, 27.75536], [85.53858, 27.7553], [85.53872, 27.75514], [85.53896, 27.7549], [85.53919, 27.75487], [85.53936, 27.75498], [85.53994, 27.755], [85.54031, 27.7549], [85.54055, 27.75466], [85.54085, 27.75433], [85.54091, 27.75425], [85.54111, 27.75414], [85.54121, 27.75418], [85.54134, 27.75424], [85.54156, 27.75448], [85.54172, 27.75465], [85.54212, 27.755], [85.54244, 27.75514], [85.54273, 27.75502], [85.54315, 27.75532], [85.54339, 27.75588], [85.54381, 27.75587], [85.54409, 27.75602], [85.54431, 27.75624], [85.54431, 27.75653], [85.54449, 27.7566], [85.54473, 27.75638], [85.54499, 27.75624], [85.54578, 27.75624], [85.54608, 27.75621], [85.54628, 27.75609], [85.54649, 27.75591], [85.54702, 27.75581], [85.54738, 27.75582], [85.54769, 27.75603], [85.54804, 27.75633], [85.54843, 27.75636], [85.54873, 27.75617], [85.54905, 27.75613], [85.54938, 27.75628]]}}, {"type": "Feature", "properties": {"frac": 0.0007, "observed": true, "ext": true, "wid": "n078"}, "geometry": {"type": "LineString", "coordinates": [[85.5513, 27.75738], [85.55229, 27.75725], [85.55315, 27.75692], [85.55403, 27.75688], [85.55468, 27.75673], [85.55534, 27.75671], [85.55573, 27.75682], [85.55614, 27.75671], [85.55656, 27.75699], [85.55746, 27.75694], [85.55801, 27.75662], [85.55841, 27.75643], [85.55879, 27.75689], [85.55899, 27.75731], [85.55971, 27.75751], [85.56011, 27.75731], [85.56055, 27.75694], [85.56094, 27.75599], [85.56114, 27.75593], [85.56166, 27.75582], [85.56202, 27.75577], [85.56232, 27.75541], [85.56253, 27.75512], [85.56307, 27.75473], [85.5637, 27.75463], [85.5643, 27.75442], [85.56466, 27.75445], [85.56489, 27.75429], [85.56517, 27.75421], [85.56538, 27.75442], [85.56549, 27.7549], [85.56565, 27.75508], [85.56604, 27.75492], [85.56631, 27.75471], [85.56675, 27.7544], [85.5671, 27.7539], [85.56737, 27.75379], [85.56818, 27.7539], [85.56856, 27.7539], [85.56893, 27.75372], [85.56961, 27.75349], [85.56984, 27.75317], [85.57032, 27.75277], [85.57058, 27.75247], [85.57102, 27.75224], [85.57142, 27.75202], [85.57173, 27.75191], [85.57213, 27.75171], [85.57232, 27.75158], [85.57248, 27.75142], [85.57252, 27.75126], [85.57253, 27.75098], [85.57265, 27.75085], [85.57296, 27.75078], [85.57329, 27.75083], [85.57384, 27.75053], [85.57488, 27.75064], [85.5752, 27.75033], [85.57568, 27.75039], [85.57584, 27.75039], [85.57602, 27.75029], [85.57604, 27.75009], [85.57614, 27.74989], [85.57634, 27.74969], [85.57667, 27.74953], [85.57698, 27.7496], [85.57765, 27.74931], [85.57809, 27.74951], [85.57834, 27.74988], [85.57877, 27.7501], [85.57938, 27.74975], [85.57985, 27.74966], [85.58003, 27.74977], [85.58008, 27.7499], [85.58021, 27.75021], [85.58053, 27.75044], [85.58063, 27.75048], [85.58071, 27.75048], [85.58084, 27.75053], [85.58155, 27.75047], [85.58182, 27.75036], [85.58219, 27.74987], [85.58225, 27.74983]]}}, {"type": "Feature", "properties": {"frac": 0.0008, "observed": true, "ext": true, "wid": "n154"}, "geometry": {"type": "LineString", "coordinates": [[85.59015, 27.74684], [85.59044, 27.74642], [85.59072, 27.7461], [85.59096, 27.74583], [85.5913, 27.74571], [85.59158, 27.74548], [85.59217, 27.74532], [85.5935, 27.74467], [85.59386, 27.74438], [85.59422, 27.74425], [85.59499, 27.74424], [85.59573, 27.74427], [85.59662, 27.7443]]}}, {"type": "Feature", "properties": {"frac": 0.0221, "observed": true, "ext": true, "wid": "n079"}, "geometry": {"type": "LineString", "coordinates": [[85.50786, 27.76846], [85.50807, 27.76836], [85.50833, 27.76825], [85.50863, 27.76816], [85.50949, 27.76816], [85.50982, 27.76816], [85.51018, 27.7682], [85.51053, 27.76819], [85.51103, 27.76841], [85.51105, 27.76867], [85.51092, 27.7688], [85.51087, 27.76905], [85.511, 27.76921], [85.51112, 27.76928], [85.5113, 27.76918], [85.51143, 27.76905], [85.51159, 27.76906], [85.51172, 27.76907], [85.51216, 27.76931], [85.51256, 27.76937], [85.51282, 27.76931], [85.51301, 27.76928], [85.51322, 27.76921], [85.51345, 27.7692], [85.51384, 27.7694], [85.51397, 27.76927], [85.51429, 27.76916], [85.51451, 27.76923], [85.51474, 27.76946], [85.51496, 27.76969], [85.51562, 27.76965], [85.51628, 27.76987], [85.51694, 27.77005], [85.51699, 27.77018], [85.51706, 27.77049], [85.517, 27.7708], [85.5169, 27.77111], [85.51685, 27.77118], [85.51685, 27.77141], [85.51703, 27.77145], [85.51714, 27.77147], [85.51733, 27.77166], [85.51733, 27.77196], [85.51736, 27.77228], [85.51752, 27.77254], [85.51768, 27.77271], [85.51774, 27.77293], [85.5177, 27.77299], [85.51774, 27.77311], [85.51785, 27.77308], [85.51792, 27.77301], [85.51827, 27.77293], [85.51851, 27.77284], [85.51874, 27.7729], [85.51886, 27.77332], [85.51892, 27.77341], [85.51911, 27.77354], [85.51935, 27.77362], [85.5195, 27.77382], [85.51948, 27.77392], [85.51947, 27.77418], [85.51952, 27.77439], [85.51967, 27.77459], [85.51993, 27.77475], [85.52005, 27.77493], [85.52009, 27.77508], [85.52039, 27.77542], [85.52066, 27.77573], [85.52092, 27.77586], [85.52108, 27.77597], [85.52125, 27.77605]]}}, {"type": "Feature", "properties": {"frac": 0.0022, "observed": true, "ext": true, "wid": "n080"}, "geometry": {"type": "LineString", "coordinates": [[85.52125, 27.77605], [85.52161, 27.77599], [85.52179, 27.77594], [85.52214, 27.77602], [85.52281, 27.77633], [85.52308, 27.77637], [85.52337, 27.77626], [85.52351, 27.77626], [85.52377, 27.77633], [85.52418, 27.77659], [85.52442, 27.77696], [85.52438, 27.77707], [85.52429, 27.77732], [85.52503, 27.77797], [85.52541, 27.77808], [85.52569, 27.77807], [85.52582, 27.77812], [85.52605, 27.77825], [85.52628, 27.77864], [85.52635, 27.77896], [85.52643, 27.77925], [85.52677, 27.77952], [85.52749, 27.77981], [85.52789, 27.77974], [85.52805, 27.77951], [85.52823, 27.7793], [85.52833, 27.77929], [85.52879, 27.77943], [85.52912, 27.77959], [85.52942, 27.78004], [85.52954, 27.78016], [85.52965, 27.78015], [85.5299, 27.78013], [85.53007, 27.78021], [85.5302, 27.7803], [85.53042, 27.78038], [85.53063, 27.78044], [85.5307, 27.78061], [85.53066, 27.78084], [85.53059, 27.78097], [85.53045, 27.78117], [85.53056, 27.78134], [85.53083, 27.78141], [85.53094, 27.7814], [85.53135, 27.78133], [85.53161, 27.78149], [85.53164, 27.78169], [85.53153, 27.78182], [85.53132, 27.78197], [85.53094, 27.7821], [85.53061, 27.78227], [85.5306, 27.7825], [85.53108, 27.78277], [85.53134, 27.78273], [85.5315, 27.78261], [85.53176, 27.78268], [85.53202, 27.7827], [85.53216, 27.78268], [85.53245, 27.7827], [85.53257, 27.78252], [85.53284, 27.78237], [85.53462, 27.78353], [85.53495, 27.78382], [85.53497, 27.78399], [85.53511, 27.7842], [85.53532, 27.78438], [85.53549, 27.7847], [85.53569, 27.78483], [85.53593, 27.78481], [85.53609, 27.78491], [85.53622, 27.78498], [85.53641, 27.78489], [85.53664, 27.78489], [85.53678, 27.78506], [85.53695, 27.78522], [85.5372, 27.78521], [85.53745, 27.78487], [85.53777, 27.78478], [85.53805, 27.78492], [85.5383, 27.78508], [85.53848, 27.78545], [85.53871, 27.78572], [85.53895, 27.78569], [85.53926, 27.78566], [85.53955, 27.78576], [85.53976, 27.7859], [85.54004, 27.78589], [85.54041, 27.78588], [85.54053, 27.78588], [85.54098, 27.78591], [85.54131, 27.78582], [85.54154, 27.78589], [85.54168, 27.786], [85.54186, 27.7861], [85.542, 27.78612], [85.54218, 27.7861], [85.54242, 27.786], [85.54267, 27.78586], [85.54293, 27.78577], [85.54323, 27.78573], [85.54357, 27.78552], [85.54397, 27.7852], [85.54439, 27.78516], [85.54486, 27.78528], [85.54511, 27.78509], [85.54509, 27.78411], [85.54501, 27.78373], [85.54511, 27.78362], [85.54519, 27.78357], [85.54542, 27.78363], [85.54609, 27.78386], [85.54671, 27.78409], [85.54714, 27.78398], [85.54721, 27.7837], [85.54702, 27.78328], [85.54696, 27.7831], [85.5471, 27.78282], [85.54716, 27.78277], [85.54747, 27.78279], [85.54781, 27.78289], [85.54804, 27.78282], [85.54813, 27.78236], [85.54815, 27.78225], [85.54812, 27.78198], [85.54832, 27.78193], [85.54853, 27.78197], [85.54874, 27.78192]]}}, {"type": "Feature", "properties": {"frac": 0.0069, "observed": true, "ext": true, "wid": "n081"}, "geometry": {"type": "LineString", "coordinates": [[85.54874, 27.78192], [85.54891, 27.78168], [85.54902, 27.78143], [85.54924, 27.78136], [85.54946, 27.78139], [85.54994, 27.7811], [85.55023, 27.78078], [85.55058, 27.78111], [85.55086, 27.78118], [85.55103, 27.7811], [85.55119, 27.78065], [85.55119, 27.78011], [85.55138, 27.77975], [85.5516, 27.77973], [85.55199, 27.77979], [85.55211, 27.77957], [85.55215, 27.77922], [85.5523, 27.7791], [85.55288, 27.77896], [85.55351, 27.77863], [85.55402, 27.7781], [85.55404, 27.77745], [85.55393, 27.77714], [85.55387, 27.77695], [85.55402, 27.7768], [85.55421, 27.77674], [85.55452, 27.77685], [85.55478, 27.77703], [85.55529, 27.77699], [85.55561, 27.77692], [85.55619, 27.77692], [85.55672, 27.77702], [85.55771, 27.77707], [85.55822, 27.7772], [85.55848, 27.77736], [85.55858, 27.77764], [85.55866, 27.77799], [85.55873, 27.77837], [85.55881, 27.77851], [85.55932, 27.77872], [85.56031, 27.77912], [85.56189, 27.77972], [85.56242, 27.77993], [85.5626, 27.78027], [85.56271, 27.78069], [85.5631, 27.78097], [85.56353, 27.78099], [85.56392, 27.78106], [85.56417, 27.78097], [85.56442, 27.78092], [85.56483, 27.78102], [85.56507, 27.78122], [85.56537, 27.7815], [85.56549, 27.78187], [85.5655, 27.78218], [85.5656, 27.78246], [85.56571, 27.78258], [85.56587, 27.78268], [85.56623, 27.78262], [85.56669, 27.78259], [85.56696, 27.78253], [85.56713, 27.7824], [85.56723, 27.78217], [85.5676, 27.78216], [85.56795, 27.78228], [85.56812, 27.78238], [85.56832, 27.78244], [85.56857, 27.78256], [85.56888, 27.78258], [85.56919, 27.78257], [85.56951, 27.78243], [85.57002, 27.78214], [85.57025, 27.78199], [85.57063, 27.78183], [85.57119, 27.78183], [85.57191, 27.7823], [85.57239, 27.78257], [85.57302, 27.78293]]}}, {"type": "Feature", "properties": {"frac": 0.0007, "observed": true, "ext": true, "wid": "n227"}, "geometry": {"type": "LineString", "coordinates": [[85.55829, 27.79384], [85.55872, 27.79361], [85.55931, 27.79341]]}}, {"type": "Feature", "properties": {"frac": 0.0181, "observed": true, "ext": true, "wid": "n082"}, "geometry": {"type": "LineString", "coordinates": [[85.03458, 27.89481], [85.03496, 27.89459], [85.0353, 27.89454], [85.03644, 27.89421], [85.03705, 27.89406], [85.03771, 27.89388], [85.03817, 27.89391], [85.03849, 27.89383], [85.03885, 27.89363], [85.03911, 27.89349], [85.03945, 27.89344], [85.03993, 27.8934], [85.04024, 27.89351], [85.04042, 27.89345], [85.04127, 27.89343], [85.04168, 27.89326], [85.04232, 27.8927], [85.04231, 27.89249], [85.04202, 27.89236], [85.04169, 27.89168], [85.04176, 27.89127], [85.04201, 27.89112], [85.04228, 27.89076], [85.04198, 27.89034], [85.04189, 27.89021], [85.04184, 27.88981], [85.04199, 27.88947], [85.04236, 27.88936], [85.04306, 27.88967], [85.04359, 27.88961], [85.04413, 27.88939], [85.04438, 27.88937], [85.04462, 27.88963], [85.04492, 27.88974], [85.04516, 27.88968], [85.04561, 27.88917], [85.04619, 27.88902], [85.04636, 27.88886]]}}, {"type": "Feature", "properties": {"frac": 0.0047, "observed": true, "ext": true, "wid": "n083"}, "geometry": {"type": "LineString", "coordinates": [[85.04636, 27.88886], [85.0464, 27.8886], [85.04621, 27.88824], [85.04592, 27.88815], [85.04525, 27.88819], [85.04506, 27.88811], [85.04515, 27.88781], [85.0452, 27.88731], [85.04556, 27.88694], [85.04586, 27.88666], [85.04603, 27.88637], [85.04634, 27.8861], [85.04634, 27.88593], [85.04621, 27.88572], [85.04591, 27.88546], [85.04574, 27.88507], [85.04579, 27.8848], [85.04549, 27.8846], [85.04475, 27.88448], [85.0444, 27.88419], [85.04365, 27.88362], [85.04315, 27.8833], [85.0424, 27.88248], [85.04218, 27.88229], [85.04205, 27.88217], [85.04204, 27.88203], [85.04209, 27.88171], [85.04223, 27.88142], [85.04218, 27.88124], [85.04208, 27.8811], [85.04146, 27.881], [85.04081, 27.88076], [85.04071, 27.88062], [85.04076, 27.88025], [85.04095, 27.88012], [85.04151, 27.88041], [85.0417, 27.88049], [85.0418, 27.88052], [85.04189, 27.88053], [85.04199, 27.88052], [85.04228, 27.88027], [85.04269, 27.87955], [85.04269, 27.87892], [85.04266, 27.8787], [85.04265, 27.87862], [85.04247, 27.87795], [85.0426, 27.87772], [85.04286, 27.87731], [85.04308, 27.87708], [85.04337, 27.87681], [85.04406, 27.87662], [85.04447, 27.8767], [85.04475, 27.87696], [85.04505, 27.87737], [85.04523, 27.87744], [85.04561, 27.87721], [85.04663, 27.87674], [85.04718, 27.87674], [85.04739, 27.87657], [85.04753, 27.87631], [85.04791, 27.87619], [85.04837, 27.8765], [85.04898, 27.87688], [85.04956, 27.87679], [85.05027, 27.87684], [85.05201, 27.87677], [85.05268, 27.87688], [85.05354, 27.87729], [85.05484, 27.87765], [85.05516, 27.87757]]}}, {"type": "Feature", "properties": {"frac": 0.0057, "observed": true, "ext": true, "wid": "n084"}, "geometry": {"type": "LineString", "coordinates": [[85.05516, 27.87757], [85.05563, 27.87734], [85.05807, 27.87705], [85.05969, 27.8774], [85.0601, 27.87691], [85.06056, 27.8768], [85.06172, 27.87606], [85.06252, 27.87602], [85.06292, 27.87602], [85.06318, 27.8765], [85.06367, 27.87665], [85.06406, 27.87636], [85.06427, 27.8759], [85.06569, 27.8756], [85.06628, 27.87571], [85.06618, 27.87589], [85.06616, 27.87609], [85.0662, 27.87628], [85.06631, 27.87646], [85.06648, 27.87659], [85.06737, 27.87642], [85.06881, 27.87651], [85.06997, 27.87645], [85.07028, 27.87629], [85.06986, 27.87551], [85.06933, 27.87505], [85.06932, 27.87458], [85.06864, 27.8742], [85.06777, 27.87423], [85.06728, 27.87358], [85.06723, 27.87346], [85.06724, 27.87334], [85.06729, 27.87322], [85.06738, 27.87313], [85.0675, 27.87307], [85.06764, 27.87305], [85.06778, 27.87307], [85.0679, 27.87314], [85.06846, 27.87316], [85.06882, 27.87294], [85.06921, 27.87292], [85.06942, 27.87277], [85.06956, 27.87256], [85.06963, 27.87233], [85.06961, 27.87209], [85.06937, 27.87186], [85.06921, 27.87158], [85.06917, 27.87127], [85.06923, 27.87096], [85.06941, 27.87068], [85.06948, 27.87036], [85.06921, 27.86996], [85.06918, 27.86951], [85.06889, 27.86925], [85.06839, 27.86969], [85.0682, 27.86962], [85.06804, 27.86951], [85.06793, 27.86935], [85.06788, 27.86918], [85.06789, 27.869], [85.06796, 27.86883], [85.06809, 27.86869], [85.0683, 27.86832], [85.06836, 27.86791], [85.06825, 27.86751], [85.068, 27.86717], [85.06753, 27.86685], [85.06719, 27.86642], [85.06701, 27.86592], [85.06702, 27.86539]]}}, {"type": "Feature", "properties": {"frac": 0.0511, "observed": true, "ext": false, "wid": "v034"}, "geometry": {"type": "LineString", "coordinates": [[85.06702, 27.86539], [85.06734, 27.86435], [85.06797, 27.86343], [85.06805, 27.86293], [85.06756, 27.86259], [85.06753, 27.86191], [85.06755, 27.86183], [85.06786, 27.86092], [85.0679, 27.86075], [85.06789, 27.86058], [85.06782, 27.86041], [85.06769, 27.86028], [85.06752, 27.86019], [85.06733, 27.86014], [85.06649, 27.86016], [85.06548, 27.8598], [85.06412, 27.85924], [85.06377, 27.8591], [85.06315, 27.85903], [85.06267, 27.85921], [85.06244, 27.85935], [85.0623, 27.85942], [85.06224, 27.85945], [85.06174, 27.8594]]}}, {"type": "Feature", "properties": {"frac": 0.0013, "observed": true, "ext": true, "wid": "n085"}, "geometry": {"type": "LineString", "coordinates": [[85.66999, 27.80298], [85.67028, 27.80213], [85.67042, 27.80124], [85.67042, 27.80026], [85.67038, 27.8001], [85.67021, 27.80002], [85.66999, 27.80005], [85.66978, 27.80002], [85.6695, 27.79986], [85.66942, 27.79971], [85.66939, 27.79955], [85.66947, 27.79938], [85.66957, 27.79922], [85.66972, 27.79895], [85.66987, 27.79861], [85.67004, 27.79801], [85.67008, 27.79726], [85.67007, 27.79705], [85.67011, 27.79691], [85.67022, 27.79681], [85.6704, 27.79668], [85.67065, 27.79662], [85.67123, 27.79662], [85.67149, 27.79659], [85.6717, 27.7965], [85.67189, 27.79622], [85.67194, 27.79564], [85.67213, 27.79528], [85.67237, 27.79495], [85.67272, 27.79466], [85.6731, 27.79454], [85.67349, 27.79446], [85.67389, 27.79432], [85.674, 27.7942], [85.67411, 27.79404], [85.67464, 27.79369], [85.67497, 27.79351], [85.67565, 27.79286], [85.67589, 27.79246], [85.67589, 27.79245], [85.67589, 27.79245], [85.676, 27.79197], [85.67597, 27.79152], [85.67579, 27.79118], [85.67571, 27.79102], [85.67566, 27.79093], [85.67565, 27.79085], [85.67569, 27.79074], [85.67575, 27.79065], [85.67585, 27.79052], [85.67589, 27.79048], [85.67617, 27.79011], [85.67628, 27.78979], [85.67617, 27.78937]]}}, {"type": "Feature", "properties": {"frac": 0.0035, "observed": true, "ext": true, "wid": "n086"}, "geometry": {"type": "LineString", "coordinates": [[85.67609, 27.78735], [85.67614, 27.78689], [85.67586, 27.78642], [85.67497, 27.78569], [85.67471, 27.7854], [85.67445, 27.78505], [85.67429, 27.78469], [85.67422, 27.78431], [85.67422, 27.78431], [85.67422, 27.7843], [85.67424, 27.7838], [85.67431, 27.78331], [85.67459, 27.78266], [85.67471, 27.78246], [85.67519, 27.78205], [85.67527, 27.78194], [85.67528, 27.78176], [85.67523, 27.78156], [85.67515, 27.78136], [85.67495, 27.78106], [85.6747, 27.78077], [85.67461, 27.78059], [85.67461, 27.78044], [85.67466, 27.78031], [85.67497, 27.77997], [85.6755, 27.77898], [85.6755, 27.77891], [85.67547, 27.77881], [85.67521, 27.77835], [85.67522, 27.77822], [85.67527, 27.77805], [85.67534, 27.77784], [85.67532, 27.77762], [85.67528, 27.77749], [85.67508, 27.77736], [85.67496, 27.77733], [85.67481, 27.77735], [85.67464, 27.77745], [85.67441, 27.77753], [85.67425, 27.77756], [85.67416, 27.77755], [85.67402, 27.77741], [85.67401, 27.77721], [85.67409, 27.77709], [85.67465, 27.77678], [85.67505, 27.77646], [85.67539, 27.77603], [85.67546, 27.77587], [85.67545, 27.77571], [85.67544, 27.77545], [85.67544, 27.77533], [85.67547, 27.77524], [85.67606, 27.77459], [85.6763, 27.77404], [85.67653, 27.77366], [85.67663, 27.77341], [85.67666, 27.77304], [85.67667, 27.77286], [85.67672, 27.77273], [85.67683, 27.77262], [85.67696, 27.7725], [85.67696, 27.7724], [85.67689, 27.77221], [85.67682, 27.77208], [85.67667, 27.77197], [85.67642, 27.77171], [85.67626, 27.77154], [85.67619, 27.77145], [85.67612, 27.7714], [85.67601, 27.77139], [85.67579, 27.77144], [85.67563, 27.77144], [85.67547, 27.77138], [85.67532, 27.77124], [85.67524, 27.77105], [85.67521, 27.77085], [85.67527, 27.77065], [85.67536, 27.7705], [85.67555, 27.77038], [85.67582, 27.77034], [85.67594, 27.77029], [85.67608, 27.77015], [85.67619, 27.76994], [85.67627, 27.7698], [85.67637, 27.76967], [85.67671, 27.76954], [85.67704, 27.76942], [85.67707, 27.7694], [85.67709, 27.76938], [85.67708, 27.76934], [85.67705, 27.7693], [85.67678, 27.76908], [85.67663, 27.76894], [85.6765, 27.76877], [85.67641, 27.76859], [85.67636, 27.76835], [85.67638, 27.76826], [85.67642, 27.76815], [85.67652, 27.7681], [85.677, 27.7679], [85.67709, 27.76785], [85.67716, 27.76776], [85.6772, 27.76768], [85.67718, 27.76763], [85.67713, 27.76757], [85.67701, 27.76747], [85.67674, 27.76737], [85.67648, 27.76725], [85.67645, 27.76722], [85.67642, 27.76715], [85.67639, 27.76687], [85.67631, 27.76652], [85.67629, 27.76632], [85.67632, 27.7661], [85.67637, 27.76587], [85.67638, 27.76571], [85.67634, 27.76557], [85.67625, 27.76545], [85.67597, 27.76534], [85.67563, 27.76525], [85.67535, 27.76511], [85.67508, 27.76491], [85.67468, 27.76458], [85.67451, 27.7644], [85.67442, 27.76432], [85.67438, 27.76428], [85.67437, 27.76421], [85.67439, 27.76413], [85.67449, 27.76403], [85.6747, 27.76395], [85.67509, 27.76377], [85.67537, 27.76364], [85.67552, 27.7635], [85.67562, 27.76335], [85.6757, 27.76319], [85.67572, 27.76306], [85.67565, 27.76295], [85.67553, 27.76287], [85.67514, 27.76272], [85.67494, 27.76262], [85.67477, 27.76251], [85.67451, 27.76229], [85.67424, 27.76195], [85.67414, 27.76184], [85.67408, 27.76171], [85.67405, 27.76157], [85.67406, 27.76143], [85.67428, 27.7607], [85.67445, 27.76017], [85.67452, 27.75951], [85.67466, 27.75902], [85.67467, 27.75883]]}}, {"type": "Feature", "properties": {"frac": 0.0003, "observed": true, "ext": true, "wid": "n087"}, "geometry": {"type": "LineString", "coordinates": [[85.67467, 27.75883], [85.67471, 27.75841], [85.67488, 27.75792], [85.6754, 27.75729], [85.67595, 27.75702], [85.67614, 27.75681], [85.67613, 27.75644], [85.67621, 27.75622], [85.67634, 27.75547], [85.67627, 27.75525], [85.67575, 27.75439], [85.67574, 27.75423], [85.67578, 27.75404], [85.67615, 27.75328], [85.67611, 27.75316], [85.67599, 27.75314], [85.67582, 27.75316], [85.67557, 27.7532], [85.67533, 27.75315], [85.67509, 27.75306], [85.67485, 27.75295], [85.67481, 27.75284], [85.67488, 27.75271], [85.675, 27.75256], [85.67521, 27.7525], [85.67563, 27.75239], [85.67585, 27.75227], [85.67599, 27.75206], [85.67609, 27.7516], [85.67605, 27.75105], [85.67606, 27.75086], [85.67613, 27.75064], [85.67619, 27.7505], [85.67641, 27.75024], [85.67643, 27.75022], [85.67701, 27.74941], [85.67796, 27.74834], [85.67829, 27.74783], [85.67846, 27.74761], [85.67853, 27.74741], [85.67846, 27.74711], [85.67842, 27.74679], [85.67822, 27.7464], [85.67818, 27.74623], [85.6782, 27.74607], [85.67831, 27.74578], [85.67855, 27.74547], [85.67875, 27.74528], [85.67911, 27.74487], [85.67929, 27.74461], [85.6793, 27.74452], [85.67929, 27.7444], [85.67921, 27.74428], [85.67842, 27.74388], [85.67828, 27.74361], [85.67823, 27.74348], [85.67874, 27.74292], [85.67886, 27.74263], [85.67869, 27.74197], [85.6782, 27.74112], [85.67804, 27.74059], [85.67795, 27.73983], [85.67773, 27.73945], [85.67758, 27.7391], [85.67776, 27.73877], [85.67822, 27.73844], [85.67847, 27.73823], [85.67851, 27.73799], [85.67842, 27.73777], [85.67838, 27.73755], [85.67855, 27.73713], [85.67861, 27.73681], [85.67865, 27.73649], [85.67865, 27.73601], [85.67862, 27.73555], [85.67851, 27.73521], [85.67833, 27.73491], [85.67804, 27.73462], [85.67778, 27.73433], [85.67739, 27.73363], [85.67729, 27.73304], [85.67733, 27.73227], [85.6774, 27.73167], [85.67744, 27.73146], [85.67741, 27.73128], [85.67722, 27.73102], [85.67698, 27.73074]]}}, {"type": "Feature", "properties": {"frac": 0.0003, "observed": true, "ext": true, "wid": "n088"}, "geometry": {"type": "LineString", "coordinates": [[85.67548, 27.72918], [85.67566, 27.7287], [85.67569, 27.72845], [85.67557, 27.72812], [85.67536, 27.72785], [85.6755, 27.72714], [85.67572, 27.7264], [85.67631, 27.72581], [85.67656, 27.72547], [85.67655, 27.72504], [85.67595, 27.72422], [85.67582, 27.72393], [85.67596, 27.72337], [85.676, 27.72253], [85.67631, 27.72164], [85.67631, 27.72138], [85.67605, 27.72127], [85.67517, 27.72118], [85.67503, 27.72102], [85.675, 27.72041], [85.67476, 27.7201], [85.6743, 27.71994], [85.67369, 27.71952], [85.67364, 27.71923], [85.67389, 27.71887], [85.67386, 27.71861], [85.67348, 27.71839], [85.67298, 27.71781], [85.67295, 27.71754], [85.67314, 27.71737], [85.67352, 27.71724], [85.67365, 27.71706], [85.6732, 27.71686], [85.67264, 27.71635], [85.67221, 27.71579], [85.67189, 27.71513], [85.67156, 27.71472], [85.67128, 27.71425], [85.67125, 27.7139], [85.67142, 27.71357], [85.67177, 27.71334], [85.67217, 27.71303], [85.67231, 27.71277], [85.67227, 27.71259], [85.67218, 27.71255], [85.67198, 27.71252], [85.67164, 27.71253], [85.67141, 27.71243], [85.67124, 27.7122], [85.67119, 27.71202], [85.67123, 27.71177], [85.67143, 27.71157], [85.67169, 27.71139], [85.67204, 27.71122], [85.67248, 27.71121], [85.67278, 27.71113], [85.6731, 27.71092], [85.67368, 27.71049], [85.67419, 27.71018], [85.67444, 27.70986], [85.67449, 27.70956], [85.6745, 27.7093], [85.67437, 27.70905], [85.67421, 27.70882], [85.674, 27.70865], [85.67399, 27.70864], [85.67376, 27.70859], [85.67353, 27.70851], [85.67329, 27.70837], [85.67302, 27.70818], [85.67284, 27.70796], [85.67281, 27.70766], [85.67283, 27.70742], [85.67291, 27.70725], [85.67288, 27.70702], [85.67256, 27.70622], [85.67252, 27.70519], [85.67248, 27.705], [85.67235, 27.70443], [85.67233, 27.70431]]}}, {"type": "Feature", "properties": {"frac": null, "observed": false, "ext": true, "wid": "n089"}, "geometry": {"type": "LineString", "coordinates": [[85.44214, 28.43827], [85.44246, 28.43787], [85.44252, 28.43763], [85.44293, 28.43742], [85.44323, 28.43694], [85.44333, 28.43646], [85.44329, 28.43602], [85.44315, 28.43567], [85.44278, 28.43513], [85.44264, 28.43475], [85.44266, 28.43435], [85.44294, 28.43371], [85.4434, 28.43296], [85.44373, 28.43214], [85.44376, 28.43181], [85.44343, 28.43143], [85.44323, 28.43098], [85.44327, 28.43039], [85.4432, 28.43019], [85.44297, 28.42999], [85.44292, 28.42968], [85.44299, 28.42921], [85.44298, 28.429], [85.4428, 28.42846], [85.44295, 28.42766], [85.44335, 28.42729], [85.44421, 28.42717], [85.44436, 28.42688], [85.44421, 28.4263], [85.44442, 28.42576], [85.44469, 28.42541], [85.4449, 28.425], [85.44492, 28.42462], [85.44511, 28.42414], [85.44542, 28.42385]]}}, {"type": "Feature", "properties": {"frac": null, "observed": false, "ext": true, "wid": "n090"}, "geometry": {"type": "LineString", "coordinates": [[85.44761, 28.422], [85.4472, 28.4217], [85.44667, 28.4214], [85.44654, 28.42112], [85.44656, 28.42082], [85.44696, 28.4203], [85.44708, 28.41997], [85.4472, 28.41968], [85.44719, 28.41937], [85.447, 28.41904], [85.44697, 28.41795], [85.4468, 28.41754], [85.44636, 28.41722], [85.44619, 28.41688], [85.44615, 28.41637], [85.44626, 28.41611], [85.44664, 28.41561], [85.44667, 28.41532], [85.44684, 28.415], [85.44735, 28.41472], [85.44746, 28.41454], [85.44723, 28.41413], [85.44729, 28.41361], [85.44736, 28.41345], [85.4478, 28.41307], [85.44789, 28.41266], [85.44777, 28.41209], [85.44785, 28.41154], [85.44771, 28.41133], [85.44703, 28.41071], [85.44697, 28.41045], [85.44683, 28.41026], [85.44635, 28.40986], [85.4462, 28.40939], [85.44627, 28.40883], [85.44655, 28.40839], [85.44683, 28.40802], [85.4471, 28.40754], [85.44748, 28.4076], [85.44778, 28.40749], [85.44806, 28.40722], [85.44814, 28.40702], [85.44826, 28.40694], [85.44855, 28.40688], [85.44867, 28.40673], [85.44863, 28.40651], [85.44843, 28.40627], [85.44854, 28.40603], [85.44865, 28.40525], [85.44857, 28.40486], [85.44861, 28.40386], [85.44855, 28.40341], [85.44842, 28.40296], [85.4482, 28.40279], [85.4482, 28.40254], [85.44832, 28.40238], [85.44837, 28.40185], [85.44817, 28.4016], [85.44818, 28.40108], [85.44838, 28.40063], [85.44834, 28.40033], [85.44811, 28.40003], [85.44809, 28.39965], [85.44832, 28.39928], [85.44885, 28.39893], [85.44914, 28.39855], [85.44951, 28.39848], [85.44991, 28.398], [85.44996, 28.39768], [85.45011, 28.39735], [85.45013, 28.3971], [85.45041, 28.39674], [85.45046, 28.39624], [85.45017, 28.39575], [85.44993, 28.39553], [85.44939, 28.39549], [85.44901, 28.39523], [85.44889, 28.39496], [85.44903, 28.39461], [85.44892, 28.39418], [85.449, 28.39391]]}}, {"type": "Feature", "properties": {"frac": null, "observed": false, "ext": true, "wid": "n267"}, "geometry": {"type": "LineString", "coordinates": [[85.449, 28.39391], [85.44931, 28.39342], [85.44931, 28.39307], [85.44945, 28.39228], [85.44916, 28.39189], [85.44891, 28.39167], [85.44882, 28.39149], [85.44862, 28.39127], [85.4486, 28.39109], [85.44882, 28.39079], [85.44881, 28.39048], [85.44898, 28.38996], [85.44888, 28.38934], [85.44871, 28.38918], [85.44865, 28.38884], [85.44853, 28.3886], [85.44864, 28.38804], [85.4486, 28.38773], [85.44869, 28.38721], [85.44861, 28.38674], [85.44858, 28.38601], [85.4487, 28.38576], [85.44873, 28.3855], [85.44858, 28.38483], [85.44844, 28.38446], [85.44831, 28.38385], [85.44812, 28.38361], [85.44806, 28.38337], [85.44816, 28.38235], [85.4479, 28.38199], [85.4478, 28.38171], [85.44786, 28.38139], [85.44756, 28.38116], [85.44765, 28.3806], [85.44787, 28.3802]]}}, {"type": "Feature", "properties": {"frac": 0.0314, "observed": true, "ext": false, "wid": "v040"}, "geometry": {"type": "LineString", "coordinates": [[84.98831, 27.8055], [84.98769, 27.80556], [84.98682, 27.80549], [84.98607, 27.80526], [84.98538, 27.8049], [84.98455, 27.80438], [84.98334, 27.80337], [84.98206, 27.80257], [84.98122, 27.80235], [84.98013, 27.80232], [84.97932, 27.80221], [84.97842, 27.80194], [84.97709, 27.80151], [84.97611, 27.80155], [84.97499, 27.80161], [84.97316, 27.80196], [84.97202, 27.80244]]}}, {"type": "Feature", "properties": {"frac": 0.0314, "observed": true, "ext": false, "wid": "v040"}, "geometry": {"type": "LineString", "coordinates": [[84.97211, 27.80473], [84.97207, 27.805], [84.97179, 27.80528]]}}, {"type": "Feature", "properties": {"frac": 0.0024, "observed": true, "ext": true, "wid": "n091"}, "geometry": {"type": "LineString", "coordinates": [[84.97179, 27.80528], [84.97037, 27.80579], [84.96959, 27.80658], [84.96931, 27.80685], [84.96924, 27.80756], [84.96936, 27.80906], [84.96942, 27.80971], [84.96936, 27.81053], [84.96906, 27.81122], [84.96866, 27.81178], [84.96834, 27.81209], [84.96803, 27.81213], [84.96755, 27.81184], [84.96681, 27.81108], [84.96629, 27.81065], [84.96576, 27.81055], [84.96534, 27.8106], [84.96508, 27.811], [84.96466, 27.81276], [84.96423, 27.81423], [84.96339, 27.81558], [84.96222, 27.81656], [84.96135, 27.817], [84.96013, 27.81753], [84.95863, 27.81799], [84.95702, 27.81775], [84.95596, 27.81745], [84.95527, 27.81716], [84.95416, 27.81642], [84.95292, 27.81582], [84.95218, 27.81561], [84.95173, 27.81578], [84.95129, 27.81614], [84.95076, 27.81672], [84.95026, 27.81685], [84.94969, 27.81675], [84.94898, 27.81641], [84.94835, 27.81626], [84.94775, 27.8162], [84.94718, 27.816], [84.94658, 27.81552], [84.94611, 27.81481], [84.94584, 27.81416]]}}, {"type": "Feature", "properties": {"frac": 0.0178, "observed": true, "ext": true, "wid": "n053"}, "geometry": {"type": "LineString", "coordinates": [[84.93948, 27.80466], [84.93899, 27.80444], [84.93853, 27.8044], [84.93807, 27.80449], [84.93684, 27.80498]]}}, {"type": "Feature", "properties": {"frac": 0.0254, "observed": true, "ext": true, "wid": "n092"}, "geometry": {"type": "LineString", "coordinates": [[84.92892, 27.80018], [84.92686, 27.799], [84.92546, 27.7982], [84.92476, 27.79782], [84.92381, 27.79749], [84.92326, 27.79742], [84.92276, 27.79745], [84.92184, 27.79775], [84.92085, 27.79824], [84.92007, 27.79876], [84.9192, 27.79959], [84.91833, 27.80024], [84.9173, 27.80072], [84.91717, 27.80074], [84.91618, 27.80091], [84.9152, 27.80135], [84.91466, 27.80179], [84.91436, 27.80244], [84.91431, 27.80304], [84.91425, 27.80398], [84.91397, 27.8046], [84.91358, 27.80497], [84.91313, 27.80514], [84.91262, 27.80521], [84.91207, 27.80512], [84.91137, 27.80492], [84.90877, 27.80418], [84.90759, 27.80403], [84.90719, 27.80414], [84.90704, 27.80439], [84.90708, 27.80485], [84.90739, 27.8061], [84.90735, 27.80689], [84.90702, 27.80744], [84.90643, 27.80781], [84.90574, 27.80798], [84.90524, 27.80793], [84.90423, 27.80753], [84.9028, 27.80695], [84.9017, 27.80639], [84.90022, 27.80594], [84.89984, 27.8059], [84.8995, 27.80596], [84.89837, 27.80647]]}}, {"type": "Feature", "properties": {"frac": null, "observed": false, "ext": true, "wid": "n093"}, "geometry": {"type": "LineString", "coordinates": [[84.89694, 27.80707], [84.89582, 27.80758], [84.89452, 27.8079], [84.89316, 27.80815], [84.892, 27.80833], [84.89127, 27.8086], [84.89066, 27.80898], [84.8899, 27.80926], [84.88899, 27.80938], [84.88782, 27.80948], [84.88674, 27.80942], [84.886, 27.80915], [84.8854, 27.80875], [84.88472, 27.80832], [84.88388, 27.80819], [84.88317, 27.8084], [84.88265, 27.80873], [84.88233, 27.80926], [84.88172, 27.80974], [84.88115, 27.80978], [84.8807, 27.80966], [84.87993, 27.80915], [84.87789, 27.80852], [84.87619, 27.80818], [84.87359, 27.80782], [84.87237, 27.80737], [84.87152, 27.80691], [84.87138, 27.8064], [84.8715, 27.80591], [84.8722, 27.80511], [84.87278, 27.80435], [84.87276, 27.80381], [84.87216, 27.80328], [84.87029, 27.80236], [84.86893, 27.80196], [84.86698, 27.8016]]}}, {"type": "Feature", "properties": {"frac": null, "observed": false, "ext": true, "wid": "n094"}, "geometry": {"type": "LineString", "coordinates": [[84.86416, 27.80196], [84.86311, 27.80342], [84.86205, 27.80538], [84.86103, 27.80651], [84.85991, 27.80718], [84.85842, 27.80745], [84.85541, 27.80752], [84.85422, 27.80774], [84.8516, 27.80859], [84.8499, 27.80866], [84.84925, 27.80839], [84.84877, 27.80778], [84.84857, 27.80697], [84.84861, 27.80562], [84.84848, 27.80482], [84.84829, 27.80443], [84.84789, 27.80411], [84.84569, 27.80309], [84.84307, 27.80206], [84.84143, 27.80183], [84.8399, 27.80206], [84.83879, 27.80282], [84.83812, 27.80389], [84.83797, 27.80486], [84.83804, 27.80549], [84.83834, 27.8063], [84.83835, 27.80659], [84.83821, 27.80688], [84.83771, 27.80722], [84.83718, 27.80751], [84.83682, 27.80801], [84.83642, 27.80858], [84.83564, 27.80931], [84.83535, 27.81]]}}, {"type": "Feature", "properties": {"frac": null, "observed": false, "ext": true, "wid": "n095"}, "geometry": {"type": "LineString", "coordinates": [[84.83535, 27.81], [84.83537, 27.81103], [84.8353, 27.81281], [84.83531, 27.81354], [84.83523, 27.81406], [84.83479, 27.81455], [84.83349, 27.81603], [84.83233, 27.81712], [84.83121, 27.8179], [84.83015, 27.81846], [84.82834, 27.81905], [84.82688, 27.81926], [84.82554, 27.81905], [84.82425, 27.81833], [84.8234, 27.81759], [84.8228, 27.81653], [84.82246, 27.81547], [84.82224, 27.81416], [84.82201, 27.81323], [84.82194, 27.81237], [84.82198, 27.81172], [84.82228, 27.81089], [84.82272, 27.80999], [84.82293, 27.8093], [84.82287, 27.80888], [84.82222, 27.80836], [84.82164, 27.808], [84.82077, 27.80769], [84.81989, 27.80763], [84.81884, 27.80769], [84.81833, 27.80784], [84.81781, 27.80811], [84.81733, 27.80861], [84.81718, 27.80893], [84.81683, 27.81002], [84.81678, 27.81116], [84.81674, 27.81206], [84.81649, 27.81271], [84.81628, 27.81305], [84.81557, 27.81365], [84.81471, 27.81396], [84.81314, 27.8142]]}}, {"type": "Feature", "properties": {"frac": null, "observed": false, "ext": true, "wid": "n096"}, "geometry": {"type": "LineString", "coordinates": [[84.81314, 27.8142], [84.81215, 27.81446], [84.81101, 27.8149], [84.81034, 27.8155], [84.80993, 27.81624], [84.80951, 27.81711], [84.80913, 27.81741], [84.80869, 27.81766], [84.80828, 27.81772], [84.80771, 27.81772], [84.8071, 27.81763], [84.80591, 27.81726], [84.8045, 27.81678], [84.8038, 27.81664], [84.80346, 27.81646], [84.80206, 27.8156], [84.80137, 27.81487], [84.80088, 27.8146], [84.80006, 27.81456], [84.79861, 27.81459], [84.79607, 27.81407], [84.7937, 27.81304], [84.79284, 27.81277], [84.79224, 27.81266]]}}, {"type": "Feature", "properties": {"frac": null, "observed": false, "ext": true, "wid": "n097"}, "geometry": {"type": "LineString", "coordinates": [[84.79224, 27.81266], [84.79159, 27.81263], [84.79097, 27.81274], [84.79047, 27.81294], [84.79005, 27.81336], [84.78933, 27.81429], [84.78892, 27.81461], [84.78828, 27.81477], [84.78753, 27.81471], [84.78385, 27.81407], [84.78295, 27.81391], [84.78147, 27.81348], [84.77988, 27.81295], [84.77933, 27.8127], [84.77891, 27.81242], [84.77722, 27.81071], [84.77556, 27.80913], [84.7749, 27.80868], [84.77436, 27.80861], [84.77381, 27.80861], [84.77331, 27.80874], [84.77272, 27.80895], [84.77184, 27.80942], [84.77121, 27.80979], [84.7707, 27.81005], [84.76978, 27.81065]]}}, {"type": "Feature", "properties": {"frac": null, "observed": false, "ext": true, "wid": "n098"}, "geometry": {"type": "LineString", "coordinates": [[84.76978, 27.81065], [84.76913, 27.81119], [84.76876, 27.81168], [84.76862, 27.81201], [84.76857, 27.81231], [84.76862, 27.81267], [84.76893, 27.8133], [84.76938, 27.81395], [84.76959, 27.81444], [84.76969, 27.81474]]}}, {"type": "Feature", "properties": {"frac": null, "observed": false, "ext": true, "wid": "n097"}, "geometry": {"type": "LineString", "coordinates": [[84.76969, 27.81474], [84.76962, 27.81508]]}}, {"type": "Feature", "properties": {"frac": null, "observed": false, "ext": true, "wid": "n098"}, "geometry": {"type": "LineString", "coordinates": [[84.76962, 27.81508], [84.76947, 27.81537], [84.76886, 27.8159], [84.76819, 27.81643], [84.76705, 27.81713], [84.76602, 27.81789], [84.76547, 27.81828], [84.76467, 27.81858], [84.76374, 27.81863], [84.7629, 27.81851], [84.762, 27.81822], [84.76148, 27.81788], [84.76063, 27.81709], [84.75974, 27.81633], [84.75931, 27.8159], [84.7586, 27.81551], [84.75813, 27.81522], [84.75739, 27.81465], [84.75702, 27.81413], [84.75684, 27.81333], [84.75682, 27.81276], [84.7569, 27.81139], [84.75688, 27.81056], [84.75675, 27.80969], [84.75642, 27.80902], [84.75583, 27.80838], [84.75518, 27.80779], [84.7535, 27.80646], [84.75276, 27.80592], [84.75207, 27.80551], [84.75139, 27.80525], [84.75088, 27.80509], [84.7503, 27.80507], [84.7497, 27.80525], [84.74913, 27.80544], [84.74855, 27.80562], [84.74777, 27.80581], [84.74722, 27.80589], [84.74686, 27.80584], [84.74652, 27.80566], [84.74613, 27.80537], [84.74586, 27.80507], [84.74565, 27.80487], [84.74518, 27.80461], [84.74475, 27.80439], [84.74431, 27.80433], [84.74385, 27.80429], [84.74309, 27.80432], [84.74226, 27.8044]]}}, {"type": "Feature", "properties": {"frac": null, "observed": false, "ext": true, "wid": "n099"}, "geometry": {"type": "LineString", "coordinates": [[84.74226, 27.8044], [84.74118, 27.80446], [84.74038, 27.80451], [84.73983, 27.8045], [84.7394, 27.80446], [84.73876, 27.80424], [84.73822, 27.80385], [84.73782, 27.80347], [84.73746, 27.80285], [84.73725, 27.8024], [84.73708, 27.80199], [84.73702, 27.80146], [84.73709, 27.80103], [84.73709, 27.801], [84.73721, 27.80047], [84.73723, 27.79998], [84.73725, 27.79939], [84.73716, 27.79909], [84.73689, 27.79885], [84.73662, 27.79864], [84.7361, 27.79837], [84.73536, 27.79821], [84.73477, 27.79805], [84.73423, 27.79786], [84.73375, 27.79744], [84.7335, 27.79715], [84.73313, 27.79663], [84.7328, 27.79627], [84.73252, 27.79605], [84.73197, 27.79577], [84.73145, 27.79567], [84.73108, 27.79564], [84.73068, 27.79565], [84.7303, 27.79571], [84.72995, 27.79582], [84.72968, 27.79604], [84.72951, 27.79621], [84.72931, 27.79649], [84.72909, 27.79686], [84.72899, 27.79721], [84.72887, 27.79758], [84.72877, 27.79805], [84.72854, 27.79878], [84.72832, 27.79925], [84.72801, 27.79964], [84.72774, 27.79994], [84.72741, 27.80015], [84.727, 27.80031], [84.72647, 27.80043], [84.72599, 27.80057], [84.72555, 27.80073], [84.72495, 27.8009], [84.72427, 27.80107], [84.72336, 27.8011], [84.72258, 27.80115], [84.72184, 27.80131], [84.72131, 27.80152], [84.72082, 27.8019], [84.72039, 27.80239], [84.71983, 27.80303], [84.71936, 27.80351], [84.71888, 27.80381], [84.71839, 27.80386], [84.71788, 27.80378], [84.71756, 27.80362], [84.71741, 27.80314], [84.71701, 27.80262], [84.71607, 27.80192], [84.71517, 27.80133], [84.71443, 27.80093], [84.71388, 27.80075], [84.71296, 27.80053], [84.71216, 27.80045]]}}, {"type": "Feature", "properties": {"frac": null, "observed": false, "ext": true, "wid": "n100"}, "geometry": {"type": "LineString", "coordinates": [[84.71057, 27.80075], [84.70976, 27.8011], [84.70899, 27.80152], [84.70838, 27.80202], [84.70805, 27.80253], [84.70801, 27.80302], [84.7081, 27.80375], [84.70823, 27.8048], [84.70828, 27.80581], [84.70814, 27.80643], [84.70798, 27.80682], [84.70756, 27.8071], [84.70712, 27.80717], [84.70645, 27.8073], [84.70546, 27.80733], [84.7038, 27.80738], [84.70288, 27.80741], [84.70201, 27.80754], [84.70123, 27.80766], [84.69979, 27.80796], [84.69803, 27.80836], [84.69698, 27.8086], [84.69633, 27.80875], [84.69536, 27.80898], [84.6944, 27.80923], [84.69391, 27.80934], [84.69331, 27.80943], [84.69265, 27.80953], [84.69228, 27.80957], [84.6919, 27.8096], [84.69124, 27.80966], [84.69062, 27.80979], [84.6899, 27.80998], [84.68937, 27.81012], [84.68878, 27.81028], [84.68824, 27.81041], [84.68774, 27.81044], [84.68723, 27.81045], [84.68653, 27.81043]]}}, {"type": "Feature", "properties": {"frac": null, "observed": false, "ext": true, "wid": "n101"}, "geometry": {"type": "LineString", "coordinates": [[84.68653, 27.81043], [84.68582, 27.81042], [84.68532, 27.81046], [84.68475, 27.81055], [84.68401, 27.81084], [84.68345, 27.81117], [84.68292, 27.8115], [84.68272, 27.81166], [84.68254, 27.81187], [84.68224, 27.81209], [84.68159, 27.81257], [84.68054, 27.81333], [84.67991, 27.81374], [84.67959, 27.81388], [84.67928, 27.81402], [84.6789, 27.81419], [84.67849, 27.81448], [84.67803, 27.81483], [84.67752, 27.81531], [84.67722, 27.81553], [84.67683, 27.81573], [84.67619, 27.81596], [84.67551, 27.81611], [84.67466, 27.8163], [84.67379, 27.81652], [84.67265, 27.81677], [84.6721, 27.8169], [84.67157, 27.81701], [84.67092, 27.81711], [84.67047, 27.81721], [84.66989, 27.81744], [84.66953, 27.81763], [84.66918, 27.8178], [84.66877, 27.81802], [84.66829, 27.81825], [84.66778, 27.81859], [84.66748, 27.81884], [84.66731, 27.81911], [84.66718, 27.81946], [84.66716, 27.81989], [84.66721, 27.82035], [84.66738, 27.82087], [84.66751, 27.82121], [84.66771, 27.82161], [84.66777, 27.82191], [84.66772, 27.82214], [84.66751, 27.82249], [84.66725, 27.82296], [84.66707, 27.82335], [84.6668, 27.8239], [84.66647, 27.82454], [84.66626, 27.82483]]}}, {"type": "Feature", "properties": {"frac": null, "observed": false, "ext": true, "wid": "n102"}, "geometry": {"type": "LineString", "coordinates": [[84.66305, 27.82759], [84.66263, 27.82788], [84.66229, 27.82811], [84.66189, 27.82828], [84.66156, 27.82852], [84.6613, 27.82883], [84.66116, 27.8291], [84.6611, 27.82928], [84.6611, 27.82965], [84.66112, 27.82997], [84.66116, 27.8305], [84.66124, 27.831], [84.66131, 27.83148], [84.66141, 27.83181], [84.66172, 27.83266], [84.66214, 27.83353], [84.66234, 27.83389], [84.66275, 27.83455], [84.66292, 27.8348], [84.6631, 27.83524], [84.66319, 27.83564], [84.66325, 27.83599], [84.66336, 27.83688], [84.66343, 27.83762], [84.66347, 27.83839], [84.6635, 27.83864], [84.66411, 27.84026], [84.66411, 27.84052], [84.66408, 27.84076], [84.66399, 27.84098], [84.66389, 27.84118], [84.66362, 27.84153], [84.66348, 27.84169], [84.66329, 27.84195], [84.66225, 27.84406], [84.66173, 27.84531], [84.66134, 27.84658], [84.66094, 27.84814], [84.66042, 27.84924], [84.65995, 27.85006], [84.65926, 27.85065]]}}, {"type": "Feature", "properties": {"frac": null, "observed": false, "ext": true, "wid": "n103"}, "geometry": {"type": "LineString", "coordinates": [[84.65926, 27.85065], [84.6587, 27.85104], [84.65832, 27.85133], [84.65793, 27.85159], [84.65678, 27.85201], [84.65552, 27.85233], [84.65421, 27.85243], [84.65337, 27.85241], [84.6522, 27.8525], [84.65087, 27.85253], [84.64933, 27.85281], [84.64832, 27.8531], [84.64769, 27.8532], [84.64745, 27.85329], [84.6473, 27.85339], [84.64716, 27.8535], [84.64697, 27.85371], [84.6469, 27.85391], [84.64684, 27.85412], [84.64679, 27.85451], [84.6468, 27.85471], [84.64686, 27.85491], [84.64715, 27.85541], [84.64749, 27.85585], [84.64845, 27.85674], [84.64974, 27.85818], [84.64984, 27.85844], [84.64987, 27.85864], [84.64984, 27.85881], [84.64978, 27.85897], [84.64972, 27.85917], [84.64949, 27.8594], [84.64914, 27.85952], [84.64823, 27.85969], [84.64747, 27.86012], [84.64693, 27.86041], [84.64681, 27.86046], [84.64664, 27.86051], [84.64648, 27.86056], [84.6462, 27.86058], [84.646, 27.86058], [84.6457, 27.86056], [84.64481, 27.86043], [84.64302, 27.86005], [84.64222, 27.86034]]}}, {"type": "Feature", "properties": {"frac": 0.0035, "observed": true, "ext": true, "wid": "n104"}, "geometry": {"type": "LineString", "coordinates": [[85.24519, 28.56353], [85.24496, 28.56351], [85.24464, 28.56358], [85.24453, 28.56342], [85.24399, 28.56277], [85.24395, 28.56228], [85.24342, 28.56178], [85.24317, 28.56063], [85.24328, 28.55946], [85.24298, 28.55896], [85.24228, 28.55799], [85.24198, 28.5578], [85.24158, 28.55767], [85.24133, 28.55737], [85.24112, 28.55585], [85.24094, 28.55546], [85.23969, 28.55485], [85.23946, 28.55428], [85.23929, 28.55401], [85.23879, 28.55391], [85.23796, 28.55355], [85.23759, 28.55321], [85.23734, 28.55273], [85.2371, 28.55263], [85.23677, 28.55262], [85.23654, 28.55273], [85.2363, 28.55298], [85.23604, 28.553], [85.2353, 28.5529], [85.23495, 28.55291], [85.2345, 28.55265], [85.23367, 28.55207]]}}, {"type": "Feature", "properties": {"frac": null, "observed": false, "ext": true, "wid": "n105"}, "geometry": {"type": "LineString", "coordinates": [[85.23078, 28.54921], [85.2308, 28.54887], [85.23085, 28.54808], [85.23064, 28.5477], [85.23052, 28.54747], [85.23067, 28.54704], [85.23042, 28.54588], [85.22996, 28.5451], [85.22963, 28.54476], [85.22962, 28.54437], [85.2292, 28.54372], [85.22911, 28.54337], [85.22841, 28.54292], [85.22822, 28.5426], [85.22844, 28.54221], [85.22834, 28.54197], [85.22746, 28.5413], [85.22662, 28.54081], [85.22578, 28.5406], [85.22514, 28.53994], [85.22486, 28.53943], [85.22405, 28.53876], [85.22333, 28.53839], [85.22267, 28.53817], [85.22232, 28.53715], [85.22178, 28.53636], [85.2214, 28.53628], [85.22114, 28.53588], [85.21986, 28.53507], [85.21906, 28.53449], [85.21878, 28.53333], [85.21838, 28.53175], [85.21788, 28.53093], [85.21738, 28.53048], [85.21692, 28.53021], [85.21679, 28.53]]}}, {"type": "Feature", "properties": {"frac": null, "observed": false, "ext": true, "wid": "n106"}, "geometry": {"type": "LineString", "coordinates": [[85.21679, 28.53], [85.21705, 28.52956], [85.21698, 28.52901], [85.21726, 28.52836], [85.21729, 28.52781], [85.21705, 28.52653], [85.21664, 28.52559], [85.21626, 28.52513], [85.21627, 28.52458], [85.21603, 28.52388], [85.21628, 28.52315], [85.21631, 28.52247], [85.21642, 28.52199], [85.21654, 28.52161], [85.21641, 28.5214], [85.21606, 28.52089], [85.21612, 28.52063], [85.21642, 28.52035], [85.21663, 28.52004], [85.21661, 28.51965], [85.21638, 28.51925], [85.21642, 28.51881], [85.21652, 28.51852], [85.21682, 28.51821], [85.21694, 28.51792], [85.21677, 28.51763], [85.21653, 28.51749], [85.21596, 28.51754], [85.21582, 28.51738], [85.21541, 28.51706], [85.21538, 28.51663], [85.21525, 28.51605], [85.21509, 28.51575], [85.21536, 28.51518], [85.21532, 28.51417], [85.2153, 28.51374], [85.21495, 28.51324], [85.21489, 28.51231], [85.21496, 28.5117], [85.21532, 28.51115], [85.21547, 28.51057], [85.21564, 28.51027], [85.21603, 28.50993], [85.21626, 28.50924], [85.2163, 28.50877], [85.21668, 28.50779], [85.2172, 28.50732], [85.21768, 28.50657]]}}, {"type": "Feature", "properties": {"frac": null, "observed": false, "ext": true, "wid": "n107"}, "geometry": {"type": "LineString", "coordinates": [[85.21892, 28.50277], [85.21846, 28.50201], [85.21815, 28.50083], [85.21785, 28.50036], [85.21793, 28.50008], [85.21828, 28.49975], [85.21918, 28.4993], [85.21932, 28.49907], [85.21961, 28.49861], [85.21997, 28.4977], [85.22042, 28.49723], [85.22069, 28.4967], [85.22074, 28.49617], [85.22048, 28.4958], [85.21983, 28.49551], [85.21949, 28.49514], [85.21948, 28.49491], [85.21981, 28.4943], [85.22002, 28.49388], [85.22034, 28.49361], [85.22056, 28.49306], [85.22057, 28.49231], [85.22046, 28.49202], [85.22082, 28.49117], [85.22135, 28.49064], [85.22149, 28.49029], [85.22137, 28.48995], [85.22143, 28.48885], [85.22124, 28.48834], [85.22112, 28.48761], [85.22077, 28.48713], [85.22085, 28.48639], [85.22101, 28.48577], [85.22122, 28.48473], [85.22177, 28.48351], [85.22216, 28.48323], [85.22324, 28.48304], [85.22338, 28.48271], [85.2232, 28.48203], [85.22335, 28.48177], [85.22383, 28.48146], [85.22406, 28.4813], [85.22483, 28.48015], [85.22511, 28.47934], [85.22483, 28.4788], [85.22436, 28.47791], [85.22467, 28.47717], [85.22523, 28.47648], [85.22593, 28.47516], [85.22628, 28.47393]]}}, {"type": "Feature", "properties": {"frac": null, "observed": false, "ext": true, "wid": "n108"}, "geometry": {"type": "LineString", "coordinates": [[85.22736, 28.47193], [85.22742, 28.47156], [85.22727, 28.47138], [85.22688, 28.47118], [85.22681, 28.47079], [85.2271, 28.47016], [85.22742, 28.46986], [85.22785, 28.46973], [85.22832, 28.46966], [85.22859, 28.46952], [85.22896, 28.46887], [85.22976, 28.46837], [85.23003, 28.46787], [85.23054, 28.46748], [85.23129, 28.46709], [85.2317, 28.46631], [85.23178, 28.46563], [85.23163, 28.46529], [85.23187, 28.46491], [85.23219, 28.46459], [85.23203, 28.464], [85.23222, 28.4637], [85.23287, 28.46329], [85.23356, 28.4626], [85.2341, 28.46201], [85.23419, 28.46147], [85.23391, 28.46093], [85.23402, 28.46074], [85.23415, 28.4605], [85.23443, 28.46018], [85.2347, 28.45935], [85.23507, 28.45893], [85.2355, 28.45848], [85.23651, 28.45829], [85.2368, 28.45797], [85.23721, 28.45744], [85.23766, 28.45717], [85.23883, 28.45699], [85.23967, 28.45666], [85.24025, 28.45624], [85.24065, 28.45556], [85.24099, 28.4549], [85.24106, 28.45418], [85.24084, 28.45332], [85.24099, 28.45247]]}}, {"type": "Feature", "properties": {"frac": null, "observed": false, "ext": true, "wid": "n109"}, "geometry": {"type": "LineString", "coordinates": [[85.24099, 28.45247], [85.24149, 28.45169], [85.24193, 28.45118], [85.24203, 28.45054], [85.24222, 28.45034], [85.2434, 28.4497], [85.24395, 28.44915], [85.24416, 28.44845], [85.24447, 28.44777], [85.2449, 28.44743], [85.24534, 28.44668], [85.24613, 28.44621], [85.24673, 28.44569], [85.2478, 28.44521], [85.24858, 28.44463], [85.24892, 28.44457], [85.2499, 28.44482], [85.25078, 28.44474], [85.25128, 28.44459], [85.25154, 28.44432], [85.25208, 28.44273], [85.25245, 28.44182], [85.2526, 28.44114], [85.25237, 28.44036], [85.25213, 28.4399], [85.25161, 28.43868], [85.25181, 28.43824], [85.25249, 28.43765], [85.25368, 28.43692], [85.25489, 28.43655], [85.25535, 28.43596], [85.25559, 28.43533], [85.25604, 28.43459]]}}, {"type": "Feature", "properties": {"frac": null, "observed": false, "ext": true, "wid": "n110"}, "geometry": {"type": "LineString", "coordinates": [[85.25679, 28.43204], [85.25714, 28.43114], [85.25759, 28.43002], [85.25852, 28.42939], [85.2588, 28.42889], [85.25869, 28.428], [85.25881, 28.42782], [85.25907, 28.4274], [85.25941, 28.42717], [85.25951, 28.42677], [85.25993, 28.42654], [85.26025, 28.42603], [85.2609, 28.42577], [85.26118, 28.42545], [85.26136, 28.42538], [85.26173, 28.42543], [85.26211, 28.42556], [85.26303, 28.42524], [85.26332, 28.42522], [85.26454, 28.42529], [85.26461, 28.42529], [85.26559, 28.42567], [85.26637, 28.4256], [85.26692, 28.42539], [85.26751, 28.4255], [85.26828, 28.42552], [85.2691, 28.42594], [85.27093, 28.42603], [85.27152, 28.42584], [85.27165, 28.42554], [85.2721, 28.42406], [85.27178, 28.42346], [85.27194, 28.42307], [85.27185, 28.42243], [85.27162, 28.42146], [85.27202, 28.42084], [85.27324, 28.42029], [85.27349, 28.41936], [85.27395, 28.41914], [85.27458, 28.41913], [85.275, 28.41864], [85.2754, 28.41656], [85.27588, 28.41581], [85.27721, 28.41499], [85.2779, 28.41407]]}}, {"type": "Feature", "properties": {"frac": null, "observed": false, "ext": true, "wid": "n058"}, "geometry": {"type": "LineString", "coordinates": [[85.2779, 28.41407], [85.27847, 28.41366], [85.2788, 28.41316], [85.27949, 28.41284], [85.28022, 28.41268], [85.28117, 28.41217], [85.28199, 28.412], [85.28332, 28.41177], [85.28421, 28.41183], [85.28478, 28.41173], [85.28523, 28.41143], [85.28624, 28.41054], [85.28704, 28.41008], [85.28711, 28.40983], [85.28721, 28.40921], [85.28772, 28.40875], [85.2885, 28.40855], [85.29027, 28.40875]]}}, {"type": "Feature", "properties": {"frac": null, "observed": false, "ext": true, "wid": "n111"}, "geometry": {"type": "LineString", "coordinates": [[85.10684, 28.60739], [85.10674, 28.60732], [85.10667, 28.60709], [85.10652, 28.60687], [85.10648, 28.60649], [85.10622, 28.6062], [85.10617, 28.60565], [85.10616, 28.60543], [85.10589, 28.60491], [85.10577, 28.60458], [85.10574, 28.60432], [85.10588, 28.60399], [85.10589, 28.60374], [85.10599, 28.60334], [85.10604, 28.6029], [85.10618, 28.6027], [85.10663, 28.60248], [85.1068, 28.60217], [85.10681, 28.60189], [85.10695, 28.60161], [85.10701, 28.60127], [85.10726, 28.60106], [85.10742, 28.60087], [85.10745, 28.60072], [85.10732, 28.60051], [85.10721, 28.60003], [85.10733, 28.59985], [85.10753, 28.59938], [85.10757, 28.59912]]}}, {"type": "Feature", "properties": {"frac": null, "observed": false, "ext": true, "wid": "n112"}, "geometry": {"type": "LineString", "coordinates": [[85.10757, 28.59912], [85.10796, 28.59884], [85.10813, 28.59852], [85.10835, 28.59834], [85.10877, 28.5979], [85.10912, 28.59768], [85.10925, 28.59761], [85.10931, 28.59735], [85.10946, 28.59714], [85.10942, 28.59696], [85.10953, 28.59679], [85.10959, 28.59649], [85.10957, 28.59624], [85.10973, 28.59596], [85.1099, 28.59573], [85.11019, 28.59551], [85.1103, 28.59515], [85.1104, 28.5947], [85.11051, 28.59448], [85.11049, 28.59435], [85.1105, 28.59411], [85.11052, 28.59366], [85.11051, 28.59341], [85.11079, 28.59299], [85.11096, 28.59273], [85.11099, 28.59262], [85.11089, 28.59252], [85.11073, 28.59244], [85.11073, 28.59235], [85.11089, 28.59212], [85.11094, 28.59183], [85.11089, 28.59162], [85.11071, 28.59159], [85.11043, 28.59139], [85.11049, 28.59121], [85.11091, 28.59091], [85.11105, 28.59062], [85.11115, 28.5901], [85.11153, 28.58966], [85.11159, 28.58948], [85.11152, 28.58905], [85.11173, 28.58853], [85.11187, 28.58837], [85.11243, 28.58819], [85.11262, 28.58783], [85.11291, 28.58688], [85.11288, 28.58655], [85.11268, 28.5864], [85.1126, 28.58608], [85.11229, 28.58573], [85.11233, 28.58552], [85.11265, 28.58515], [85.1126, 28.58492], [85.11254, 28.58485], [85.11234, 28.58475], [85.11233, 28.58461], [85.1124, 28.58443], [85.11234, 28.58422], [85.11211, 28.58377], [85.11228, 28.58351], [85.11229, 28.58327], [85.1125, 28.58307], [85.11252, 28.58283], [85.11241, 28.58243], [85.11224, 28.58212], [85.11195, 28.58192], [85.11185, 28.58179], [85.11186, 28.58141], [85.11176, 28.58111], [85.11154, 28.58088], [85.11108, 28.58058], [85.11104, 28.58037], [85.11127, 28.57997], [85.11161, 28.57934], [85.11169, 28.57915], [85.11149, 28.57894], [85.11135, 28.57862], [85.11124, 28.57836], [85.11114, 28.57811], [85.11138, 28.57756], [85.11133, 28.57714], [85.11116, 28.57701], [85.11117, 28.57669]]}}, {"type": "Feature", "properties": {"frac": null, "observed": false, "ext": true, "wid": "n113"}, "geometry": {"type": "LineString", "coordinates": [[85.10844, 28.57284], [85.10854, 28.57237], [85.10843, 28.57184], [85.1084, 28.57166], [85.10831, 28.57135], [85.10808, 28.57116], [85.10806, 28.57101], [85.1082, 28.57086], [85.10821, 28.57065], [85.10806, 28.57047], [85.10811, 28.57009], [85.10806, 28.56995], [85.10773, 28.56968], [85.10738, 28.56951], [85.10731, 28.56939], [85.10716, 28.56905], [85.10718, 28.56885], [85.10732, 28.56858], [85.10726, 28.56846], [85.10722, 28.56814], [85.10716, 28.56792], [85.10721, 28.56761], [85.10736, 28.56728], [85.10728, 28.56712], [85.1073, 28.56693], [85.10728, 28.5667], [85.1073, 28.56642], [85.10723, 28.56589], [85.10714, 28.56569], [85.1071, 28.56556], [85.10701, 28.56541], [85.10716, 28.56518], [85.1072, 28.56504], [85.10712, 28.56489], [85.1072, 28.56472], [85.10722, 28.56453], [85.10728, 28.56434], [85.10737, 28.56413], [85.10735, 28.56389], [85.10716, 28.56351], [85.10697, 28.5632], [85.10683, 28.56287], [85.10686, 28.56267], [85.10681, 28.56245], [85.10675, 28.56223], [85.10663, 28.56207], [85.10655, 28.56188], [85.10656, 28.56156], [85.10645, 28.56126], [85.10648, 28.56101], [85.10643, 28.56052], [85.10645, 28.55996], [85.10632, 28.55932], [85.10641, 28.55883], [85.10637, 28.55846], [85.10622, 28.55799], [85.10642, 28.55783], [85.10637, 28.55734], [85.10654, 28.55715], [85.10668, 28.55669], [85.10672, 28.55645], [85.10682, 28.55639], [85.10679, 28.55628], [85.10677, 28.55606], [85.10683, 28.55581], [85.10693, 28.55546], [85.10684, 28.55513], [85.10694, 28.55491], [85.10712, 28.55479], [85.10719, 28.55464], [85.10723, 28.55442], [85.10716, 28.55423], [85.10718, 28.55403], [85.10719, 28.55387], [85.10707, 28.55359], [85.10682, 28.55325], [85.10664, 28.55288], [85.10661, 28.55261], [85.10662, 28.55222], [85.10643, 28.55181], [85.10642, 28.55154], [85.10645, 28.55127], [85.10615, 28.55088], [85.10597, 28.5506], [85.10591, 28.55022]]}}, {"type": "Feature", "properties": {"frac": null, "observed": false, "ext": true, "wid": "n114"}, "geometry": {"type": "LineString", "coordinates": [[85.10591, 28.55022], [85.106, 28.54952], [85.10604, 28.54891], [85.10617, 28.54865], [85.10618, 28.54837], [85.10625, 28.54809], [85.10627, 28.54784], [85.1063, 28.54742], [85.10631, 28.5471], [85.10638, 28.54655], [85.10638, 28.54611], [85.10618, 28.54541], [85.10605, 28.54526], [85.10614, 28.5448], [85.10621, 28.54431], [85.1063, 28.54411], [85.10643, 28.54399], [85.10681, 28.5436], [85.10715, 28.54338], [85.10733, 28.54319], [85.10735, 28.5429], [85.10728, 28.54261], [85.1073, 28.54239], [85.10736, 28.54215], [85.1075, 28.542], [85.10766, 28.54182], [85.10767, 28.54172], [85.10767, 28.54155], [85.10754, 28.54141], [85.10741, 28.54129], [85.10694, 28.54107], [85.10688, 28.54088], [85.10683, 28.54075], [85.10657, 28.54062], [85.10627, 28.54052], [85.10589, 28.54029], [85.10544, 28.54017], [85.10498, 28.54014], [85.10465, 28.54017], [85.10416, 28.54015], [85.10341, 28.53993], [85.10289, 28.53992], [85.1027, 28.53986], [85.10248, 28.5396], [85.10224, 28.5393], [85.1021, 28.53897], [85.10192, 28.53841], [85.10161, 28.538], [85.10143, 28.53761], [85.10124, 28.5373], [85.10087, 28.53709], [85.10037, 28.53687], [85.10011, 28.53641], [85.09994, 28.53633], [85.09951, 28.53631], [85.09932, 28.53622], [85.09918, 28.53587], [85.09898, 28.53573], [85.09866, 28.5356], [85.09836, 28.53538], [85.09828, 28.53508], [85.09843, 28.53465], [85.09848, 28.53449], [85.09812, 28.53402], [85.09792, 28.53382], [85.09748, 28.53375], [85.0967, 28.53379], [85.09637, 28.53377], [85.09618, 28.53366], [85.09583, 28.53312], [85.09578, 28.53292], [85.09587, 28.53264], [85.09573, 28.53221], [85.09531, 28.53197]]}}, {"type": "Feature", "properties": {"frac": null, "observed": false, "ext": true, "wid": "n115"}, "geometry": {"type": "LineString", "coordinates": [[85.0918, 28.52954], [85.09147, 28.52936], [85.09133, 28.52905], [85.09143, 28.52852], [85.09139, 28.52799], [85.09117, 28.52767], [85.09115, 28.52717], [85.09102, 28.52663], [85.09075, 28.52637], [85.09021, 28.52619], [85.08985, 28.52619], [85.08946, 28.52601], [85.08927, 28.52564], [85.08923, 28.52515], [85.08903, 28.52491], [85.08869, 28.52463], [85.08869, 28.52453], [85.0887, 28.52445], [85.08875, 28.52436], [85.08884, 28.52415], [85.0889, 28.52405], [85.08893, 28.5239], [85.08897, 28.52364], [85.08879, 28.52323], [85.0883, 28.52276], [85.08814, 28.52268], [85.08748, 28.52236], [85.0871, 28.52208], [85.08683, 28.52178], [85.08624, 28.52098], [85.08597, 28.52079], [85.08557, 28.52051], [85.08538, 28.52013], [85.08516, 28.51975], [85.08482, 28.51903], [85.08463, 28.51851], [85.0845, 28.51815], [85.08448, 28.51766], [85.08401, 28.51706], [85.08375, 28.51677], [85.08379, 28.51637], [85.08375, 28.51615], [85.0833, 28.5157], [85.08303, 28.51518], [85.08285, 28.51502], [85.08236, 28.51472], [85.08182, 28.51451], [85.08142, 28.51433], [85.08091, 28.51388], [85.08075, 28.51368], [85.08064, 28.5133], [85.08037, 28.51301], [85.08015, 28.5125], [85.07951, 28.5118], [85.07907, 28.51124], [85.0789, 28.5108], [85.07902, 28.51024], [85.07907, 28.50987], [85.07882, 28.50948]]}}, {"type": "Feature", "properties": {"frac": null, "observed": false, "ext": true, "wid": "n116"}, "geometry": {"type": "LineString", "coordinates": [[85.07882, 28.50948], [85.07884, 28.50906], [85.07885, 28.50838], [85.07869, 28.50795], [85.07869, 28.50741], [85.07857, 28.50709], [85.07827, 28.50662], [85.07813, 28.50619], [85.07815, 28.50581], [85.07796, 28.50557], [85.0778, 28.5052], [85.07762, 28.50492], [85.0774, 28.50443], [85.07726, 28.50435], [85.07704, 28.5039], [85.07671, 28.5034], [85.07671, 28.50311], [85.07646, 28.50248], [85.0762, 28.50233], [85.07604, 28.50201], [85.07571, 28.50182], [85.07557, 28.50157], [85.07524, 28.50132], [85.07492, 28.50125], [85.07421, 28.50083], [85.07376, 28.50077], [85.07314, 28.50025], [85.0731, 28.49978], [85.07276, 28.49945], [85.07272, 28.49892], [85.07245, 28.49867], [85.07159, 28.49828], [85.07041, 28.49744], [85.06997, 28.49628], [85.0698, 28.49587], [85.06931, 28.49558], [85.06838, 28.49533]]}}, {"type": "Feature", "properties": {"frac": null, "observed": false, "ext": true, "wid": "n117"}, "geometry": {"type": "LineString", "coordinates": [[85.06838, 28.49533], [85.06777, 28.49494], [85.06714, 28.49427], [85.06686, 28.49397], [85.0661, 28.49289], [85.0654, 28.49218], [85.06458, 28.4917], [85.06373, 28.49115], [85.06287, 28.49046], [85.06161, 28.49021], [85.06103, 28.4902], [85.06034, 28.49038], [85.0591, 28.49043], [85.05818, 28.49034], [85.05757, 28.49016], [85.05689, 28.48969], [85.05633, 28.48887], [85.0557, 28.48787], [85.05551, 28.48756], [85.05519, 28.48745], [85.05481, 28.48753], [85.05455, 28.48764], [85.05361, 28.48761], [85.0527, 28.48756], [85.05215, 28.4875]]}}, {"type": "Feature", "properties": {"frac": null, "observed": false, "ext": true, "wid": "n118"}, "geometry": {"type": "LineString", "coordinates": [[85.05215, 28.4875], [85.05107, 28.48736], [85.05051, 28.48742], [85.0501, 28.48745], [85.04962, 28.4874], [85.04875, 28.48714], [85.04854, 28.48703], [85.04832, 28.48692], [85.04804, 28.48677], [85.04786, 28.48675], [85.04767, 28.48672], [85.04748, 28.48658], [85.04735, 28.48633], [85.04728, 28.48627], [85.04673, 28.4862], [85.04618, 28.48599], [85.04599, 28.486], [85.04585, 28.48594], [85.04581, 28.48578], [85.04557, 28.48561], [85.04522, 28.48558], [85.04467, 28.48542], [85.04444, 28.48531], [85.04435, 28.4853], [85.04421, 28.48535], [85.0441, 28.48531], [85.04377, 28.48508], [85.04365, 28.48503], [85.04354, 28.48504], [85.04345, 28.48518], [85.04339, 28.48538], [85.04321, 28.48554], [85.04264, 28.48548], [85.0423, 28.48543], [85.04215, 28.48521], [85.04216, 28.48501], [85.04191, 28.48476], [85.04171, 28.48463], [85.04149, 28.4846], [85.04086, 28.48471], [85.04002, 28.4846], [85.03926, 28.48445], [85.03906, 28.48429], [85.03878, 28.48422], [85.03851, 28.4843], [85.03805, 28.48422], [85.03704, 28.4841], [85.03649, 28.48384], [85.03579, 28.48315], [85.0356, 28.48284], [85.03515, 28.48262], [85.03492, 28.48244], [85.03469, 28.48235], [85.03448, 28.48232], [85.03423, 28.48244], [85.03393, 28.48246], [85.0336, 28.48238], [85.03274, 28.48251], [85.03265, 28.4826], [85.03262, 28.48287], [85.03249, 28.48315], [85.03208, 28.48338], [85.03185, 28.4837], [85.03155, 28.4838], [85.03102, 28.48411], [85.03079, 28.48412], [85.03038, 28.48401], [85.0302, 28.48365], [85.02997, 28.48347], [85.02962, 28.48335], [85.02923, 28.48333], [85.02902, 28.48327], [85.02876, 28.48305], [85.0279, 28.48283], [85.02739, 28.48291], [85.02691, 28.48281]]}}, {"type": "Feature", "properties": {"frac": null, "observed": false, "ext": true, "wid": "n119"}, "geometry": {"type": "LineString", "coordinates": [[85.02379, 28.48227], [85.02311, 28.48193], [85.02239, 28.48188], [85.02179, 28.48194], [85.0212, 28.48189], [85.02042, 28.48157], [85.01929, 28.48098], [85.01876, 28.48054], [85.01836, 28.4804], [85.01795, 28.48036], [85.01779, 28.48026], [85.01757, 28.47979], [85.01719, 28.47944], [85.01682, 28.47897], [85.01646, 28.4788], [85.01619, 28.47876], [85.01579, 28.47852], [85.01538, 28.47811], [85.01513, 28.47739], [85.01477, 28.47668], [85.0144, 28.47638], [85.01401, 28.47624], [85.01334, 28.47621], [85.01284, 28.47607], [85.01244, 28.47581], [85.01202, 28.47553], [85.01171, 28.47532], [85.01147, 28.47542], [85.01131, 28.47536], [85.01116, 28.47494], [85.01091, 28.4748], [85.01064, 28.47441], [85.01053, 28.47434], [85.01022, 28.47429], [85.00985, 28.47408], [85.0096, 28.47394], [85.00898, 28.47366], [85.0086, 28.47355], [85.00808, 28.47358], [85.0077, 28.47346], [85.00709, 28.4735], [85.00633, 28.47326], [85.00587, 28.4729], [85.00541, 28.47201], [85.00509, 28.4719], [85.00485, 28.47211], [85.00454, 28.47222], [85.00434, 28.47222], [85.00407, 28.47203], [85.00326, 28.47141], [85.00268, 28.47113], [85.00237, 28.47092], [85.00203, 28.4709], [85.00189, 28.47076], [85.00135, 28.47064], [85.00031, 28.47052]]}}, {"type": "Feature", "properties": {"frac": null, "observed": false, "ext": true, "wid": "n120"}, "geometry": {"type": "LineString", "coordinates": [[85.00031, 28.47052], [84.99926, 28.47045], [84.99861, 28.47025], [84.9976, 28.47014], [84.99678, 28.47006], [84.9963, 28.4701], [84.99598, 28.47023], [84.99558, 28.47059], [84.99537, 28.47069], [84.99522, 28.47069], [84.99501, 28.47059], [84.99476, 28.47063], [84.99441, 28.47088], [84.9941, 28.47102], [84.99364, 28.47113], [84.99335, 28.47112], [84.99303, 28.47097], [84.99263, 28.47094], [84.99225, 28.47101], [84.99155, 28.47101], [84.99134, 28.47106], [84.99127, 28.47118], [84.99119, 28.47125], [84.99098, 28.47124], [84.99064, 28.47114], [84.99028, 28.47102], [84.98998, 28.47103], [84.98956, 28.47099], [84.98915, 28.47114], [84.98878, 28.47134], [84.98842, 28.47137], [84.98803, 28.47148], [84.98765, 28.47171], [84.98732, 28.47171], [84.98702, 28.47187], [84.98663, 28.47187], [84.98633, 28.47177], [84.98613, 28.47173], [84.98583, 28.47175], [84.98554, 28.47187], [84.98537, 28.47189], [84.98525, 28.47182], [84.98495, 28.47177], [84.9848, 28.47181], [84.98452, 28.47195], [84.98406, 28.47192], [84.98342, 28.47196], [84.98309, 28.47212], [84.98258, 28.47217], [84.98204, 28.4723], [84.98171, 28.47249]]}}, {"type": "Feature", "properties": {"frac": null, "observed": false, "ext": true, "wid": "n121"}, "geometry": {"type": "LineString", "coordinates": [[84.98171, 28.47249], [84.98131, 28.47268], [84.9811, 28.47262], [84.98086, 28.47251], [84.9806, 28.47244], [84.98, 28.47236], [84.97967, 28.47232], [84.97883, 28.47228], [84.97843, 28.4723], [84.97815, 28.47229], [84.97774, 28.47232], [84.97711, 28.47245], [84.97659, 28.47243], [84.97633, 28.47229], [84.97603, 28.4722], [84.9753, 28.47223], [84.97476, 28.47221], [84.97423, 28.47231], [84.97352, 28.4723], [84.97305, 28.47236], [84.97253, 28.4724], [84.97174, 28.47223], [84.97108, 28.47201], [84.97055, 28.47193], [84.97008, 28.47178], [84.96934, 28.47183], [84.9685, 28.47197], [84.96788, 28.47195], [84.96723, 28.47173], [84.96664, 28.4717], [84.96601, 28.47156], [84.96563, 28.47148], [84.96486, 28.47118], [84.96402, 28.47078], [84.96325, 28.47069], [84.9625, 28.47036], [84.96168, 28.47031], [84.96128, 28.47035], [84.96095, 28.47032], [84.96082, 28.47023], [84.96082, 28.4698], [84.96069, 28.46942], [84.96045, 28.46921], [84.96023, 28.46887], [84.95998, 28.46868], [84.95957, 28.46799], [84.95919, 28.46757], [84.95821, 28.46723], [84.95788, 28.46696], [84.9576, 28.46683], [84.95705, 28.46677], [84.95677, 28.46663], [84.95657, 28.46657]]}}, {"type": "Feature", "properties": {"frac": null, "observed": false, "ext": true, "wid": "n125"}, "geometry": {"type": "LineString", "coordinates": [[85.65618, 28.2026], [85.65439, 28.2028], [85.65354, 28.20347], [85.65306, 28.20366], [85.65246, 28.20365], [85.65135, 28.20329], [85.65061, 28.20324], [85.64692, 28.20188], [85.64499, 28.20192]]}}, {"type": "Feature", "properties": {"frac": 0.0051, "observed": true, "ext": true, "wid": "n126"}, "geometry": {"type": "LineString", "coordinates": [[85.64499, 28.20192], [85.64299, 28.20116], [85.64207, 28.20099], [85.63724, 28.2001], [85.63708, 28.20007], [85.63479, 28.19945], [85.63278, 28.19891], [85.62994, 28.19789], [85.62923, 28.19763], [85.62787, 28.19724], [85.62655, 28.19666], [85.62546, 28.19652], [85.62436, 28.19659]]}}, {"type": "Feature", "properties": {"frac": null, "observed": false, "ext": true, "wid": "n127"}, "geometry": {"type": "LineString", "coordinates": [[85.62436, 28.19659], [85.62344, 28.19618], [85.62235, 28.19614], [85.62082, 28.19608], [85.61855, 28.1954], [85.61706, 28.19517], [85.61577, 28.19511], [85.615, 28.19484], [85.61477, 28.19466], [85.61438, 28.19479], [85.61335, 28.19498], [85.61254, 28.19534], [85.6121, 28.19531], [85.61177, 28.19529], [85.61102, 28.19544], [85.61022, 28.19563], [85.60962, 28.1956], [85.60893, 28.19567], [85.60846, 28.19611], [85.60802, 28.19623], [85.60721, 28.19633], [85.60659, 28.19646], [85.60567, 28.19646], [85.60527, 28.19664], [85.60464, 28.1965], [85.60394, 28.19628], [85.60322, 28.19634], [85.60261, 28.19644], [85.60232, 28.19644], [85.60182, 28.19644], [85.60119, 28.19632]]}}, {"type": "Feature", "properties": {"frac": null, "observed": false, "ext": false, "wid": "v093"}, "geometry": {"type": "LineString", "coordinates": [[85.60119, 28.19632], [85.60074, 28.19611], [85.60021, 28.19621], [85.59967, 28.19647], [85.59922, 28.1965], [85.59835, 28.19633], [85.59703, 28.19657], [85.5956, 28.19647], [85.59433, 28.19626], [85.59316, 28.19602], [85.59181, 28.1962], [85.59059, 28.19605], [85.59026, 28.19611], [85.58783, 28.19677]]}}, {"type": "Feature", "properties": {"frac": 0.009, "observed": true, "ext": false, "wid": "v086"}, "geometry": {"type": "LineString", "coordinates": [[85.58395, 28.19851], [85.58337, 28.19886], [85.58066, 28.19902], [85.58046, 28.19918], [85.57883, 28.19959], [85.57799, 28.2], [85.57768, 28.20016], [85.57748, 28.20029], [85.57612, 28.20119], [85.57581, 28.20127], [85.57518, 28.20104], [85.57429, 28.20125], [85.57342, 28.20152], [85.5726, 28.20221], [85.57201, 28.2025], [85.57166, 28.20275], [85.57155, 28.20307], [85.57154, 28.20322], [85.57121, 28.20385], [85.57098, 28.20439], [85.57089, 28.20482], [85.57053, 28.20509], [85.57004, 28.20521], [85.56965, 28.2052], [85.56897, 28.20521], [85.56823, 28.20524], [85.56762, 28.20532], [85.56691, 28.20558], [85.56646, 28.20622], [85.56584, 28.20672], [85.56542, 28.20727], [85.5647, 28.20728], [85.56404, 28.20748], [85.56373, 28.20762], [85.56337, 28.20785], [85.56309, 28.20786], [85.56293, 28.20774], [85.56277, 28.20772], [85.56246, 28.20785], [85.56187, 28.20813], [85.56145, 28.20813], [85.56126, 28.20814], [85.56101, 28.20816], [85.56089, 28.2084], [85.56047, 28.20867], [85.56005, 28.20859], [85.55981, 28.2086], [85.55962, 28.20884], [85.55903, 28.20899]]}}, {"type": "Feature", "properties": {"frac": null, "observed": false, "ext": false, "wid": "v079"}, "geometry": {"type": "LineString", "coordinates": [[85.55903, 28.20899], [85.55825, 28.20931], [85.55797, 28.20927], [85.55718, 28.2091], [85.55621, 28.20906], [85.55581, 28.20911], [85.55548, 28.2092], [85.55429, 28.20958], [85.55344, 28.20941], [85.55303, 28.20942], [85.55232, 28.2098], [85.552, 28.21015], [85.55141, 28.21021], [85.55087, 28.2103], [85.55015, 28.21003], [85.5497, 28.2098], [85.54925, 28.20967], [85.54871, 28.20955], [85.54825, 28.2096], [85.54745, 28.2097], [85.5471, 28.20963], [85.54633, 28.20918], [85.54594, 28.20912], [85.5453, 28.20937], [85.54493, 28.20964], [85.54468, 28.20986], [85.54429, 28.20985], [85.54396, 28.20976], [85.5435, 28.20936], [85.54319, 28.20893], [85.54316, 28.20889], [85.54293, 28.20881], [85.5427, 28.20888], [85.54244, 28.20905], [85.54194, 28.20891], [85.54126, 28.20901], [85.54048, 28.20911], [85.54006, 28.20928], [85.53974, 28.20926], [85.53938, 28.20906], [85.53909, 28.20922], [85.53876, 28.20929], [85.53789, 28.20953], [85.53743, 28.20947], [85.53712, 28.20953], [85.53642, 28.21015], [85.53562, 28.21021], [85.53513, 28.21029], [85.53479, 28.21052], [85.5346, 28.21066], [85.53426, 28.21076], [85.53347, 28.21076], [85.5331, 28.21079]]}}, {"type": "Feature", "properties": {"frac": null, "observed": false, "ext": false, "wid": "v072"}, "geometry": {"type": "LineString", "coordinates": [[85.5331, 28.21079], [85.53277, 28.21069], [85.53235, 28.21101], [85.53164, 28.21114], [85.53148, 28.21134], [85.53124, 28.21148], [85.53035, 28.21148], [85.5303, 28.21148], [85.52991, 28.21155], [85.52935, 28.21156], [85.52895, 28.21165], [85.52852, 28.21188], [85.52792, 28.21199], [85.52732, 28.2118], [85.52541, 28.21248], [85.52498, 28.21279], [85.52412, 28.21341], [85.52391, 28.2134], [85.52377, 28.21327], [85.52348, 28.21335], [85.52269, 28.21332], [85.52182, 28.21349], [85.52132, 28.21358], [85.5207, 28.21378], [85.5201, 28.21379], [85.52001, 28.21379], [85.51929, 28.21373], [85.5187, 28.21378], [85.51834, 28.21388], [85.51775, 28.21382], [85.51721, 28.21391], [85.51694, 28.21382], [85.51666, 28.21359], [85.5164, 28.21344], [85.51606, 28.21339], [85.51578, 28.21334], [85.51563, 28.21344], [85.51541, 28.21346], [85.51507, 28.21333], [85.51447, 28.2135], [85.51396, 28.21333], [85.51324, 28.21299], [85.51267, 28.21294], [85.51202, 28.21299], [85.51141, 28.2129], [85.51065, 28.21297], [85.50993, 28.213], [85.50979, 28.21285], [85.50959, 28.21256], [85.50906, 28.21258], [85.50854, 28.21237], [85.50732, 28.21246], [85.50591, 28.21271]]}}, {"type": "Feature", "properties": {"frac": null, "observed": false, "ext": false, "wid": "v065"}, "geometry": {"type": "LineString", "coordinates": [[85.50591, 28.21271], [85.50472, 28.21273], [85.50464, 28.21273], [85.50303, 28.21275], [85.5021, 28.21272], [85.50152, 28.21271], [85.50118, 28.2127], [85.50116, 28.21269], [85.50084, 28.2126], [85.50042, 28.21231], [85.49946, 28.21223], [85.49907, 28.21217], [85.49846, 28.2124], [85.49795, 28.21225], [85.49773, 28.21194], [85.49742, 28.21183], [85.49689, 28.21173], [85.4966, 28.21179], [85.49614, 28.21161], [85.49593, 28.21156], [85.49548, 28.2115], [85.49507, 28.21163], [85.49475, 28.21161], [85.49451, 28.21154], [85.49398, 28.21153], [85.49362, 28.21164], [85.49332, 28.21165], [85.49313, 28.21146], [85.49245, 28.21127], [85.49164, 28.21099], [85.49128, 28.21089], [85.49091, 28.21095], [85.49075, 28.211], [85.49067, 28.21099], [85.49052, 28.21075], [85.49043, 28.21067], [85.48989, 28.21064], [85.48956, 28.21043], [85.48933, 28.21033], [85.48891, 28.2104], [85.48876, 28.21037], [85.48856, 28.21022], [85.48834, 28.21021], [85.4878, 28.21036], [85.48759, 28.21031], [85.48742, 28.21], [85.48719, 28.20979], [85.48674, 28.20955], [85.48662, 28.20954], [85.48634, 28.20951], [85.48614, 28.20941], [85.48571, 28.2093], [85.48527, 28.20923], [85.48494, 28.20908], [85.48484, 28.20881], [85.48441, 28.20844], [85.48426, 28.20831], [85.48403, 28.20822], [85.4836, 28.20819], [85.48309, 28.20784], [85.48281, 28.20782], [85.48262, 28.20773], [85.48187, 28.20704], [85.48174, 28.20697], [85.4815, 28.20704], [85.48101, 28.20699]]}}, {"type": "Feature", "properties": {"frac": null, "observed": false, "ext": false, "wid": "v058"}, "geometry": {"type": "LineString", "coordinates": [[85.48101, 28.20699], [85.4807, 28.20699], [85.48051, 28.20691], [85.48036, 28.20674], [85.48007, 28.20657], [85.4797, 28.20648], [85.47933, 28.20634], [85.47898, 28.20623], [85.47859, 28.20618], [85.47811, 28.20632], [85.47762, 28.20637], [85.47722, 28.20623], [85.47649, 28.20624], [85.47592, 28.20633], [85.47543, 28.20626], [85.47511, 28.20615], [85.47474, 28.2062], [85.4743, 28.20617], [85.47383, 28.20605], [85.47305, 28.20583], [85.47275, 28.20551], [85.47256, 28.20541], [85.47241, 28.20527], [85.4722, 28.20507], [85.47176, 28.20496], [85.47127, 28.205], [85.47112, 28.2049], [85.47067, 28.20467], [85.47053, 28.20478], [85.47035, 28.20482], [85.47016, 28.20468], [85.46989, 28.20448], [85.46972, 28.20426], [85.46957, 28.20434], [85.46907, 28.20414], [85.46867, 28.20383], [85.46829, 28.20371], [85.46808, 28.20352], [85.46777, 28.20341], [85.46759, 28.2034], [85.4674, 28.2033], [85.46685, 28.2031], [85.46642, 28.20296], [85.466, 28.20279], [85.46492, 28.2021], [85.46456, 28.20206], [85.4642, 28.2019], [85.46251, 28.20076], [85.46245, 28.20072], [85.46221, 28.20048], [85.46203, 28.20015], [85.46165, 28.19953], [85.46153, 28.19937], [85.46131, 28.19926], [85.46117, 28.19924], [85.46101, 28.19926], [85.46047, 28.19942], [85.46017, 28.19954], [85.45983, 28.19961], [85.4596, 28.19957], [85.45938, 28.19952], [85.45888, 28.19941], [85.45843, 28.19933], [85.45794, 28.19917], [85.45768, 28.19907], [85.45753, 28.19894], [85.45721, 28.19885], [85.45671, 28.19874], [85.45647, 28.19867], [85.45629, 28.1986], [85.4561, 28.19851], [85.45598, 28.19839], [85.45589, 28.19828], [85.45591, 28.19813], [85.45579, 28.19789], [85.4558, 28.19764], [85.45587, 28.19751], [85.45586, 28.19741], [85.45581, 28.19728], [85.45565, 28.19715]]}}, {"type": "Feature", "properties": {"frac": null, "observed": false, "ext": false, "wid": "v051"}, "geometry": {"type": "LineString", "coordinates": [[85.45023, 28.19439], [85.44927, 28.19377], [85.44912, 28.1932]]}}, {"type": "Feature", "properties": {"frac": null, "observed": false, "ext": true, "wid": "n128"}, "geometry": {"type": "LineString", "coordinates": [[85.44767, 28.19065], [85.44722, 28.18968], [85.44657, 28.189], [85.44567, 28.18758], [85.4448, 28.1871], [85.44463, 28.18681], [85.44478, 28.18634], [85.44469, 28.18586], [85.44393, 28.18548], [85.44369, 28.18463], [85.44269, 28.18366], [85.44257, 28.18322], [85.44282, 28.18258], [85.44265, 28.1819], [85.44187, 28.18169], [85.44152, 28.18146], [85.44102, 28.18036], [85.44099, 28.1799], [85.44098, 28.17969], [85.44041, 28.17899], [85.44031, 28.17783], [85.43932, 28.17704], [85.43857, 28.17629], [85.43867, 28.17596], [85.43843, 28.17571], [85.43781, 28.17509], [85.43745, 28.17384], [85.43754, 28.17297], [85.43723, 28.17168], [85.43667, 28.16893]]}}, {"type": "Feature", "properties": {"frac": 0.0187, "observed": true, "ext": true, "wid": "n129"}, "geometry": {"type": "LineString", "coordinates": [[85.43667, 28.16893], [85.43623, 28.1686], [85.43563, 28.16828], [85.43478, 28.16734], [85.43429, 28.16667], [85.43373, 28.1659], [85.4335, 28.16536], [85.43253, 28.16377], [85.43218, 28.16354], [85.43165, 28.16218], [85.43153, 28.16136], [85.43091, 28.16105], [85.42969, 28.16046], [85.42932, 28.16051], [85.42908, 28.16053], [85.42877, 28.16019], [85.42845, 28.16014], [85.42738, 28.15952], [85.42634, 28.15918], [85.42555, 28.1584], [85.42464, 28.15839], [85.42313, 28.15755]]}}, {"type": "Feature", "properties": {"frac": 0.0014, "observed": true, "ext": true, "wid": "n130"}, "geometry": {"type": "LineString", "coordinates": [[85.42313, 28.15755], [85.42267, 28.15704], [85.42204, 28.15699], [85.42102, 28.15713], [85.42052, 28.15736], [85.41931, 28.15743], [85.41813, 28.15707], [85.41719, 28.1573], [85.41663, 28.15703], [85.41471, 28.15689], [85.41326, 28.15677], [85.4113, 28.1561], [85.40945, 28.15513], [85.40856, 28.15527], [85.40772, 28.15529], [85.40701, 28.15536], [85.4049, 28.1553], [85.40181, 28.15509], [85.40115, 28.15513], [85.4007, 28.15529], [85.40033, 28.15548], [85.40001, 28.15561], [85.39936, 28.15567], [85.39879, 28.15558]]}}, {"type": "Feature", "properties": {"frac": null, "observed": false, "ext": true, "wid": "n131"}, "geometry": {"type": "LineString", "coordinates": [[85.29771, 27.97023], [85.29775, 27.96995], [85.29787, 27.96987], [85.29783, 27.96968], [85.29801, 27.96957], [85.29794, 27.96918], [85.29804, 27.96897], [85.29799, 27.96876], [85.29812, 27.96834], [85.29831, 27.96802], [85.29851, 27.96784], [85.29915, 27.9675], [85.29937, 27.96721], [85.29949, 27.96709], [85.29944, 27.96694], [85.29932, 27.96675], [85.29915, 27.96659], [85.29905, 27.96638], [85.29914, 27.966], [85.29931, 27.96576], [85.29934, 27.96551], [85.29927, 27.96532], [85.29933, 27.96522], [85.29936, 27.96514], [85.29933, 27.96499], [85.2994, 27.96488], [85.29951, 27.96491], [85.29958, 27.96487], [85.29962, 27.9648], [85.29977, 27.96482], [85.29993, 27.96471], [85.30007, 27.9647], [85.3001, 27.96464], [85.29999, 27.96455], [85.29993, 27.96444], [85.29993, 27.96433], [85.30009, 27.9642], [85.30008, 27.96402], [85.30007, 27.96338], [85.30007, 27.96323], [85.30057, 27.96277], [85.30163, 27.96181], [85.30199, 27.96148]]}}, {"type": "Feature", "properties": {"frac": 0.0099, "observed": true, "ext": true, "wid": "n132"}, "geometry": {"type": "LineString", "coordinates": [[85.30199, 27.96148], [85.30224, 27.96111], [85.3024, 27.96071], [85.30255, 27.96053], [85.30269, 27.96025], [85.30296, 27.96004], [85.30328, 27.9595], [85.30334, 27.959], [85.3034, 27.95856], [85.30362, 27.95832], [85.30381, 27.958], [85.30385, 27.95791], [85.30395, 27.95764], [85.30441, 27.95734], [85.3046, 27.95727], [85.30506, 27.9572], [85.30551, 27.95696], [85.30581, 27.95687], [85.30594, 27.95677], [85.30616, 27.95681], [85.30653, 27.95666], [85.30687, 27.95634], [85.3069, 27.95576], [85.307, 27.95549], [85.30677, 27.95521], [85.30627, 27.95529], [85.30607, 27.95524], [85.306, 27.95492], [85.30591, 27.95441], [85.30604, 27.9539], [85.30584, 27.95333]]}}, {"type": "Feature", "properties": {"frac": 0.0099, "observed": true, "ext": true, "wid": "n132"}, "geometry": {"type": "LineString", "coordinates": [[85.30584, 27.95333], [85.30582, 27.95306], [85.30547, 27.953], [85.30518, 27.95284], [85.3047, 27.95216], [85.3049, 27.95128], [85.30476, 27.95095], [85.30511, 27.95053], [85.30539, 27.95054], [85.30618, 27.951], [85.30683, 27.95106], [85.30643, 27.95026], [85.30591, 27.95014], [85.30551, 27.94958], [85.30418, 27.94941], [85.30359, 27.94895], [85.30333, 27.94853], [85.30394, 27.94777], [85.30438, 27.94749], [85.30478, 27.94652], [85.30521, 27.94601], [85.30634, 27.94534], [85.30537, 27.94386], [85.30507, 27.94303], [85.30508, 27.94285], [85.30533, 27.94266], [85.30612, 27.94243], [85.30605, 27.94106]]}}, {"type": "Feature", "properties": {"frac": 0.0035, "observed": true, "ext": true, "wid": "n133"}, "geometry": {"type": "LineString", "coordinates": [[85.30605, 27.94106], [85.30399, 27.93986], [85.30312, 27.93942], [85.30295, 27.93918], [85.30305, 27.93861], [85.3038, 27.93827], [85.3034, 27.93767], [85.3029, 27.93732], [85.30283, 27.93707], [85.30308, 27.93683], [85.30368, 27.93673], [85.30439, 27.93676], [85.30457, 27.9365], [85.30459, 27.93631], [85.30405, 27.93537], [85.30399, 27.93509], [85.30415, 27.935], [85.3045, 27.93531], [85.30492, 27.93537], [85.30538, 27.93507], [85.30542, 27.93464], [85.30516, 27.93443], [85.30467, 27.93412], [85.30454, 27.93369], [85.3046, 27.93331], [85.3046, 27.933], [85.30477, 27.93254], [85.30503, 27.93216], [85.30517, 27.93158], [85.30534, 27.93124], [85.30538, 27.93088], [85.30515, 27.9306], [85.30461, 27.93028], [85.30443, 27.92995], [85.30446, 27.92975], [85.30502, 27.92926], [85.30503, 27.92901], [85.30526, 27.92882], [85.30516, 27.92856], [85.30501, 27.92843], [85.30485, 27.92831], [85.30476, 27.92816], [85.30464, 27.92795], [85.30475, 27.92763], [85.30474, 27.92735], [85.30454, 27.92685], [85.30412, 27.9263], [85.30405, 27.92603], [85.30412, 27.92567], [85.30428, 27.92554], [85.30459, 27.92549], [85.30511, 27.92511], [85.30519, 27.92496], [85.30516, 27.9248], [85.30496, 27.92445], [85.3046, 27.92432], [85.30337, 27.92392], [85.3025, 27.92386], [85.30228, 27.92312], [85.30254, 27.9224], [85.30341, 27.92188], [85.30294, 27.92087], [85.30249, 27.92056], [85.30232, 27.92063], [85.30204, 27.92096], [85.30201, 27.921], [85.3018, 27.92103], [85.30158, 27.92098], [85.30141, 27.92101], [85.30087, 27.92107], [85.30065, 27.92099], [85.30041, 27.92064], [85.30013, 27.9206], [85.29979, 27.92058], [85.29965, 27.92048], [85.2996, 27.92034], [85.29985, 27.91977], [85.30004, 27.91924], [85.3001, 27.91892], [85.30013, 27.91888], [85.30088, 27.91858], [85.30121, 27.91834], [85.30161, 27.918]]}}, {"type": "Feature", "properties": {"frac": 0.0268, "observed": true, "ext": true, "wid": "n134"}, "geometry": {"type": "LineString", "coordinates": [[85.09721, 28.02783], [85.0972, 28.02757], [85.0973, 28.02585], [85.09731, 28.02563], [85.09697, 28.02419], [85.09692, 28.02354], [85.09684, 28.0227], [85.09721, 28.02226], [85.0973, 28.02173], [85.09701, 28.02126], [85.09613, 28.02057], [85.09566, 28.01997], [85.09477, 28.01972], [85.09443, 28.01939], [85.09452, 28.01875], [85.09464, 28.01842], [85.09478, 28.01811], [85.09498, 28.01781], [85.09546, 28.01753], [85.09567, 28.01694], [85.09579, 28.01655], [85.09581, 28.01615], [85.09595, 28.01602], [85.09618, 28.01603], [85.09636, 28.01597], [85.09636, 28.01569], [85.09628, 28.01542], [85.09618, 28.01519], [85.09623, 28.01498], [85.09639, 28.01476], [85.09663, 28.01458], [85.09673, 28.01452], [85.09685, 28.01438], [85.0969, 28.01417], [85.09684, 28.01389], [85.09686, 28.0137], [85.09717, 28.01357], [85.09806, 28.01355], [85.09844, 28.01336]]}}, {"type": "Feature", "properties": {"frac": 0.0149, "observed": true, "ext": true, "wid": "n135"}, "geometry": {"type": "LineString", "coordinates": [[85.09837, 28.01214], [85.09839, 28.01201], [85.09828, 28.01184], [85.09811, 28.01169], [85.098, 28.01151], [85.09804, 28.01134], [85.09815, 28.0112], [85.0983, 28.01112], [85.09852, 28.01107], [85.09877, 28.01104], [85.09907, 28.01094], [85.0994, 28.01094], [85.0997, 28.01087], [85.10024, 28.01062], [85.10055, 28.01049], [85.10083, 28.01046], [85.10139, 28.01054], [85.10204, 28.01068], [85.10243, 28.01069], [85.10273, 28.01063], [85.103, 28.0107], [85.10326, 28.01071], [85.10361, 28.01066], [85.10423, 28.01033], [85.10465, 28.01009], [85.10486, 28.00979], [85.10503, 28.00957], [85.1052, 28.00957], [85.10542, 28.00949], [85.10558, 28.00933], [85.10625, 28.00889], [85.10672, 28.00888], [85.10725, 28.00829], [85.10821, 28.00763], [85.10925, 28.00708], [85.10954, 28.00669], [85.10993, 28.00669], [85.11016, 28.00653], [85.11019, 28.00575], [85.11003, 28.00519], [85.11015, 28.00485], [85.11037, 28.00449], [85.11062, 28.00408], [85.11095, 28.00369], [85.11111, 28.00327], [85.11117, 28.00294], [85.11132, 28.00265], [85.11155, 28.0025], [85.11187, 28.00238], [85.11214, 28.00238], [85.11246, 28.00256], [85.11259, 28.00251], [85.11277, 28.00251], [85.11297, 28.00239], [85.11317, 28.00231], [85.1132, 28.00222], [85.11319, 28.00207], [85.11313, 28.00192], [85.11317, 28.00173], [85.11331, 28.00156], [85.11346, 28.00134], [85.11359, 28.00115], [85.11365, 28.00091], [85.11374, 28.00048], [85.11395, 28.00021], [85.11403, 28.00004], [85.11405, 27.99987], [85.11397, 27.9997], [85.11389, 27.99957], [85.11388, 27.99928], [85.1139, 27.99906], [85.11399, 27.9989], [85.1141, 27.99867], [85.11427, 27.9985], [85.1145, 27.99837], [85.11514, 27.9982], [85.11567, 27.99808], [85.11583, 27.9981], [85.116, 27.99808], [85.1166, 27.99792], [85.11683, 27.99779], [85.11723, 27.99759], [85.11784, 27.99734], [85.11855, 27.99693], [85.11871, 27.99657], [85.11889, 27.99581], [85.11901, 27.99552], [85.11929, 27.99518], [85.11963, 27.99503], [85.12027, 27.99485], [85.12075, 27.99474], [85.12137, 27.99445], [85.12176, 27.9942], [85.12219, 27.9939], [85.1224, 27.99375], [85.12256, 27.99349], [85.12264, 27.99312], [85.12267, 27.99276]]}}, {"type": "Feature", "properties": {"frac": 0.0103, "observed": true, "ext": true, "wid": "n136"}, "geometry": {"type": "LineString", "coordinates": [[85.12367, 27.99121], [85.12373, 27.99103], [85.12378, 27.99072], [85.12376, 27.99041], [85.12375, 27.99021], [85.12382, 27.98999], [85.12394, 27.98993], [85.12411, 27.98989], [85.12433, 27.98994], [85.12475, 27.99009], [85.1251, 27.99032], [85.12533, 27.99076], [85.12542, 27.99125], [85.12551, 27.9915], [85.12555, 27.99167], [85.12574, 27.99186], [85.12619, 27.99202], [85.12642, 27.99212], [85.12665, 27.99212], [85.12709, 27.992], [85.12764, 27.99194], [85.12807, 27.99157], [85.12861, 27.99159], [85.12896, 27.9917], [85.12928, 27.99171], [85.12998, 27.99155], [85.13009, 27.99155], [85.13022, 27.99161], [85.13037, 27.99163], [85.13076, 27.99159], [85.13116, 27.99144], [85.1313, 27.99126], [85.13203, 27.99052], [85.13379, 27.98981], [85.13525, 27.98972], [85.13566, 27.98946], [85.13635, 27.98902], [85.13713, 27.98897], [85.13977, 27.98921], [85.14068, 27.98886], [85.14089, 27.98886], [85.14116, 27.98887], [85.14196, 27.9889], [85.14271, 27.98942], [85.14351, 27.98932], [85.14391, 27.98919], [85.14465, 27.98951], [85.14534, 27.98957], [85.14585, 27.98967], [85.14626, 27.98988], [85.14684, 27.98989], [85.14735, 27.98965], [85.14812, 27.98943], [85.1482, 27.9892], [85.14858, 27.98891], [85.14889, 27.98864], [85.14992, 27.98879]]}}, {"type": "Feature", "properties": {"frac": 0.005, "observed": true, "ext": true, "wid": "n137"}, "geometry": {"type": "LineString", "coordinates": [[85.14992, 27.98879], [85.15034, 27.98899], [85.15075, 27.98905], [85.15132, 27.9888], [85.15181, 27.9883], [85.15229, 27.98805], [85.15321, 27.98753], [85.15374, 27.98728], [85.15413, 27.98726], [85.15438, 27.98734], [85.15545, 27.98775], [85.15646, 27.98823], [85.15693, 27.98835], [85.15741, 27.98833], [85.15856, 27.98799], [85.15927, 27.98681], [85.15936, 27.98659], [85.15975, 27.98612], [85.16032, 27.98563], [85.16075, 27.9857], [85.16097, 27.98581], [85.16107, 27.98596], [85.16131, 27.98607], [85.16157, 27.98612], [85.16179, 27.98602], [85.16192, 27.98591], [85.16205, 27.98591], [85.16216, 27.98581], [85.16224, 27.98479], [85.16277, 27.98426], [85.16381, 27.98371], [85.16476, 27.98337], [85.1653, 27.98319], [85.16598, 27.98299], [85.16661, 27.98273], [85.16777, 27.98282], [85.16852, 27.98236], [85.16932, 27.98194]]}}, {"type": "Feature", "properties": {"frac": 0.1068, "observed": true, "ext": false, "wid": "v024"}, "geometry": {"type": "LineString", "coordinates": [[85.16932, 27.98194], [85.16992, 27.98185], [85.17149, 27.98201], [85.17201, 27.98216], [85.17342, 27.98218], [85.17439, 27.98249], [85.17504, 27.98276], [85.17585, 27.98295], [85.17611, 27.98295], [85.17663, 27.98304], [85.1772, 27.98299], [85.17736, 27.98293], [85.17774, 27.98283], [85.17812, 27.98272], [85.17903, 27.98238], [85.17929, 27.98228], [85.18011, 27.98178], [85.18013, 27.98177], [85.18027, 27.98166]]}}, {"type": "Feature", "properties": {"frac": null, "observed": false, "ext": true, "wid": "n138"}, "geometry": {"type": "LineString", "coordinates": [[85.00793, 27.94798], [85.00788, 27.94784], [85.0078, 27.94741], [85.0075, 27.94698], [85.00668, 27.94678], [85.00651, 27.94681], [85.00616, 27.94675], [85.00576, 27.94662], [85.00531, 27.94662], [85.00488, 27.94663], [85.00447, 27.94668], [85.00399, 27.94672], [85.0036, 27.94675], [85.00322, 27.94679], [85.00286, 27.94694], [85.00257, 27.94714], [85.00216, 27.94738], [85.00182, 27.94755], [85.00116, 27.94759], [85.00057, 27.94753], [85.00016, 27.9475], [84.99978, 27.94753], [84.99926, 27.9477], [84.99885, 27.94787], [84.99867, 27.94793], [84.99845, 27.94794], [84.99831, 27.94789], [84.9982, 27.94785], [84.99809, 27.9478], [84.99799, 27.94773], [84.99774, 27.94744], [84.99769, 27.94736], [84.99744, 27.94717], [84.99728, 27.9471], [84.99709, 27.94706], [84.99656, 27.94701], [84.99643, 27.94702], [84.99634, 27.94702], [84.99622, 27.947], [84.99592, 27.94691], [84.99547, 27.94668], [84.9952, 27.94663], [84.99488, 27.9466], [84.9946, 27.94667], [84.99426, 27.94684], [84.99404, 27.94693], [84.9939, 27.94697], [84.99375, 27.94694], [84.99326, 27.94673], [84.99254, 27.94661], [84.99212, 27.94669], [84.99176, 27.9468], [84.99151, 27.94686]]}}, {"type": "Feature", "properties": {"frac": 0.0129, "observed": true, "ext": true, "wid": "n139"}, "geometry": {"type": "LineString", "coordinates": [[84.98925, 27.9479], [84.9886, 27.94838], [84.98829, 27.94855], [84.98789, 27.94864], [84.98717, 27.94869], [84.98643, 27.94874], [84.98596, 27.94893], [84.98569, 27.94918], [84.98554, 27.94955], [84.98548, 27.94996], [84.98546, 27.95029], [84.98541, 27.95077], [84.98529, 27.95124], [84.98516, 27.9515], [84.98482, 27.9518], [84.98398, 27.95214], [84.98377, 27.95216], [84.98354, 27.95212], [84.98323, 27.95211], [84.98276, 27.95202], [84.98249, 27.95232], [84.98245, 27.95258], [84.98247, 27.95279], [84.98251, 27.95308], [84.98259, 27.95323], [84.98279, 27.95326], [84.98301, 27.95322], [84.98315, 27.95321], [84.98338, 27.9536], [84.98352, 27.95372], [84.98368, 27.95414], [84.98366, 27.95427], [84.98359, 27.95448], [84.98347, 27.95471], [84.98309, 27.95499], [84.98269, 27.95507], [84.98235, 27.95502], [84.98206, 27.95483], [84.98136, 27.95477], [84.98062, 27.95484], [84.9799, 27.95507], [84.97941, 27.95532], [84.97882, 27.95567], [84.97752, 27.95625], [84.97672, 27.95654], [84.97617, 27.95672], [84.97528, 27.95689], [84.97452, 27.95682], [84.97396, 27.95658], [84.9737, 27.95641], [84.97374, 27.95608], [84.97408, 27.95563], [84.97395, 27.95501], [84.97374, 27.9549], [84.97351, 27.95482], [84.97327, 27.95474], [84.97266, 27.95471], [84.97251, 27.9546], [84.97254, 27.95436], [84.97255, 27.9538], [84.9725, 27.95357], [84.9725, 27.95333], [84.97244, 27.95292], [84.97238, 27.95266], [84.9722, 27.9525], [84.97207, 27.95244], [84.97189, 27.95247], [84.97177, 27.95258], [84.97162, 27.95308], [84.97165, 27.95331], [84.97172, 27.95354], [84.97171, 27.95373], [84.97161, 27.9539], [84.97136, 27.95413], [84.97126, 27.95434], [84.97129, 27.95452], [84.97135, 27.95467], [84.97147, 27.95496], [84.97151, 27.95561], [84.97145, 27.95584], [84.97141, 27.95621], [84.97133, 27.95643], [84.97113, 27.95673], [84.97084, 27.95701], [84.97058, 27.95712], [84.97044, 27.95711], [84.97029, 27.95689], [84.97028, 27.95661], [84.97011, 27.95633], [84.96976, 27.95603], [84.96962, 27.95591], [84.96933, 27.95586], [84.96886, 27.95584], [84.96836, 27.95543], [84.96834, 27.95519], [84.96844, 27.95498], [84.96857, 27.95476], [84.96848, 27.95451], [84.9683, 27.95433], [84.96812, 27.95416], [84.9678, 27.95406], [84.96727, 27.95405], [84.96704, 27.9543], [84.96652, 27.95456], [84.9662, 27.95438], [84.96599, 27.95413], [84.96591, 27.95384], [84.96586, 27.95365], [84.96572, 27.95345], [84.9653, 27.9534], [84.96506, 27.9534], [84.96445, 27.95347], [84.9641, 27.95349]]}}, {"type": "Feature", "properties": {"frac": null, "observed": false, "ext": true, "wid": "n140"}, "geometry": {"type": "LineString", "coordinates": [[84.9641, 27.95349], [84.96381, 27.9536], [84.96355, 27.9538], [84.96355, 27.95407], [84.96354, 27.95429], [84.96332, 27.95462], [84.96316, 27.95468], [84.96299, 27.95455], [84.9629, 27.95418], [84.96284, 27.95386], [84.96268, 27.95347], [84.96257, 27.9531], [84.96215, 27.95284], [84.96122, 27.95217], [84.96052, 27.9518], [84.96023, 27.95142], [84.95985, 27.95079], [84.95955, 27.95039], [84.95935, 27.95], [84.95927, 27.94975], [84.95903, 27.94954], [84.95872, 27.94937], [84.95839, 27.94925], [84.958, 27.94917], [84.95774, 27.94912], [84.95742, 27.9491], [84.95693, 27.94921], [84.95649, 27.94934], [84.9561, 27.94956], [84.95517, 27.94995], [84.9547, 27.95004], [84.95435, 27.94996], [84.9541, 27.94981], [84.95386, 27.94958], [84.95359, 27.94945], [84.95317, 27.94929], [84.95216, 27.94904], [84.95208, 27.94902], [84.95176, 27.94891], [84.95148, 27.94877], [84.95119, 27.94865], [84.95098, 27.94849], [84.95081, 27.94827], [84.95082, 27.94796], [84.95092, 27.94773], [84.95097, 27.94731], [84.95087, 27.94707], [84.9497, 27.94677], [84.94949, 27.94676], [84.94898, 27.94673], [84.94892, 27.94669], [84.94878, 27.94641], [84.94869, 27.94613], [84.94873, 27.94593], [84.94887, 27.94579], [84.94907, 27.94566], [84.9493, 27.94558], [84.94958, 27.9455], [84.94978, 27.94539], [84.94982, 27.94519], [84.94969, 27.94511], [84.94953, 27.94508], [84.94911, 27.94514], [84.94894, 27.94503], [84.94879, 27.94494], [84.94864, 27.94477], [84.9484, 27.94468], [84.94816, 27.94479], [84.94799, 27.94495], [84.94785, 27.94521], [84.94779, 27.94542], [84.94769, 27.94564], [84.94758, 27.94581], [84.9473, 27.94594], [84.94702, 27.94603], [84.94679, 27.94594], [84.94667, 27.94548], [84.94674, 27.94527], [84.94682, 27.94502], [84.94695, 27.9447], [84.94703, 27.94437], [84.94703, 27.94417], [84.94693, 27.94408], [84.94667, 27.94411], [84.94639, 27.94429], [84.94611, 27.94454], [84.94586, 27.94483], [84.94547, 27.94503], [84.94488, 27.94495], [84.94468, 27.9447], [84.9445, 27.94433], [84.94433, 27.94401], [84.94408, 27.9437], [84.94386, 27.94336], [84.94347, 27.94264], [84.94301, 27.94226], [84.9426, 27.94207], [84.94224, 27.9417], [84.94159, 27.941]]}}, {"type": "Feature", "properties": {"frac": 0.0418, "observed": true, "ext": true, "wid": "n141"}, "geometry": {"type": "LineString", "coordinates": [[84.94159, 27.941], [84.94137, 27.94063], [84.94117, 27.94032], [84.94098, 27.94002], [84.94084, 27.93961], [84.94055, 27.93905], [84.94044, 27.93887], [84.94022, 27.93873], [84.93993, 27.93864], [84.93944, 27.93855], [84.93914, 27.93842], [84.93891, 27.93823], [84.93866, 27.93811], [84.93851, 27.93814], [84.93848, 27.93838], [84.93845, 27.93857], [84.93837, 27.93879], [84.93822, 27.93889], [84.93777, 27.93894], [84.93719, 27.93856], [84.93678, 27.93809], [84.93673, 27.93805], [84.93665, 27.93786], [84.93673, 27.93764], [84.93691, 27.93744], [84.9372, 27.9373], [84.93729, 27.93705], [84.93709, 27.93697], [84.93682, 27.93688], [84.93614, 27.93669], [84.93593, 27.93662], [84.93566, 27.93643], [84.93537, 27.93634], [84.93517, 27.93608], [84.93502, 27.93571], [84.93508, 27.93538], [84.93538, 27.9351], [84.93577, 27.93474], [84.93615, 27.93445], [84.93631, 27.93432], [84.93643, 27.93417], [84.93656, 27.93398], [84.93659, 27.93381], [84.93662, 27.93354], [84.93659, 27.9334], [84.93651, 27.93318], [84.93638, 27.93298], [84.93618, 27.93291], [84.93588, 27.93286], [84.9356, 27.93272], [84.93564, 27.93252], [84.93563, 27.93227], [84.93553, 27.93197], [84.93564, 27.93141], [84.93544, 27.93091], [84.93523, 27.93077], [84.93493, 27.93053], [84.93461, 27.93006], [84.93441, 27.92972], [84.93415, 27.92943], [84.93405, 27.92933], [84.93371, 27.92953], [84.93354, 27.92997], [84.9335, 27.93031], [84.93356, 27.93045], [84.93372, 27.93092], [84.93374, 27.93106], [84.93306, 27.93134], [84.93279, 27.93131], [84.93256, 27.93128], [84.93221, 27.93117], [84.93189, 27.93092], [84.93152, 27.93071], [84.93124, 27.93057], [84.93103, 27.93057], [84.93079, 27.93067], [84.93032, 27.93077], [84.92985, 27.93094], [84.92953, 27.93112], [84.92908, 27.93131], [84.92863, 27.93137], [84.92843, 27.9313], [84.92828, 27.93087], [84.92843, 27.93027], [84.92808, 27.93006], [84.92782, 27.92986], [84.92731, 27.92954], [84.92716, 27.92942], [84.92715, 27.92926], [84.92724, 27.92914], [84.92744, 27.92882], [84.92827, 27.9286], [84.92845, 27.9285], [84.92861, 27.9284], [84.92869, 27.92831], [84.92873, 27.92818], [84.92868, 27.92797], [84.92857, 27.92778], [84.92851, 27.92758], [84.92847, 27.92739], [84.92833, 27.92723], [84.92804, 27.92715], [84.9278, 27.92693], [84.92742, 27.92669], [84.92712, 27.92643], [84.92669, 27.92636], [84.92641, 27.92661], [84.92604, 27.92728], [84.92586, 27.92753], [84.92532, 27.92771], [84.92496, 27.92778], [84.92459, 27.92795], [84.92438, 27.92815], [84.9237, 27.92832], [84.92333, 27.9282]]}}, {"type": "Feature", "properties": {"frac": 0.0695, "observed": true, "ext": true, "wid": "n142"}, "geometry": {"type": "LineString", "coordinates": [[84.92333, 27.9282], [84.92288, 27.928], [84.92274, 27.92789], [84.92277, 27.92778], [84.92287, 27.92764], [84.92303, 27.92755], [84.9235, 27.92736], [84.92357, 27.92724], [84.9236, 27.92702], [84.92352, 27.92685], [84.92331, 27.92664], [84.92287, 27.92642], [84.92224, 27.92632], [84.92194, 27.92627], [84.92166, 27.92631], [84.92125, 27.92647], [84.92109, 27.9265], [84.92078, 27.92649], [84.92057, 27.92626], [84.92057, 27.92607], [84.92052, 27.92577], [84.92065, 27.92534], [84.92067, 27.9252], [84.92064, 27.92496], [84.92055, 27.92477], [84.91943, 27.92412], [84.91912, 27.92405], [84.91877, 27.9239], [84.91855, 27.92378], [84.91851, 27.92359], [84.91866, 27.92335], [84.91882, 27.92328], [84.91915, 27.92319], [84.91979, 27.9228], [84.92022, 27.92225], [84.92027, 27.92203], [84.92024, 27.9218], [84.92005, 27.92146], [84.9198, 27.92132], [84.91965, 27.92108], [84.9194, 27.92084], [84.91903, 27.92069], [84.91854, 27.92045], [84.91798, 27.92033], [84.91734, 27.9204], [84.91695, 27.92061], [84.91669, 27.92105], [84.91652, 27.9212], [84.91621, 27.92109], [84.91593, 27.92088], [84.91564, 27.92042], [84.91547, 27.92021], [84.91447, 27.92013], [84.91375, 27.92], [84.91318, 27.91973], [84.91298, 27.91956], [84.91277, 27.91936], [84.9125, 27.91928], [84.91215, 27.91927], [84.91162, 27.91942], [84.91131, 27.91961], [84.91061, 27.91968], [84.91014, 27.91961], [84.91017, 27.91903], [84.91013, 27.9187], [84.91005, 27.9185], [84.90989, 27.91831], [84.90975, 27.91811], [84.90963, 27.91798], [84.90948, 27.91784], [84.90924, 27.91751], [84.90904, 27.91716], [84.90864, 27.91649], [84.90847, 27.9163], [84.90821, 27.91628], [84.90784, 27.91626], [84.90743, 27.91594], [84.90708, 27.91537], [84.90656, 27.91459]]}}, {"type": "Feature", "properties": {"frac": 0.0595, "observed": true, "ext": true, "wid": "n205"}, "geometry": {"type": "LineString", "coordinates": [[84.90656, 27.91459], [84.90603, 27.91381], [84.90573, 27.91333], [84.90542, 27.91269], [84.90507, 27.91198], [84.90492, 27.91159], [84.90471, 27.91118], [84.90446, 27.91088], [84.90331, 27.91067], [84.90226, 27.91068], [84.90182, 27.91077], [84.90131, 27.9109], [84.90078, 27.91104], [84.90035, 27.91114], [84.90012, 27.91133], [84.89994, 27.91155], [84.89991, 27.91178], [84.89992, 27.91199], [84.9002, 27.91242], [84.90035, 27.91274], [84.90041, 27.91302], [84.90046, 27.9135], [84.90059, 27.91416], [84.90057, 27.91463], [84.90049, 27.91478], [84.9004, 27.9149], [84.90018, 27.9152], [84.89993, 27.91554], [84.89959, 27.91583], [84.8991, 27.91607], [84.89895, 27.9162], [84.89878, 27.91629], [84.89872, 27.91641], [84.89854, 27.91643], [84.8984, 27.91643], [84.89832, 27.91638], [84.89823, 27.91618], [84.89819, 27.91595], [84.89797, 27.91566], [84.89778, 27.91556], [84.89758, 27.9155], [84.8972, 27.91564], [84.89696, 27.91585], [84.89597, 27.91574]]}}, {"type": "Feature", "properties": {"frac": null, "observed": false, "ext": true, "wid": "n143"}, "geometry": {"type": "LineString", "coordinates": [[85.25917, 27.99521], [85.25906, 27.99496], [85.2589, 27.99438], [85.25848, 27.99387], [85.25834, 27.99359], [85.25839, 27.99331], [85.2586, 27.99302], [85.25878, 27.9928], [85.25882, 27.99244], [85.2589, 27.99229], [85.25907, 27.99227], [85.25932, 27.99231], [85.25973, 27.99233], [85.25995, 27.99237], [85.26031, 27.99252], [85.26047, 27.99255], [85.26056, 27.99257], [85.26085, 27.99255], [85.26124, 27.99244], [85.26179, 27.99241], [85.26211, 27.99226], [85.26235, 27.99197], [85.26252, 27.99166], [85.26261, 27.9913], [85.26277, 27.99087], [85.26296, 27.9907], [85.26338, 27.99054], [85.26382, 27.99041], [85.26414, 27.99035], [85.26433, 27.99024], [85.26445, 27.99008], [85.26457, 27.9897], [85.26463, 27.98951], [85.26488, 27.98917], [85.26508, 27.98876], [85.26526, 27.98822], [85.26541, 27.98805], [85.2658, 27.98776], [85.26591, 27.98758], [85.26594, 27.9874], [85.26581, 27.98703], [85.26552, 27.98654], [85.26537, 27.98617], [85.26543, 27.98597], [85.26565, 27.98563], [85.26579, 27.98535], [85.26579, 27.98515], [85.26562, 27.98497], [85.26516, 27.98457], [85.26492, 27.98436], [85.26478, 27.98412], [85.26478, 27.98392], [85.26488, 27.98376], [85.2651, 27.98362], [85.26528, 27.98353], [85.26561, 27.98339], [85.26575, 27.98328], [85.26584, 27.98314], [85.26587, 27.983], [85.26583, 27.98286], [85.26574, 27.98273]]}}, {"type": "Feature", "properties": {"frac": 0.0179, "observed": true, "ext": true, "wid": "n144"}, "geometry": {"type": "LineString", "coordinates": [[85.26574, 27.98273], [85.26559, 27.98255], [85.26543, 27.98243], [85.26516, 27.98239], [85.26481, 27.98227], [85.26463, 27.9822], [85.26453, 27.98205], [85.26432, 27.98166], [85.26415, 27.98146], [85.26397, 27.98136], [85.26379, 27.98127], [85.26363, 27.98117], [85.26352, 27.981], [85.2634, 27.98063], [85.26336, 27.98033], [85.26327, 27.98007], [85.26323, 27.97977], [85.26326, 27.97954], [85.26338, 27.9793], [85.26359, 27.97902], [85.26376, 27.97865], [85.26382, 27.97818], [85.2638, 27.97784], [85.26382, 27.97759], [85.26382, 27.97739], [85.26387, 27.97728], [85.26383, 27.97715], [85.26385, 27.97707], [85.26383, 27.977], [85.26368, 27.97683], [85.26352, 27.97652], [85.26334, 27.97628], [85.26309, 27.97606], [85.26279, 27.97592], [85.26237, 27.97587], [85.26188, 27.97589], [85.26147, 27.97597], [85.26109, 27.97605], [85.261, 27.97604], [85.26084, 27.97601], [85.2607, 27.97587], [85.26064, 27.97568], [85.26068, 27.97546], [85.26054, 27.97508], [85.26019, 27.97461], [85.26001, 27.97437], [85.25975, 27.97423], [85.25952, 27.97416], [85.25926, 27.97407], [85.25865, 27.97406], [85.25831, 27.974], [85.25809, 27.97396], [85.25789, 27.9739], [85.25771, 27.97379], [85.25775, 27.97366], [85.25789, 27.97353], [85.2581, 27.97343], [85.25821, 27.97332], [85.25838, 27.97313], [85.25847, 27.97293], [85.25852, 27.97264], [85.25849, 27.97229], [85.25836, 27.97188], [85.25811, 27.97153], [85.25785, 27.9714], [85.25762, 27.97105], [85.25752, 27.97122], [85.25736, 27.97119], [85.25716, 27.97127], [85.25693, 27.97138], [85.25682, 27.9717], [85.25666, 27.9719], [85.25649, 27.9721], [85.2564, 27.97219], [85.25633, 27.97234], [85.25625, 27.9725], [85.25607, 27.97269], [85.25595, 27.97305], [85.25592, 27.97342], [85.25591, 27.97374], [85.2559, 27.97391], [85.25572, 27.97428], [85.25549, 27.97445], [85.25522, 27.97454], [85.25507, 27.9745], [85.25492, 27.97447], [85.25465, 27.97433], [85.25447, 27.97415], [85.25417, 27.97394], [85.254, 27.97371], [85.25381, 27.97295], [85.25374, 27.97255], [85.25364, 27.97227], [85.25341, 27.97207], [85.25297, 27.97186], [85.25274, 27.97179], [85.25217, 27.97185], [85.25119, 27.97167], [85.25067, 27.97141], [85.25035, 27.97131], [85.25005, 27.97138], [85.2497, 27.9715], [85.24893, 27.97194], [85.24812, 27.97247], [85.24768, 27.97276], [85.24724, 27.97286], [85.2472, 27.97287], [85.24665, 27.97288], [85.24561, 27.9728], [85.24454, 27.97261], [85.244, 27.97266], [85.24376, 27.97276], [85.24345, 27.97294], [85.24317, 27.97322], [85.24293, 27.97325], [85.24251, 27.97331], [85.2414, 27.97325], [85.2408, 27.97315]]}}, {"type": "Feature", "properties": {"frac": 0.0028, "observed": true, "ext": true, "wid": "n145"}, "geometry": {"type": "LineString", "coordinates": [[85.23912, 27.97353], [85.2387, 27.97386], [85.23842, 27.97425], [85.23787, 27.97469], [85.2372, 27.97468], [85.23685, 27.97467], [85.23554, 27.97423], [85.23532, 27.97387], [85.23477, 27.97334], [85.23497, 27.97306], [85.23446, 27.9728], [85.23374, 27.97278], [85.2334, 27.97278], [85.23283, 27.97311], [85.23252, 27.97365], [85.23194, 27.97393], [85.23153, 27.97395], [85.23104, 27.97395], [85.23072, 27.97388], [85.23031, 27.97392], [85.22974, 27.97387], [85.22927, 27.97381], [85.22891, 27.97384], [85.22847, 27.97401], [85.22811, 27.97419], [85.22702, 27.97479], [85.22614, 27.97491], [85.22572, 27.97483], [85.22442, 27.97466], [85.22407, 27.97459], [85.22298, 27.97408], [85.22226, 27.97406], [85.22172, 27.97479], [85.22134, 27.97555], [85.22062, 27.97575], [85.21914, 27.97582], [85.21791, 27.97547], [85.21674, 27.97507], [85.21616, 27.97419], [85.21559, 27.97361], [85.21515, 27.97352], [85.21405, 27.97285], [85.21351, 27.97248], [85.21305, 27.97245], [85.2126, 27.97254], [85.21227, 27.97261], [85.21137, 27.97298], [85.2109, 27.97312], [85.21053, 27.97343], [85.21034, 27.97363], [85.21004, 27.97383], [85.20907, 27.97447], [85.20853, 27.97478], [85.20852, 27.97478], [85.20839, 27.97485], [85.20825, 27.97492], [85.20816, 27.97494], [85.20806, 27.97495], [85.20798, 27.97494], [85.2079, 27.97493], [85.20782, 27.97489], [85.20766, 27.9748], [85.20755, 27.97477], [85.2074, 27.97475], [85.20718, 27.97478], [85.20684, 27.97486], [85.20654, 27.97495]]}}, {"type": "Feature", "properties": {"frac": 0.1068, "observed": true, "ext": false, "wid": "v024"}, "geometry": {"type": "LineString", "coordinates": [[85.19682, 27.97542], [85.19633, 27.97549], [85.19603, 27.97556], [85.19508, 27.97594], [85.19461, 27.97602], [85.1937, 27.97596], [85.19331, 27.97583], [85.19305, 27.97562], [85.19239, 27.97549], [85.19186, 27.9755], [85.19144, 27.97549], [85.19104, 27.97554], [85.19067, 27.97572], [85.19032, 27.97602], [85.18961, 27.97647], [85.18949, 27.97655], [85.18912, 27.97664], [85.18896, 27.97662], [85.1886, 27.9766], [85.1881, 27.97646], [85.1876, 27.97612], [85.187, 27.97565], [85.18617, 27.97455], [85.18588, 27.9743], [85.18551, 27.97415], [85.1851, 27.974], [85.18463, 27.97389], [85.18449, 27.97379], [85.18439, 27.9736], [85.18412, 27.97299], [85.18409, 27.97291], [85.18404, 27.97281]]}}, {"type": "Feature", "properties": {"frac": null, "observed": false, "ext": true, "wid": "n146"}, "geometry": {"type": "LineString", "coordinates": [[85.27099, 28.02344], [85.27128, 28.02306], [85.27151, 28.02273], [85.27174, 28.02236], [85.27176, 28.02209], [85.27165, 28.02176], [85.27151, 28.0214], [85.27158, 28.02107], [85.27175, 28.02087], [85.27188, 28.02058], [85.2719, 28.02026], [85.27193, 28.01995], [85.27182, 28.01955], [85.27167, 28.01908], [85.27164, 28.01846], [85.27149, 28.01789], [85.27125, 28.01756], [85.27113, 28.01744], [85.2711, 28.0173], [85.27099, 28.01715], [85.271, 28.01707], [85.27102, 28.0167], [85.27107, 28.01632], [85.2708, 28.01604], [85.2706, 28.01589], [85.27028, 28.01569], [85.27006, 28.01557], [85.26977, 28.01535], [85.2696, 28.01518], [85.26958, 28.01488], [85.26985, 28.01455], [85.26993, 28.01445], [85.27003, 28.01429], [85.27006, 28.01418], [85.27002, 28.01401], [85.26968, 28.01392], [85.2693, 28.01408], [85.26916, 28.0142], [85.26893, 28.01418], [85.26871, 28.01399], [85.26865, 28.01378], [85.26882, 28.01315], [85.26922, 28.01248], [85.26942, 28.01163], [85.26932, 28.01138], [85.2688, 28.01102], [85.26773, 28.01065], [85.26762, 28.01046], [85.2677, 28.0102], [85.2678, 28.00996], [85.2679, 28.00975], [85.26843, 28.00906]]}}, {"type": "Feature", "properties": {"frac": null, "observed": false, "ext": true, "wid": "n143"}, "geometry": {"type": "LineString", "coordinates": [[85.26794, 28.00678], [85.26748, 28.00682], [85.26688, 28.00657], [85.26658, 28.00621], [85.26651, 28.00595], [85.26654, 28.00573], [85.26682, 28.00511], [85.26682, 28.00479], [85.2667, 28.00455], [85.26637, 28.00431], [85.26581, 28.00389], [85.26573, 28.00364], [85.26572, 28.00344], [85.26591, 28.00328], [85.2662, 28.00325], [85.26646, 28.00312], [85.26651, 28.00279], [85.26665, 28.00246], [85.26668, 28.00155], [85.26677, 28.00113], [85.26681, 28.00093], [85.26663, 28.00053], [85.26604, 28.0002], [85.26552, 28.00008], [85.26473, 27.99992], [85.2644, 27.99974], [85.26425, 27.99957], [85.26409, 27.99949], [85.26393, 27.99949], [85.26374, 27.99947], [85.26351, 27.99935], [85.2632, 27.99917], [85.26282, 27.99892], [85.26263, 27.9986], [85.2624, 27.99812], [85.26222, 27.99772], [85.26185, 27.99729], [85.26146, 27.99691], [85.2613, 27.99678], [85.26115, 27.99671], [85.26084, 27.99665], [85.26047, 27.99664], [85.26022, 27.99655], [85.26003, 27.99639], [85.25977, 27.99614], [85.25958, 27.99584], [85.25934, 27.99543], [85.25917, 27.99521]]}}, {"type": "Feature", "properties": {"frac": 0.047, "observed": true, "ext": false, "wid": "v032"}, "geometry": {"type": "LineString", "coordinates": [[85.11268, 27.86662], [85.11254, 27.86534], [85.11258, 27.86486], [85.11255, 27.86461], [85.11244, 27.86423], [85.11226, 27.86385], [85.11161, 27.863], [85.11097, 27.86232], [85.11051, 27.86197]]}}, {"type": "Feature", "properties": {"frac": null, "observed": false, "ext": true, "wid": "n147"}, "geometry": {"type": "LineString", "coordinates": [[85.02992, 27.69316], [85.03, 27.6932], [85.03007, 27.69326], [85.03026, 27.69331], [85.03055, 27.69337], [85.03076, 27.69339], [85.03089, 27.69353], [85.03096, 27.69362], [85.03101, 27.69376], [85.03106, 27.69389], [85.03105, 27.69395], [85.03101, 27.69405], [85.03095, 27.69417], [85.03091, 27.69432], [85.03087, 27.6944], [85.0309, 27.69449], [85.03093, 27.69457], [85.031, 27.69462], [85.03115, 27.69469], [85.03134, 27.69471], [85.03149, 27.69467], [85.03163, 27.69465], [85.03182, 27.6946], [85.03197, 27.69451], [85.03209, 27.69445], [85.03223, 27.69442], [85.03235, 27.69443], [85.03243, 27.69449], [85.03248, 27.69458], [85.0325, 27.69465], [85.03249, 27.69471], [85.03239, 27.69477], [85.03234, 27.6949], [85.03231, 27.69507], [85.03228, 27.69514], [85.03226, 27.69521], [85.03229, 27.69537], [85.03244, 27.69551], [85.03253, 27.69562], [85.03262, 27.69575], [85.03275, 27.69586], [85.0329, 27.69595], [85.03302, 27.69599], [85.03314, 27.69602], [85.03324, 27.69607], [85.03337, 27.69614], [85.03346, 27.69619], [85.03352, 27.69627], [85.03357, 27.69637], [85.03361, 27.69649], [85.03361, 27.69658], [85.03359, 27.69664], [85.03354, 27.69677], [85.0335, 27.69686], [85.03345, 27.69696], [85.03341, 27.69715], [85.0334, 27.69724], [85.03335, 27.69772], [85.03335, 27.69796], [85.03329, 27.69817], [85.03323, 27.69841], [85.03317, 27.69857], [85.03308, 27.69881], [85.03301, 27.69911], [85.03296, 27.69921], [85.03293, 27.69944], [85.03295, 27.6996], [85.03292, 27.69979], [85.03293, 27.7], [85.03291, 27.70018], [85.03296, 27.70035], [85.03299, 27.70048], [85.03307, 27.70058], [85.03321, 27.70062], [85.03335, 27.70062], [85.03349, 27.70063], [85.03361, 27.70055], [85.0338, 27.7005], [85.03394, 27.70044], [85.03406, 27.70041], [85.03424, 27.70042], [85.0344, 27.70049], [85.03467, 27.70059], [85.0349, 27.70081], [85.03503, 27.70096], [85.03516, 27.70128], [85.03506, 27.70159], [85.03502, 27.70172], [85.03505, 27.70181], [85.03493, 27.70198], [85.03485, 27.70201], [85.03478, 27.7021], [85.03474, 27.70222], [85.03475, 27.70238], [85.03468, 27.70247], [85.03463, 27.70266], [85.03457, 27.70282], [85.03449, 27.70302], [85.03446, 27.70317], [85.03441, 27.70334], [85.03444, 27.7034], [85.03452, 27.7036], [85.03465, 27.70371], [85.03471, 27.70386], [85.0348, 27.70397], [85.03495, 27.70401], [85.03517, 27.70399], [85.03535, 27.70398], [85.03552, 27.704], [85.03575, 27.70389], [85.03589, 27.70381], [85.03618, 27.70369], [85.03635, 27.70349], [85.03654, 27.70343], [85.03669, 27.7033], [85.03685, 27.7032], [85.03708, 27.70322]]}}, {"type": "Feature", "properties": {"frac": null, "observed": false, "ext": true, "wid": "n148"}, "geometry": {"type": "LineString", "coordinates": [[85.03708, 27.70322], [85.03742, 27.70316], [85.03759, 27.70322], [85.03776, 27.70327], [85.03789, 27.70338], [85.03809, 27.70351], [85.03827, 27.70359], [85.03839, 27.70362], [85.0385, 27.70381], [85.03855, 27.70399], [85.03856, 27.7041], [85.03865, 27.70426], [85.03864, 27.70434], [85.03866, 27.70447], [85.03869, 27.70472], [85.03866, 27.70495], [85.03864, 27.70512], [85.0386, 27.70528], [85.03871, 27.70552], [85.03882, 27.70566], [85.03893, 27.7058], [85.03902, 27.70594], [85.03917, 27.70604], [85.03926, 27.70614], [85.03956, 27.70637], [85.03981, 27.7062], [85.03995, 27.7061], [85.04021, 27.70617], [85.04058, 27.70604], [85.04081, 27.70592], [85.04094, 27.70583], [85.041, 27.70581], [85.04114, 27.70576], [85.04131, 27.70567], [85.04146, 27.70569], [85.04155, 27.70572], [85.04179, 27.70577], [85.04202, 27.70585], [85.0422, 27.70597], [85.04234, 27.70602], [85.04244, 27.70612], [85.04254, 27.70622], [85.04272, 27.70629], [85.04284, 27.7063], [85.04299, 27.70629], [85.04321, 27.70628], [85.04334, 27.7063], [85.04346, 27.70628], [85.04369, 27.70621], [85.04385, 27.70622], [85.044, 27.70626], [85.04418, 27.70632], [85.04431, 27.70638], [85.04436, 27.70644], [85.04442, 27.70657], [85.04443, 27.70665], [85.04446, 27.7068], [85.0445, 27.70695], [85.04452, 27.70707], [85.0445, 27.70716], [85.0445, 27.70728], [85.04451, 27.70739], [85.04454, 27.70749], [85.04461, 27.70758], [85.0447, 27.70762], [85.04479, 27.70764], [85.04487, 27.70765], [85.04497, 27.70765], [85.04508, 27.70759], [85.04526, 27.70754], [85.04544, 27.70749], [85.04557, 27.70743], [85.04578, 27.70737], [85.04601, 27.70734], [85.04621, 27.70726], [85.04639, 27.70716], [85.04658, 27.70706], [85.04668, 27.707], [85.04677, 27.70694], [85.04695, 27.70681], [85.04703, 27.70674], [85.04718, 27.70664], [85.0474, 27.70649], [85.04751, 27.70643], [85.04761, 27.70635], [85.04777, 27.70623], [85.04786, 27.70613], [85.04802, 27.70599], [85.04819, 27.70592], [85.04834, 27.70591], [85.04848, 27.70597], [85.04855, 27.70602], [85.04859, 27.70611], [85.04863, 27.70617], [85.0487, 27.70624], [85.04879, 27.70629], [85.04896, 27.70642], [85.04918, 27.70652], [85.04936, 27.70661], [85.04949, 27.7067], [85.04966, 27.70678], [85.04982, 27.70687], [85.04995, 27.70697], [85.05005, 27.70711], [85.05012, 27.70721], [85.05016, 27.70732], [85.05022, 27.70749], [85.05023, 27.70764], [85.05021, 27.70778], [85.05015, 27.7079], [85.05002, 27.70802], [85.0499, 27.70813], [85.04969, 27.70827], [85.04951, 27.7084], [85.04935, 27.70849], [85.04918, 27.70855], [85.04901, 27.7086], [85.04882, 27.70876], [85.04864, 27.70889], [85.04849, 27.70901], [85.04838, 27.70908], [85.0483, 27.70919], [85.04831, 27.7093], [85.04835, 27.70937], [85.04846, 27.70946], [85.04859, 27.70951], [85.04868, 27.70956], [85.04881, 27.70963], [85.0489, 27.7097], [85.04904, 27.70978], [85.04917, 27.70986], [85.04927, 27.70998], [85.04935, 27.71014], [85.04946, 27.71026], [85.04962, 27.7104], [85.04976, 27.71054], [85.04992, 27.71067], [85.05014, 27.71086], [85.05031, 27.71095], [85.05061, 27.71102], [85.05084, 27.71107], [85.05103, 27.71114], [85.05119, 27.71121], [85.0513, 27.71127], [85.0515, 27.71132], [85.05169, 27.71136], [85.05185, 27.71141], [85.05207, 27.71143], [85.05234, 27.71153], [85.05253, 27.71168], [85.05267, 27.7119], [85.05286, 27.71215], [85.05302, 27.71238], [85.05312, 27.71254], [85.05324, 27.71276], [85.05329, 27.71295], [85.05329, 27.71313], [85.05331, 27.71324], [85.05322, 27.71334], [85.05301, 27.71365], [85.0529, 27.71375], [85.05278, 27.71389], [85.05265, 27.71398], [85.05254, 27.71405], [85.05244, 27.71407], [85.05236, 27.71411], [85.05222, 27.71418], [85.05202, 27.71432], [85.05186, 27.7144], [85.05171, 27.71449], [85.05151, 27.71456], [85.05135, 27.7146], [85.05117, 27.71464], [85.051, 27.71467], [85.05081, 27.71465], [85.05061, 27.71463], [85.05044, 27.71462], [85.05027, 27.71461], [85.05003, 27.71456], [85.04985, 27.71456], [85.04968, 27.71452], [85.04947, 27.71449], [85.04925, 27.71447], [85.04894, 27.71454], [85.04873, 27.71463], [85.04852, 27.71475], [85.04841, 27.71483], [85.04829, 27.71493], [85.04825, 27.71506], [85.04823, 27.71517], [85.04828, 27.71527], [85.04834, 27.7154], [85.04849, 27.71549], [85.04852, 27.71552], [85.04857, 27.71555], [85.04871, 27.71557], [85.04889, 27.7156], [85.04902, 27.7156], [85.04919, 27.71563], [85.04948, 27.71571], [85.04978, 27.71583], [85.04999, 27.71595], [85.05015, 27.71603], [85.05034, 27.71616], [85.05061, 27.71633], [85.05079, 27.71646], [85.05093, 27.71659], [85.05104, 27.7167], [85.05112, 27.71682], [85.05111, 27.71698], [85.05108, 27.71712], [85.05092, 27.71724], [85.0508, 27.71735], [85.05073, 27.71748], [85.05055, 27.71779], [85.05043, 27.71802], [85.05038, 27.71818], [85.05028, 27.7184], [85.05029, 27.71857]]}}, {"type": "Feature", "properties": {"frac": null, "observed": false, "ext": true, "wid": "n149"}, "geometry": {"type": "LineString", "coordinates": [[85.05029, 27.71857], [85.0504, 27.71874], [85.05048, 27.7188], [85.05067, 27.71886], [85.05086, 27.71886], [85.05103, 27.71896], [85.0512, 27.71906], [85.05139, 27.71921], [85.05153, 27.71934], [85.05171, 27.71948], [85.05184, 27.71959], [85.05197, 27.71972], [85.05212, 27.71987], [85.05229, 27.71999], [85.05246, 27.72009], [85.05272, 27.7202], [85.05299, 27.72028], [85.0532, 27.72031], [85.05347, 27.72034], [85.05364, 27.72045], [85.05383, 27.72053], [85.05398, 27.72068], [85.05416, 27.72077], [85.05425, 27.72085], [85.05436, 27.72094], [85.05443, 27.72107], [85.05457, 27.72121], [85.05468, 27.72139], [85.05469, 27.72157], [85.05476, 27.72185], [85.05477, 27.72197], [85.05478, 27.72209], [85.05476, 27.72238], [85.05471, 27.72264], [85.05464, 27.72293], [85.05459, 27.72306], [85.05448, 27.72318], [85.05435, 27.72331], [85.05413, 27.72343], [85.05393, 27.72352], [85.05364, 27.72367], [85.05347, 27.72383], [85.05319, 27.72405], [85.05279, 27.7245], [85.05259, 27.72478], [85.05242, 27.72506], [85.0523, 27.72537], [85.05214, 27.72556], [85.05188, 27.72561], [85.05167, 27.7256], [85.05148, 27.72552], [85.05109, 27.72543], [85.05082, 27.72544], [85.05061, 27.72545], [85.05029, 27.72548], [85.04973, 27.72553], [85.04952, 27.72561], [85.04926, 27.72579], [85.049, 27.72591], [85.04881, 27.72604], [85.04862, 27.72625], [85.04853, 27.72651], [85.04846, 27.72676], [85.04856, 27.72702], [85.04877, 27.72719], [85.04913, 27.7273], [85.04962, 27.72742], [85.05029, 27.72751], [85.05061, 27.72749], [85.05115, 27.72744], [85.05152, 27.72739], [85.05182, 27.72738], [85.05217, 27.72747], [85.05229, 27.7276], [85.05249, 27.7277], [85.0526, 27.72775], [85.0527, 27.72786], [85.05287, 27.72795], [85.05299, 27.72801], [85.0532, 27.72815], [85.05334, 27.72829], [85.05352, 27.72838], [85.05366, 27.72844], [85.05386, 27.72851], [85.05405, 27.72847], [85.05417, 27.72838], [85.0543, 27.72825], [85.05436, 27.7281], [85.05446, 27.72788], [85.05454, 27.72764], [85.05468, 27.72742], [85.05483, 27.72736], [85.05504, 27.72735], [85.05519, 27.72741], [85.05535, 27.72758], [85.05544, 27.72776], [85.05556, 27.72803], [85.05564, 27.72822], [85.05567, 27.72853], [85.05569, 27.72899], [85.05569, 27.72935], [85.05566, 27.72974], [85.05566, 27.73015], [85.0559, 27.73075], [85.05637, 27.73106], [85.05678, 27.73186], [85.05705, 27.73216], [85.0573, 27.73272], [85.05719, 27.73315], [85.05683, 27.73376], [85.05665, 27.73412], [85.05611, 27.73461], [85.05597, 27.73531], [85.05611, 27.73588], [85.05639, 27.73631], [85.05669, 27.73657], [85.05702, 27.73644], [85.05743, 27.73608], [85.05801, 27.73561], [85.05913, 27.73557], [85.05971, 27.73596], [85.05998, 27.73657], [85.06014, 27.73729], [85.06086, 27.73789], [85.06111, 27.73831], [85.06112, 27.73893]]}}, {"type": "Feature", "properties": {"frac": 0.0129, "observed": true, "ext": true, "wid": "n048"}, "geometry": {"type": "LineString", "coordinates": [[85.06112, 27.73893], [85.0608, 27.73955], [85.05989, 27.74019], [85.05922, 27.74035], [85.05885, 27.74113], [85.05873, 27.74146], [85.05871, 27.74167], [85.05882, 27.74184], [85.059, 27.74195], [85.05952, 27.74208], [85.06, 27.74216], [85.06024, 27.74224], [85.06039, 27.74235], [85.06046, 27.74247], [85.06045, 27.74262], [85.0603, 27.74285], [85.06033, 27.74293], [85.06017, 27.74343], [85.06027, 27.74421], [85.06042, 27.74462], [85.06047, 27.74474], [85.06069, 27.745], [85.06108, 27.74515], [85.06146, 27.7451], [85.06175, 27.74488], [85.06195, 27.7445], [85.0623, 27.74386], [85.06259, 27.7436], [85.06284, 27.74351], [85.06317, 27.74346], [85.06366, 27.74357], [85.06432, 27.74387], [85.06479, 27.74419], [85.06511, 27.74459], [85.0652, 27.74483], [85.06526, 27.74529], [85.06527, 27.74558], [85.06526, 27.7457], [85.0652, 27.74576], [85.06518, 27.74587], [85.06521, 27.74601], [85.06541, 27.74623], [85.0657, 27.74648], [85.06596, 27.7466], [85.06646, 27.7468], [85.06699, 27.74694], [85.06724, 27.74716], [85.06737, 27.74744], [85.06743, 27.74853], [85.06738, 27.74873], [85.06718, 27.74892], [85.06654, 27.74918], [85.06591, 27.74945], [85.06547, 27.74982], [85.06499, 27.75041], [85.06475, 27.75111], [85.06463, 27.75171], [85.06463, 27.75206], [85.06458, 27.75261], [85.06464, 27.7529], [85.06466, 27.7531], [85.06469, 27.75346]]}}, {"type": "Feature", "properties": {"frac": 0.03, "observed": true, "ext": true, "wid": "n038"}, "geometry": {"type": "LineString", "coordinates": [[85.16537, 27.76732], [85.16509, 27.76714], [85.16494, 27.76702], [85.16449, 27.76649], [85.16434, 27.76633], [85.16408, 27.76607], [85.16392, 27.76593], [85.16378, 27.7659], [85.16364, 27.76594]]}}, {"type": "Feature", "properties": {"frac": 0.0005, "observed": true, "ext": true, "wid": "n031"}, "geometry": {"type": "LineString", "coordinates": [[85.57723, 27.83334], [85.57745, 27.83315], [85.57766, 27.83296], [85.5779, 27.83231], [85.57805, 27.83143], [85.57816, 27.83064], [85.57825, 27.83011], [85.57824, 27.82974], [85.57807, 27.8294], [85.57778, 27.82904], [85.57762, 27.82881], [85.57737, 27.82855], [85.57689, 27.82832], [85.5763, 27.82811], [85.57569, 27.82787], [85.57547, 27.82764], [85.57535, 27.82751], [85.57521, 27.8271], [85.57491, 27.82638], [85.5748, 27.82605], [85.57484, 27.82539], [85.57485, 27.82484], [85.5752, 27.82406], [85.57534, 27.82366], [85.57544, 27.82336], [85.57567, 27.82288], [85.57578, 27.82267]]}}, {"type": "Feature", "properties": {"frac": 0.0608, "observed": true, "ext": false, "wid": "v021"}, "geometry": {"type": "LineString", "coordinates": [[85.19294, 28.02992], [85.19264, 28.02953], [85.19247, 28.02934], [85.19231, 28.02916], [85.19224, 28.02901], [85.1922, 28.02887], [85.1922, 28.02875], [85.19214, 28.02861], [85.19202, 28.02847], [85.19189, 28.02833], [85.19169, 28.0281], [85.19144, 28.02785], [85.1913, 28.02772], [85.19116, 28.02759], [85.19096, 28.02741], [85.19073, 28.02718], [85.19064, 28.02706], [85.19055, 28.02694], [85.19043, 28.02681], [85.19031, 28.02661], [85.19025, 28.02647], [85.19021, 28.02633], [85.19018, 28.02618], [85.19014, 28.02606], [85.19007, 28.02594], [85.19, 28.02587], [85.18988, 28.02583], [85.18974, 28.02583], [85.18956, 28.02582], [85.18931, 28.02577], [85.18898, 28.02568], [85.18861, 28.02558], [85.18833, 28.02552], [85.18815, 28.02544], [85.18804, 28.0254], [85.18787, 28.02529]]}}, {"type": "Feature", "properties": {"frac": 0.0016, "observed": true, "ext": true, "wid": "n150"}, "geometry": {"type": "LineString", "coordinates": [[85.67757, 27.84629], [85.67764, 27.84606], [85.67767, 27.84597], [85.67782, 27.84525], [85.67797, 27.84492], [85.67811, 27.84477], [85.67836, 27.84466], [85.67849, 27.84461], [85.67862, 27.84455], [85.67869, 27.84445], [85.67873, 27.8443], [85.67879, 27.84421], [85.67879, 27.84412], [85.67881, 27.844], [85.67888, 27.84393], [85.67901, 27.84371], [85.67911, 27.84369], [85.67922, 27.84365], [85.6793, 27.84357], [85.67933, 27.8433], [85.67943, 27.84318], [85.6796, 27.84276], [85.67983, 27.84256], [85.67989, 27.84215], [85.67986, 27.84162], [85.67966, 27.84104], [85.67962, 27.84059], [85.67965, 27.84035], [85.67959, 27.8401], [85.67951, 27.83974], [85.67909, 27.83928], [85.67865, 27.83842], [85.67869, 27.83813], [85.67834, 27.83718]]}}, {"type": "Feature", "properties": {"frac": 0.003, "observed": true, "ext": true, "wid": "n151"}, "geometry": {"type": "LineString", "coordinates": [[85.67834, 27.83718], [85.6783, 27.83663], [85.678, 27.83589], [85.67776, 27.83501], [85.67751, 27.83448], [85.67738, 27.83421], [85.6774, 27.8338], [85.67747, 27.8334], [85.67746, 27.83293], [85.67759, 27.83246], [85.67766, 27.832], [85.67768, 27.83181], [85.67818, 27.83147], [85.67852, 27.83102], [85.67911, 27.8305], [85.67923, 27.83012], [85.6796, 27.82984], [85.67991, 27.82915], [85.67998, 27.82885], [85.67985, 27.82828], [85.67975, 27.82803], [85.67969, 27.82773], [85.67947, 27.8275], [85.67936, 27.82725], [85.67937, 27.82625], [85.6795, 27.82581], [85.67966, 27.82532], [85.67968, 27.82525], [85.67968, 27.82521], [85.67962, 27.82455], [85.6798, 27.82397], [85.67975, 27.8237], [85.67929, 27.82349], [85.67895, 27.82322], [85.67883, 27.82268], [85.67847, 27.82224], [85.67839, 27.82211], [85.67836, 27.82192], [85.67821, 27.8216], [85.67758, 27.82119], [85.6769, 27.82077], [85.6767, 27.8204], [85.6763, 27.81965], [85.67651, 27.81935], [85.67651, 27.81924], [85.67649, 27.81901], [85.67677, 27.81854], [85.67676, 27.81767], [85.67601, 27.81709], [85.67558, 27.81652], [85.67521, 27.81591]]}}, {"type": "Feature", "properties": {"frac": 0.0013, "observed": true, "ext": true, "wid": "n085"}, "geometry": {"type": "LineString", "coordinates": [[85.67521, 27.81591], [85.67488, 27.81564], [85.67459, 27.81539], [85.67448, 27.81505], [85.67444, 27.81467], [85.67442, 27.81366], [85.67412, 27.81299], [85.67396, 27.81262], [85.67393, 27.81219], [85.67427, 27.81141], [85.67418, 27.81053], [85.67375, 27.81025], [85.67331, 27.80992], [85.67321, 27.80974], [85.67318, 27.80945], [85.67265, 27.80906], [85.67208, 27.80844], [85.67171, 27.80829], [85.67108, 27.80836], [85.67095, 27.80833], [85.6709, 27.80813], [85.67088, 27.80793], [85.67118, 27.80703], [85.67121, 27.80679], [85.67115, 27.80674], [85.67091, 27.80675], [85.67068, 27.80682], [85.67037, 27.80677], [85.67, 27.80672], [85.66983, 27.8066], [85.66977, 27.80628], [85.66988, 27.80596], [85.66985, 27.80557], [85.66982, 27.80532], [85.66982, 27.80503], [85.66971, 27.80447], [85.66974, 27.80411], [85.66978, 27.80382], [85.66982, 27.80355], [85.66999, 27.80298]]}}, {"type": "Feature", "properties": {"frac": 0.0005, "observed": true, "ext": true, "wid": "n032"}, "geometry": {"type": "LineString", "coordinates": [[85.57541, 27.80574], [85.57535, 27.80427], [85.5756, 27.80328], [85.57601, 27.80266], [85.57599, 27.80184], [85.57587, 27.80146], [85.57562, 27.80129], [85.57545, 27.80104], [85.57521, 27.80062], [85.57523, 27.79985], [85.57507, 27.79927], [85.57506, 27.79827], [85.57502, 27.79796], [85.57532, 27.79708], [85.57513, 27.79613], [85.57521, 27.79583], [85.57529, 27.79542], [85.57493, 27.79459], [85.57503, 27.79438], [85.57512, 27.79408], [85.57527, 27.79362], [85.57556, 27.79282], [85.57573, 27.79247], [85.5758, 27.79199], [85.57582, 27.79162]]}}, {"type": "Feature", "properties": {"frac": 0.0069, "observed": true, "ext": true, "wid": "n081"}, "geometry": {"type": "LineString", "coordinates": [[85.57495, 27.78904], [85.57453, 27.78823], [85.57423, 27.78723], [85.57402, 27.78654], [85.57335, 27.78559], [85.57269, 27.78492], [85.57232, 27.7846], [85.57217, 27.78415], [85.57217, 27.78359], [85.57261, 27.78315], [85.57302, 27.78293], [85.57346, 27.78257], [85.57375, 27.78218], [85.5745, 27.78144]]}}, {"type": "Feature", "properties": {"frac": 0.0, "observed": true, "ext": true, "wid": "n152"}, "geometry": {"type": "LineString", "coordinates": [[85.5745, 27.78144], [85.57504, 27.78064], [85.57552, 27.78019], [85.57599, 27.77973], [85.57669, 27.77928], [85.57707, 27.77903], [85.57736, 27.77851], [85.57729, 27.77818], [85.57759, 27.77771], [85.57828, 27.77696], [85.57855, 27.7764], [85.57882, 27.77617], [85.5797, 27.77589], [85.58061, 27.7759], [85.58136, 27.77599], [85.58195, 27.77586], [85.58255, 27.77563], [85.58285, 27.7748], [85.58305, 27.77421], [85.58423, 27.77343], [85.58482, 27.77271], [85.58514, 27.77224], [85.58556, 27.77161], [85.58566, 27.77106], [85.58588, 27.77059], [85.58623, 27.77011], [85.58705, 27.76909], [85.58727, 27.76841], [85.58728, 27.76777]]}}, {"type": "Feature", "properties": {"frac": 0.0005, "observed": true, "ext": true, "wid": "n153"}, "geometry": {"type": "LineString", "coordinates": [[85.58728, 27.76777], [85.5872, 27.76769], [85.58729, 27.76705], [85.58742, 27.76673], [85.58787, 27.76606], [85.58831, 27.76531], [85.58881, 27.7646], [85.58946, 27.76383], [85.58984, 27.76342], [85.59056, 27.76315], [85.59153, 27.76291], [85.59211, 27.76269], [85.59276, 27.76263], [85.59323, 27.76233], [85.59365, 27.76209], [85.59425, 27.76176], [85.59541, 27.76087], [85.59602, 27.7605], [85.59665, 27.75956], [85.59681, 27.75852], [85.59705, 27.75811], [85.59767, 27.75708], [85.5977, 27.75675], [85.59772, 27.75605], [85.59803, 27.75542], [85.59847, 27.75491], [85.59914, 27.75404]]}}, {"type": "Feature", "properties": {"frac": 0.0008, "observed": true, "ext": true, "wid": "n154"}, "geometry": {"type": "LineString", "coordinates": [[85.59914, 27.75404], [85.59983, 27.75308], [85.60079, 27.7525], [85.60144, 27.75193], [85.60154, 27.75172], [85.60194, 27.75107], [85.6021, 27.75082], [85.6022, 27.75053], [85.60242, 27.75015], [85.60291, 27.74973], [85.6032, 27.74946], [85.60416, 27.74899], [85.60467, 27.74853], [85.60576, 27.74796], [85.60609, 27.74788], [85.60647, 27.74763], [85.60722, 27.74671], [85.6077, 27.7456], [85.60788, 27.7443], [85.60816, 27.74296], [85.60872, 27.74119], [85.60926, 27.7405], [85.60988, 27.74021], [85.61017, 27.73995], [85.61065, 27.73908]]}}, {"type": "Feature", "properties": {"frac": 0.0008, "observed": true, "ext": true, "wid": "n155"}, "geometry": {"type": "LineString", "coordinates": [[85.61065, 27.73908], [85.61163, 27.73772], [85.61201, 27.73719], [85.61217, 27.73683], [85.61216, 27.73664], [85.61196, 27.73621], [85.61192, 27.73599], [85.61212, 27.7347], [85.6128, 27.73326], [85.61333, 27.73265], [85.61434, 27.73161], [85.61581, 27.7311], [85.61646, 27.73079], [85.61676, 27.73048], [85.61751, 27.72908], [85.61807, 27.7287], [85.61969, 27.72817], [85.62322, 27.72693]]}}, {"type": "Feature", "properties": {"frac": 0.0019, "observed": true, "ext": true, "wid": "n156"}, "geometry": {"type": "LineString", "coordinates": [[85.62322, 27.72693], [85.62438, 27.72627], [85.62468, 27.72588], [85.62493, 27.72536], [85.62499, 27.72524], [85.62569, 27.72488], [85.62669, 27.72443], [85.62722, 27.72401], [85.62775, 27.72357], [85.62843, 27.72338], [85.62934, 27.7232], [85.63041, 27.72328], [85.63182, 27.72314], [85.6321, 27.72289], [85.6326, 27.72235], [85.63332, 27.72192], [85.63478, 27.72103], [85.63546, 27.72057], [85.63593, 27.72024], [85.63651, 27.72018], [85.63764, 27.71996], [85.63962, 27.71911], [85.64117, 27.71832], [85.64196, 27.71807], [85.64263, 27.71803], [85.64327, 27.71822], [85.64375, 27.71835], [85.64436, 27.71865], [85.64587, 27.71947], [85.64657, 27.71999], [85.64715, 27.72031], [85.64924, 27.72101]]}}, {"type": "Feature", "properties": {"frac": 0.0003, "observed": true, "ext": true, "wid": "n088"}, "geometry": {"type": "LineString", "coordinates": [[85.65633, 27.71852], [85.65735, 27.71833], [85.65769, 27.71798], [85.6578, 27.71745], [85.65731, 27.71607], [85.6573, 27.71549], [85.65757, 27.71502], [85.65884, 27.71415], [85.65939, 27.71339], [85.65969, 27.71267], [85.66014, 27.71185], [85.66135, 27.71071], [85.66252, 27.71024], [85.66329, 27.7106], [85.66375, 27.71062], [85.66488, 27.71044], [85.66597, 27.71027], [85.66747, 27.70993], [85.66816, 27.70964], [85.66866, 27.70908], [85.66919, 27.70824], [85.66943, 27.70793], [85.67007, 27.70748], [85.67102, 27.70655], [85.67112, 27.70593], [85.67131, 27.7053], [85.67233, 27.70431], [85.67255, 27.70406], [85.67355, 27.70342], [85.6741, 27.70311], [85.67546, 27.70203], [85.67912, 27.70026]]}}, {"type": "Feature", "properties": {"frac": 0.0, "observed": true, "ext": true, "wid": "n157"}, "geometry": {"type": "LineString", "coordinates": [[85.68012, 27.69865], [85.68014, 27.69832], [85.68011, 27.69814], [85.67966, 27.69735], [85.67952, 27.69693], [85.67958, 27.69625], [85.68003, 27.69463], [85.68096, 27.69318], [85.68149, 27.69252], [85.68184, 27.69202], [85.68202, 27.69143], [85.68188, 27.69109], [85.68132, 27.69004], [85.68029, 27.68915], [85.68011, 27.68823], [85.6802, 27.68712], [85.68035, 27.68624], [85.68066, 27.68555], [85.68111, 27.68537], [85.6816, 27.68549], [85.68248, 27.68504], [85.68349, 27.68464], [85.68407, 27.68471], [85.68501, 27.68526], [85.6858, 27.68568], [85.68614, 27.6857], [85.68645, 27.68548], [85.68677, 27.68511], [85.68697, 27.68487], [85.68729, 27.68465], [85.68754, 27.68437], [85.68791, 27.6838], [85.68829, 27.68248], [85.68806, 27.6816], [85.68773, 27.68099], [85.68741, 27.68023], [85.68653, 27.67974], [85.68641, 27.67926], [85.68704, 27.67751], [85.68761, 27.67696], [85.68815, 27.6765], [85.69025, 27.67527], [85.69158, 27.67442], [85.6919, 27.67388], [85.69227, 27.67268], [85.69251, 27.67234]]}}, {"type": "Feature", "properties": {"frac": 0.0021, "observed": true, "ext": true, "wid": "n158"}, "geometry": {"type": "LineString", "coordinates": [[85.69418, 27.67091], [85.69437, 27.66978], [85.69415, 27.66744], [85.69392, 27.66687], [85.69352, 27.66606], [85.69333, 27.66564], [85.69322, 27.66538], [85.69329, 27.66498], [85.69365, 27.66451], [85.69469, 27.66243], [85.69561, 27.6614], [85.6958, 27.6613], [85.69634, 27.66101], [85.69715, 27.66078], [85.69811, 27.66049], [85.69899, 27.65967], [85.69943, 27.659], [85.6996, 27.65853], [85.69998, 27.65772], [85.70037, 27.65687], [85.70059, 27.65618], [85.70082, 27.65552], [85.7013, 27.6551], [85.70218, 27.65454], [85.7031, 27.65414], [85.70401, 27.65396], [85.70567, 27.65377], [85.70619, 27.65363], [85.70629, 27.65322], [85.70619, 27.6519], [85.70551, 27.65079], [85.70529, 27.65018], [85.70572, 27.64709], [85.70585, 27.64591], [85.70613, 27.64492], [85.70612, 27.64334]]}}, {"type": "Feature", "properties": {"frac": 0.0, "observed": true, "ext": true, "wid": "n224"}, "geometry": {"type": "LineString", "coordinates": [[85.53976, 27.86798], [85.54002, 27.86792], [85.54017, 27.86777], [85.54047, 27.86753], [85.54089, 27.86733], [85.54115, 27.86723], [85.5414, 27.86713], [85.54183, 27.86702], [85.54231, 27.86673], [85.5426, 27.86658], [85.5428, 27.86623], [85.54298, 27.86575], [85.54308, 27.86525], [85.54309, 27.86496], [85.54312, 27.86466], [85.54313, 27.86462], [85.54329, 27.86409], [85.54346, 27.86365], [85.54368, 27.86268], [85.54375, 27.86218], [85.54377, 27.86147]]}}, {"type": "Feature", "properties": {"frac": 0.0051, "observed": true, "ext": true, "wid": "n159"}, "geometry": {"type": "LineString", "coordinates": [[85.54377, 27.86147], [85.5438, 27.86098], [85.54407, 27.86008], [85.54415, 27.85976], [85.54441, 27.8587], [85.54483, 27.85812], [85.54516, 27.85772], [85.54604, 27.85696], [85.54636, 27.85665], [85.54674, 27.85622], [85.54694, 27.85563], [85.54731, 27.85479], [85.54763, 27.85403], [85.54782, 27.85319], [85.54812, 27.85239], [85.5483, 27.85221], [85.54863, 27.85213], [85.54954, 27.85215], [85.54978, 27.85214], [85.55012, 27.85208], [85.55045, 27.85202], [85.55095, 27.85202], [85.55154, 27.85202], [85.55178, 27.85197], [85.55202, 27.85189], [85.55213, 27.85168], [85.55283, 27.8512], [85.5533, 27.85101], [85.55354, 27.85093], [85.55378, 27.85084], [85.55405, 27.85066], [85.55423, 27.85042], [85.55433, 27.85021], [85.55426, 27.84988], [85.55415, 27.84962], [85.55399, 27.84941], [85.5538, 27.84904], [85.55381, 27.84889], [85.55395, 27.84866], [85.55428, 27.8482], [85.5545, 27.84779], [85.55451, 27.8475], [85.5546, 27.84671], [85.55494, 27.84608], [85.55588, 27.84558], [85.55635, 27.84538], [85.55668, 27.84527], [85.55703, 27.84517], [85.55726, 27.8451], [85.55742, 27.84484], [85.55751, 27.8446], [85.5576, 27.84426], [85.55754, 27.84362], [85.55759, 27.84339], [85.55766, 27.84316], [85.55785, 27.84298], [85.55827, 27.84277], [85.55939, 27.84264], [85.56033, 27.84209]]}}, {"type": "Feature", "properties": {"frac": 0.0005, "observed": true, "ext": true, "wid": "n031"}, "geometry": {"type": "LineString", "coordinates": [[85.56863, 27.83525], [85.56911, 27.83495], [85.56945, 27.83466], [85.56953, 27.83434], [85.56965, 27.83405], [85.56983, 27.83358], [85.56985, 27.83351], [85.57002, 27.83327], [85.57025, 27.8329], [85.57063, 27.83263], [85.571, 27.83267], [85.5718, 27.83273], [85.57261, 27.83296], [85.57383, 27.83297], [85.57505, 27.83272], [85.57561, 27.83277], [85.57611, 27.83301], [85.57669, 27.83328], [85.57723, 27.83334]]}}, {"type": "Feature", "properties": {"frac": 0.0052, "observed": true, "ext": true, "wid": "n160"}, "geometry": {"type": "LineString", "coordinates": [[85.28491, 28.21661], [85.28503, 28.21644], [85.28524, 28.21628], [85.28532, 28.21615], [85.28542, 28.21593], [85.28543, 28.21576], [85.28544, 28.21564], [85.28551, 28.21551], [85.28561, 28.21538], [85.28572, 28.21524], [85.28585, 28.21509], [85.28588, 28.21473], [85.28612, 28.2144], [85.28621, 28.2143], [85.2864, 28.21415], [85.28656, 28.21402], [85.28669, 28.21385], [85.2869, 28.21359], [85.28698, 28.21346], [85.28708, 28.21333], [85.2872, 28.21321], [85.28728, 28.21316], [85.28747, 28.21301], [85.28789, 28.2128], [85.28801, 28.21271], [85.28811, 28.2126], [85.28828, 28.21244], [85.28841, 28.21237], [85.28853, 28.21226], [85.28858, 28.21215], [85.2886, 28.21206], [85.28871, 28.21195], [85.28888, 28.21189], [85.28905, 28.21185], [85.2892, 28.2118], [85.28932, 28.21166], [85.28939, 28.2115], [85.28962, 28.21114], [85.28977, 28.2111], [85.2899, 28.21102], [85.29003, 28.21091], [85.29011, 28.21076], [85.29015, 28.21061], [85.2902, 28.21043], [85.29029, 28.21024], [85.2904, 28.20999], [85.2905, 28.20976], [85.29057, 28.2095]]}}, {"type": "Feature", "properties": {"frac": 0.0027, "observed": true, "ext": true, "wid": "n161"}, "geometry": {"type": "LineString", "coordinates": [[85.29057, 28.2095], [85.29064, 28.20929], [85.29068, 28.20911], [85.29067, 28.20892], [85.29064, 28.20871], [85.2907, 28.20851], [85.29074, 28.20838], [85.29071, 28.20818], [85.29067, 28.20799], [85.29062, 28.2078], [85.29055, 28.2076], [85.29049, 28.20738], [85.29021, 28.20703], [85.29012, 28.20685], [85.29005, 28.20666], [85.2899, 28.20638], [85.28972, 28.20614], [85.28966, 28.20587], [85.28962, 28.20567], [85.28964, 28.20535], [85.28968, 28.20526], [85.28974, 28.20514], [85.2898, 28.20494], [85.28979, 28.20484], [85.28973, 28.20472], [85.28963, 28.2046], [85.28962, 28.20438], [85.28959, 28.2041], [85.28957, 28.20388], [85.28961, 28.20375], [85.28969, 28.20363], [85.28979, 28.20353], [85.28986, 28.20339], [85.29001, 28.20315], [85.28996, 28.20307], [85.28993, 28.20292], [85.28999, 28.20277], [85.29003, 28.20263], [85.29003, 28.20242], [85.29001, 28.20203], [85.29012, 28.20166], [85.2901, 28.20142], [85.29013, 28.20122], [85.29018, 28.20113], [85.29043, 28.20093], [85.29037, 28.20066], [85.29038, 28.20046], [85.29034, 28.20032], [85.29042, 28.20005], [85.29052, 28.19997], [85.29054, 28.19968], [85.29058, 28.19952], [85.2907, 28.19936], [85.29079, 28.1993], [85.29093, 28.19927], [85.29113, 28.19922], [85.29124, 28.19918], [85.2914, 28.19905], [85.29152, 28.19888], [85.29157, 28.19873], [85.29158, 28.19858], [85.29163, 28.19839], [85.2916, 28.19828], [85.29155, 28.19819], [85.29147, 28.19813], [85.29134, 28.19807], [85.29119, 28.19802], [85.29109, 28.19794], [85.29106, 28.19784], [85.2911, 28.19769], [85.29118, 28.19758], [85.29129, 28.19739], [85.29146, 28.19739], [85.29184, 28.1972], [85.2919, 28.19715], [85.29203, 28.19693], [85.29207, 28.19669], [85.29216, 28.19665], [85.29218, 28.19659], [85.2921, 28.19648], [85.29208, 28.19642], [85.29217, 28.19628], [85.29222, 28.19618], [85.29227, 28.19604], [85.29228, 28.19592], [85.29245, 28.19576], [85.29261, 28.19561], [85.29279, 28.19535], [85.29292, 28.19528], [85.29315, 28.19514], [85.29333, 28.19498], [85.2935, 28.19486], [85.2936, 28.19463], [85.29368, 28.19434], [85.2941, 28.19365], [85.29412, 28.19357], [85.29417, 28.19347], [85.2943, 28.19331], [85.2944, 28.19308], [85.29442, 28.19304], [85.29452, 28.19291], [85.2946, 28.19279], [85.29458, 28.19273], [85.2946, 28.19263], [85.29467, 28.19263], [85.29469, 28.19262], [85.29468, 28.19255], [85.29483, 28.19255], [85.29493, 28.19248], [85.29518, 28.19229], [85.29538, 28.19214], [85.29542, 28.192], [85.2955, 28.19188], [85.2958, 28.19184], [85.29598, 28.19169], [85.29612, 28.19159], [85.29628, 28.19149], [85.29649, 28.19142], [85.29669, 28.19145], [85.29698, 28.1916], [85.29735, 28.19155], [85.29759, 28.19145], [85.29772, 28.1913], [85.29787, 28.19098], [85.29781, 28.19062], [85.29789, 28.19037], [85.29789, 28.19015], [85.29803, 28.1899], [85.29816, 28.18975], [85.29828, 28.18964], [85.29832, 28.18944], [85.2985, 28.189], [85.29867, 28.18887], [85.29887, 28.18875], [85.29934, 28.18836]]}}, {"type": "Feature", "properties": {"frac": 0.003, "observed": true, "ext": true, "wid": "n162"}, "geometry": {"type": "LineString", "coordinates": [[85.30011, 28.18646], [85.30037, 28.18613], [85.30046, 28.186], [85.30066, 28.18559], [85.3008, 28.18534], [85.30097, 28.18515], [85.30137, 28.18497], [85.30206, 28.18498], [85.30288, 28.18467], [85.30329, 28.18454], [85.30352, 28.18443], [85.30358, 28.18431], [85.30405, 28.18379], [85.30423, 28.18368], [85.3044, 28.18364], [85.30447, 28.18366], [85.3046, 28.18369], [85.30509, 28.18366], [85.30537, 28.18357], [85.30551, 28.1835], [85.30566, 28.18323], [85.30567, 28.18309], [85.3057, 28.18282], [85.3058, 28.18257], [85.30652, 28.18196], [85.30725, 28.18117], [85.3078, 28.18103], [85.30819, 28.1807], [85.30842, 28.18024], [85.30885, 28.17987], [85.30922, 28.1796], [85.30946, 28.1795], [85.30965, 28.17954], [85.31, 28.17985], [85.31117, 28.18028], [85.31229, 28.18056], [85.31293, 28.18055], [85.3136, 28.18043], [85.31487, 28.1807], [85.31582, 28.18033], [85.3165, 28.18051], [85.31723, 28.18083], [85.31758, 28.18118], [85.31794, 28.18142], [85.31834, 28.18115], [85.31885, 28.18101], [85.31944, 28.18065], [85.32011, 28.18034], [85.32099, 28.17995], [85.32143, 28.17998], [85.32188, 28.18025], [85.32208, 28.18026], [85.32226, 28.1802], [85.32266, 28.17991], [85.32319, 28.17968], [85.32363, 28.17975], [85.3243, 28.17995], [85.32488, 28.17991], [85.32543, 28.17958], [85.32667, 28.17944], [85.32752, 28.17949], [85.32828, 28.17938], [85.32851, 28.17938], [85.32873, 28.17955], [85.32906, 28.1797], [85.32949, 28.17997], [85.32979, 28.17995], [85.33009, 28.18001], [85.33036, 28.1802], [85.3305, 28.18033], [85.33077, 28.18043]]}}, {"type": "Feature", "properties": {"frac": 0.0427, "observed": true, "ext": false, "wid": "v006"}, "geometry": {"type": "LineString", "coordinates": [[85.33077, 28.18043], [85.33132, 28.18054], [85.33151, 28.18071], [85.33191, 28.18072], [85.33212, 28.18057], [85.33239, 28.18058], [85.33265, 28.18062], [85.33287, 28.18053], [85.33326, 28.18062], [85.33379, 28.18073], [85.3343, 28.18074], [85.33471, 28.18068], [85.33535, 28.18073], [85.33598, 28.18091], [85.3366, 28.18126], [85.33689, 28.1813], [85.33704, 28.18143]]}}, {"type": "Feature", "properties": {"frac": 0.022, "observed": true, "ext": false, "wid": "v005"}, "geometry": {"type": "LineString", "coordinates": [[85.33704, 28.18143], [85.33724, 28.18171], [85.33768, 28.18195], [85.33823, 28.18209], [85.33875, 28.18199], [85.33912, 28.18189], [85.33931, 28.1819], [85.33954, 28.182], [85.3397, 28.18211], [85.34005, 28.18215], [85.3404, 28.1822], [85.34081, 28.18219], [85.34116, 28.18215], [85.34134, 28.18202], [85.34159, 28.18203], [85.34193, 28.18184], [85.34272, 28.18121]]}}, {"type": "Feature", "properties": {"frac": 0.0014, "observed": true, "ext": true, "wid": "n033"}, "geometry": {"type": "LineString", "coordinates": [[85.43838, 27.72588], [85.43828, 27.72576], [85.43818, 27.72548], [85.4383, 27.7251], [85.4385, 27.72483], [85.43878, 27.72464], [85.43904, 27.72458]]}}, {"type": "Feature", "properties": {"frac": 0.0105, "observed": true, "ext": true, "wid": "n189"}, "geometry": {"type": "LineString", "coordinates": [[85.43904, 27.72458], [85.43938, 27.72458], [85.43961, 27.72461], [85.43997, 27.72466], [85.44028, 27.72474], [85.44062, 27.72486], [85.44122, 27.72508], [85.44149, 27.72512], [85.44158, 27.72516], [85.44247, 27.72546], [85.44326, 27.72561], [85.44359, 27.72577], [85.44371, 27.72589], [85.44379, 27.72596], [85.44387, 27.72601], [85.44401, 27.72603], [85.44407, 27.72604], [85.44418, 27.726], [85.44427, 27.72598], [85.44439, 27.72589], [85.44471, 27.72568], [85.44482, 27.72562], [85.44491, 27.72558], [85.44502, 27.72556], [85.44511, 27.72551], [85.4452, 27.72547], [85.44535, 27.72544], [85.4455, 27.72542], [85.44558, 27.72538], [85.44563, 27.72519], [85.44574, 27.72514], [85.44594, 27.72514], [85.44631, 27.72497], [85.44653, 27.72481], [85.44658, 27.72447], [85.44678, 27.72427], [85.44697, 27.72412], [85.44782, 27.72391], [85.44788, 27.72388], [85.44799, 27.72374], [85.44801, 27.72363], [85.44827, 27.72341], [85.44858, 27.72325], [85.44903, 27.7231], [85.44941, 27.72294], [85.44996, 27.7226], [85.45021, 27.72231]]}}, {"type": "Feature", "properties": {"frac": 0.0105, "observed": true, "ext": true, "wid": "n189"}, "geometry": {"type": "LineString", "coordinates": [[85.45457, 27.7211], [85.45437, 27.72132], [85.45413, 27.72153], [85.45403, 27.72156], [85.45378, 27.72193], [85.45366, 27.72213], [85.4534, 27.72237], [85.45324, 27.72243], [85.4531, 27.72243], [85.45292, 27.72242], [85.4527, 27.72233], [85.4525, 27.72229], [85.45228, 27.72227], [85.45204, 27.72229], [85.45167, 27.72244]]}}, {"type": "Feature", "properties": {"frac": 0.0181, "observed": true, "ext": true, "wid": "n034"}, "geometry": {"type": "LineString", "coordinates": [[85.46294, 27.71932], [85.46259, 27.71924], [85.46242, 27.71918], [85.46231, 27.71899], [85.46216, 27.71893], [85.46194, 27.71891], [85.46186, 27.71893], [85.4615, 27.7191], [85.46126, 27.71932], [85.46072, 27.71997], [85.46051, 27.72008], [85.46007, 27.72034], [85.45996, 27.72043], [85.4598, 27.72047], [85.45947, 27.72063]]}}, {"type": "Feature", "properties": {"frac": 0.0105, "observed": true, "ext": true, "wid": "n189"}, "geometry": {"type": "LineString", "coordinates": [[85.45947, 27.72063], [85.45924, 27.72081], [85.45926, 27.72094], [85.45919, 27.721], [85.45904, 27.72099], [85.45889, 27.7209], [85.45879, 27.72084], [85.4587, 27.72062], [85.45853, 27.72052], [85.45814, 27.7204], [85.45794, 27.72041], [85.45769, 27.72039], [85.45758, 27.72033], [85.45733, 27.7201], [85.45708, 27.71987], [85.45661, 27.71973], [85.45644, 27.71979], [85.45632, 27.71992], [85.45622, 27.71998], [85.45614, 27.72002], [85.45561, 27.72027], [85.45516, 27.72043], [85.45501, 27.72055], [85.45469, 27.72093], [85.45457, 27.7211]]}}, {"type": "Feature", "properties": {"frac": null, "observed": false, "ext": true, "wid": "n172"}, "geometry": {"type": "LineString", "coordinates": [[85.31477, 28.03308], [85.31429, 28.03205], [85.31356, 28.03131], [85.31192, 28.03106], [85.31086, 28.03117], [85.31074, 28.03119], [85.31021, 28.03035], [85.30946, 28.02962], [85.30857, 28.02978], [85.30806, 28.03021], [85.30736, 28.03019], [85.30634, 28.02969], [85.30514, 28.02855], [85.30454, 28.02816], [85.30397, 28.02731], [85.30358, 28.02679], [85.30272, 28.02599], [85.30158, 28.0258], [85.30068, 28.02548]]}}, {"type": "Feature", "properties": {"frac": null, "observed": false, "ext": true, "wid": "n146"}, "geometry": {"type": "LineString", "coordinates": [[85.28687, 28.02466], [85.28633, 28.02442], [85.28607, 28.02397], [85.28596, 28.02354], [85.28473, 28.02308], [85.28422, 28.02292], [85.28409, 28.02273], [85.2841, 28.0225], [85.28355, 28.02231], [85.28261, 28.02202], [85.28239, 28.02204], [85.28135, 28.02166], [85.28073, 28.02142], [85.2798, 28.02106], [85.27907, 28.02083], [85.27834, 28.02078], [85.27803, 28.02061], [85.27723, 28.01995], [85.27648, 28.01977], [85.27561, 28.01949], [85.27539, 28.01929], [85.27519, 28.01917], [85.27505, 28.01914], [85.2749, 28.0192], [85.27463, 28.01946], [85.27457, 28.01975], [85.27446, 28.01997], [85.27443, 28.02019], [85.27439, 28.02063], [85.27429, 28.0208], [85.27357, 28.02124], [85.27295, 28.0213], [85.27246, 28.02126], [85.27214, 28.02114], [85.27192, 28.02103], [85.27175, 28.02087]]}}, {"type": "Feature", "properties": {"frac": 0.0084, "observed": true, "ext": true, "wid": "n009"}, "geometry": {"type": "LineString", "coordinates": [[85.08933, 28.18872], [85.08928, 28.18885], [85.08917, 28.18904], [85.08877, 28.1891], [85.08839, 28.18883], [85.08753, 28.18889], [85.08713, 28.18868], [85.0868, 28.18862], [85.08636, 28.18886], [85.08587, 28.18958], [85.08453, 28.19024]]}}, {"type": "Feature", "properties": {"frac": null, "observed": false, "ext": true, "wid": "n021"}, "geometry": {"type": "LineString", "coordinates": [[85.08308, 28.19039], [85.0814, 28.19072], [85.0794, 28.19186], [85.07878, 28.19198], [85.07814, 28.19197], [85.07726, 28.19201], [85.07616, 28.19248], [85.07507, 28.1928], [85.07431, 28.19281], [85.07386, 28.19268], [85.07354, 28.19241], [85.07268, 28.19176], [85.07134, 28.19112]]}}, {"type": "Feature", "properties": {"frac": null, "observed": false, "ext": true, "wid": "n173"}, "geometry": {"type": "LineString", "coordinates": [[85.12985, 28.21966], [85.12963, 28.21951], [85.12953, 28.2193], [85.12952, 28.21907], [85.12978, 28.21857], [85.12885, 28.21858], [85.12862, 28.21844], [85.12841, 28.21832], [85.12823, 28.21802], [85.12783, 28.21751], [85.12678, 28.21712], [85.12575, 28.21704], [85.12487, 28.21712], [85.12395, 28.21723], [85.12309, 28.21748], [85.12261, 28.21741], [85.12194, 28.21706], [85.12114, 28.21702], [85.12049, 28.21678], [85.12011, 28.21652], [85.11979, 28.21604], [85.11952, 28.21552], [85.11959, 28.21489], [85.11883, 28.21398], [85.11799, 28.21373], [85.11766, 28.21332], [85.11767, 28.21316], [85.11796, 28.21286], [85.11807, 28.21239], [85.11735, 28.21119], [85.11691, 28.21089], [85.11625, 28.21111]]}}, {"type": "Feature", "properties": {"frac": 0.0046, "observed": true, "ext": true, "wid": "n174"}, "geometry": {"type": "LineString", "coordinates": [[85.11479, 28.20965], [85.11429, 28.20881], [85.11406, 28.2081], [85.11364, 28.20724], [85.11297, 28.20707], [85.11259, 28.2064], [85.11225, 28.20598], [85.11176, 28.20594], [85.11135, 28.2059], [85.11143, 28.20562], [85.11069, 28.20466], [85.11018, 28.2047], [85.11002, 28.2042], [85.10939, 28.20432], [85.10908, 28.20397], [85.1092, 28.20332], [85.10888, 28.20306], [85.10883, 28.20272], [85.10863, 28.20209], [85.10796, 28.20091], [85.10764, 28.20038], [85.10759, 28.19972], [85.10708, 28.19805], [85.10719, 28.19772], [85.10712, 28.19726], [85.10696, 28.19696], [85.10709, 28.19651], [85.10718, 28.19624], [85.10695, 28.19587], [85.10644, 28.19549], [85.10603, 28.19518], [85.10579, 28.19495], [85.10564, 28.19453], [85.10589, 28.194], [85.10592, 28.19365], [85.10567, 28.19317], [85.10557, 28.19237], [85.1052, 28.19208], [85.1042, 28.19157], [85.1033, 28.19146], [85.10255, 28.19114], [85.10189, 28.19057]]}}, {"type": "Feature", "properties": {"frac": null, "observed": false, "ext": true, "wid": "n175"}, "geometry": {"type": "LineString", "coordinates": [[85.67899, 28.00807], [85.67883, 28.00738], [85.67842, 28.00672], [85.67805, 28.00634], [85.67833, 28.00607], [85.67866, 28.00586], [85.67871, 28.00553], [85.67866, 28.00523], [85.67849, 28.00493], [85.67825, 28.00452], [85.67763, 28.00444], [85.67653, 28.0045], [85.67552, 28.00399], [85.67549, 28.00358], [85.67568, 28.00332], [85.6757, 28.00266], [85.67567, 28.00235], [85.67572, 28.00203], [85.67619, 28.00108], [85.6756, 28.00086], [85.67499, 28.00074], [85.67375, 28.00074], [85.6725, 28.00008], [85.67057, 27.99946]]}}, {"type": "Feature", "properties": {"frac": null, "observed": false, "ext": true, "wid": "n176"}, "geometry": {"type": "LineString", "coordinates": [[85.67057, 27.99946], [85.67028, 27.99941], [85.66996, 27.99967], [85.66977, 27.99984], [85.6696, 28.00018], [85.66898, 27.99999], [85.66841, 27.99954], [85.66839, 27.99907], [85.66865, 27.99868], [85.66856, 27.99801], [85.66859, 27.99755], [85.6683, 27.99722], [85.66802, 27.99726], [85.66783, 27.99749], [85.6675, 27.99749], [85.66717, 27.99719], [85.66722, 27.99665], [85.66762, 27.99584], [85.6679, 27.99542], [85.66827, 27.99515], [85.66846, 27.99498], [85.6685, 27.99472], [85.66823, 27.99406], [85.66766, 27.99351], [85.66604, 27.99288], [85.66584, 27.99308], [85.66562, 27.99322], [85.66545, 27.99331], [85.66521, 27.99339], [85.66486, 27.99346], [85.66452, 27.99358], [85.66404, 27.99362], [85.66375, 27.99362], [85.66356, 27.99371], [85.66337, 27.99402], [85.66345, 27.99423], [85.66369, 27.99447], [85.66381, 27.99473], [85.66383, 27.99494], [85.66366, 27.99523], [85.66346, 27.99546], [85.66333, 27.99561], [85.66311, 27.99562], [85.66298, 27.99557], [85.66286, 27.99548], [85.66268, 27.99532], [85.66245, 27.9951], [85.66204, 27.99493], [85.6619, 27.99491], [85.66174, 27.99493], [85.66144, 27.99503], [85.66122, 27.99488], [85.66087, 27.99489], [85.66016, 27.99527], [85.6595, 27.99605], [85.65905, 27.99668], [85.65864, 27.99695], [85.65832, 27.99708], [85.65821, 27.99694], [85.6579, 27.99657], [85.65758, 27.99631], [85.65737, 27.99594], [85.65757, 27.99535], [85.65731, 27.99448], [85.65698, 27.99424], [85.65685, 27.99397], [85.6568, 27.99372], [85.65699, 27.99331], [85.65722, 27.99294], [85.65736, 27.99281], [85.65734, 27.99258], [85.65728, 27.99216], [85.6574, 27.99207], [85.65758, 27.99179], [85.6575, 27.99155], [85.65797, 27.99119], [85.65777, 27.99092], [85.6575, 27.99087], [85.65702, 27.99076], [85.65652, 27.99091], [85.65646, 27.99088], [85.65643, 27.99083], [85.65644, 27.99057], [85.65651, 27.9902], [85.65643, 27.99008], [85.65643, 27.98984], [85.65645, 27.98947], [85.65644, 27.98878], [85.65628, 27.98811], [85.65592, 27.98757], [85.65537, 27.98744], [85.65524, 27.98723], [85.65518, 27.98703], [85.65527, 27.98674], [85.65514, 27.9865], [85.65485, 27.98642], [85.65461, 27.98635], [85.65409, 27.98593]]}}, {"type": "Feature", "properties": {"frac": null, "observed": false, "ext": true, "wid": "n022"}, "geometry": {"type": "LineString", "coordinates": [[85.65409, 27.98593], [85.65194, 27.98559], [85.65019, 27.98456], [85.6498, 27.98409], [85.64905, 27.98365], [85.64876, 27.98286], [85.64889, 27.98186], [85.64851, 27.98171], [85.64753, 27.98194], [85.64566, 27.982], [85.64514, 27.98117], [85.6433, 27.98108], [85.64311, 27.98101], [85.64291, 27.98093], [85.64277, 27.98077]]}}, {"type": "Feature", "properties": {"frac": 0.0, "observed": true, "ext": true, "wid": "n177"}, "geometry": {"type": "LineString", "coordinates": [[85.67784, 27.9379], [85.67593, 27.93772], [85.6722, 27.93662], [85.67168, 27.93645], [85.67134, 27.93648], [85.67089, 27.93623], [85.67009, 27.93589], [85.66978, 27.93573], [85.66954, 27.93554], [85.6693, 27.93548], [85.66908, 27.93548], [85.66916, 27.93524], [85.66915, 27.9351], [85.66912, 27.93487], [85.66912, 27.93464], [85.66905, 27.93446], [85.66903, 27.93431], [85.66903, 27.93415], [85.66895, 27.93372], [85.66877, 27.93334], [85.66866, 27.9332], [85.66869, 27.93285], [85.66877, 27.93255], [85.66922, 27.93195], [85.66916, 27.93153], [85.6692, 27.93128], [85.66932, 27.93105], [85.66945, 27.93058], [85.66994, 27.93017], [85.66983, 27.92894], [85.66978, 27.9288], [85.6695, 27.92846], [85.66819, 27.92789], [85.66796, 27.92771], [85.66768, 27.92747], [85.66746, 27.92734], [85.66706, 27.9273]]}}, {"type": "Feature", "properties": {"frac": 0.0045, "observed": true, "ext": true, "wid": "n178"}, "geometry": {"type": "LineString", "coordinates": [[85.66706, 27.9273], [85.66649, 27.92741], [85.66593, 27.92747], [85.66562, 27.92758], [85.66524, 27.92747], [85.66503, 27.92722], [85.66486, 27.92698], [85.66458, 27.92675], [85.66437, 27.92657], [85.66403, 27.92657], [85.66371, 27.92638], [85.66346, 27.92626], [85.66325, 27.92594], [85.66296, 27.92567], [85.66304, 27.92548], [85.66336, 27.92511], [85.66335, 27.92492], [85.66327, 27.92445], [85.66327, 27.92415], [85.66331, 27.92404], [85.66338, 27.92391], [85.6633, 27.92384], [85.66307, 27.92368], [85.66307, 27.92331], [85.66318, 27.92302], [85.66388, 27.92242], [85.66401, 27.92149], [85.66362, 27.92103], [85.66317, 27.92085], [85.66253, 27.92051], [85.66196, 27.92027], [85.66173, 27.92017], [85.66157, 27.91995], [85.66149, 27.91989], [85.66119, 27.91974], [85.66107, 27.91947], [85.66098, 27.91945], [85.66104, 27.91909], [85.66099, 27.9189], [85.6608, 27.9187], [85.66057, 27.91854], [85.66019, 27.9183], [85.65914, 27.91793], [85.65829, 27.91755], [85.6576, 27.91746], [85.65705, 27.91761], [85.65629, 27.91783], [85.65585, 27.91764], [85.65543, 27.91714], [85.65511, 27.91676], [85.65483, 27.91636], [85.65449, 27.91626], [85.65417, 27.91628], [85.65377, 27.91661], [85.6536, 27.91673], [85.65334, 27.91673], [85.65313, 27.9165], [85.65291, 27.9164], [85.65275, 27.91641], [85.65225, 27.91641], [85.65169, 27.91662], [85.65159, 27.91672], [85.65169, 27.9171], [85.65151, 27.9175], [85.65103, 27.91777], [85.64987, 27.91778], [85.64914, 27.91797], [85.64876, 27.91806], [85.64837, 27.91822], [85.64779, 27.9186], [85.64708, 27.91924], [85.64658, 27.91929], [85.64635, 27.91926], [85.64613, 27.9192], [85.64587, 27.91919], [85.64561, 27.91919], [85.64539, 27.91915], [85.64521, 27.91905], [85.64477, 27.91851], [85.64399, 27.91758], [85.64339, 27.91702], [85.64238, 27.91634]]}}, {"type": "Feature", "properties": {"frac": 0.0, "observed": true, "ext": true, "wid": "n025"}, "geometry": {"type": "LineString", "coordinates": [[85.64238, 27.91634], [85.6418, 27.91593], [85.64143, 27.91515], [85.64087, 27.91456], [85.64023, 27.91409], [85.63982, 27.91367], [85.63961, 27.91352], [85.63952, 27.91319], [85.63902, 27.9128], [85.63893, 27.91245], [85.63926, 27.91217], [85.63931, 27.91198], [85.63944, 27.91166], [85.63913, 27.91159], [85.63887, 27.91149], [85.63865, 27.91145], [85.63836, 27.91126], [85.63806, 27.9113], [85.63783, 27.91084], [85.63769, 27.91037], [85.6372, 27.90998], [85.63674, 27.90953]]}}, {"type": "Feature", "properties": {"frac": 0.0038, "observed": true, "ext": true, "wid": "n179"}, "geometry": {"type": "LineString", "coordinates": [[84.98995, 27.86235], [84.99042, 27.86204], [84.99052, 27.86151], [84.99044, 27.86077], [84.99075, 27.86025], [84.99137, 27.86001], [84.99148, 27.8598], [84.9914, 27.85965], [84.99065, 27.85935], [84.98999, 27.85915], [84.98919, 27.85919], [84.9889, 27.85898], [84.98883, 27.85875], [84.98899, 27.85846], [84.98973, 27.85811], [84.99047, 27.8582], [84.99098, 27.85809], [84.99156, 27.85755], [84.99176, 27.85705], [84.99209, 27.85526], [84.9924, 27.85502], [84.99365, 27.85524], [84.99506, 27.85542], [84.99616, 27.8555], [84.99685, 27.85536], [84.99755, 27.8554], [84.99826, 27.85584], [84.99862, 27.85595], [84.99904, 27.85591], [84.99932, 27.85576], [84.99948, 27.8555], [84.9997, 27.85521], [84.99998, 27.85512], [85.00036, 27.85503], [85.00059, 27.85485], [85.00096, 27.85428], [85.00117, 27.85402], [85.00127, 27.85372], [85.00124, 27.85362], [85.00106, 27.85355], [85.0007, 27.85352], [85.00026, 27.85349], [84.99977, 27.85355], [84.99958, 27.85354], [84.99946, 27.85346], [84.99945, 27.85333], [84.99953, 27.85323], [84.99966, 27.85313], [84.99991, 27.8531], [85.00043, 27.85285], [85.00104, 27.85253], [85.00196, 27.85237]]}}, {"type": "Feature", "properties": {"frac": 0.0227, "observed": true, "ext": false, "wid": "v037"}, "geometry": {"type": "LineString", "coordinates": [[85.00731, 27.84624], [85.00755, 27.84582], [85.00798, 27.8453], [85.008, 27.84506], [85.00793, 27.84481], [85.00743, 27.84449], [85.00694, 27.84376], [85.00584, 27.84269], [85.00576, 27.8425], [85.00577, 27.84227], [85.00591, 27.84178]]}}, {"type": "Feature", "properties": {"frac": null, "observed": false, "ext": true, "wid": "n180"}, "geometry": {"type": "LineString", "coordinates": [[85.59539, 28.07496], [85.59518, 28.07463], [85.59502, 28.07439], [85.59494, 28.07409], [85.595, 28.0738], [85.59524, 28.07362], [85.59528, 28.07303], [85.59565, 28.07288], [85.59584, 28.07263], [85.59621, 28.07208], [85.59596, 28.0718], [85.59632, 28.0712], [85.59665, 28.0708], [85.59656, 28.07051], [85.59662, 28.07032], [85.59676, 28.07015], [85.59671, 28.0698], [85.59669, 28.0697], [85.59693, 28.0696], [85.5968, 28.0688], [85.59694, 28.06847], [85.5965, 28.06757], [85.59664, 28.06733], [85.59687, 28.06702], [85.59711, 28.06672], [85.59712, 28.06638], [85.59689, 28.06614], [85.59607, 28.06606], [85.59524, 28.0658], [85.59488, 28.0655], [85.59461, 28.06511], [85.59461, 28.0646], [85.59471, 28.06405], [85.59492, 28.06323], [85.59488, 28.06293], [85.59501, 28.06268], [85.59505, 28.06243], [85.59516, 28.06212], [85.59547, 28.06196], [85.59579, 28.06163], [85.59627, 28.06152], [85.59682, 28.06118], [85.5969, 28.06099], [85.59687, 28.06066], [85.59691, 28.06057]]}}, {"type": "Feature", "properties": {"frac": null, "observed": false, "ext": true, "wid": "n181"}, "geometry": {"type": "LineString", "coordinates": [[85.59701, 28.05801], [85.59742, 28.05721], [85.59767, 28.05683], [85.59797, 28.05651], [85.59789, 28.05618], [85.59757, 28.0559], [85.59738, 28.0552], [85.59775, 28.05363], [85.59821, 28.05321], [85.59859, 28.05254], [85.59883, 28.05226], [85.59908, 28.05217], [85.59918, 28.05122], [85.59906, 28.05035], [85.59872, 28.04967], [85.59871, 28.04877], [85.59885, 28.04807], [85.59874, 28.04712], [85.59822, 28.04596], [85.59742, 28.04368], [85.5962, 28.04024], [85.59474, 28.03867], [85.59384, 28.03738], [85.59368, 28.03678], [85.59409, 28.03575]]}}, {"type": "Feature", "properties": {"frac": null, "observed": false, "ext": true, "wid": "n182"}, "geometry": {"type": "LineString", "coordinates": [[85.59409, 28.03575], [85.59369, 28.03263], [85.59242, 28.02991], [85.59254, 28.02951], [85.59248, 28.02902], [85.59314, 28.02811], [85.5942, 28.02732], [85.5949, 28.02615], [85.59521, 28.02585], [85.59529, 28.02549], [85.59541, 28.02487], [85.59565, 28.02433], [85.59601, 28.02368], [85.59641, 28.0228], [85.59687, 28.02251], [85.59707, 28.02227], [85.59729, 28.02218], [85.5977, 28.0217], [85.598, 28.02118], [85.59837, 28.02098], [85.59848, 28.02075], [85.59857, 28.0203], [85.59842, 28.01994], [85.59824, 28.01958], [85.59805, 28.01934], [85.5979, 28.01925], [85.5978, 28.01911], [85.59784, 28.01888], [85.598, 28.01873], [85.59822, 28.01871], [85.59839, 28.01863], [85.59848, 28.01855], [85.59845, 28.0184], [85.59832, 28.01816], [85.59825, 28.01795], [85.59821, 28.01773], [85.59836, 28.01754], [85.59854, 28.0175], [85.59869, 28.01736], [85.59868, 28.01714], [85.59856, 28.01685], [85.5985, 28.01651], [85.59849, 28.01604], [85.59867, 28.01576], [85.59896, 28.01561], [85.59923, 28.01563], [85.59953, 28.01562], [85.59984, 28.01555], [85.60037, 28.01537], [85.60073, 28.01496], [85.60159, 28.01481], [85.60165, 28.01426]]}}, {"type": "Feature", "properties": {"frac": null, "observed": false, "ext": true, "wid": "n183"}, "geometry": {"type": "LineString", "coordinates": [[85.60229, 28.01223], [85.60221, 28.01165], [85.60223, 28.01142], [85.6027, 28.01124], [85.60318, 28.01019], [85.60375, 28.00967], [85.60431, 28.00932], [85.60407, 28.0081], [85.60453, 28.00762], [85.60511, 28.00685], [85.60558, 28.0063], [85.60579, 28.006], [85.60595, 28.00586], [85.60613, 28.0058], [85.60653, 28.00582], [85.60675, 28.00577], [85.60697, 28.00569], [85.60724, 28.00567], [85.60755, 28.00568], [85.60785, 28.00573], [85.60821, 28.0056], [85.60828, 28.00534], [85.60852, 28.00515], [85.60875, 28.00498], [85.60972, 28.00437], [85.60993, 28.00401], [85.60992, 28.00366], [85.60991, 28.00319], [85.61014, 28.00303], [85.61038, 28.003], [85.61127, 28.00249], [85.61154, 28.00246], [85.61187, 28.00267], [85.61251, 28.00262], [85.61323, 28.00241], [85.6139, 28.00217], [85.61447, 28.0022], [85.61504, 28.00201], [85.61563, 28.00227], [85.61604, 28.00222], [85.61626, 28.00217], [85.61642, 28.00206], [85.61702, 28.0018], [85.61748, 28.00141], [85.61819, 28.00056], [85.61896, 28.00054], [85.6192, 28.00043], [85.61931, 28.0002], [85.61913, 28.00003], [85.61904, 27.99994], [85.61902, 27.9998], [85.61924, 27.99953], [85.61952, 27.99919], [85.61972, 27.99879], [85.61988, 27.99849], [85.6201, 27.99846], [85.62043, 27.99839], [85.62053, 27.99815], [85.62101, 27.99758], [85.62129, 27.99735], [85.62134, 27.99716], [85.62136, 27.99691], [85.62137, 27.99675], [85.62143, 27.99655], [85.62157, 27.99618], [85.62188, 27.99606], [85.62217, 27.9959], [85.62226, 27.99565], [85.62248, 27.99542], [85.62288, 27.99508], [85.62326, 27.99478], [85.62352, 27.99462], [85.62377, 27.9946], [85.62409, 27.99444], [85.62421, 27.99359], [85.62456, 27.99272]]}}, {"type": "Feature", "properties": {"frac": 0.0005, "observed": true, "ext": true, "wid": "n027"}, "geometry": {"type": "LineString", "coordinates": [[85.60535, 27.87464], [85.60491, 27.87428], [85.60444, 27.87389], [85.60407, 27.87357], [85.60372, 27.87334], [85.60347, 27.87298], [85.60311, 27.87259], [85.60269, 27.87236], [85.60226, 27.87216], [85.60171, 27.87206], [85.60112, 27.87199], [85.60095, 27.87189], [85.60084, 27.87183], [85.60076, 27.87166], [85.60072, 27.87134], [85.60069, 27.87083], [85.60044, 27.87014], [85.60017, 27.86967], [85.60007, 27.86948], [85.59976, 27.86886], [85.5996, 27.86822]]}}, {"type": "Feature", "properties": {"frac": 0.0012, "observed": true, "ext": true, "wid": "n184"}, "geometry": {"type": "LineString", "coordinates": [[85.5996, 27.86822], [85.59934, 27.86759], [85.59917, 27.86695], [85.599, 27.86654], [85.5988, 27.86633], [85.59848, 27.86614], [85.59816, 27.86604], [85.59775, 27.86605], [85.59709, 27.86619], [85.59654, 27.86622], [85.59615, 27.86612], [85.59586, 27.86588], [85.59562, 27.86563], [85.59541, 27.86537], [85.59533, 27.86527], [85.59505, 27.86502], [85.5944, 27.86474], [85.59403, 27.86446], [85.59386, 27.86418], [85.59372, 27.86372], [85.59362, 27.86355], [85.59349, 27.86334], [85.59321, 27.86277], [85.59301, 27.86233], [85.59271, 27.86187], [85.59234, 27.86134], [85.59197, 27.861], [85.59139, 27.86058], [85.5908, 27.86028], [85.5901, 27.86011], [85.58987, 27.85992], [85.58985, 27.85979], [85.58996, 27.85949], [85.5901, 27.85924], [85.59017, 27.8588], [85.59021, 27.85841], [85.59046, 27.85774], [85.59039, 27.85726], [85.59029, 27.85678], [85.59013, 27.85627], [85.58989, 27.85575], [85.58942, 27.85523], [85.58911, 27.85498], [85.58899, 27.85466], [85.58871, 27.8542]]}}, {"type": "Feature", "properties": {"frac": 0.0015, "observed": true, "ext": true, "wid": "n185"}, "geometry": {"type": "LineString", "coordinates": [[85.58871, 27.8542], [85.58835, 27.85367], [85.58808, 27.85323], [85.58797, 27.85288], [85.58771, 27.85258], [85.58739, 27.85207], [85.58683, 27.85156], [85.58608, 27.85051], [85.58556, 27.84993], [85.58485, 27.84913], [85.58423, 27.84864], [85.58373, 27.84823], [85.58331, 27.84804], [85.58315, 27.84796], [85.58262, 27.84764], [85.58229, 27.84723], [85.58225, 27.84694], [85.58235, 27.84654], [85.58253, 27.84613], [85.58281, 27.84555], [85.58288, 27.84525], [85.58276, 27.84498], [85.58254, 27.84458], [85.58226, 27.84407], [85.5814, 27.84316], [85.58125, 27.84255], [85.58122, 27.84159], [85.58099, 27.84063], [85.57967, 27.83963], [85.5792, 27.83907], [85.57878, 27.83869], [85.57825, 27.83803], [85.57799, 27.83759], [85.57755, 27.83729], [85.57717, 27.8371], [85.57715, 27.83689], [85.57713, 27.83641], [85.57708, 27.83585]]}}, {"type": "Feature", "properties": {"frac": 0.0005, "observed": true, "ext": true, "wid": "n031"}, "geometry": {"type": "LineString", "coordinates": [[85.57708, 27.83585], [85.57707, 27.83531], [85.57724, 27.8346], [85.57724, 27.83397], [85.57723, 27.83334]]}}, {"type": "Feature", "properties": {"frac": 0.0005, "observed": true, "ext": true, "wid": "n027"}, "geometry": {"type": "LineString", "coordinates": [[85.60546, 27.867], [85.60521, 27.86718], [85.60489, 27.86751], [85.60451, 27.86779], [85.60427, 27.868], [85.60409, 27.86834], [85.60394, 27.86872], [85.60364, 27.86906], [85.60335, 27.86935], [85.6031, 27.86945], [85.60296, 27.86969], [85.60302, 27.86994], [85.60311, 27.87028], [85.60335, 27.87068], [85.60324, 27.87094], [85.60297, 27.87116], [85.60255, 27.87131], [85.602, 27.87148], [85.60149, 27.8716], [85.60123, 27.87167], [85.60105, 27.87175], [85.60095, 27.87189]]}}, {"type": "Feature", "properties": {"frac": 0.0012, "observed": true, "ext": true, "wid": "n184"}, "geometry": {"type": "LineString", "coordinates": [[85.59418, 27.86385], [85.59407, 27.86373], [85.59394, 27.86364], [85.5938, 27.86358], [85.59362, 27.86355]]}}, {"type": "Feature", "properties": {"frac": null, "observed": false, "ext": true, "wid": "n188"}, "geometry": {"type": "LineString", "coordinates": [[85.30505, 28.00641], [85.30454, 28.00605], [85.30455, 28.00577], [85.30408, 28.0053], [85.30441, 28.00433], [85.30391, 28.00347], [85.30258, 28.00329], [85.30106, 28.00258], [85.29829, 28.00173], [85.29694, 28.00185], [85.29652, 28.00224], [85.29575, 28.00241], [85.29524, 28.00265], [85.29404, 28.00222], [85.29242, 28.00226], [85.29246, 28.00272], [85.2923, 28.00302], [85.29198, 28.00316], [85.29145, 28.00304], [85.29089, 28.00318], [85.29033, 28.00349], [85.28986, 28.00351], [85.28908, 28.003]]}}, {"type": "Feature", "properties": {"frac": null, "observed": false, "ext": true, "wid": "n143"}, "geometry": {"type": "LineString", "coordinates": [[85.27254, 28.00264], [85.27183, 28.00268], [85.2712, 28.00274], [85.27076, 28.00259], [85.27056, 28.00231], [85.27043, 28.00183], [85.26989, 28.00177], [85.26945, 28.00152], [85.269, 28.00135], [85.2687, 28.00138], [85.26831, 28.00132], [85.26787, 28.00111], [85.26721, 28.00072], [85.26663, 28.00053]]}}, {"type": "Feature", "properties": {"frac": 0.0105, "observed": true, "ext": true, "wid": "n189"}, "geometry": {"type": "LineString", "coordinates": [[85.45021, 27.72231], [85.45036, 27.72208], [85.45045, 27.72196], [85.45059, 27.72179], [85.45067, 27.72169], [85.45073, 27.72157], [85.45084, 27.72141], [85.45097, 27.72133], [85.45109, 27.7213], [85.45126, 27.72125], [85.45146, 27.72126], [85.45163, 27.72129], [85.45172, 27.72133], [85.45182, 27.72139], [85.45193, 27.72145], [85.45207, 27.72149], [85.45228, 27.72153], [85.45243, 27.72153], [85.45256, 27.72155], [85.45274, 27.72171], [85.45294, 27.72177], [85.45311, 27.72175], [85.45327, 27.72174], [85.45346, 27.72175], [85.45356, 27.72174], [85.45369, 27.72172], [85.45379, 27.72169], [85.45394, 27.72159], [85.45403, 27.72156]]}}, {"type": "Feature", "properties": {"frac": 0.0014, "observed": true, "ext": true, "wid": "n033"}, "geometry": {"type": "LineString", "coordinates": [[85.43838, 27.72588], [85.43847, 27.72601], [85.43852, 27.72614], [85.43852, 27.72647], [85.43848, 27.72662], [85.43838, 27.72678], [85.43827, 27.72693], [85.43815, 27.72703], [85.438, 27.7271], [85.43783, 27.72719], [85.4377, 27.72724], [85.43739, 27.72734], [85.43718, 27.72746], [85.43699, 27.72763], [85.43676, 27.7279], [85.43663, 27.72798], [85.43645, 27.72797], [85.43629, 27.72791], [85.43598, 27.72772], [85.43586, 27.72755], [85.43559, 27.72738], [85.43517, 27.72714], [85.43461, 27.72676], [85.43407, 27.72646], [85.43388, 27.72639], [85.43367, 27.72639], [85.43347, 27.72645], [85.43329, 27.7266], [85.4332, 27.72681], [85.43313, 27.72683], [85.43283, 27.72671], [85.43255, 27.72658], [85.43214, 27.7265], [85.43197, 27.72645], [85.43171, 27.72639], [85.43154, 27.7263], [85.43147, 27.72617], [85.43114, 27.7259], [85.43097, 27.72582], [85.43084, 27.72576], [85.43062, 27.72562], [85.43045, 27.72548], [85.43004, 27.72529], [85.42986, 27.72524], [85.42968, 27.7252], [85.42957, 27.72519], [85.429, 27.72519], [85.42839, 27.72517]]}}, {"type": "Feature", "properties": {"frac": 0.0181, "observed": true, "ext": true, "wid": "n034"}, "geometry": {"type": "LineString", "coordinates": [[85.46916, 27.7207], [85.468, 27.72093], [85.46686, 27.72059], [85.46635, 27.72059], [85.46623, 27.72032], [85.46621, 27.72009], [85.46618, 27.71984], [85.46604, 27.71968], [85.46551, 27.71935], [85.46516, 27.71916], [85.46498, 27.71911], [85.4648, 27.71911], [85.46443, 27.71918], [85.46399, 27.71927], [85.46346, 27.71929], [85.46294, 27.71932]]}}, {"type": "Feature", "properties": {"frac": 0.0038, "observed": true, "ext": true, "wid": "n179"}, "geometry": {"type": "LineString", "coordinates": [[84.99449, 27.87606], [84.9945, 27.87601], [84.99468, 27.87571], [84.9949, 27.87556], [84.99492, 27.87543], [84.99489, 27.87533], [84.99472, 27.87505], [84.99457, 27.87491], [84.99439, 27.87479], [84.9942, 27.87475], [84.99408, 27.8747], [84.99384, 27.87444], [84.99369, 27.87425], [84.9936, 27.87401], [84.99357, 27.87391], [84.99354, 27.87379], [84.9935, 27.87366], [84.99346, 27.87357], [84.99329, 27.87327], [84.99307, 27.87309], [84.99284, 27.87292], [84.99267, 27.87274], [84.99254, 27.87266], [84.99242, 27.8726], [84.99231, 27.87246], [84.99231, 27.87233], [84.99245, 27.87189], [84.99245, 27.87188], [84.99256, 27.87166], [84.99274, 27.87147], [84.99307, 27.8713], [84.9933, 27.87115], [84.99348, 27.87106], [84.99382, 27.87097], [84.99402, 27.87087], [84.9941, 27.87074], [84.99411, 27.87068], [84.99397, 27.87055], [84.99377, 27.87036], [84.99307, 27.87013], [84.99206, 27.86963], [84.99212, 27.86922], [84.99196, 27.86892], [84.9916, 27.86875], [84.99152, 27.8679], [84.99165, 27.8673], [84.99089, 27.86592], [84.99123, 27.86568], [84.99157, 27.86555], [84.99161, 27.86537], [84.99148, 27.8652], [84.99095, 27.86507], [84.99034, 27.86457], [84.99046, 27.86395], [84.99062, 27.86343], [84.9905, 27.8629], [84.9901, 27.8627], [84.98995, 27.86235]]}}, {"type": "Feature", "properties": {"frac": 0.0035, "observed": true, "ext": true, "wid": "n133"}, "geometry": {"type": "LineString", "coordinates": [[85.30083, 27.91671], [85.30095, 27.91626], [85.30103, 27.91609], [85.30103, 27.91587], [85.301, 27.91557]]}}, {"type": "Feature", "properties": {"frac": 0.0035, "observed": true, "ext": true, "wid": "n133"}, "geometry": {"type": "LineString", "coordinates": [[85.301, 27.91557], [85.30096, 27.9154], [85.30091, 27.91528], [85.30077, 27.9152], [85.30057, 27.91509]]}}, {"type": "Feature", "properties": {"frac": 0.0088, "observed": true, "ext": true, "wid": "n190"}, "geometry": {"type": "LineString", "coordinates": [[85.45655, 27.90385], [85.4563, 27.90402], [85.45621, 27.90421], [85.45596, 27.90442], [85.45576, 27.90482], [85.45562, 27.90517], [85.45516, 27.90561], [85.45473, 27.90569], [85.45425, 27.90562], [85.45357, 27.90538], [85.45274, 27.90585], [85.45237, 27.90616], [85.45226, 27.9067], [85.45117, 27.9075], [85.45064, 27.90813], [85.45026, 27.90859], [85.44973, 27.90935], [85.44945, 27.90956]]}}, {"type": "Feature", "properties": {"frac": 0.0298, "observed": true, "ext": true, "wid": "n191"}, "geometry": {"type": "LineString", "coordinates": [[85.44945, 27.90956], [85.44876, 27.90956], [85.44821, 27.90958], [85.44778, 27.90999], [85.44731, 27.90988], [85.44641, 27.90955], [85.44617, 27.90984], [85.44576, 27.91054], [85.44563, 27.91078], [85.44517, 27.91162], [85.44441, 27.9124], [85.44364, 27.91273], [85.44269, 27.91352], [85.44233, 27.91497], [85.44135, 27.91547], [85.4409, 27.91624], [85.44034, 27.91737], [85.43984, 27.91839], [85.43915, 27.91881], [85.43879, 27.91904], [85.43797, 27.91926], [85.43647, 27.91961], [85.43641, 27.91963], [85.43516, 27.91922], [85.43452, 27.91891], [85.43423, 27.91888]]}}, {"type": "Feature", "properties": {"frac": 0.0009, "observed": true, "ext": true, "wid": "n204"}, "geometry": {"type": "LineString", "coordinates": [[84.90872, 28.00507], [84.90854, 28.00489], [84.90839, 28.00466], [84.90841, 28.00429]]}}, {"type": "Feature", "properties": {"frac": 0.0069, "observed": true, "ext": true, "wid": "n081"}, "geometry": {"type": "LineString", "coordinates": [[85.57217, 27.78415], [85.57262, 27.78362], [85.57304, 27.7832], [85.57378, 27.78263], [85.57446, 27.78227]]}}, {"type": "Feature", "properties": {"frac": 0.0, "observed": true, "ext": true, "wid": "n152"}, "geometry": {"type": "LineString", "coordinates": [[85.57446, 27.78227], [85.57518, 27.78187], [85.57591, 27.78122], [85.57631, 27.78034], [85.57669, 27.77928]]}}, {"type": "Feature", "properties": {"frac": null, "observed": false, "ext": true, "wid": "n193"}, "geometry": {"type": "LineString", "coordinates": [[85.16678, 27.73332], [85.16606, 27.73281], [85.16567, 27.73266], [85.16536, 27.73255], [85.16523, 27.73256], [85.16512, 27.73261], [85.16502, 27.73269], [85.16485, 27.73277], [85.16463, 27.73288], [85.16448, 27.733], [85.16439, 27.73305], [85.16426, 27.73308], [85.16408, 27.7331], [85.16383, 27.73313], [85.16359, 27.73313], [85.16341, 27.73312], [85.16327, 27.7331], [85.16249, 27.73286], [85.16206, 27.73277], [85.16204, 27.73275], [85.16175, 27.73258], [85.16142, 27.73238], [85.16113, 27.73229], [85.16081, 27.73226], [85.16019, 27.73228], [85.15999, 27.73228], [85.1598, 27.73224], [85.1596, 27.73213], [85.15942, 27.73199], [85.15911, 27.73174], [85.15876, 27.73147], [85.15859, 27.73134], [85.15835, 27.73126], [85.15809, 27.73127], [85.15786, 27.73136], [85.1576, 27.73155], [85.15743, 27.73172], [85.15725, 27.73196], [85.15691, 27.7323], [85.15678, 27.73242], [85.15653, 27.73258], [85.15616, 27.73272], [85.15583, 27.73276], [85.1555, 27.73274], [85.15512, 27.73265], [85.1548, 27.73254], [85.15447, 27.73247], [85.15421, 27.73245], [85.15394, 27.7325], [85.15364, 27.73263], [85.15346, 27.73271], [85.15294, 27.73276], [85.15247, 27.73277], [85.15189, 27.73279]]}}, {"type": "Feature", "properties": {"frac": null, "observed": false, "ext": true, "wid": "n045"}, "geometry": {"type": "LineString", "coordinates": [[85.15189, 27.73279], [85.15157, 27.73293], [85.15131, 27.73314], [85.15081, 27.73365], [85.1505, 27.73399], [85.15015, 27.73432], [85.14987, 27.73451], [85.14968, 27.73455], [85.14954, 27.73455], [85.14933, 27.7345], [85.14917, 27.7345], [85.14881, 27.73462], [85.14844, 27.73466], [85.14741, 27.73475], [85.14687, 27.73472], [85.14635, 27.73471], [85.14592, 27.73472], [85.14561, 27.73465], [85.14534, 27.73455], [85.1452, 27.73444], [85.14461, 27.73387], [85.14403, 27.73343], [85.14372, 27.73324], [85.14333, 27.73296], [85.14294, 27.73263], [85.1426, 27.7325], [85.14193, 27.73238], [85.14142, 27.73234], [85.14085, 27.73239], [85.14009, 27.7325], [85.1397, 27.73264], [85.13919, 27.73301], [85.13894, 27.73325], [85.13882, 27.73332], [85.13872, 27.73335], [85.13863, 27.73335], [85.13852, 27.73331], [85.13834, 27.73329], [85.1381, 27.73334], [85.13779, 27.73342], [85.13758, 27.73346], [85.13724, 27.73352], [85.13713, 27.73354]]}}, {"type": "Feature", "properties": {"frac": null, "observed": false, "ext": true, "wid": "n194"}, "geometry": {"type": "LineString", "coordinates": [[84.92128, 27.89963], [84.92115, 27.89965], [84.92079, 27.89964], [84.92067, 27.89968], [84.92045, 27.89974], [84.92029, 27.89982], [84.92006, 27.89988], [84.91919, 27.89975], [84.91765, 27.89973], [84.91667, 27.90028], [84.91613, 27.90044], [84.9158, 27.90083], [84.9158, 27.90097], [84.91597, 27.90143], [84.91591, 27.90165], [84.91587, 27.90186], [84.91569, 27.90198], [84.91515, 27.90202], [84.91414, 27.90183], [84.91391, 27.90193], [84.9137, 27.90182], [84.91336, 27.90181], [84.91289, 27.90187], [84.91238, 27.90218], [84.91189, 27.90248], [84.91175, 27.90269]]}}, {"type": "Feature", "properties": {"frac": 0.0595, "observed": true, "ext": true, "wid": "n205"}, "geometry": {"type": "LineString", "coordinates": [[84.91175, 27.90269], [84.91166, 27.90313], [84.91173, 27.9032], [84.91202, 27.9037], [84.91221, 27.9041], [84.91215, 27.90438], [84.91197, 27.90457], [84.91156, 27.90476], [84.91114, 27.90484], [84.91095, 27.90478], [84.91062, 27.90429], [84.91044, 27.90408], [84.91022, 27.90416], [84.91003, 27.90426], [84.90987, 27.90445], [84.90985, 27.90457], [84.90975, 27.90475], [84.90977, 27.90508], [84.90966, 27.90525], [84.90949, 27.90547], [84.90939, 27.90547], [84.90935, 27.90538], [84.90915, 27.90527], [84.9087, 27.90509], [84.90853, 27.90512], [84.90807, 27.90512], [84.90783, 27.90498], [84.90739, 27.90482], [84.90699, 27.90491], [84.90673, 27.90521], [84.90623, 27.90551], [84.90539, 27.90534], [84.90488, 27.90544], [84.90449, 27.90551], [84.90413, 27.90551], [84.90365, 27.90557], [84.90302, 27.90579], [84.90256, 27.90587], [84.90246, 27.90591]]}}, {"type": "Feature", "properties": {"frac": 0.0, "observed": true, "ext": true, "wid": "n025"}, "geometry": {"type": "LineString", "coordinates": [[85.63674, 27.90953], [85.63633, 27.90933], [85.63621, 27.90929], [85.63591, 27.90916], [85.63571, 27.90906], [85.63544, 27.90891], [85.63529, 27.90886], [85.63496, 27.90877], [85.63479, 27.9086], [85.63458, 27.90835], [85.6344, 27.90822], [85.63406, 27.90817], [85.63365, 27.90827], [85.63351, 27.90836], [85.63315, 27.90836], [85.63295, 27.9084], [85.63267, 27.9084], [85.63256, 27.90847], [85.63236, 27.90845], [85.63186, 27.90841], [85.6314, 27.90847], [85.63095, 27.90854], [85.63063, 27.90866], [85.63033, 27.90867], [85.62983, 27.9086], [85.62965, 27.90862], [85.62934, 27.90846], [85.62897, 27.90853], [85.62875, 27.90872], [85.62838, 27.90919], [85.62818, 27.90923], [85.62737, 27.90918], [85.62721, 27.90919], [85.62669, 27.90933], [85.62637, 27.9094], [85.626, 27.90943], [85.62574, 27.90948], [85.62557, 27.90933], [85.62547, 27.90921], [85.62524, 27.90907], [85.62509, 27.90912], [85.6248, 27.90905], [85.62431, 27.90888], [85.62398, 27.90867], [85.62361, 27.90854]]}}, {"type": "Feature", "properties": {"frac": 0.0033, "observed": true, "ext": true, "wid": "n195"}, "geometry": {"type": "LineString", "coordinates": [[85.23095, 27.87347], [85.23035, 27.87334], [85.23021, 27.87363], [85.22997, 27.87409], [85.23074, 27.87464], [85.23089, 27.87483], [85.2309, 27.875], [85.23087, 27.87515], [85.23068, 27.8753], [85.23032, 27.8753], [85.22996, 27.87491], [85.22905, 27.87492], [85.2284, 27.87481], [85.22786, 27.8745], [85.22784, 27.87443], [85.22754, 27.87433], [85.22739, 27.87416], [85.22713, 27.87407], [85.22666, 27.87433], [85.22496, 27.87541], [85.2246, 27.87577], [85.22434, 27.87601], [85.22423, 27.87604], [85.22406, 27.87604], [85.22381, 27.8759], [85.22379, 27.87569], [85.22376, 27.87556], [85.2237, 27.87538], [85.22361, 27.87531], [85.22354, 27.87525], [85.22301, 27.87517], [85.22229, 27.87512], [85.22171, 27.87494], [85.22134, 27.87492], [85.2211, 27.87514], [85.22051, 27.87531], [85.21955, 27.87521], [85.21876, 27.87572], [85.21755, 27.87603], [85.2166, 27.87626], [85.21576, 27.87604], [85.21467, 27.87633]]}}, {"type": "Feature", "properties": {"frac": 0.0013, "observed": true, "ext": true, "wid": "n196"}, "geometry": {"type": "LineString", "coordinates": [[85.21467, 27.87633], [85.21365, 27.8769], [85.21317, 27.87685], [85.21277, 27.87663], [85.21255, 27.87648], [85.21166, 27.87611], [85.21134, 27.87601], [85.21116, 27.87603], [85.21088, 27.87615], [85.21072, 27.87634], [85.21056, 27.87649], [85.2103, 27.87661], [85.21002, 27.8767], [85.20911, 27.87664], [85.20736, 27.87581], [85.2069, 27.87583], [85.20613, 27.87575], [85.20509, 27.87633], [85.20482, 27.87671], [85.20483, 27.87697], [85.20488, 27.87711], [85.20463, 27.87759], [85.20349, 27.87819], [85.20337, 27.87845], [85.20313, 27.87923], [85.20124, 27.88099], [85.20102, 27.8814], [85.20098, 27.88216], [85.20056, 27.88292], [85.20023, 27.88335], [85.19959, 27.88354], [85.19921, 27.88357], [85.19883, 27.8836], [85.19837, 27.88352], [85.19608, 27.88259], [85.19593, 27.8826], [85.19574, 27.88268], [85.19551, 27.88309], [85.19549, 27.88347], [85.19495, 27.88417], [85.19461, 27.88452], [85.19406, 27.88485], [85.19361, 27.88495], [85.19314, 27.88491], [85.19267, 27.88479], [85.19173, 27.88425], [85.19115, 27.88379], [85.19056, 27.88352], [85.18987, 27.88351], [85.18951, 27.88365], [85.18885, 27.88387], [85.18849, 27.88403], [85.18736, 27.88432], [85.18688, 27.88442], [85.18633, 27.88434], [85.18549, 27.88396], [85.18468, 27.88331], [85.18369, 27.88257]]}}, {"type": "Feature", "properties": {"frac": 0.0081, "observed": true, "ext": true, "wid": "n197"}, "geometry": {"type": "LineString", "coordinates": [[85.18192, 27.88304], [85.18182, 27.88363], [85.18157, 27.88388], [85.18121, 27.88409], [85.17953, 27.8845], [85.17771, 27.88506], [85.17705, 27.88525], [85.17672, 27.88518], [85.17594, 27.88476], [85.17543, 27.88456], [85.17514, 27.88462], [85.17491, 27.88492], [85.17487, 27.88549], [85.17467, 27.88577], [85.17441, 27.8859], [85.17374, 27.88588], [85.17329, 27.88598], [85.17301, 27.88629], [85.17225, 27.88675], [85.17155, 27.88705], [85.17095, 27.88791], [85.17051, 27.88863], [85.16991, 27.88905], [85.16943, 27.88938], [85.16847, 27.88947], [85.16719, 27.88912], [85.16657, 27.88917], [85.16601, 27.88951]]}}, {"type": "Feature", "properties": {"frac": 0.0076, "observed": true, "ext": true, "wid": "n198"}, "geometry": {"type": "LineString", "coordinates": [[84.96613, 28.03717], [84.9656, 28.03661], [84.96545, 28.03618], [84.96541, 28.03566], [84.96546, 28.03512], [84.96563, 28.03441]]}}, {"type": "Feature", "properties": {"frac": 0.0014, "observed": true, "ext": true, "wid": "n033"}, "geometry": {"type": "LineString", "coordinates": [[85.42839, 27.72517], [85.42825, 27.72516], [85.42799, 27.72515], [85.42762, 27.72516], [85.42709, 27.72515], [85.4261, 27.72512], [85.42563, 27.72502], [85.42502, 27.72489], [85.42468, 27.72486], [85.4245, 27.72484], [85.42426, 27.72467], [85.42393, 27.7245], [85.42369, 27.7242], [85.42365, 27.72384], [85.42365, 27.72358], [85.42351, 27.72321], [85.42302, 27.72283], [85.42268, 27.7225], [85.42255, 27.72229], [85.42236, 27.72219], [85.42154, 27.7217]]}}, {"type": "Feature", "properties": {"frac": 0.0035, "observed": true, "ext": true, "wid": "n199"}, "geometry": {"type": "LineString", "coordinates": [[85.42154, 27.7217], [85.42092, 27.72146], [85.42048, 27.72135], [85.4201, 27.72126], [85.41969, 27.72116], [85.41912, 27.72106], [85.41873, 27.72095], [85.41836, 27.72074], [85.41807, 27.72045], [85.41756, 27.72], [85.41727, 27.71961], [85.41711, 27.71942], [85.41697, 27.7193], [85.41677, 27.71921], [85.41653, 27.71903], [85.41615, 27.7188], [85.41555, 27.71847], [85.41531, 27.71828], [85.41512, 27.71797], [85.41509, 27.71777], [85.4151, 27.71756], [85.41524, 27.71726], [85.41521, 27.71705], [85.415, 27.71686], [85.41409, 27.71645], [85.41393, 27.71631], [85.41385, 27.71611], [85.41372, 27.71596], [85.41339, 27.71577], [85.41311, 27.71567], [85.41295, 27.71562], [85.41272, 27.7155], [85.4125, 27.71533], [85.41239, 27.71522], [85.41224, 27.715], [85.4121, 27.71482], [85.41196, 27.71467], [85.41174, 27.71451], [85.41156, 27.71436], [85.41141, 27.71424], [85.41129, 27.71413], [85.41128, 27.71406], [85.41138, 27.71367], [85.41174, 27.71324], [85.41186, 27.71289], [85.41188, 27.71258], [85.41184, 27.7123], [85.41181, 27.71222], [85.41175, 27.71209], [85.41163, 27.71197], [85.4115, 27.71192], [85.41119, 27.71179], [85.41106, 27.71174], [85.4109, 27.7117], [85.41072, 27.71168], [85.41049, 27.71167], [85.41017, 27.71168], [85.40993, 27.71164], [85.40974, 27.71159], [85.40939, 27.71153], [85.40905, 27.7114], [85.40845, 27.71118], [85.40817, 27.71108], [85.40716, 27.71076], [85.40687, 27.71066], [85.40661, 27.71049], [85.4064, 27.71027], [85.40619, 27.70989], [85.406, 27.70964], [85.40584, 27.70948], [85.40564, 27.70919], [85.40549, 27.70902], [85.40547, 27.70866], [85.40537, 27.70854], [85.40527, 27.70841], [85.40513, 27.70821], [85.40498, 27.70796], [85.4048, 27.70771], [85.40467, 27.70748], [85.40445, 27.70727], [85.40428, 27.70715], [85.40386, 27.70699], [85.40332, 27.70683], [85.40309, 27.70688], [85.40289, 27.70693], [85.40273, 27.70692], [85.4026, 27.70682], [85.40248, 27.70666], [85.40235, 27.70657], [85.40204, 27.70648], [85.40175, 27.70635]]}}, {"type": "Feature", "properties": {"frac": 0.0056, "observed": true, "ext": true, "wid": "n265"}, "geometry": {"type": "LineString", "coordinates": [[85.40175, 27.70635], [85.40134, 27.70631], [85.40091, 27.70631]]}}, {"type": "Feature", "properties": {"frac": 0.004, "observed": true, "ext": true, "wid": "n200"}, "geometry": {"type": "LineString", "coordinates": [[85.37962, 27.92268], [85.37934, 27.92276], [85.37845, 27.92307], [85.37793, 27.92311], [85.37717, 27.92276]]}}, {"type": "Feature", "properties": {"frac": 0.0143, "observed": true, "ext": true, "wid": "n201"}, "geometry": {"type": "LineString", "coordinates": [[85.64569, 27.82004], [85.64593, 27.81959], [85.64603, 27.81931], [85.64625, 27.81913], [85.64636, 27.81889], [85.64656, 27.81878], [85.64707, 27.81861], [85.64738, 27.8184], [85.64756, 27.81815], [85.648, 27.81776], [85.64825, 27.81755], [85.64912, 27.81714], [85.64931, 27.81703], [85.6492, 27.81677], [85.64921, 27.81636], [85.64951, 27.81631], [85.64976, 27.81651], [85.64987, 27.81681], [85.65025, 27.8171], [85.65074, 27.81694], [85.65101, 27.81643], [85.65108, 27.81602], [85.6513, 27.8158], [85.65179, 27.81558], [85.65209, 27.81533], [85.65227, 27.81507], [85.65238, 27.81464], [85.65195, 27.8141], [85.6523, 27.81378], [85.65287, 27.81329], [85.65303, 27.81288], [85.65311, 27.81232], [85.65369, 27.81213], [85.65405, 27.812], [85.65495, 27.81168], [85.65574, 27.81165], [85.65624, 27.81145], [85.65704, 27.81099], [85.65728, 27.81055]]}}, {"type": "Feature", "properties": {"frac": 0.0013, "observed": true, "ext": true, "wid": "n085"}, "geometry": {"type": "LineString", "coordinates": [[85.65728, 27.81055], [85.65718, 27.80994], [85.65767, 27.80939], [85.65809, 27.80935], [85.65839, 27.80918], [85.65865, 27.80921], [85.65915, 27.80911], [85.66105, 27.80791], [85.66172, 27.8077], [85.66224, 27.8078], [85.66247, 27.80766], [85.6626, 27.80711], [85.66304, 27.80675], [85.66408, 27.80635], [85.66455, 27.80642], [85.66513, 27.80632], [85.66581, 27.80585], [85.66598, 27.80561], [85.66609, 27.80492], [85.66622, 27.80481], [85.66694, 27.80503], [85.66739, 27.80493], [85.66772, 27.80459], [85.66793, 27.80406], [85.66822, 27.80388], [85.66904, 27.80373], [85.66924, 27.80339], [85.66999, 27.80298]]}}, {"type": "Feature", "properties": {"frac": 0.0178, "observed": true, "ext": true, "wid": "n053"}, "geometry": {"type": "LineString", "coordinates": [[84.94704, 27.80179], [84.94706, 27.80165]]}}, {"type": "Feature", "properties": {"frac": 0.0178, "observed": true, "ext": true, "wid": "n053"}, "geometry": {"type": "LineString", "coordinates": [[84.94706, 27.80165], [84.94748, 27.80094], [84.94746, 27.80082], [84.94738, 27.80022], [84.94748, 27.79991], [84.9477, 27.79942], [84.94789, 27.79915], [84.94837, 27.79869], [84.94895, 27.79849], [84.94954, 27.7985], [84.9499, 27.79857], [84.9501, 27.79875], [84.95025, 27.79901], [84.95044, 27.79937], [84.95029, 27.79975], [84.95008, 27.80007], [84.94999, 27.80023], [84.94986, 27.80039], [84.94978, 27.80068], [84.94966, 27.80109], [84.94952, 27.80141], [84.94957, 27.80171], [84.94974, 27.80194], [84.95097, 27.80347]]}}, {"type": "Feature", "properties": {"frac": 0.0024, "observed": true, "ext": true, "wid": "n091"}, "geometry": {"type": "LineString", "coordinates": [[84.94964, 27.80749], [84.94975, 27.80888], [84.94987, 27.80933], [84.94989, 27.80976], [84.94995, 27.81013], [84.95007, 27.81038], [84.95022, 27.81057], [84.95073, 27.81128], [84.95107, 27.81211], [84.95117, 27.81249], [84.95112, 27.81292], [84.95108, 27.81325], [84.95112, 27.81346], [84.95125, 27.8137], [84.95163, 27.81433], [84.95206, 27.81531], [84.95218, 27.81561]]}}, {"type": "Feature", "properties": {"frac": 0.0076, "observed": true, "ext": true, "wid": "n198"}, "geometry": {"type": "LineString", "coordinates": [[84.95909, 28.02702], [84.95976, 28.02709], [84.96021, 28.02733], [84.96071, 28.0277], [84.96091, 28.02799], [84.961, 28.02834], [84.96118, 28.02863], [84.96129, 28.02893]]}}, {"type": "Feature", "properties": {"frac": 0.0076, "observed": true, "ext": true, "wid": "n198"}, "geometry": {"type": "LineString", "coordinates": [[84.95953, 28.02739], [84.95909, 28.02702], [84.95834, 28.02701], [84.95422, 28.02623]]}}, {"type": "Feature", "properties": {"frac": 0.0009, "observed": true, "ext": true, "wid": "n204"}, "geometry": {"type": "LineString", "coordinates": [[84.90881, 28.00448], [84.90841, 28.00429], [84.9083, 28.0042], [84.90832, 28.00402], [84.90836, 28.00392], [84.90838, 28.0038], [84.90837, 28.0036], [84.90832, 28.00341], [84.90824, 28.00328], [84.90774, 28.00274], [84.90731, 28.00188], [84.90678, 28.00038], [84.90651, 28.00002], [84.90583, 27.99969], [84.905, 27.9996], [84.90279, 27.99979], [84.90164, 27.99973], [84.90024, 27.99947], [84.89863, 27.99946], [84.89687, 27.99968], [84.89571, 28.00001], [84.89514, 27.99998], [84.89367, 27.99972], [84.89262, 27.99963], [84.89141, 27.99973], [84.89102, 27.99998], [84.89075, 28.00021], [84.8904, 28.00035], [84.88995, 28.00043], [84.88975, 28.00039], [84.8895, 28.00015], [84.88915, 27.99915], [84.88924, 27.9986], [84.88942, 27.99828], [84.88944, 27.99786], [84.8894, 27.99734], [84.8889, 27.99678], [84.88833, 27.99627], [84.88816, 27.99605], [84.88808, 27.99565], [84.88809, 27.99532], [84.88819, 27.99486], [84.88868, 27.99443], [84.88912, 27.9942], [84.89051, 27.99302]]}}, {"type": "Feature", "properties": {"frac": 0.0595, "observed": true, "ext": true, "wid": "n205"}, "geometry": {"type": "LineString", "coordinates": [[84.90246, 27.90591], [84.90225, 27.90604], [84.90213, 27.90615], [84.90202, 27.90642], [84.90194, 27.90697], [84.90183, 27.90728], [84.90158, 27.90744], [84.90135, 27.90764], [84.90127, 27.9077], [84.90112, 27.90781], [84.90083, 27.90782], [84.90039, 27.90772], [84.90017, 27.90747], [84.89975, 27.90742], [84.89946, 27.9074], [84.89919, 27.90756], [84.89897, 27.90772], [84.89893, 27.90793], [84.89899, 27.90797], [84.89906, 27.90815], [84.89903, 27.90837], [84.89877, 27.90853], [84.89848, 27.9086], [84.89823, 27.90869], [84.89795, 27.90898], [84.89785, 27.90928], [84.89775, 27.90975], [84.89754, 27.90984], [84.89733, 27.90982], [84.89709, 27.9098], [84.8968, 27.90993], [84.89653, 27.91007], [84.89638, 27.91007], [84.89628, 27.90989], [84.89592, 27.9097], [84.89534, 27.90957], [84.89396, 27.90915], [84.8933, 27.90914], [84.89319, 27.90913], [84.89291, 27.90917], [84.89255, 27.90928], [84.89239, 27.90943], [84.89232, 27.90955], [84.89232, 27.90966], [84.89229, 27.91022], [84.89224, 27.91034], [84.89177, 27.91073], [84.89155, 27.91088], [84.89135, 27.91097], [84.89104, 27.91103], [84.89068, 27.9109], [84.89027, 27.91051], [84.88966, 27.90996], [84.88923, 27.9097], [84.8885, 27.90972], [84.88797, 27.9097], [84.88763, 27.90981], [84.88754, 27.90998], [84.8876, 27.91032], [84.88761, 27.91064], [84.8874, 27.91082], [84.8871, 27.91098]]}}, {"type": "Feature", "properties": {"frac": 0.0511, "observed": true, "ext": false, "wid": "v034"}, "geometry": {"type": "LineString", "coordinates": [[85.07079, 27.8537], [85.07005, 27.85366], [85.06984, 27.85369], [85.06782, 27.85428], [85.06735, 27.85445], [85.06663, 27.85486], [85.06446, 27.85609], [85.0639, 27.85664], [85.06371, 27.85722], [85.06367, 27.85744]]}}, {"type": "Feature", "properties": {"frac": 0.0076, "observed": true, "ext": true, "wid": "n198"}, "geometry": {"type": "LineString", "coordinates": [[84.97164, 28.04449], [84.97043, 28.04415], [84.97014, 28.04409], [84.97005, 28.04408], [84.96934, 28.04401], [84.96901, 28.04387], [84.96874, 28.04377], [84.96865, 28.04357], [84.96867, 28.04342], [84.96843, 28.04293], [84.96799, 28.04235], [84.96771, 28.04222], [84.96709, 28.0412], [84.96641, 28.04029]]}}, {"type": "Feature", "properties": {"frac": null, "observed": false, "ext": true, "wid": "n183"}, "geometry": {"type": "LineString", "coordinates": [[85.62456, 27.99272], [85.62453, 27.99253], [85.62456, 27.99236], [85.6247, 27.99225], [85.62486, 27.99215], [85.62495, 27.99198], [85.62531, 27.99094]]}}, {"type": "Feature", "properties": {"frac": null, "observed": false, "ext": true, "wid": "n022"}, "geometry": {"type": "LineString", "coordinates": [[85.62831, 27.98681], [85.62848, 27.98661], [85.6286, 27.98645], [85.62868, 27.98629], [85.62865, 27.98617], [85.62856, 27.98587], [85.6286, 27.98563], [85.62874, 27.98541], [85.629, 27.98526], [85.62931, 27.98509], [85.62932, 27.98483], [85.62959, 27.98452], [85.62952, 27.98437], [85.62967, 27.98422], [85.62977, 27.98421], [85.63001, 27.98413], [85.63019, 27.98405], [85.63044, 27.98392], [85.63057, 27.98381], [85.63062, 27.98367], [85.63062, 27.98348], [85.63049, 27.98337], [85.63041, 27.9832], [85.6305, 27.98306], [85.63049, 27.98294], [85.63051, 27.98277], [85.63048, 27.98254], [85.6305, 27.98234], [85.6306, 27.982], [85.63065, 27.98177], [85.63062, 27.98163], [85.63068, 27.98143], [85.63078, 27.98132], [85.6309, 27.98121], [85.63097, 27.98104], [85.63095, 27.98085], [85.63095, 27.98069], [85.63104, 27.9806], [85.6312, 27.98058], [85.63131, 27.98051], [85.63139, 27.98031], [85.63143, 27.98012], [85.63143, 27.97997], [85.63142, 27.97979], [85.63145, 27.9796], [85.63153, 27.97944], [85.63166, 27.97933], [85.63169, 27.97925], [85.6318, 27.97906], [85.63183, 27.97889], [85.6318, 27.97879], [85.63179, 27.97869], [85.63182, 27.9786], [85.63187, 27.97851], [85.63197, 27.97841], [85.63211, 27.97826], [85.63224, 27.97815], [85.63235, 27.97795], [85.63244, 27.9777], [85.63247, 27.97739], [85.63253, 27.97714], [85.6325, 27.97699], [85.63259, 27.97672], [85.63269, 27.97662], [85.63288, 27.9766], [85.63321, 27.97637], [85.63362, 27.97614], [85.63398, 27.97591], [85.6343, 27.97591], [85.63446, 27.97582], [85.63477, 27.97574], [85.63504, 27.97546], [85.63524, 27.97529], [85.63531, 27.97491], [85.63543, 27.97469], [85.63544, 27.97446], [85.63554, 27.97428], [85.63578, 27.97413], [85.63629, 27.97398], [85.63652, 27.97387], [85.63663, 27.97357]]}}, {"type": "Feature", "properties": {"frac": 0.0015, "observed": true, "ext": true, "wid": "n206"}, "geometry": {"type": "LineString", "coordinates": [[85.27729, 27.91557], [85.27665, 27.91539], [85.27637, 27.91503], [85.27615, 27.91499], [85.27583, 27.91487], [85.27567, 27.91484], [85.27533, 27.91443], [85.27496, 27.91433], [85.27441, 27.91427], [85.27381, 27.91429], [85.2729, 27.91427], [85.27211, 27.91424], [85.27186, 27.91432], [85.27168, 27.91444], [85.27154, 27.91467]]}}, {"type": "Feature", "properties": {"frac": 0.0046, "observed": true, "ext": true, "wid": "n174"}, "geometry": {"type": "LineString", "coordinates": [[85.10189, 28.19057], [85.1015, 28.19062], [85.10104, 28.19072], [85.10071, 28.19079], [85.10014, 28.19084], [85.10001, 28.19059], [85.10002, 28.19037]]}}, {"type": "Feature", "properties": {"frac": 0.0084, "observed": true, "ext": true, "wid": "n009"}, "geometry": {"type": "LineString", "coordinates": [[85.10002, 28.19037], [85.10008, 28.19014], [85.0996, 28.19], [85.09929, 28.18964], [85.09855, 28.18927], [85.09813, 28.18951], [85.0977, 28.1896], [85.09737, 28.18979], [85.09698, 28.18979], [85.09645, 28.18972], [85.09615, 28.18935], [85.09587, 28.18902], [85.09559, 28.18882], [85.09513, 28.18854], [85.09478, 28.18856], [85.09431, 28.18888], [85.09389, 28.18897], [85.09359, 28.18874], [85.09332, 28.18862], [85.0929, 28.18843], [85.09218, 28.18814], [85.09136, 28.18849], [85.09007, 28.18839], [85.08933, 28.18872]]}}, {"type": "Feature", "properties": {"frac": null, "observed": false, "ext": true, "wid": "n021"}, "geometry": {"type": "LineString", "coordinates": [[85.07134, 28.19112], [85.07095, 28.19058], [85.07062, 28.1903], [85.07024, 28.19015], [85.07008, 28.18972], [85.06968, 28.18907], [85.06958, 28.18875], [85.0693, 28.18822], [85.06909, 28.18733], [85.06907, 28.18692], [85.06884, 28.18587]]}}, {"type": "Feature", "properties": {"frac": 0.0025, "observed": true, "ext": true, "wid": "n207"}, "geometry": {"type": "LineString", "coordinates": [[85.06884, 28.18587], [85.06869, 28.18466], [85.06752, 28.18325], [85.06593, 28.18318], [85.06549, 28.18286], [85.06512, 28.18249], [85.06413, 28.18173], [85.06327, 28.18113], [85.06272, 28.18027], [85.06244, 28.17963], [85.06272, 28.1792], [85.06243, 28.1784], [85.06134, 28.17774], [85.06065, 28.17757], [85.06058, 28.17722], [85.06024, 28.17641], [85.05944, 28.17578], [85.05903, 28.17556], [85.05887, 28.17526], [85.05884, 28.17494], [85.05835, 28.17448], [85.05693, 28.17428], [85.0559, 28.17389], [85.05528, 28.17337], [85.05474, 28.17311], [85.05428, 28.17244], [85.05324, 28.17157]]}}, {"type": "Feature", "properties": {"frac": 0.002, "observed": true, "ext": true, "wid": "n208"}, "geometry": {"type": "LineString", "coordinates": [[85.05324, 28.17157], [85.05227, 28.17073], [85.0508, 28.17033], [85.05052, 28.16989], [85.05033, 28.16842], [85.05027, 28.16784], [85.05008, 28.16728], [85.04947, 28.16711], [85.0485, 28.16653], [85.04856, 28.16584], [85.04786, 28.16516], [85.04776, 28.16369], [85.04657, 28.16391], [85.04585, 28.16355], [85.04537, 28.16307], [85.04519, 28.16238], [85.04516, 28.16158], [85.04478, 28.16104], [85.04462, 28.16031], [85.04434, 28.15957], [85.04459, 28.1589], [85.04457, 28.1585], [85.04447, 28.15817], [85.04429, 28.15789], [85.04428, 28.15677]]}}, {"type": "Feature", "properties": {"frac": 0.0044, "observed": true, "ext": true, "wid": "n209"}, "geometry": {"type": "LineString", "coordinates": [[85.04428, 28.15677], [85.04366, 28.15555], [85.04355, 28.1549], [85.04347, 28.15445], [85.04327, 28.15389], [85.04301, 28.15355], [85.04285, 28.15312], [85.04277, 28.15271], [85.04263, 28.15224], [85.04253, 28.15177], [85.04258, 28.15143], [85.04316, 28.15096], [85.04348, 28.15052], [85.04345, 28.15022], [85.04329, 28.14987], [85.04318, 28.14943], [85.04291, 28.14912], [85.04256, 28.14872], [85.04202, 28.14823], [85.04182, 28.14754], [85.04168, 28.14697], [85.04188, 28.14612], [85.04196, 28.14568], [85.04154, 28.14484], [85.04098, 28.1442], [85.04046, 28.14327], [85.04017, 28.14228], [85.04025, 28.1415], [85.03991, 28.14143], [85.03875, 28.14118]]}}, {"type": "Feature", "properties": {"frac": null, "observed": false, "ext": true, "wid": "n210"}, "geometry": {"type": "LineString", "coordinates": [[85.03875, 28.14118], [85.03673, 28.14049], [85.03593, 28.13901], [85.03318, 28.13734], [85.0321, 28.13678], [85.03097, 28.13688], [85.03044, 28.13743], [85.02958, 28.13749], [85.02903, 28.13757], [85.02821, 28.13764], [85.0274, 28.13693], [85.02717, 28.13628], [85.02528, 28.13477], [85.02545, 28.13309], [85.02496, 28.13245], [85.02299, 28.13234], [85.02254, 28.13114], [85.02054, 28.13], [85.0197, 28.12804], [85.01942, 28.12792], [85.01853, 28.12802], [85.01803, 28.12791]]}}, {"type": "Feature", "properties": {"frac": null, "observed": false, "ext": true, "wid": "n211"}, "geometry": {"type": "LineString", "coordinates": [[85.01599, 28.12544], [85.01581, 28.12477], [85.01405, 28.12328], [85.01243, 28.1225], [85.00978, 28.11995], [85.00947, 28.1191], [85.00894, 28.11809], [85.00892, 28.1178], [85.00888, 28.11734], [85.00889, 28.11721], [85.00895, 28.11706], [85.00931, 28.1166], [85.00949, 28.11629], [85.0094, 28.11586], [85.00925, 28.11553], [85.00908, 28.1153], [85.00888, 28.11491], [85.00888, 28.1146], [85.0091, 28.11428], [85.00892, 28.11335], [85.00879, 28.11266], [85.00854, 28.11205], [85.00813, 28.11135], [85.00785, 28.11066], [85.00733, 28.10963], [85.00731, 28.10865], [85.00744, 28.10811], [85.0072, 28.10746], [85.00706, 28.10683], [85.00724, 28.10636], [85.00731, 28.10607], [85.0073, 28.10597], [85.00722, 28.1054], [85.00758, 28.10442], [85.00784, 28.10427], [85.00772, 28.10385], [85.0078, 28.10333], [85.00824, 28.10297], [85.00819, 28.10259], [85.00854, 28.10205], [85.00907, 28.10084], [85.00946, 28.0999], [85.00957, 28.09939], [85.00935, 28.09821]]}}, {"type": "Feature", "properties": {"frac": null, "observed": false, "ext": true, "wid": "n006"}, "geometry": {"type": "LineString", "coordinates": [[85.00933, 28.09649], [85.01042, 28.0955], [85.01059, 28.09468], [85.01059, 28.09434], [85.01039, 28.09391], [85.01015, 28.09342], [85.01017, 28.09312], [85.01018, 28.09277], [85.00975, 28.09148], [85.0096, 28.09119], [85.00943, 28.09061], [85.00931, 28.09042], [85.00896, 28.09019], [85.00878, 28.08998], [85.00879, 28.08979], [85.0089, 28.08957], [85.00898, 28.08932], [85.00889, 28.08917], [85.00871, 28.08846], [85.00822, 28.08784]]}}, {"type": "Feature", "properties": {"frac": null, "observed": false, "ext": true, "wid": "n006"}, "geometry": {"type": "LineString", "coordinates": [[85.00822, 28.08784], [85.00726, 28.08753], [85.00428, 28.08667]]}}, {"type": "Feature", "properties": {"frac": null, "observed": false, "ext": true, "wid": "n212"}, "geometry": {"type": "LineString", "coordinates": [[85.00428, 28.08667], [85.00245, 28.0848], [85.00048, 28.08238], [84.99905, 28.08225], [84.99867, 28.08212], [84.99821, 28.08179], [84.99796, 28.08157], [84.99759, 28.08098], [84.99739, 28.08067], [84.99673, 28.08035], [84.9962, 28.08012], [84.99589, 28.07992], [84.99563, 28.07965], [84.99552, 28.07931], [84.9954, 28.07896], [84.99516, 28.07866], [84.9949, 28.07849], [84.99461, 28.0784], [84.9936, 28.07821], [84.99291, 28.07811], [84.99196, 28.07788], [84.99158, 28.0777], [84.99084, 28.07718], [84.99043, 28.07689], [84.99012, 28.07658], [84.98992, 28.07624], [84.98966, 28.07541], [84.98954, 28.07508], [84.98941, 28.07485], [84.98916, 28.07462], [84.98885, 28.07443], [84.98819, 28.07424], [84.98788, 28.07409], [84.98762, 28.07386], [84.98747, 28.07362], [84.98743, 28.07296], [84.98727, 28.07242], [84.98707, 28.07207], [84.98681, 28.07182], [84.98648, 28.07163], [84.98573, 28.07152], [84.98487, 28.07148], [84.98411, 28.07078], [84.98386, 28.07022], [84.98333, 28.06979], [84.9828, 28.06965], [84.98238, 28.06931], [84.98204, 28.06889], [84.98178, 28.06851], [84.98146, 28.06767], [84.98154, 28.06737], [84.98192, 28.06717], [84.98245, 28.06699], [84.98278, 28.06674], [84.98284, 28.06655], [84.98278, 28.06636], [84.98244, 28.06615]]}}, {"type": "Feature", "properties": {"frac": 0.0076, "observed": true, "ext": true, "wid": "n198"}, "geometry": {"type": "LineString", "coordinates": [[84.97343, 28.0496], [84.97166, 28.04836], [84.97144, 28.04815], [84.97129, 28.0477], [84.97128, 28.04736], [84.97131, 28.0471], [84.97153, 28.0468], [84.97184, 28.04663], [84.97261, 28.04652], [84.97282, 28.04625], [84.97286, 28.04593], [84.97289, 28.04567], [84.97283, 28.04549], [84.9727, 28.04514], [84.97164, 28.04449], [84.97072, 28.04393], [84.97048, 28.04341], [84.96928, 28.04228], [84.96843, 28.04142], [84.968, 28.04095], [84.96734, 28.04037], [84.96641, 28.04029], [84.96621, 28.03999], [84.96615, 28.03954], [84.96604, 28.03896], [84.96628, 28.03846], [84.96621, 28.0375], [84.96613, 28.03717], [84.96602, 28.03668], [84.96626, 28.03568], [84.96636, 28.03534], [84.96612, 28.03488], [84.96563, 28.03441], [84.96576, 28.03253], [84.96549, 28.03192], [84.96494, 28.03139], [84.96454, 28.03097], [84.96437, 28.03081], [84.96343, 28.03036], [84.96297, 28.03014], [84.96222, 28.02973], [84.96178, 28.02935], [84.96151, 28.02912], [84.96129, 28.02893], [84.96055, 28.02827], [84.95973, 28.02753], [84.95953, 28.02739]]}}, {"type": "Feature", "properties": {"frac": null, "observed": false, "ext": true, "wid": "n213"}, "geometry": {"type": "LineString", "coordinates": [[84.93758, 27.70128], [84.93759, 27.70143], [84.93771, 27.70156], [84.93786, 27.7016], [84.93788, 27.70171], [84.93788, 27.70185], [84.93795, 27.70195], [84.93799, 27.70211], [84.938, 27.70224], [84.9381, 27.70235], [84.93808, 27.70246], [84.93808, 27.70262], [84.93816, 27.70274]]}}, {"type": "Feature", "properties": {"frac": null, "observed": false, "ext": true, "wid": "n213"}, "geometry": {"type": "LineString", "coordinates": [[84.93838, 27.70006], [84.93843, 27.7001], [84.93845, 27.70018], [84.93844, 27.70027], [84.9384, 27.70037], [84.93838, 27.70048], [84.93838, 27.70054], [84.93843, 27.70061], [84.93853, 27.70068], [84.93869, 27.70072], [84.93873, 27.7008], [84.9388, 27.70085], [84.93886, 27.70087], [84.93891, 27.70093], [84.93895, 27.70098], [84.93902, 27.70102], [84.93901, 27.70108], [84.939, 27.70116]]}}, {"type": "Feature", "properties": {"frac": null, "observed": false, "ext": true, "wid": "n214"}, "geometry": {"type": "LineString", "coordinates": [[85.01897, 27.90595], [85.02021, 27.90445], [85.02101, 27.9035], [85.02252, 27.90261], [85.02482, 27.90189], [85.02631, 27.90128], [85.02728, 27.90087]]}}, {"type": "Feature", "properties": {"frac": 0.0181, "observed": true, "ext": true, "wid": "n082"}, "geometry": {"type": "LineString", "coordinates": [[85.02728, 27.90087], [85.02825, 27.90089]]}}, {"type": "Feature", "properties": {"frac": 0.0012, "observed": true, "ext": true, "wid": "n215"}, "geometry": {"type": "LineString", "coordinates": [[85.20801, 27.89863], [85.20567, 27.89761], [85.20303, 27.89738], [85.201, 27.8976], [85.20071, 27.89764], [85.19887, 27.8971], [85.19655, 27.89745]]}}, {"type": "Feature", "properties": {"frac": 0.0032, "observed": true, "ext": true, "wid": "n216"}, "geometry": {"type": "LineString", "coordinates": [[85.19655, 27.89745], [85.19606, 27.8979], [85.19603, 27.89922], [85.19549, 27.89974], [85.19315, 27.9006], [85.19271, 27.90069], [85.1913, 27.90099], [85.19062, 27.90127], [85.18828, 27.90239], [85.18753, 27.90256], [85.18699, 27.90251], [85.18656, 27.90218], [85.18625, 27.90157], [85.18575, 27.90109], [85.18525, 27.90083], [85.18449, 27.90079], [85.18332, 27.90109], [85.18236, 27.90141], [85.1813, 27.90168], [85.18065, 27.90159], [85.18014, 27.9012], [85.17931, 27.90023], [85.17864, 27.89917], [85.17821, 27.89904], [85.17777, 27.89903], [85.17705, 27.89881], [85.17572, 27.89795]]}}, {"type": "Feature", "properties": {"frac": 0.0081, "observed": true, "ext": true, "wid": "n197"}, "geometry": {"type": "LineString", "coordinates": [[85.17572, 27.89795], [85.17498, 27.8971], [85.17393, 27.89516], [85.17305, 27.89392], [85.17258, 27.89336], [85.17153, 27.89247], [85.17024, 27.89167], [85.16944, 27.89101], [85.16832, 27.89006], [85.16757, 27.88964], [85.16666, 27.88937], [85.16601, 27.88951], [85.1653, 27.89014], [85.16446, 27.89091], [85.16405, 27.89116], [85.16349, 27.89132], [85.16296, 27.89121], [85.1622, 27.89082], [85.16122, 27.8902], [85.15926, 27.88943], [85.15694, 27.88786], [85.15505, 27.88664]]}}, {"type": "Feature", "properties": {"frac": 0.0069, "observed": true, "ext": true, "wid": "n069"}, "geometry": {"type": "LineString", "coordinates": [[85.15505, 27.88664], [85.15418, 27.88572], [85.15359, 27.88486], [85.1535, 27.88449], [85.15358, 27.88403], [85.15367, 27.88358], [85.15368, 27.88351], [85.15375, 27.88164], [85.15368, 27.88046], [85.15374, 27.87848], [85.15365, 27.87802], [85.1534, 27.87769], [85.15232, 27.87665]]}}, {"type": "Feature", "properties": {"frac": null, "observed": false, "ext": true, "wid": "n217"}, "geometry": {"type": "LineString", "coordinates": [[85.5311, 28.03416], [85.53128, 28.03388], [85.53112, 28.03322], [85.53037, 28.03231], [85.53059, 28.0314], [85.53133, 28.03074], [85.53195, 28.02984], [85.5325, 28.02922], [85.53266, 28.0288], [85.5328, 28.02759], [85.53365, 28.027], [85.53379, 28.02596]]}}, {"type": "Feature", "properties": {"frac": null, "observed": false, "ext": true, "wid": "n218"}, "geometry": {"type": "LineString", "coordinates": [[85.53379, 28.02596], [85.53353, 28.02545], [85.5331, 28.02467], [85.53315, 28.02442], [85.53321, 28.02409], [85.53335, 28.02386], [85.53381, 28.02328], [85.53383, 28.02278], [85.53385, 28.02253], [85.53397, 28.02219], [85.53413, 28.02196], [85.53433, 28.02173], [85.53455, 28.02145], [85.53464, 28.02115], [85.53478, 28.02073], [85.53501, 28.02018], [85.535, 28.01972], [85.53442, 28.01875], [85.53451, 28.01819], [85.53443, 28.01771], [85.53406, 28.01668], [85.534, 28.01635], [85.53402, 28.01604], [85.53417, 28.01574], [85.53451, 28.01534], [85.53459, 28.01513], [85.53455, 28.01469], [85.53474, 28.01431], [85.53478, 28.01338], [85.53474, 28.01307], [85.5349, 28.01272], [85.53507, 28.01258], [85.53538, 28.01227], [85.53565, 28.01191], [85.53587, 28.0112], [85.53569, 28.01056], [85.53542, 28.01032], [85.53502, 28.0101], [85.53479, 28.01014], [85.53445, 28.01027], [85.53407, 28.01015], [85.53388, 28.00997], [85.53368, 28.00961], [85.5335, 28.00923], [85.53348, 28.00895], [85.53362, 28.00864], [85.53384, 28.00797], [85.53388, 28.00712], [85.53375, 28.00663], [85.5336, 28.0061], [85.5336, 28.00536], [85.53366, 28.00486], [85.53364, 28.00429], [85.53367, 28.00417], [85.53373, 28.00393], [85.53385, 28.00368], [85.53408, 28.00326]]}}, {"type": "Feature", "properties": {"frac": null, "observed": false, "ext": true, "wid": "n219"}, "geometry": {"type": "LineString", "coordinates": [[85.53422, 27.99957], [85.53403, 27.99935], [85.53378, 27.99885], [85.53346, 27.99848], [85.53328, 27.99828], [85.53295, 27.99814], [85.53276, 27.99784], [85.53277, 27.99762], [85.53277, 27.99739], [85.5328, 27.99716], [85.53301, 27.99687], [85.5335, 27.99642], [85.53359, 27.99609], [85.53358, 27.99576], [85.53363, 27.99539], [85.53311, 27.99505], [85.53304, 27.99456], [85.53303, 27.99418], [85.53303, 27.9939], [85.5331, 27.99343], [85.53344, 27.99304], [85.5334, 27.9924], [85.53313, 27.99176], [85.53277, 27.99147], [85.5327, 27.99102], [85.53296, 27.99072], [85.53291, 27.99034], [85.53261, 27.99018], [85.53251, 27.98993], [85.53248, 27.98942], [85.53275, 27.98894], [85.53267, 27.98864], [85.5324, 27.98848], [85.53221, 27.98806], [85.53215, 27.98758], [85.53207, 27.98701], [85.53184, 27.98645], [85.53175, 27.98618], [85.53174, 27.98598], [85.53204, 27.98559], [85.5323, 27.98539], [85.53248, 27.98522], [85.53283, 27.98515], [85.53312, 27.98507], [85.5333, 27.98488], [85.53343, 27.98459], [85.53373, 27.98429], [85.53415, 27.98413], [85.53469, 27.98386], [85.5349, 27.98377], [85.53531, 27.98361], [85.53545, 27.98339], [85.53539, 27.98309], [85.53541, 27.98269], [85.53558, 27.98183], [85.53561, 27.98154], [85.53563, 27.98132], [85.53565, 27.98121], [85.53593, 27.98081], [85.53606, 27.98066], [85.5366, 27.98018], [85.53676, 27.97992], [85.53687, 27.97968], [85.53707, 27.97945], [85.53731, 27.97941], [85.53753, 27.97944], [85.53764, 27.97911], [85.53786, 27.97895], [85.53806, 27.97886], [85.53817, 27.97869], [85.53812, 27.97846], [85.53791, 27.97829], [85.53787, 27.97813], [85.53787, 27.97795], [85.53787, 27.97777], [85.53814, 27.97733], [85.53811, 27.97719], [85.53824, 27.97706], [85.53833, 27.97689], [85.53838, 27.97668], [85.53829, 27.97656], [85.53823, 27.97639], [85.53806, 27.97627], [85.53819, 27.97596], [85.53826, 27.97572], [85.53833, 27.97551], [85.53823, 27.97531], [85.53811, 27.97523], [85.53793, 27.97513], [85.53758, 27.97515], [85.53741, 27.97489], [85.53729, 27.97462], [85.53726, 27.97418], [85.5372, 27.97381], [85.53725, 27.97367], [85.53733, 27.97352], [85.53738, 27.97328], [85.53756, 27.97315]]}}, {"type": "Feature", "properties": {"frac": 0.0028, "observed": true, "ext": true, "wid": "n220"}, "geometry": {"type": "LineString", "coordinates": [[85.53756, 27.97315], [85.53777, 27.97275], [85.53777, 27.97263], [85.53773, 27.97253], [85.5376, 27.97242], [85.53751, 27.97237], [85.53732, 27.9723], [85.53694, 27.97218], [85.53649, 27.97203], [85.53615, 27.97182], [85.53579, 27.97152], [85.53537, 27.9708], [85.53493, 27.97025], [85.53461, 27.97003], [85.53383, 27.96991], [85.53354, 27.96983], [85.53308, 27.96986], [85.53286, 27.96985], [85.53235, 27.96984], [85.53192, 27.96987], [85.53179, 27.96939], [85.53179, 27.96904], [85.53199, 27.96854], [85.53192, 27.96806], [85.53194, 27.96774], [85.53202, 27.96752], [85.53225, 27.96722], [85.53238, 27.9669], [85.5324, 27.96671], [85.53232, 27.96652], [85.53225, 27.96629], [85.53221, 27.96606], [85.53203, 27.96574], [85.53161, 27.96547], [85.53215, 27.96496], [85.53251, 27.96479], [85.53338, 27.96413], [85.53365, 27.96391], [85.53396, 27.9636], [85.53433, 27.96302], [85.53448, 27.96267], [85.53471, 27.96231], [85.5354, 27.96203], [85.53594, 27.96226], [85.53615, 27.96225], [85.53659, 27.96224], [85.53712, 27.96206], [85.53745, 27.96182], [85.53788, 27.9615], [85.53808, 27.96102], [85.5383, 27.96036], [85.53848, 27.96006], [85.53973, 27.95938], [85.54099, 27.95891], [85.54185, 27.95846], [85.54275, 27.95759], [85.54361, 27.9568], [85.54415, 27.95618], [85.54428, 27.9557], [85.5445, 27.95465], [85.54458, 27.95404], [85.54451, 27.95374], [85.54429, 27.95336], [85.54419, 27.95315], [85.54402, 27.95273], [85.54366, 27.95241], [85.54351, 27.95222], [85.5434, 27.95195], [85.54335, 27.95176], [85.54331, 27.95163], [85.54333, 27.95153], [85.54346, 27.9514], [85.54376, 27.95115], [85.54389, 27.95085], [85.54402, 27.95046], [85.54431, 27.94978], [85.54479, 27.94952], [85.54496, 27.94944], [85.54519, 27.94932], [85.54535, 27.94916], [85.54552, 27.9489], [85.54574, 27.94845], [85.54618, 27.94811], [85.54652, 27.94782]]}}, {"type": "Feature", "properties": {"frac": 0.0004, "observed": true, "ext": true, "wid": "n221"}, "geometry": {"type": "LineString", "coordinates": [[85.54936, 27.94709], [85.54992, 27.9466], [85.55014, 27.94631], [85.55018, 27.94623], [85.55035, 27.94596], [85.55049, 27.9456], [85.55062, 27.9453], [85.5504, 27.9451], [85.55026, 27.94472], [85.55039, 27.94443], [85.5506, 27.94418], [85.55087, 27.94395], [85.55117, 27.94365], [85.55124, 27.9433], [85.55116, 27.94302], [85.551, 27.9428], [85.55082, 27.9424], [85.55072, 27.94198], [85.55045, 27.94163], [85.55027, 27.94157], [85.5502, 27.94134], [85.55015, 27.94115], [85.5502, 27.94097], [85.55047, 27.94072], [85.55079, 27.94072], [85.55102, 27.94047], [85.55119, 27.94017], [85.5514, 27.93994], [85.55169, 27.93972], [85.55201, 27.93963], [85.55235, 27.93951], [85.55259, 27.93941], [85.55298, 27.93928], [85.55342, 27.93912], [85.55389, 27.93892], [85.55397, 27.93846], [85.55407, 27.93811], [85.5542, 27.93774], [85.55426, 27.93747], [85.55454, 27.93715], [85.55495, 27.93696], [85.55517, 27.93678], [85.55537, 27.93583], [85.55511, 27.93533], [85.555, 27.93508], [85.55505, 27.93476], [85.55546, 27.93417], [85.5556, 27.934], [85.55571, 27.93336], [85.55568, 27.93301], [85.5556, 27.93263], [85.55557, 27.93224], [85.55556, 27.93179], [85.55537, 27.93167], [85.55527, 27.93161], [85.55492, 27.9315], [85.55433, 27.93114], [85.55394, 27.93087], [85.55373, 27.92978], [85.55342, 27.92923], [85.55332, 27.92892], [85.55326, 27.9285], [85.55317, 27.92812], [85.55288, 27.92793], [85.55261, 27.92797], [85.55233, 27.92785], [85.55218, 27.92776], [85.55217, 27.92759], [85.55238, 27.92738], [85.55247, 27.92685], [85.55255, 27.9265], [85.55258, 27.92633], [85.55256, 27.92619]]}}, {"type": "Feature", "properties": {"frac": 0.0013, "observed": true, "ext": true, "wid": "n222"}, "geometry": {"type": "LineString", "coordinates": [[85.55256, 27.92619], [85.55242, 27.9259], [85.55229, 27.92557], [85.55213, 27.92528], [85.55193, 27.92499], [85.55181, 27.92465], [85.55192, 27.92423], [85.55214, 27.92357], [85.55189, 27.92292], [85.55172, 27.9218], [85.55151, 27.92142], [85.55158, 27.92074], [85.55144, 27.92031], [85.55109, 27.91995], [85.55069, 27.91981], [85.55052, 27.91967], [85.54977, 27.91908], [85.54955, 27.91873], [85.54938, 27.91848], [85.54902, 27.91798], [85.54885, 27.91772], [85.54856, 27.91745], [85.54826, 27.91734], [85.54791, 27.91724], [85.54752, 27.91718], [85.54745, 27.91717], [85.54718, 27.9171], [85.54692, 27.917], [85.54661, 27.91679], [85.54639, 27.91664], [85.54618, 27.91636], [85.54623, 27.91593], [85.54678, 27.91542], [85.54689, 27.91504], [85.54704, 27.91475], [85.54722, 27.91455], [85.54741, 27.91416], [85.54749, 27.91383], [85.54729, 27.9136], [85.54708, 27.91331], [85.54698, 27.91298], [85.54732, 27.91225], [85.5471, 27.91192], [85.54696, 27.91172], [85.54681, 27.91146], [85.54658, 27.91127], [85.54652, 27.911], [85.54654, 27.91071], [85.54656, 27.91045], [85.54647, 27.91019], [85.54629, 27.90993], [85.54607, 27.9097], [85.54598, 27.90956], [85.54593, 27.90929], [85.54589, 27.9091], [85.54591, 27.90886], [85.54582, 27.90865], [85.54606, 27.90818], [85.54634, 27.90773], [85.54644, 27.90745], [85.54637, 27.90708], [85.54627, 27.9069], [85.5461, 27.90679], [85.54592, 27.90661], [85.54587, 27.90638], [85.54587, 27.90602], [85.54586, 27.90551], [85.54569, 27.90504], [85.54535, 27.90474], [85.54497, 27.9046]]}}, {"type": "Feature", "properties": {"frac": 0.0, "observed": true, "ext": true, "wid": "n223"}, "geometry": {"type": "LineString", "coordinates": [[85.54433, 27.90162], [85.54406, 27.90096], [85.54414, 27.90065], [85.54421, 27.90016], [85.54413, 27.89976], [85.54394, 27.89937], [85.54359, 27.89892], [85.54275, 27.89824], [85.54249, 27.89787], [85.54245, 27.89743], [85.54249, 27.8973], [85.54251, 27.89724], [85.54269, 27.89661], [85.54276, 27.89641], [85.54266, 27.89595], [85.54254, 27.89562], [85.54233, 27.8953], [85.54178, 27.89478], [85.54154, 27.89467], [85.54127, 27.89457], [85.541, 27.89452], [85.54065, 27.89444], [85.54016, 27.89414], [85.54, 27.89367], [85.53985, 27.89351], [85.5398, 27.89335], [85.5396, 27.89292], [85.53962, 27.89226], [85.53978, 27.89168], [85.5399, 27.891], [85.53993, 27.89077], [85.53996, 27.8906], [85.54001, 27.89026], [85.54013, 27.89001], [85.54022, 27.8898], [85.54036, 27.88961], [85.54086, 27.8892], [85.5412, 27.88897], [85.54151, 27.88872], [85.54176, 27.8885], [85.54194, 27.8881], [85.54204, 27.88755], [85.542, 27.88721], [85.54194, 27.88694], [85.54192, 27.88652], [85.5419, 27.88581], [85.54185, 27.88554], [85.54183, 27.88504], [85.54183, 27.88479], [85.54177, 27.88457], [85.54174, 27.88444], [85.54179, 27.88396], [85.54181, 27.8838], [85.54196, 27.88364], [85.54216, 27.88353], [85.54233, 27.88341], [85.54249, 27.88325], [85.54257, 27.88311], [85.54263, 27.88284], [85.54265, 27.88278], [85.54278, 27.88265], [85.54304, 27.88246], [85.54321, 27.88227], [85.54334, 27.88205], [85.54338, 27.88186], [85.54332, 27.88162], [85.54326, 27.88141], [85.54274, 27.88083], [85.54238, 27.88062], [85.54197, 27.88046], [85.54142, 27.88], [85.54119, 27.87972]]}}, {"type": "Feature", "properties": {"frac": 0.0, "observed": true, "ext": true, "wid": "n224"}, "geometry": {"type": "LineString", "coordinates": [[85.54119, 27.87972], [85.54097, 27.8794], [85.54076, 27.87866], [85.54075, 27.87832], [85.5408, 27.87796], [85.54086, 27.87753], [85.54102, 27.87675], [85.54134, 27.87586], [85.54146, 27.87552], [85.54151, 27.87534], [85.54157, 27.87493], [85.54157, 27.87449], [85.54169, 27.87414], [85.54171, 27.87381], [85.54163, 27.87319], [85.54125, 27.87261], [85.54093, 27.87231], [85.54085, 27.87198], [85.54078, 27.87172], [85.54082, 27.87138], [85.54088, 27.87112], [85.54104, 27.87079], [85.54111, 27.87036], [85.54111, 27.86992], [85.54133, 27.86954], [85.5413, 27.86932], [85.54118, 27.86911], [85.54081, 27.86895], [85.54024, 27.86889], [85.53991, 27.8686], [85.53974, 27.86829], [85.53976, 27.86798]]}}, {"type": "Feature", "properties": {"frac": 0.0608, "observed": true, "ext": false, "wid": "v021"}, "geometry": {"type": "LineString", "coordinates": [[85.18787, 28.02529], [85.18775, 28.02518], [85.18763, 28.02503], [85.18748, 28.02486], [85.18734, 28.02472], [85.18713, 28.02457], [85.18691, 28.02443], [85.18679, 28.02434], [85.18668, 28.0242], [85.1865, 28.02389], [85.18633, 28.0235], [85.18621, 28.02319], [85.18615, 28.0229], [85.18609, 28.02267], [85.18604, 28.02236], [85.18602, 28.02198], [85.18601, 28.02178], [85.18603, 28.02154], [85.18607, 28.0213], [85.18613, 28.02095], [85.18619, 28.02075], [85.18628, 28.02059], [85.18637, 28.02047], [85.1867, 28.02022], [85.18703, 28.01995], [85.18726, 28.01975], [85.18736, 28.01962]]}}, {"type": "Feature", "properties": {"frac": 0.073, "observed": true, "ext": false, "wid": "v022"}, "geometry": {"type": "LineString", "coordinates": [[85.18736, 28.01962], [85.18742, 28.01947], [85.18748, 28.01932], [85.18749, 28.01914], [85.18748, 28.01899], [85.18742, 28.01862], [85.18738, 28.01842], [85.18735, 28.01824], [85.18734, 28.01781], [85.18735, 28.01744], [85.18729, 28.01705], [85.1873, 28.0167], [85.18731, 28.01648], [85.1873, 28.01634], [85.18729, 28.01625], [85.18723, 28.01607], [85.18708, 28.01592], [85.18696, 28.01583], [85.18679, 28.01572], [85.18645, 28.01557], [85.18612, 28.01543], [85.18573, 28.01525], [85.18563, 28.01517], [85.18556, 28.01506], [85.1855, 28.01492], [85.18534, 28.01447]]}}, {"type": "Feature", "properties": {"frac": 0.073, "observed": true, "ext": false, "wid": "v022"}, "geometry": {"type": "LineString", "coordinates": [[85.18534, 28.01447], [85.18524, 28.01424], [85.18504, 28.01391], [85.18483, 28.0136], [85.18467, 28.0134], [85.18446, 28.01319], [85.18436, 28.01307], [85.18423, 28.01286], [85.18417, 28.01272], [85.18411, 28.01259], [85.18401, 28.01238], [85.18386, 28.01204], [85.18379, 28.01184], [85.18373, 28.01158], [85.18371, 28.01133], [85.18369, 28.01109], [85.1837, 28.0108], [85.18374, 28.01017], [85.18374, 28.0098], [85.18359, 28.00882], [85.18356, 28.00831], [85.18357, 28.00778], [85.1836, 28.00734]]}}, {"type": "Feature", "properties": {"frac": 0.0602, "observed": true, "ext": false, "wid": "v023"}, "geometry": {"type": "LineString", "coordinates": [[85.1836, 28.00734], [85.18362, 28.00704], [85.1837, 28.00671], [85.18376, 28.00643], [85.18379, 28.00635], [85.18388, 28.00611], [85.18398, 28.00588], [85.18408, 28.00564], [85.18415, 28.00539], [85.18423, 28.00515], [85.18427, 28.00476], [85.18427, 28.00455], [85.18424, 28.00434], [85.18421, 28.00416], [85.18416, 28.00399], [85.18414, 28.00381], [85.18414, 28.00362], [85.18416, 28.00339], [85.18416, 28.00315], [85.18412, 28.00295], [85.18409, 28.00283], [85.18401, 28.00267], [85.18387, 28.0024], [85.1838, 28.0022], [85.18378, 28.002], [85.18378, 28.0018], [85.18382, 28.00163], [85.18387, 28.00147], [85.18396, 28.00129], [85.18412, 28.00106], [85.18432, 28.00082], [85.18446, 28.00068], [85.18467, 28.0004], [85.18472, 28.00026], [85.18476, 28.0001], [85.18478, 27.99991], [85.18479, 27.9996], [85.18479, 27.99943], [85.18483, 27.99926], [85.18493, 27.99904], [85.18522, 27.99861], [85.18551, 27.99819], [85.1857, 27.99787], [85.18592, 27.99751], [85.18606, 27.99721], [85.18615, 27.997], [85.18617, 27.99683], [85.18613, 27.99671], [85.18599, 27.99654], [85.18587, 27.99644], [85.1856, 27.99627], [85.18547, 27.99614], [85.18513, 27.99566], [85.18497, 27.99547], [85.18484, 27.99531], [85.18453, 27.99501], [85.1843, 27.9948], [85.18408, 27.99462], [85.18377, 27.99438], [85.18353, 27.99421], [85.18319, 27.99396], [85.18284, 27.99369], [85.18264, 27.99353], [85.18244, 27.99338], [85.18228, 27.99324], [85.1822, 27.99313], [85.18215, 27.99302], [85.18213, 27.99289], [85.18213, 27.99279], [85.18215, 27.99264], [85.18221, 27.99237], [85.18246, 27.99165], [85.18283, 27.99086]]}}, {"type": "Feature", "properties": {"frac": 0.0076, "observed": true, "ext": true, "wid": "n198"}, "geometry": {"type": "LineString", "coordinates": [[84.97072, 28.04393], [84.97014, 28.04409]]}}, {"type": "Feature", "properties": {"frac": 0.0013, "observed": true, "ext": true, "wid": "n225"}, "geometry": {"type": "LineString", "coordinates": [[85.48771, 27.82373], [85.48779, 27.82363], [85.48835, 27.82355], [85.48893, 27.82352], [85.48921, 27.82346], [85.48979, 27.82207], [85.49048, 27.82194], [85.49058, 27.82152], [85.49093, 27.8213], [85.49123, 27.82103], [85.49125, 27.82067], [85.49103, 27.82023], [85.49112, 27.81976], [85.49138, 27.81921], [85.49172, 27.81892], [85.4923, 27.81877], [85.4929, 27.81877], [85.49331, 27.81887], [85.4938, 27.8191], [85.49423, 27.81894], [85.49481, 27.81881], [85.49541, 27.81817], [85.49588, 27.8178], [85.49655, 27.81773], [85.49727, 27.81748], [85.49754, 27.81739], [85.49816, 27.81746], [85.49863, 27.8175], [85.49936, 27.81733], [85.5003, 27.81756], [85.50118, 27.81758], [85.50142, 27.81754], [85.50197, 27.81745], [85.50249, 27.81724]]}}, {"type": "Feature", "properties": {"frac": 0.0042, "observed": true, "ext": true, "wid": "n226"}, "geometry": {"type": "LineString", "coordinates": [[85.50511, 27.81418], [85.5059, 27.81413], [85.50614, 27.81359], [85.50683, 27.81325], [85.50734, 27.81323], [85.50781, 27.81312], [85.50808, 27.81295], [85.5085, 27.81268], [85.50917, 27.8127], [85.50957, 27.81257], [85.50971, 27.81255], [85.51048, 27.81243], [85.51082, 27.81222], [85.51112, 27.81169], [85.51141, 27.81139], [85.51202, 27.81088], [85.51208, 27.81038], [85.51255, 27.81004], [85.51269, 27.80974], [85.51275, 27.80917], [85.51302, 27.80887], [85.51364, 27.80873], [85.51433, 27.80857], [85.51502, 27.80843], [85.51553, 27.80817], [85.51617, 27.80784], [85.51692, 27.8073], [85.51744, 27.80655], [85.51805, 27.80586], [85.51838, 27.80576], [85.51874, 27.80581], [85.51943, 27.80572], [85.52021, 27.80573], [85.52074, 27.80583], [85.52105, 27.80569], [85.52132, 27.80542], [85.52166, 27.80494], [85.52209, 27.80444], [85.52271, 27.8043], [85.52384, 27.80456], [85.5245, 27.80482], [85.52488, 27.80496], [85.52546, 27.80493], [85.52566, 27.80457], [85.52604, 27.80417], [85.52653, 27.80413], [85.52677, 27.804], [85.52683, 27.80383], [85.52684, 27.80352], [85.52706, 27.80325], [85.5276, 27.80291], [85.52872, 27.80135], [85.52888, 27.80073], [85.52905, 27.80059], [85.52988, 27.80058], [85.53086, 27.80046], [85.53197, 27.79996], [85.53278, 27.79917]]}}, {"type": "Feature", "properties": {"frac": 0.0007, "observed": true, "ext": true, "wid": "n227"}, "geometry": {"type": "LineString", "coordinates": [[85.53531, 27.79952], [85.53559, 27.7988], [85.53562, 27.79868], [85.53612, 27.79811], [85.53637, 27.79798], [85.53677, 27.79795], [85.53705, 27.79776], [85.53748, 27.7971], [85.53803, 27.79664], [85.53869, 27.7963], [85.53898, 27.79584], [85.53959, 27.79553], [85.54016, 27.79523], [85.54044, 27.79521], [85.54066, 27.79525], [85.54084, 27.7954], [85.54103, 27.79577], [85.54127, 27.79597], [85.5415, 27.79603], [85.54225, 27.7959], [85.54275, 27.79575], [85.54317, 27.79566], [85.54355, 27.79581], [85.54433, 27.7961], [85.54483, 27.79612], [85.54594, 27.79579], [85.54642, 27.79569], [85.54671, 27.79579], [85.54719, 27.79602], [85.54776, 27.79603], [85.54855, 27.79596], [85.54976, 27.79585], [85.55063, 27.7962], [85.551, 27.7962], [85.55149, 27.79609], [85.55184, 27.79607], [85.5525, 27.79604], [85.553, 27.79631], [85.55392, 27.79629], [85.55421, 27.79597], [85.55464, 27.79567], [85.55518, 27.79568], [85.55557, 27.79603], [85.55605, 27.79607], [85.55613, 27.79597], [85.55604, 27.7957], [85.55604, 27.79526], [85.55635, 27.795], [85.55684, 27.79485], [85.55763, 27.79459], [85.55841, 27.79433], [85.55854, 27.79418], [85.5585, 27.79401], [85.55829, 27.79384], [85.55825, 27.7936], [85.55832, 27.79326], [85.55844, 27.79317], [85.55881, 27.79305], [85.5591, 27.79312], [85.55931, 27.79341], [85.55969, 27.79356], [85.56006, 27.79359], [85.56077, 27.79348], [85.5611, 27.79328], [85.56128, 27.79306], [85.56116, 27.79247], [85.56112, 27.7917], [85.56127, 27.79152], [85.56155, 27.79143], [85.56201, 27.79154], [85.5625, 27.79189], [85.56297, 27.792], [85.56333, 27.79186]]}}, {"type": "Feature", "properties": {"frac": 0.0069, "observed": true, "ext": true, "wid": "n081"}, "geometry": {"type": "LineString", "coordinates": [[85.56333, 27.79186], [85.56374, 27.79117], [85.56377, 27.79045], [85.56409, 27.79], [85.56481, 27.78989], [85.56538, 27.79006], [85.56584, 27.79014], [85.56635, 27.79012], [85.56733, 27.78991], [85.568, 27.78982], [85.56845, 27.78966], [85.56861, 27.78941], [85.56851, 27.78913], [85.56831, 27.78874], [85.56809, 27.788], [85.56803, 27.78779], [85.568, 27.78746], [85.56806, 27.78723], [85.56818, 27.78717], [85.56845, 27.78719], [85.56864, 27.78717], [85.56903, 27.78727], [85.5702, 27.78764], [85.57043, 27.78767], [85.57081, 27.78761], [85.57186, 27.78713], [85.57214, 27.78681], [85.57227, 27.78667], [85.57245, 27.78631], [85.57245, 27.78584], [85.57236, 27.78525], [85.57232, 27.7846]]}}, {"type": "Feature", "properties": {"frac": null, "observed": false, "ext": true, "wid": "n228"}, "geometry": {"type": "LineString", "coordinates": [[85.06685, 28.10312], [85.06676, 28.10297], [85.06672, 28.10282], [85.06673, 28.10266], [85.06675, 28.10251], [85.06674, 28.10239], [85.06672, 28.10229], [85.0667, 28.10213], [85.06666, 28.10184], [85.06661, 28.10162], [85.06653, 28.10147], [85.06645, 28.10131], [85.06628, 28.10112], [85.06604, 28.10088], [85.06591, 28.10069], [85.06583, 28.10049], [85.06576, 28.10032], [85.06558, 28.1001], [85.06527, 28.09985], [85.06503, 28.09965], [85.06493, 28.09956], [85.06355, 28.09638], [85.0624, 28.09417]]}}, {"type": "Feature", "properties": {"frac": null, "observed": false, "ext": true, "wid": "n005"}, "geometry": {"type": "LineString", "coordinates": [[85.0624, 28.09417], [85.06182, 28.09275], [85.06131, 28.09159], [85.0615, 28.09032], [85.06095, 28.08979], [85.06077, 28.08886], [85.06053, 28.08836]]}}, {"type": "Feature", "properties": {"frac": 0.0298, "observed": true, "ext": true, "wid": "n191"}, "geometry": {"type": "LineString", "coordinates": [[85.43975, 27.92429], [85.43953, 27.924], [85.43917, 27.92382], [85.43875, 27.92371], [85.43834, 27.92371], [85.43773, 27.9238], [85.43727, 27.92378], [85.43698, 27.92368], [85.4368, 27.92362], [85.43646, 27.92351], [85.43604, 27.92301], [85.43588, 27.92257], [85.43583, 27.92243], [85.43534, 27.92119], [85.43527, 27.921], [85.43456, 27.9205], [85.43485, 27.92003], [85.43483, 27.91958], [85.43435, 27.91929], [85.43409, 27.91906], [85.43423, 27.91888], [85.4325, 27.91832], [85.43199, 27.91818], [85.43147, 27.9181], [85.43073, 27.91828], [85.43045, 27.91859], [85.43006, 27.91863], [85.42867, 27.91868], [85.4276, 27.91792], [85.42747, 27.91722], [85.42679, 27.9169], [85.42587, 27.91691]]}}, {"type": "Feature", "properties": {"frac": 0.0032, "observed": true, "ext": true, "wid": "n229"}, "geometry": {"type": "LineString", "coordinates": [[85.42587, 27.91691], [85.42571, 27.91689], [85.42543, 27.91661], [85.42493, 27.91596], [85.42412, 27.91512], [85.42367, 27.91492], [85.42334, 27.91489], [85.42278, 27.91499], [85.42235, 27.9153], [85.42195, 27.91572], [85.42145, 27.91576], [85.42065, 27.9153], [85.41987, 27.91485], [85.41964, 27.91465], [85.41935, 27.91414], [85.41907, 27.91395], [85.41891, 27.91393], [85.41874, 27.91398], [85.41861, 27.91389], [85.41852, 27.91372], [85.41829, 27.9135], [85.41805, 27.91326], [85.41775, 27.91315], [85.41741, 27.91319], [85.41713, 27.91336], [85.41693, 27.91365], [85.41674, 27.91411], [85.41676, 27.91431], [85.41677, 27.915], [85.41661, 27.91548], [85.4164, 27.91573], [85.41591, 27.91618], [85.41426, 27.9167], [85.41385, 27.91668], [85.41284, 27.91615], [85.41255, 27.91617], [85.41224, 27.91616], [85.41182, 27.91637], [85.4116, 27.91651], [85.4113, 27.91661], [85.41107, 27.91665], [85.41084, 27.91669], [85.41041, 27.91699], [85.40985, 27.91715], [85.40979, 27.91721], [85.4096, 27.91719], [85.40892, 27.91677], [85.40867, 27.91657], [85.40769, 27.91606], [85.40751, 27.91603], [85.40729, 27.91602], [85.40711, 27.91602], [85.40691, 27.91622], [85.40664, 27.91637], [85.40606, 27.91672], [85.40546, 27.917], [85.40521, 27.91706], [85.40498, 27.91703], [85.40475, 27.91695], [85.4044, 27.91673], [85.40406, 27.91664], [85.40372, 27.91658], [85.40342, 27.91641], [85.40297, 27.91624], [85.40256, 27.91611], [85.40237, 27.91595], [85.40215, 27.91591], [85.40174, 27.91592], [85.40158, 27.91601], [85.40136, 27.91605], [85.40079, 27.91606], [85.40052, 27.91618], [85.40033, 27.9163], [85.4001, 27.91643], [85.39985, 27.9167], [85.39984, 27.91694], [85.39975, 27.91722], [85.39963, 27.9174], [85.39913, 27.91784], [85.39745, 27.91829], [85.39741, 27.91888], [85.3972, 27.91909], [85.39692, 27.91938], [85.39636, 27.91929], [85.39569, 27.91899], [85.39571, 27.9187], [85.39554, 27.91833], [85.39489, 27.91807], [85.39447, 27.91828], [85.39435, 27.91872], [85.39414, 27.91889]]}}, {"type": "Feature", "properties": {"frac": 0.004, "observed": true, "ext": true, "wid": "n200"}, "geometry": {"type": "LineString", "coordinates": [[85.39414, 27.91889], [85.39377, 27.91896], [85.39345, 27.91909], [85.39315, 27.91929], [85.39282, 27.91932], [85.39131, 27.91933], [85.39082, 27.91938], [85.39042, 27.9196], [85.39027, 27.9203], [85.39031, 27.92095], [85.38985, 27.92162], [85.38922, 27.92176], [85.38828, 27.92157], [85.38768, 27.9213], [85.38725, 27.9209], [85.38672, 27.92079], [85.38636, 27.92113], [85.38615, 27.92159], [85.38583, 27.92203], [85.38547, 27.92212], [85.38475, 27.92159], [85.38423, 27.92142], [85.38313, 27.92167], [85.38155, 27.92057], [85.38039, 27.92112], [85.3779, 27.92236], [85.37717, 27.92276], [85.3765, 27.9228], [85.3761, 27.92254], [85.37556, 27.92182], [85.37477, 27.92116], [85.37423, 27.92078], [85.37371, 27.92063], [85.3721, 27.92098], [85.37165, 27.92112], [85.37133, 27.92108], [85.37107, 27.92105], [85.37044, 27.92133], [85.37017, 27.92146], [85.36945, 27.9216]]}}, {"type": "Feature", "properties": {"frac": 0.0057, "observed": true, "ext": true, "wid": "n230"}, "geometry": {"type": "LineString", "coordinates": [[85.36945, 27.9216], [85.36892, 27.92151], [85.36836, 27.92106], [85.36807, 27.92076], [85.36733, 27.92068], [85.36647, 27.92039], [85.36578, 27.92035], [85.36536, 27.92078], [85.36507, 27.92116], [85.36436, 27.92135], [85.36347, 27.92133], [85.36253, 27.92121], [85.36166, 27.92121], [85.36083, 27.92157], [85.36046, 27.92157], [85.35977, 27.92143], [85.35956, 27.92159], [85.35946, 27.92199], [85.35895, 27.92263], [85.35863, 27.92349], [85.35857, 27.92368], [85.35826, 27.92378], [85.35776, 27.92362], [85.35705, 27.92369], [85.35645, 27.92351], [85.3562, 27.92339], [85.35556, 27.92308], [85.35488, 27.92275], [85.35431, 27.92252], [85.35368, 27.92237], [85.3529, 27.92288], [85.3525, 27.92328], [85.3519, 27.92381], [85.35146, 27.92412], [85.35085, 27.92418], [85.35008, 27.924], [85.34959, 27.92375], [85.34916, 27.92345], [85.34877, 27.92318], [85.34827, 27.92255], [85.34778, 27.92211], [85.3474, 27.92175], [85.34727, 27.92163], [85.3473, 27.92136], [85.34701, 27.92099], [85.34641, 27.92045], [85.34617, 27.92039], [85.34603, 27.92041], [85.34576, 27.92046], [85.3452, 27.92085], [85.34497, 27.92091], [85.34465, 27.92076], [85.34432, 27.92069], [85.34402, 27.92054], [85.34379, 27.92033], [85.34357, 27.92012], [85.34311, 27.91989]]}}, {"type": "Feature", "properties": {"frac": 0.0067, "observed": true, "ext": true, "wid": "n231"}, "geometry": {"type": "LineString", "coordinates": [[85.34205, 27.92045], [85.34161, 27.92048], [85.34112, 27.92053], [85.34029, 27.92103], [85.34, 27.92134], [85.33972, 27.92162], [85.33967, 27.9218], [85.33959, 27.92209], [85.33929, 27.92256], [85.33916, 27.92261], [85.33915, 27.92261], [85.33807, 27.92296], [85.33743, 27.92312], [85.33692, 27.92313], [85.33637, 27.92301], [85.33517, 27.92292], [85.33392, 27.92302], [85.33178, 27.92313], [85.33114, 27.92309], [85.3308, 27.92293], [85.3305, 27.92236], [85.33015, 27.922], [85.32979, 27.92195], [85.32818, 27.92225], [85.32743, 27.92236], [85.32674, 27.92222], [85.32634, 27.92165], [85.32598, 27.92147], [85.32534, 27.92136], [85.32423, 27.92156], [85.3241, 27.92162], [85.324, 27.92169], [85.32321, 27.92201], [85.3226, 27.92198], [85.32196, 27.92192], [85.32132, 27.92212], [85.32062, 27.92203], [85.32018, 27.92172], [85.31987, 27.92147], [85.31927, 27.92119], [85.31852, 27.92082], [85.31818, 27.92056], [85.31816, 27.92026], [85.31853, 27.91998], [85.31866, 27.91941], [85.31829, 27.91904], [85.31807, 27.91888], [85.31775, 27.91897], [85.31718, 27.91958], [85.31626, 27.91995], [85.31574, 27.91987], [85.31534, 27.91947], [85.31454, 27.91867], [85.31346, 27.91798], [85.31271, 27.91809], [85.31266, 27.9183], [85.31246, 27.91876]]}}, {"type": "Feature", "properties": {"frac": 0.0035, "observed": true, "ext": true, "wid": "n133"}, "geometry": {"type": "LineString", "coordinates": [[85.31246, 27.91876], [85.31224, 27.91877], [85.31197, 27.91853], [85.31183, 27.91837], [85.31169, 27.91821], [85.31122, 27.91735], [85.31034, 27.91608], [85.30973, 27.91576], [85.30927, 27.91577], [85.30857, 27.91644], [85.30809, 27.91628], [85.30802, 27.91536], [85.30679, 27.91416]]}}, {"type": "Feature", "properties": {"frac": 0.0035, "observed": true, "ext": true, "wid": "n133"}, "geometry": {"type": "LineString", "coordinates": [[85.30552, 27.91479], [85.30532, 27.91559], [85.30537, 27.91632], [85.30526, 27.91687], [85.30516, 27.91696], [85.305, 27.9171], [85.30477, 27.91748], [85.30454, 27.91767], [85.30364, 27.91831], [85.3034, 27.91842], [85.30309, 27.91848], [85.3028, 27.91851], [85.30249, 27.91844], [85.30161, 27.918], [85.30136, 27.91773], [85.30117, 27.91746], [85.30107, 27.91707], [85.30087, 27.91675], [85.30083, 27.91671], [85.3006, 27.9165], [85.29953, 27.91594], [85.29944, 27.91578], [85.29978, 27.91539], [85.29989, 27.915]]}}, {"type": "Feature", "properties": {"frac": 0.0035, "observed": true, "ext": true, "wid": "n133"}, "geometry": {"type": "LineString", "coordinates": [[85.29655, 27.91732], [85.29627, 27.91751], [85.2958, 27.91743], [85.29452, 27.91688]]}}, {"type": "Feature", "properties": {"frac": 0.0015, "observed": true, "ext": true, "wid": "n206"}, "geometry": {"type": "LineString", "coordinates": [[85.2931, 27.91563], [85.29295, 27.91507], [85.29286, 27.91473], [85.29249, 27.91427], [85.29213, 27.91424], [85.28961, 27.91491], [85.28951, 27.91505], [85.28892, 27.91545]]}}, {"type": "Feature", "properties": {"frac": 0.0081, "observed": true, "ext": true, "wid": "n232"}, "geometry": {"type": "LineString", "coordinates": [[85.34795, 28.30122], [85.34805, 28.30087], [85.34808, 28.3007], [85.34812, 28.30053], [85.3481, 28.30009], [85.34804, 28.29947], [85.34799, 28.29912], [85.34792, 28.2989], [85.3478, 28.29872], [85.34789, 28.2983], [85.34832, 28.29799], [85.34842, 28.29778], [85.34842, 28.29745], [85.34801, 28.29699], [85.34793, 28.29639], [85.34804, 28.296], [85.34806, 28.29463], [85.34814, 28.29406], [85.3483, 28.2932], [85.34826, 28.29275], [85.34789, 28.29222], [85.3473, 28.29168], [85.34701, 28.2913], [85.34703, 28.29081], [85.34718, 28.28984]]}}, {"type": "Feature", "properties": {"frac": 0.0109, "observed": true, "ext": true, "wid": "n252"}, "geometry": {"type": "LineString", "coordinates": [[85.34718, 28.28984], [85.34737, 28.28945], [85.34749, 28.28897], [85.34754, 28.28886], [85.34785, 28.28864], [85.34804, 28.28847], [85.34824, 28.28826], [85.34832, 28.28789], [85.34838, 28.28776], [85.34853, 28.28771], [85.34896, 28.28774], [85.34913, 28.28769], [85.34947, 28.28751], [85.34969, 28.28745], [85.3499, 28.28742], [85.35019, 28.28749], [85.3503, 28.28743], [85.35103, 28.28699], [85.35153, 28.28665], [85.35187, 28.28651], [85.35227, 28.28646], [85.35311, 28.28645], [85.35366, 28.28648], [85.35444, 28.28666], [85.35525, 28.28662], [85.35625, 28.28642], [85.3572, 28.28626], [85.35776, 28.28609]]}}, {"type": "Feature", "properties": {"frac": 0.0068, "observed": true, "ext": true, "wid": "n233"}, "geometry": {"type": "LineString", "coordinates": [[85.35746, 28.36805], [85.35777, 28.36754], [85.35792, 28.36675], [85.35808, 28.36627], [85.35837, 28.36611], [85.35871, 28.36599], [85.3591, 28.36565], [85.35974, 28.36539], [85.35983, 28.36518], [85.35987, 28.3649], [85.35951, 28.36444], [85.35947, 28.36403], [85.35898, 28.36365], [85.3592, 28.36313], [85.35977, 28.36219], [85.36, 28.36192], [85.36004, 28.36187], [85.36003, 28.36147], [85.35975, 28.36121], [85.35975, 28.3607], [85.35952, 28.3604], [85.35879, 28.35993], [85.35791, 28.35989], [85.35674, 28.35971], [85.35641, 28.35955], [85.35641, 28.35935], [85.35661, 28.35896], [85.35658, 28.3587], [85.35628, 28.35821], [85.35654, 28.3574], [85.35685, 28.35698], [85.35696, 28.356], [85.35741, 28.35528], [85.35784, 28.35439], [85.35807, 28.35381], [85.35816, 28.3534]]}}, {"type": "Feature", "properties": {"frac": 0.0229, "observed": true, "ext": true, "wid": "n234"}, "geometry": {"type": "LineString", "coordinates": [[85.35673, 28.3511], [85.35716, 28.35046], [85.35711, 28.35023], [85.35653, 28.34971], [85.35616, 28.34866], [85.35583, 28.3479], [85.35579, 28.34735], [85.35528, 28.34658], [85.35474, 28.34642], [85.35383, 28.34643], [85.35315, 28.34626], [85.3523, 28.3455], [85.35138, 28.34444], [85.351, 28.34387], [85.35008, 28.3434], [85.34984, 28.34294], [85.34938, 28.34159], [85.3491, 28.34119], [85.3485, 28.34064], [85.3478, 28.33941], [85.34769, 28.33866], [85.34783, 28.3378], [85.34775, 28.33748], [85.34673, 28.33673], [85.34598, 28.33627], [85.34545, 28.33559], [85.34543, 28.33502], [85.34518, 28.33467], [85.34467, 28.33455], [85.34403, 28.33435], [85.34354, 28.33366], [85.34332, 28.33289], [85.34289, 28.33219], [85.34263, 28.33119]]}}, {"type": "Feature", "properties": {"frac": 0.0022, "observed": true, "ext": true, "wid": "n235"}, "geometry": {"type": "LineString", "coordinates": [[85.34263, 28.33119], [85.34186, 28.32993], [85.34179, 28.32959], [85.34129, 28.32919], [85.3411, 28.32888], [85.34132, 28.3282], [85.34112, 28.32769], [85.3408, 28.32692], [85.34003, 28.32599], [85.33966, 28.32477], [85.33983, 28.32404], [85.33993, 28.32358], [85.33999, 28.32332], [85.34028, 28.32307], [85.34043, 28.32217], [85.34086, 28.32161], [85.34102, 28.32072], [85.34115, 28.32027], [85.341, 28.31948], [85.34111, 28.31925], [85.34124, 28.31912], [85.34167, 28.31894], [85.34183, 28.31853], [85.34226, 28.31741], [85.34291, 28.31627], [85.34347, 28.31575], [85.34374, 28.31502], [85.34435, 28.31464], [85.34472, 28.3141], [85.34504, 28.31381], [85.34508, 28.31354], [85.345, 28.31325], [85.34509, 28.31306], [85.34559, 28.31283]]}}, {"type": "Feature", "properties": {"frac": 0.0081, "observed": true, "ext": true, "wid": "n232"}, "geometry": {"type": "LineString", "coordinates": [[85.34559, 28.31283], [85.34581, 28.31247], [85.3458, 28.31217], [85.34547, 28.31165], [85.34558, 28.31122], [85.34584, 28.31101], [85.34586, 28.31058], [85.34561, 28.31033], [85.34552, 28.30909], [85.34566, 28.30785], [85.34597, 28.30724], [85.34596, 28.30667], [85.34585, 28.30619], [85.346, 28.30588], [85.34642, 28.30543], [85.34681, 28.3046], [85.34696, 28.30412]]}}, {"type": "Feature", "properties": {"frac": 0.0067, "observed": true, "ext": true, "wid": "n231"}, "geometry": {"type": "LineString", "coordinates": [[85.31534, 27.91947], [85.31544, 27.91865], [85.31541, 27.91842], [85.31533, 27.91828], [85.31512, 27.91802], [85.31492, 27.91796], [85.31458, 27.91793], [85.31418, 27.91791], [85.31368, 27.91798], [85.31346, 27.91798]]}}, {"type": "Feature", "properties": {"frac": null, "observed": false, "ext": true, "wid": "n236"}, "geometry": {"type": "LineString", "coordinates": [[85.25217, 27.70545], [85.25256, 27.70445], [85.25266, 27.70396], [85.25264, 27.70355], [85.25289, 27.70321], [85.25318, 27.70315], [85.25362, 27.70294], [85.25423, 27.70294], [85.25467, 27.70297], [85.25505, 27.70274], [85.25535, 27.70248], [85.25594, 27.70231], [85.25625, 27.70222], [85.25662, 27.70212], [85.25711, 27.70201], [85.2575, 27.70184], [85.25819, 27.70154], [85.2589, 27.70123], [85.25926, 27.7008], [85.25997, 27.70085], [85.26061, 27.70093], [85.26178, 27.70075], [85.26192, 27.70077], [85.26208, 27.70076], [85.26213, 27.70074], [85.26218, 27.70071], [85.26225, 27.70065], [85.2623, 27.70063], [85.26235, 27.70062], [85.26239, 27.70062], [85.26244, 27.70061], [85.26256, 27.7005], [85.26263, 27.70027], [85.2627, 27.70017], [85.2628, 27.70009], [85.26288, 27.70003]]}}, {"type": "Feature", "properties": {"frac": 0.0076, "observed": true, "ext": true, "wid": "n198"}, "geometry": {"type": "LineString", "coordinates": [[84.97184, 28.04663], [84.97237, 28.04617], [84.97263, 28.0459], [84.97279, 28.04571], [84.97283, 28.04549]]}}, {"type": "Feature", "properties": {"frac": 0.0181, "observed": true, "ext": true, "wid": "n034"}, "geometry": {"type": "LineString", "coordinates": [[85.46915, 27.72774], [85.46928, 27.72782], [85.46932, 27.72783]]}}, {"type": "Feature", "properties": {"frac": 0.0181, "observed": true, "ext": true, "wid": "n034"}, "geometry": {"type": "LineString", "coordinates": [[85.46932, 27.72783], [85.46945, 27.72829], [85.46939, 27.7292], [85.46959, 27.72949], [85.46965, 27.72955], [85.46968, 27.72961], [85.46966, 27.72967]]}}, {"type": "Feature", "properties": {"frac": 0.0181, "observed": true, "ext": true, "wid": "n034"}, "geometry": {"type": "LineString", "coordinates": [[85.46966, 27.72967], [85.46962, 27.72972], [85.46954, 27.72978], [85.46934, 27.72981], [85.46929, 27.72995], [85.46928, 27.73012], [85.46926, 27.73022], [85.46933, 27.73031], [85.46947, 27.73055], [85.46961, 27.73103], [85.46961, 27.73199], [85.46956, 27.73262], [85.46947, 27.73286], [85.4695, 27.73299], [85.4696, 27.73313]]}}, {"type": "Feature", "properties": {"frac": 0.026, "observed": true, "ext": true, "wid": "n237"}, "geometry": {"type": "LineString", "coordinates": [[85.4696, 27.73313], [85.46987, 27.73341], [85.47001, 27.73405], [85.47025, 27.73448], [85.47032, 27.7348], [85.47014, 27.73545], [85.47016, 27.73553], [85.4702, 27.7356], [85.47034, 27.73574], [85.47092, 27.73613], [85.47106, 27.73622], [85.47112, 27.73635], [85.47111, 27.73657], [85.47111, 27.73674], [85.471, 27.73686], [85.47082, 27.73697], [85.47062, 27.7371], [85.47045, 27.7373], [85.4704, 27.73746], [85.47044, 27.73759], [85.47071, 27.73782], [85.47077, 27.73796], [85.47084, 27.73812], [85.47101, 27.73826], [85.4712, 27.73837], [85.47136, 27.73844], [85.47197, 27.73847], [85.4723, 27.73867], [85.47249, 27.73909], [85.47244, 27.73947], [85.47286, 27.74024], [85.47342, 27.7407], [85.47382, 27.7409], [85.47421, 27.74117], [85.47452, 27.74133], [85.47473, 27.74151], [85.47488, 27.7417], [85.47502, 27.74179], [85.47521, 27.74192], [85.47533, 27.74203], [85.47539, 27.74216], [85.47542, 27.74233], [85.47542, 27.74266], [85.4755, 27.74281], [85.47561, 27.74287], [85.47584, 27.7429], [85.47609, 27.74292], [85.47633, 27.74308], [85.47656, 27.74318], [85.47695, 27.7434], [85.47715, 27.74353], [85.47739, 27.74375], [85.47801, 27.74417], [85.47826, 27.74433], [85.47846, 27.7444], [85.4787, 27.74438], [85.47901, 27.74433], [85.47918, 27.74433], [85.47958, 27.7443], [85.47973, 27.7443], [85.47987, 27.74445], [85.47991, 27.74493], [85.47998, 27.74521], [85.48009, 27.7453], [85.4803, 27.74544], [85.48036, 27.74557], [85.48033, 27.74579], [85.48024, 27.74594], [85.48021, 27.7461], [85.48036, 27.74632], [85.48053, 27.74651], [85.48076, 27.74675], [85.48088, 27.74687], [85.48093, 27.74726], [85.48097, 27.74735], [85.48138, 27.74755], [85.48152, 27.74786], [85.48157, 27.74829], [85.48198, 27.74865], [85.4821, 27.74919], [85.48211, 27.74959], [85.48232, 27.74988], [85.48273, 27.7499], [85.48326, 27.74992], [85.48364, 27.75005], [85.48397, 27.75041], [85.48433, 27.7509], [85.48475, 27.75111], [85.48505, 27.75119], [85.48509, 27.7514], [85.48497, 27.75169], [85.48525, 27.7522], [85.48549, 27.75241], [85.48588, 27.75252], [85.48612, 27.75276], [85.48579, 27.75321], [85.48599, 27.7535], [85.48647, 27.75359], [85.48698, 27.7537], [85.48692, 27.75423], [85.48651, 27.75469], [85.48674, 27.75495], [85.48712, 27.75497]]}}, {"type": "Feature", "properties": {"frac": 0.0069, "observed": true, "ext": true, "wid": "n069"}, "geometry": {"type": "LineString", "coordinates": [[85.16063, 27.86456], [85.16031, 27.86476], [85.15991, 27.86484], [85.15948, 27.86471], [85.15914, 27.86447], [85.15906, 27.86435], [85.15889, 27.86407], [85.15868, 27.86393], [85.15809, 27.86382], [85.15764, 27.86393], [85.15723, 27.86423], [85.15707, 27.86461], [85.15677, 27.86523], [85.15664, 27.86576], [85.15649, 27.86605], [85.15634, 27.86614], [85.15612, 27.86616], [85.15584, 27.86612], [85.15503, 27.86597], [85.15464, 27.86577], [85.15429, 27.86565], [85.15398, 27.86559], [85.15383, 27.8657], [85.15376, 27.86594], [85.15375, 27.86653], [85.15364, 27.86677], [85.15332, 27.86706], [85.15295, 27.86724], [85.15253, 27.86727], [85.15194, 27.86729], [85.1517, 27.86737], [85.15153, 27.86756], [85.15127, 27.86785], [85.15108, 27.86797], [85.15087, 27.86796], [85.15057, 27.86806], [85.1502, 27.8683], [85.14993, 27.86866], [85.14985, 27.86905], [85.14994, 27.86939], [85.14999, 27.86986], [85.14988, 27.87025], [85.14934, 27.87046], [85.14892, 27.87042], [85.14859, 27.87053], [85.14841, 27.87096], [85.14855, 27.87165], [85.14852, 27.87222], [85.14827, 27.87266], [85.14802, 27.87282], [85.14795, 27.87293], [85.14791, 27.87309], [85.14789, 27.87329], [85.14795, 27.87356], [85.14797, 27.87366], [85.14839, 27.87451], [85.14868, 27.87489], [85.14876, 27.87504], [85.14879, 27.87549]]}}, {"type": "Feature", "properties": {"frac": null, "observed": false, "ext": true, "wid": "n238"}, "geometry": {"type": "LineString", "coordinates": [[85.35548, 27.99723], [85.3555, 27.99689], [85.3556, 27.99524], [85.35631, 27.99373], [85.35627, 27.99158], [85.35528, 27.98921], [85.35391, 27.98719]]}}, {"type": "Feature", "properties": {"frac": null, "observed": false, "ext": true, "wid": "n239"}, "geometry": {"type": "LineString", "coordinates": [[85.35391, 27.98719], [85.35386, 27.98661], [85.35375, 27.9863], [85.35397, 27.98607], [85.35425, 27.98575], [85.35415, 27.98565], [85.35445, 27.98549], [85.35449, 27.98495], [85.35445, 27.98398], [85.35404, 27.9831], [85.35402, 27.98214], [85.35318, 27.97933], [85.35227, 27.97774], [85.35249, 27.97566], [85.35208, 27.9751], [85.35101, 27.97364], [85.34991, 27.97203], [85.34968, 27.97142], [85.34961, 27.97131], [85.34782, 27.96851]]}}, {"type": "Feature", "properties": {"frac": null, "observed": false, "ext": true, "wid": "n240"}, "geometry": {"type": "LineString", "coordinates": [[85.34782, 27.96851], [85.34755, 27.96754], [85.34696, 27.96638], [85.34615, 27.96573], [85.34569, 27.96556], [85.34523, 27.96509], [85.34474, 27.96494], [85.34472, 27.96466], [85.34425, 27.96418], [85.34415, 27.96367], [85.34374, 27.96331], [85.34366, 27.96296], [85.34314, 27.9624], [85.34106, 27.96183], [85.34024, 27.96211], [85.33994, 27.96215], [85.33933, 27.96178], [85.3376, 27.96139], [85.33705, 27.96163], [85.33675, 27.96162], [85.33514, 27.96129]]}}, {"type": "Feature", "properties": {"frac": 0.0281, "observed": true, "ext": true, "wid": "n241"}, "geometry": {"type": "LineString", "coordinates": [[85.33514, 27.96129], [85.33276, 27.96138], [85.33266, 27.96133], [85.33206, 27.96108], [85.33065, 27.96084], [85.33052, 27.96082], [85.3303, 27.95964], [85.32961, 27.95887], [85.32819, 27.95851], [85.32789, 27.95845], [85.3277, 27.95834], [85.32748, 27.9583], [85.32727, 27.95826], [85.32714, 27.95824], [85.32688, 27.95809], [85.32671, 27.95796], [85.32658, 27.95789], [85.32635, 27.95772], [85.32612, 27.95767], [85.32591, 27.95768], [85.3257, 27.95768], [85.32534, 27.95767], [85.32497, 27.95767], [85.3247, 27.95772], [85.32428, 27.9578], [85.3237, 27.95776], [85.32331, 27.95779], [85.32281, 27.95785], [85.32222, 27.95794], [85.32176, 27.95801], [85.32133, 27.95809], [85.32078, 27.958], [85.32052, 27.95808], [85.32028, 27.95826], [85.3201, 27.95846], [85.31984, 27.95879], [85.31948, 27.95907], [85.31893, 27.95906], [85.31865, 27.95902], [85.31821, 27.95887], [85.3176, 27.95817], [85.31734, 27.95791], [85.31702, 27.95763], [85.31697, 27.95736], [85.31679, 27.95733], [85.31637, 27.95748], [85.31609, 27.95748], [85.31585, 27.95753], [85.31568, 27.95767]]}}, {"type": "Feature", "properties": {"frac": 0.0099, "observed": true, "ext": true, "wid": "n132"}, "geometry": {"type": "LineString", "coordinates": [[85.31568, 27.95767], [85.31545, 27.95777], [85.31528, 27.95778], [85.31511, 27.95771], [85.31488, 27.95776], [85.3147, 27.95778], [85.31451, 27.95792], [85.31434, 27.95802], [85.31421, 27.9581], [85.31416, 27.95815], [85.31377, 27.95821], [85.31366, 27.95816], [85.31343, 27.95771], [85.31335, 27.95716], [85.31333, 27.95663], [85.31347, 27.95625], [85.31347, 27.95604], [85.31329, 27.95575], [85.31313, 27.95556], [85.31289, 27.95552], [85.31255, 27.95553], [85.3123, 27.95557], [85.31208, 27.95558], [85.31173, 27.95567], [85.31162, 27.95568], [85.31136, 27.95556], [85.3111, 27.95526], [85.31102, 27.95501], [85.31089, 27.95484], [85.31074, 27.95475], [85.31064, 27.95449], [85.31052, 27.95428], [85.31043, 27.95427], [85.31018, 27.95425], [85.30995, 27.95425], [85.30971, 27.9543], [85.30945, 27.95438], [85.3093, 27.95438], [85.30889, 27.95447], [85.30862, 27.95468], [85.30834, 27.95477], [85.3082, 27.95482], [85.30804, 27.95484], [85.30797, 27.95483], [85.30783, 27.9548], [85.30774, 27.95466], [85.30773, 27.9545], [85.30774, 27.95407], [85.30784, 27.95383]]}}, {"type": "Feature", "properties": {"frac": 0.0031, "observed": true, "ext": true, "wid": "n067"}, "geometry": {"type": "LineString", "coordinates": [[85.28532, 27.86806], [85.28522, 27.86847], [85.2849, 27.86894], [85.28459, 27.86918], [85.28404, 27.86937], [85.28358, 27.86936]]}}, {"type": "Feature", "properties": {"frac": 0.0031, "observed": true, "ext": true, "wid": "n067"}, "geometry": {"type": "LineString", "coordinates": [[85.26724, 27.8802], [85.26684, 27.88004], [85.26631, 27.87989], [85.26589, 27.87982], [85.26519, 27.87968], [85.26472, 27.87972], [85.26426, 27.87995], [85.26382, 27.88008]]}}, {"type": "Feature", "properties": {"frac": 0.0015, "observed": true, "ext": true, "wid": "n206"}, "geometry": {"type": "LineString", "coordinates": [[85.28892, 27.91545], [85.28815, 27.91644], [85.28521, 27.91754], [85.28339, 27.91794], [85.28282, 27.91784], [85.28245, 27.91748], [85.28213, 27.91703], [85.28154, 27.91623], [85.28068, 27.91568], [85.27987, 27.91553], [85.27947, 27.91556], [85.27823, 27.91558], [85.27729, 27.91557], [85.27648, 27.91557], [85.27617, 27.91559], [85.27587, 27.91553], [85.27549, 27.91553], [85.275, 27.91543], [85.27477, 27.91533], [85.2745, 27.91531], [85.27432, 27.91527], [85.27418, 27.91522], [85.27408, 27.91514], [85.27363, 27.91487], [85.27316, 27.91466], [85.27249, 27.91468], [85.2718, 27.9147], [85.27154, 27.91467], [85.27133, 27.91455], [85.27118, 27.91445]]}}, {"type": "Feature", "properties": {"frac": 0.0015, "observed": true, "ext": true, "wid": "n206"}, "geometry": {"type": "LineString", "coordinates": [[85.27118, 27.91445], [85.27106, 27.91436], [85.27079, 27.91432], [85.27026, 27.91427], [85.26981, 27.91438], [85.26948, 27.91433], [85.26906, 27.91411], [85.26861, 27.91384], [85.2682, 27.91349], [85.26801, 27.91316], [85.2677, 27.91291]]}}, {"type": "Feature", "properties": {"frac": 0.0035, "observed": true, "ext": true, "wid": "n068"}, "geometry": {"type": "LineString", "coordinates": [[85.25086, 27.88866], [85.25056, 27.8888], [85.25029, 27.88902], [85.25013, 27.88924], [85.25013, 27.88949], [85.2501, 27.88968], [85.24995, 27.89012], [85.2499, 27.89046], [85.25011, 27.89088], [85.25027, 27.89111]]}}, {"type": "Feature", "properties": {"frac": 0.0035, "observed": true, "ext": true, "wid": "n068"}, "geometry": {"type": "LineString", "coordinates": [[85.24201, 27.89276], [85.24139, 27.89301], [85.24086, 27.89304], [85.24043, 27.8928], [85.23986, 27.89261], [85.23946, 27.89221], [85.23859, 27.89209]]}}, {"type": "Feature", "properties": {"frac": 0.002, "observed": true, "ext": true, "wid": "n242"}, "geometry": {"type": "LineString", "coordinates": [[85.23289, 27.89553], [85.23254, 27.89551], [85.23232, 27.89556], [85.23169, 27.89588], [85.23142, 27.89602], [85.23098, 27.896], [85.23073, 27.89593], [85.2304, 27.89583], [85.22831, 27.89562], [85.22737, 27.89532], [85.22652, 27.89552], [85.22562, 27.89583], [85.22527, 27.89603], [85.22489, 27.89623], [85.22445, 27.89642], [85.2238, 27.8965], [85.223, 27.89637]]}}, {"type": "Feature", "properties": {"frac": 0.0012, "observed": true, "ext": true, "wid": "n215"}, "geometry": {"type": "LineString", "coordinates": [[85.223, 27.89637], [85.2223, 27.89628], [85.222, 27.89628], [85.22177, 27.89645], [85.22109, 27.89733], [85.22086, 27.8976], [85.22068, 27.89768], [85.22038, 27.89773], [85.22009, 27.89773], [85.21993, 27.89765], [85.21962, 27.89746], [85.219, 27.89718], [85.21835, 27.8972]]}}, {"type": "Feature", "properties": {"frac": 0.0035, "observed": true, "ext": true, "wid": "n068"}, "geometry": {"type": "LineString", "coordinates": [[85.24755, 27.89302], [85.2462, 27.8932], [85.24467, 27.89359], [85.24382, 27.89356], [85.24321, 27.8932], [85.24201, 27.89276], [85.24152, 27.89245], [85.24043, 27.89189], [85.23939, 27.89172], [85.23883, 27.89196], [85.23859, 27.89209], [85.23774, 27.89231], [85.23714, 27.89228], [85.23634, 27.89224], [85.23549, 27.89226]]}}, {"type": "Feature", "properties": {"frac": 0.002, "observed": true, "ext": true, "wid": "n242"}, "geometry": {"type": "LineString", "coordinates": [[85.23549, 27.89226], [85.2351, 27.89288], [85.23445, 27.89345], [85.23384, 27.89407], [85.23356, 27.89434], [85.23347, 27.89453], [85.23355, 27.89521], [85.23331, 27.89553], [85.23289, 27.89553]]}}, {"type": "Feature", "properties": {"frac": 0.0012, "observed": true, "ext": true, "wid": "n215"}, "geometry": {"type": "LineString", "coordinates": [[85.21472, 27.89824], [85.21413, 27.89866], [85.21357, 27.89896], [85.21317, 27.89918], [85.21264, 27.89946], [85.21203, 27.89982], [85.21157, 27.90004], [85.21093, 27.90018], [85.21043, 27.90011], [85.21, 27.89985], [85.20967, 27.89929], [85.20907, 27.89886], [85.20858, 27.89872], [85.20801, 27.89863]]}}, {"type": "Feature", "properties": {"frac": 0.002, "observed": true, "ext": true, "wid": "n242"}, "geometry": {"type": "LineString", "coordinates": [[85.2356, 27.90475], [85.23473, 27.90543], [85.23389, 27.90568], [85.2331, 27.90569], [85.23223, 27.90552], [85.23144, 27.90525], [85.23115, 27.90469]]}}, {"type": "Feature", "properties": {"frac": 0.0015, "observed": true, "ext": true, "wid": "n206"}, "geometry": {"type": "LineString", "coordinates": [[85.2677, 27.91291], [85.26625, 27.91201], [85.26573, 27.91149], [85.26508, 27.91108], [85.26352, 27.91018], [85.26176, 27.90942]]}}, {"type": "Feature", "properties": {"frac": 0.002, "observed": true, "ext": true, "wid": "n242"}, "geometry": {"type": "LineString", "coordinates": [[85.24917, 27.90967], [85.24898, 27.90965], [85.24894, 27.90965], [85.2485, 27.90958], [85.24797, 27.90939], [85.24759, 27.90925], [85.24681, 27.90863], [85.24678, 27.90861], [85.24676, 27.9086], [85.24656, 27.90844], [85.2455, 27.90632], [85.24259, 27.90519], [85.24164, 27.90531], [85.24094, 27.90542], [85.24039, 27.90531], [85.23988, 27.90528], [85.23932, 27.9053], [85.23794, 27.90497], [85.2356, 27.90475], [85.23508, 27.90441], [85.233, 27.90443], [85.2321, 27.90464], [85.23158, 27.90495], [85.23115, 27.90469], [85.23069, 27.90456], [85.23029, 27.90463], [85.22968, 27.90474], [85.2291, 27.90478], [85.22827, 27.90468], [85.22776, 27.90469], [85.22737, 27.90445], [85.22672, 27.90398], [85.22596, 27.90375], [85.22493, 27.9031], [85.2247, 27.90281], [85.22448, 27.90259], [85.22439, 27.90233], [85.22435, 27.90174], [85.22408, 27.90104], [85.22348, 27.90045], [85.223, 27.90011], [85.22228, 27.89958]]}}, {"type": "Feature", "properties": {"frac": 0.0012, "observed": true, "ext": true, "wid": "n215"}, "geometry": {"type": "LineString", "coordinates": [[85.22228, 27.89958], [85.22149, 27.89921], [85.22058, 27.89882], [85.21912, 27.89846], [85.21714, 27.89807], [85.21607, 27.89785], [85.2155, 27.89787], [85.2154, 27.89788], [85.21472, 27.89824]]}}, {"type": "Feature", "properties": {"frac": 0.002, "observed": true, "ext": true, "wid": "n242"}, "geometry": {"type": "LineString", "coordinates": [[85.23331, 27.89553], [85.23314, 27.89566], [85.23262, 27.8959], [85.23237, 27.89595], [85.23192, 27.8961], [85.2315, 27.89622], [85.23123, 27.89622], [85.23073, 27.89593]]}}, {"type": "Feature", "properties": {"frac": 0.0035, "observed": true, "ext": true, "wid": "n068"}, "geometry": {"type": "LineString", "coordinates": [[85.24086, 27.89304], [85.24028, 27.89302], [85.24001, 27.89313], [85.23931, 27.89315], [85.23887, 27.89299], [85.23809, 27.89272], [85.23742, 27.89259], [85.23707, 27.89254], [85.23627, 27.89266], [85.23568, 27.89284]]}}, {"type": "Feature", "properties": {"frac": 0.002, "observed": true, "ext": true, "wid": "n242"}, "geometry": {"type": "LineString", "coordinates": [[85.23568, 27.89284], [85.23518, 27.8931], [85.23504, 27.89346], [85.23487, 27.89417], [85.23451, 27.89457], [85.23396, 27.89496], [85.23355, 27.89521]]}}, {"type": "Feature", "properties": {"frac": 0.0269, "observed": true, "ext": true, "wid": "n243"}, "geometry": {"type": "LineString", "coordinates": [[85.17805, 27.79422], [85.17847, 27.79364], [85.17876, 27.79357], [85.17885, 27.79351], [85.17888, 27.79345], [85.17886, 27.79324], [85.17895, 27.79302], [85.179, 27.79293], [85.17898, 27.79276], [85.17904, 27.79262], [85.17913, 27.7925], [85.17949, 27.79217], [85.17948, 27.79197], [85.17933, 27.79173], [85.17913, 27.79155], [85.17905, 27.79115], [85.17906, 27.79081], [85.17901, 27.79069], [85.1788, 27.79051], [85.17872, 27.79042], [85.17875, 27.7903], [85.1788, 27.79019], [85.17933, 27.78963], [85.17952, 27.78949], [85.17968, 27.78946], [85.17993, 27.78949], [85.18005, 27.78945], [85.18013, 27.78939], [85.18019, 27.78931], [85.18017, 27.78917], [85.18018, 27.78904], [85.18038, 27.78879], [85.1804, 27.78845], [85.18026, 27.78825], [85.1801, 27.78789], [85.18003, 27.78729], [85.17998, 27.78708], [85.17989, 27.787], [85.17955, 27.78686], [85.17945, 27.78677], [85.17938, 27.78662], [85.17931, 27.7863], [85.17934, 27.7859], [85.17963, 27.78518], [85.17974, 27.7849], [85.18033, 27.78462], [85.18046, 27.78447], [85.18048, 27.78435], [85.18032, 27.78391], [85.18029, 27.7837], [85.18036, 27.7835], [85.18097, 27.78273], [85.18101, 27.78263], [85.18097, 27.78248], [85.18062, 27.78218], [85.18056, 27.78204], [85.18066, 27.78161], [85.18065, 27.7814], [85.18051, 27.78111], [85.17983, 27.78059]]}}, {"type": "Feature", "properties": {"frac": 0.03, "observed": true, "ext": true, "wid": "n038"}, "geometry": {"type": "LineString", "coordinates": [[85.17983, 27.78059], [85.17937, 27.78041], [85.17925, 27.78002], [85.1795, 27.77941], [85.17945, 27.77914], [85.17919, 27.77883], [85.1791, 27.77845], [85.17909, 27.7784], [85.17901, 27.77817], [85.17889, 27.77797], [85.17881, 27.77783], [85.17872, 27.77761], [85.17861, 27.77744], [85.17858, 27.77727], [85.17859, 27.77717], [85.17862, 27.7771], [85.17872, 27.77684], [85.17879, 27.77664], [85.17881, 27.77653], [85.17877, 27.7764], [85.17867, 27.77628], [85.17851, 27.77624], [85.17844, 27.77626], [85.17831, 27.77629], [85.17826, 27.77631], [85.17812, 27.77639], [85.17801, 27.77646], [85.1779, 27.77644], [85.17782, 27.7764], [85.17776, 27.77633], [85.17772, 27.77624], [85.17769, 27.77607], [85.17764, 27.77586], [85.17762, 27.77578], [85.17756, 27.77572], [85.1775, 27.77567], [85.17744, 27.77565], [85.17739, 27.77564], [85.17726, 27.77561], [85.17721, 27.77558], [85.17709, 27.7755], [85.17701, 27.77545], [85.17692, 27.77538], [85.17681, 27.7753], [85.17673, 27.77523], [85.17645, 27.77497], [85.17627, 27.77483], [85.17595, 27.77458], [85.17588, 27.77454], [85.17581, 27.77452], [85.17563, 27.77451], [85.17529, 27.77447], [85.17513, 27.77446], [85.17506, 27.77445], [85.17485, 27.77445], [85.17471, 27.77446], [85.17462, 27.77446], [85.17439, 27.7745], [85.17426, 27.77454], [85.17414, 27.7746], [85.17401, 27.77466], [85.17391, 27.7747], [85.17375, 27.77473], [85.17368, 27.77473], [85.17332, 27.77464], [85.1732, 27.77459], [85.17276, 27.77442], [85.1725, 27.77432], [85.17243, 27.7743], [85.17232, 27.77426], [85.17225, 27.77423], [85.17219, 27.77418], [85.17211, 27.77411], [85.17208, 27.77406], [85.17206, 27.77401], [85.17201, 27.77385], [85.17194, 27.77372], [85.17185, 27.77362], [85.17177, 27.77357], [85.17163, 27.77352], [85.17149, 27.77349], [85.17135, 27.77345], [85.17104, 27.77339], [85.17066, 27.77334], [85.17028, 27.77327], [85.16995, 27.77321], [85.16954, 27.77317], [85.16925, 27.77306], [85.16911, 27.77295], [85.16908, 27.77268], [85.16891, 27.77234], [85.16883, 27.77228], [85.16879, 27.77226], [85.16867, 27.77203], [85.16853, 27.77167], [85.16823, 27.77113], [85.16792, 27.77076], [85.16789, 27.77071], [85.16765, 27.77028], [85.16753, 27.77008], [85.16737, 27.76979], [85.16686, 27.76928], [85.16675, 27.76917], [85.16638, 27.76882], [85.16621, 27.76868], [85.16613, 27.76861], [85.16593, 27.76852], [85.16566, 27.76846], [85.16541, 27.76841], [85.16505, 27.76832], [85.165, 27.7683], [85.16475, 27.76813], [85.16465, 27.76803], [85.16455, 27.76793], [85.16449, 27.76779], [85.16443, 27.76763], [85.1645, 27.76649], [85.16446, 27.76619], [85.16448, 27.76583]]}}, {"type": "Feature", "properties": {"frac": 0.0111, "observed": true, "ext": true, "wid": "n244"}, "geometry": {"type": "LineString", "coordinates": [[85.24032, 27.79075], [85.24038, 27.79072], [85.24043, 27.79067], [85.24045, 27.79065], [85.24058, 27.79051], [85.24062, 27.79038], [85.24065, 27.79028], [85.24068, 27.79016], [85.24065, 27.78993], [85.24065, 27.78978], [85.24071, 27.7896], [85.24077, 27.78942], [85.24089, 27.78927], [85.24105, 27.78899], [85.24116, 27.78867], [85.24127, 27.78847], [85.24137, 27.78839], [85.24163, 27.7883], [85.24184, 27.78821], [85.24198, 27.78812], [85.2422, 27.788], [85.24232, 27.78785], [85.24245, 27.78779], [85.24262, 27.78773], [85.24283, 27.78769], [85.24303, 27.78744], [85.24318, 27.78731], [85.24332, 27.78715], [85.24344, 27.78703], [85.24347, 27.78692], [85.24362, 27.78683], [85.24366, 27.78668], [85.24371, 27.78656], [85.24375, 27.78647], [85.24385, 27.78636], [85.24401, 27.78622], [85.24418, 27.78613], [85.24431, 27.78613], [85.24448, 27.78616], [85.24458, 27.78622], [85.2448, 27.7862], [85.24501, 27.78607], [85.24507, 27.78588], [85.24521, 27.78576], [85.24538, 27.78576], [85.2456, 27.78579], [85.24568, 27.78587], [85.2458, 27.78587], [85.24593, 27.78585], [85.24603, 27.78579], [85.24613, 27.78579], [85.24636, 27.78572], [85.24655, 27.78566], [85.24665, 27.78565], [85.24673, 27.78569], [85.24687, 27.78556], [85.24713, 27.78549], [85.24732, 27.78542], [85.24735, 27.78529], [85.24732, 27.78513], [85.24736, 27.78501], [85.24754, 27.78494], [85.24765, 27.78496], [85.24773, 27.78501], [85.24783, 27.78516], [85.24791, 27.78518], [85.24798, 27.78516], [85.24805, 27.78503], [85.24817, 27.78487], [85.24832, 27.78471], [85.24834, 27.78464], [85.24825, 27.78451], [85.2482, 27.7843], [85.24819, 27.7841], [85.24817, 27.784], [85.24818, 27.78384], [85.24817, 27.78374], [85.24823, 27.78365], [85.24826, 27.78354], [85.24822, 27.78337], [85.24829, 27.78326], [85.24832, 27.78311], [85.24843, 27.78307], [85.24847, 27.78294], [85.24858, 27.78271], [85.24867, 27.78254], [85.24871, 27.78245], [85.24879, 27.78237], [85.24888, 27.78233]]}}, {"type": "Feature", "properties": {"frac": 0.0336, "observed": true, "ext": true, "wid": "n245"}, "geometry": {"type": "LineString", "coordinates": [[85.42376, 27.784], [85.42375, 27.7838], [85.42354, 27.78319], [85.42351, 27.78295], [85.42353, 27.78236], [85.42361, 27.78181], [85.42377, 27.78146], [85.42396, 27.7811], [85.424, 27.78096], [85.42401, 27.78077]]}}, {"type": "Feature", "properties": {"frac": 0.0336, "observed": true, "ext": true, "wid": "n245"}, "geometry": {"type": "LineString", "coordinates": [[85.42401, 27.78077], [85.42389, 27.7806], [85.42383, 27.78038], [85.42388, 27.7802], [85.42397, 27.78002], [85.42411, 27.77985], [85.42425, 27.77968], [85.4244, 27.77947], [85.42451, 27.77937], [85.42471, 27.77931], [85.42488, 27.77923], [85.42492, 27.77914], [85.42489, 27.77906], [85.42471, 27.77893], [85.42431, 27.77868], [85.42415, 27.77851], [85.42404, 27.77828], [85.42394, 27.77772], [85.42393, 27.77687], [85.42407, 27.77636], [85.42431, 27.77587], [85.42475, 27.77534]]}}, {"type": "Feature", "properties": {"frac": 0.0213, "observed": true, "ext": true, "wid": "n246"}, "geometry": {"type": "LineString", "coordinates": [[85.42475, 27.77534], [85.42513, 27.77496], [85.42534, 27.77468], [85.42552, 27.77429], [85.42572, 27.77396], [85.42595, 27.77367], [85.42601, 27.7735], [85.42602, 27.77338], [85.42593, 27.77325], [85.42577, 27.77305], [85.42571, 27.77289], [85.42576, 27.77275], [85.42591, 27.77264], [85.4262, 27.77247], [85.42625, 27.77237], [85.42627, 27.77227], [85.42621, 27.77216], [85.42589, 27.77184], [85.42583, 27.77169], [85.42584, 27.77159], [85.42592, 27.77154], [85.42605, 27.77154], [85.42626, 27.77163], [85.42649, 27.77173], [85.42667, 27.77175], [85.4269, 27.77168], [85.42719, 27.77153], [85.42732, 27.77134], [85.4273, 27.77116], [85.42724, 27.77093], [85.42708, 27.77073], [85.42674, 27.77046], [85.42647, 27.77027], [85.42623, 27.77007], [85.42591, 27.76981], [85.42571, 27.76962], [85.42546, 27.76936], [85.42517, 27.76902], [85.42487, 27.76857], [85.42451, 27.76817], [85.42428, 27.76796], [85.42412, 27.76775], [85.42403, 27.76749], [85.42402, 27.76717], [85.42405, 27.7667], [85.42405, 27.76617], [85.42413, 27.76578], [85.42417, 27.7652], [85.42407, 27.76463], [85.42403, 27.7644], [85.42401, 27.76422], [85.42407, 27.76361], [85.42404, 27.76335], [85.42393, 27.7631], [85.42335, 27.76247], [85.4228, 27.76189], [85.42204, 27.76116], [85.42166, 27.76074], [85.42148, 27.76035], [85.42143, 27.75965], [85.42148, 27.75905], [85.42149, 27.75869], [85.42135, 27.75845], [85.42104, 27.75818], [85.42077, 27.75797], [85.42063, 27.75777], [85.42049, 27.75734], [85.42046, 27.75698], [85.42047, 27.75672], [85.42053, 27.75646], [85.42065, 27.75623], [85.42088, 27.75598], [85.42109, 27.75575], [85.42133, 27.75548], [85.42154, 27.75526], [85.42164, 27.75516], [85.42169, 27.75498], [85.42164, 27.75476], [85.42157, 27.75454], [85.42156, 27.75428]]}}, {"type": "Feature", "properties": {"frac": 0.0019, "observed": true, "ext": true, "wid": "n247"}, "geometry": {"type": "LineString", "coordinates": [[85.42156, 27.75428], [85.42163, 27.75401], [85.42178, 27.75365], [85.42192, 27.7534], [85.42208, 27.75308], [85.42218, 27.75274], [85.42227, 27.7524], [85.42242, 27.75195], [85.42265, 27.75155], [85.42308, 27.75103], [85.42343, 27.75067], [85.42377, 27.75038]]}}, {"type": "Feature", "properties": {"frac": 0.0064, "observed": true, "ext": true, "wid": "n035"}, "geometry": {"type": "LineString", "coordinates": [[85.42377, 27.75038], [85.42408, 27.75013], [85.42418, 27.74999], [85.42421, 27.74985], [85.42414, 27.74967], [85.42396, 27.74953]]}}, {"type": "Feature", "properties": {"frac": 0.0019, "observed": true, "ext": true, "wid": "n247"}, "geometry": {"type": "LineString", "coordinates": [[85.42396, 27.74953], [85.42361, 27.74938], [85.42321, 27.74917], [85.42278, 27.74879], [85.42255, 27.74856], [85.42239, 27.74833], [85.42225, 27.74805], [85.4221, 27.74782], [85.42186, 27.7476], [85.42166, 27.74747], [85.42141, 27.74744], [85.42114, 27.74748], [85.42091, 27.74761], [85.42074, 27.74782], [85.42064, 27.74806], [85.42065, 27.74839], [85.42073, 27.74875], [85.42076, 27.74889], [85.42073, 27.749], [85.42062, 27.74906], [85.42034, 27.74907], [85.42003, 27.74902], [85.41978, 27.74892], [85.41956, 27.74879], [85.41944, 27.74863], [85.41934, 27.74837], [85.41937, 27.74791], [85.41949, 27.74696], [85.41952, 27.74643], [85.41949, 27.74595], [85.41938, 27.74562], [85.41916, 27.74531], [85.41897, 27.74507], [85.41873, 27.74491], [85.41856, 27.74487], [85.41835, 27.74486], [85.41814, 27.74488], [85.41795, 27.74493], [85.41777, 27.74501], [85.41757, 27.74519], [85.41742, 27.74535], [85.41708, 27.74591], [85.41694, 27.74608], [85.41674, 27.74623], [85.4166, 27.74628], [85.41642, 27.74632], [85.41629, 27.7463], [85.41617, 27.74625], [85.41603, 27.74615], [85.41594, 27.74605], [85.41587, 27.74594], [85.41586, 27.74582], [85.41586, 27.74566], [85.41593, 27.7455], [85.41604, 27.74537], [85.41619, 27.74522], [85.41628, 27.74511], [85.41631, 27.745], [85.41633, 27.74488], [85.41632, 27.74475], [85.41624, 27.74461], [85.41614, 27.74449], [85.41598, 27.7444], [85.41581, 27.74431], [85.41567, 27.74419], [85.41556, 27.74402], [85.41549, 27.74378], [85.41548, 27.74358], [85.41557, 27.74336], [85.41581, 27.74308], [85.41585, 27.74291], [85.41584, 27.74278], [85.41575, 27.74266], [85.41556, 27.74262], [85.41525, 27.74263], [85.41491, 27.74258], [85.41469, 27.74247], [85.41432, 27.74213], [85.4141, 27.74195], [85.41366, 27.74171], [85.4132, 27.74155], [85.41287, 27.74148], [85.4126, 27.74147], [85.4124, 27.74143], [85.41226, 27.74131], [85.41219, 27.74105], [85.41209, 27.74053], [85.41204, 27.74026], [85.41202, 27.7401], [85.41202, 27.73992], [85.41204, 27.73964], [85.41201, 27.73939], [85.41201, 27.73924], [85.41208, 27.73896], [85.41209, 27.73882], [85.41211, 27.73867], [85.41215, 27.73852], [85.41225, 27.7383], [85.41227, 27.73822], [85.41226, 27.73815], [85.41222, 27.73808], [85.41206, 27.73798], [85.41196, 27.73793], [85.41178, 27.7379], [85.41162, 27.73789], [85.41146, 27.73791], [85.41136, 27.73796], [85.41125, 27.73805], [85.41111, 27.73827], [85.41108, 27.73839], [85.41107, 27.73851], [85.41101, 27.73858], [85.4109, 27.73867], [85.41068, 27.73874], [85.41038, 27.73876], [85.41006, 27.73866], [85.40972, 27.73846], [85.40943, 27.73819], [85.40932, 27.73799], [85.40928, 27.73779], [85.40934, 27.73757], [85.40946, 27.73732], [85.4098, 27.73698], [85.40996, 27.73677], [85.41001, 27.7366], [85.40999, 27.73634], [85.40993, 27.73619], [85.40978, 27.73608], [85.40953, 27.736], [85.40918, 27.73597], [85.40887, 27.73598], [85.40849, 27.73611], [85.40812, 27.73632], [85.4079, 27.73642], [85.40767, 27.73641]]}}, {"type": "Feature", "properties": {"frac": 0.0059, "observed": true, "ext": true, "wid": "n248"}, "geometry": {"type": "LineString", "coordinates": [[85.40767, 27.73641], [85.40738, 27.73631], [85.40706, 27.73618], [85.40688, 27.73609], [85.4067, 27.73605], [85.40661, 27.73606], [85.40653, 27.7361], [85.40645, 27.73618], [85.40636, 27.73638], [85.40622, 27.7368], [85.40616, 27.73697], [85.40616, 27.73716], [85.406, 27.73743], [85.40585, 27.73769], [85.40565, 27.73799], [85.40555, 27.7381], [85.40539, 27.73814], [85.40522, 27.73813], [85.40504, 27.73806], [85.40497, 27.73793], [85.40491, 27.73773], [85.40492, 27.7375], [85.40491, 27.73733], [85.40486, 27.73718], [85.40482, 27.73705], [85.40454, 27.73664], [85.40446, 27.73644], [85.40448, 27.73629], [85.40462, 27.73612], [85.40497, 27.73592], [85.40518, 27.7358], [85.40538, 27.73561], [85.40541, 27.73546], [85.40534, 27.73529], [85.40517, 27.73512], [85.40493, 27.73501], [85.40443, 27.73487], [85.40349, 27.73472], [85.40306, 27.73461], [85.40278, 27.73446], [85.40259, 27.73426], [85.4023, 27.73403], [85.40193, 27.73391], [85.40154, 27.73392], [85.40125, 27.73401], [85.4009, 27.73426], [85.40067, 27.73448], [85.40037, 27.73468], [85.40023, 27.73483], [85.40017, 27.73502], [85.40021, 27.73521], [85.40044, 27.73565], [85.40048, 27.7358], [85.40045, 27.73597], [85.40028, 27.73615], [85.40005, 27.73624], [85.39983, 27.73624], [85.39963, 27.73621], [85.39942, 27.73605], [85.39931, 27.73584], [85.39922, 27.7355], [85.399, 27.73512], [85.39875, 27.73486], [85.39842, 27.73464], [85.39806, 27.73456], [85.39776, 27.73452], [85.3975, 27.73441], [85.39737, 27.73422], [85.39724, 27.73387], [85.39709, 27.73359], [85.39685, 27.73343], [85.39661, 27.73339], [85.39637, 27.73345], [85.39616, 27.73358], [85.39602, 27.73382], [85.39599, 27.73415], [85.39603, 27.73445], [85.3961, 27.73472], [85.3962, 27.73491], [85.39634, 27.73498], [85.39654, 27.73502], [85.39674, 27.73506], [85.39685, 27.73513], [85.39689, 27.73523], [85.39688, 27.73536], [85.39678, 27.73554], [85.39643, 27.73614], [85.3963, 27.73639], [85.39612, 27.73676], [85.39602, 27.73703], [85.39582, 27.73718], [85.39559, 27.73734], [85.39548, 27.73741], [85.39544, 27.73745], [85.39543, 27.73766], [85.39542, 27.73801], [85.39542, 27.73818], [85.39546, 27.73841], [85.39548, 27.73858], [85.39546, 27.73869], [85.39541, 27.73884], [85.3954, 27.73891], [85.39537, 27.73894], [85.39532, 27.73896], [85.39524, 27.73896], [85.39515, 27.73895], [85.39507, 27.73893], [85.39498, 27.73889], [85.39492, 27.73885], [85.39482, 27.73883], [85.39457, 27.7388], [85.39447, 27.73878], [85.39426, 27.73871], [85.3941, 27.73863], [85.39399, 27.73856], [85.39388, 27.73843], [85.39383, 27.73837], [85.39378, 27.73829], [85.39375, 27.73811], [85.39373, 27.73803], [85.39368, 27.73793], [85.39363, 27.73787], [85.39353, 27.73779], [85.39338, 27.73774], [85.39308, 27.73773], [85.39278, 27.73775], [85.39269, 27.73774], [85.39261, 27.73774], [85.39242, 27.73777], [85.39227, 27.7378], [85.39196, 27.73791], [85.39188, 27.73795], [85.39161, 27.73803], [85.39139, 27.73822], [85.3912, 27.73851], [85.39096, 27.73885], [85.39077, 27.73914], [85.39053, 27.7394], [85.39023, 27.73962], [85.39006, 27.73973], [85.38989, 27.73977], [85.38966, 27.73978], [85.38935, 27.73971], [85.38923, 27.73968], [85.38859, 27.73939], [85.38849, 27.73936], [85.38835, 27.73931], [85.38829, 27.73932], [85.38821, 27.73932], [85.38813, 27.7393], [85.38804, 27.73927], [85.38797, 27.73923], [85.38779, 27.73908], [85.38749, 27.73861], [85.3872, 27.73824], [85.38681, 27.73797], [85.38672, 27.73786], [85.38662, 27.73774], [85.38649, 27.73724], [85.38635, 27.73677], [85.38622, 27.73645], [85.38616, 27.73614], [85.38613, 27.73584], [85.38612, 27.73578], [85.3861, 27.73561], [85.3861, 27.73539], [85.3861, 27.73531], [85.3861, 27.73527], [85.3861, 27.73524], [85.38608, 27.73521], [85.38606, 27.7352], [85.38601, 27.73515], [85.386, 27.73513], [85.38599, 27.7351], [85.38593, 27.73486], [85.38592, 27.73478], [85.38593, 27.73473], [85.38594, 27.73469], [85.38596, 27.73467], [85.38597, 27.73464], [85.38595, 27.7345], [85.38593, 27.73448], [85.38591, 27.73446], [85.38587, 27.73443], [85.38586, 27.73442], [85.38586, 27.73438], [85.3858, 27.73392], [85.3857, 27.73327], [85.38565, 27.73298], [85.38557, 27.73282], [85.3854, 27.73255], [85.38529, 27.73245], [85.38519, 27.73236], [85.38513, 27.73227], [85.38503, 27.73213], [85.38494, 27.73197], [85.38488, 27.73185], [85.38483, 27.73168], [85.38482, 27.73149], [85.38465, 27.73099], [85.38443, 27.73031], [85.38436, 27.73004], [85.38432, 27.72974], [85.38431, 27.72923], [85.3843, 27.72891]]}}, {"type": "Feature", "properties": {"frac": 0.0029, "observed": true, "ext": true, "wid": "n249"}, "geometry": {"type": "LineString", "coordinates": [[85.3843, 27.72891], [85.38417, 27.72833], [85.38408, 27.72806], [85.38393, 27.72775], [85.38382, 27.72751], [85.38376, 27.72735], [85.3837, 27.72717], [85.38365, 27.72688], [85.38364, 27.72678], [85.3836, 27.72663], [85.38358, 27.72655], [85.38352, 27.72627], [85.38351, 27.726], [85.38351, 27.72592], [85.38352, 27.72583], [85.3835, 27.72569], [85.38348, 27.7256], [85.38345, 27.72555], [85.38343, 27.72553], [85.3834, 27.72551], [85.38337, 27.72549], [85.38331, 27.72543], [85.38326, 27.72523], [85.38321, 27.7251], [85.38316, 27.72499], [85.38307, 27.72486], [85.38292, 27.72445], [85.38288, 27.7243], [85.38286, 27.72411], [85.38287, 27.72388], [85.38289, 27.72329], [85.38287, 27.72309], [85.38284, 27.72295], [85.38279, 27.7228], [85.38272, 27.72267], [85.38253, 27.72229], [85.38248, 27.72209], [85.38241, 27.72155], [85.38237, 27.72116], [85.38237, 27.72076], [85.38239, 27.72022], [85.38237, 27.72014], [85.38234, 27.72005], [85.38233, 27.71976], [85.38226, 27.71929], [85.38221, 27.71913], [85.38215, 27.71898], [85.38198, 27.71867], [85.3819, 27.71853], [85.38176, 27.71837], [85.38163, 27.71822], [85.3815, 27.71808], [85.38133, 27.71794], [85.38085, 27.71753], [85.38058, 27.71734], [85.38043, 27.71723], [85.38022, 27.71707], [85.38012, 27.71695], [85.38003, 27.71689], [85.3799, 27.71684], [85.37966, 27.71681], [85.37936, 27.71681], [85.37927, 27.71679], [85.37922, 27.71677], [85.37917, 27.71673], [85.37914, 27.71667], [85.37908, 27.71652], [85.37896, 27.71632], [85.3789, 27.71627], [85.3787, 27.71613], [85.37862, 27.7161], [85.37853, 27.71609], [85.37842, 27.71611], [85.37831, 27.71615], [85.37825, 27.71621], [85.37818, 27.71631], [85.3781, 27.71645], [85.37804, 27.71656], [85.3779, 27.71695], [85.37776, 27.71717], [85.3777, 27.71723], [85.37765, 27.71724], [85.37758, 27.71725], [85.37754, 27.71724], [85.37747, 27.71723], [85.37737, 27.7172], [85.37723, 27.71715], [85.37688, 27.71705], [85.37658, 27.71696], [85.37626, 27.71691], [85.37573, 27.71685], [85.37564, 27.71687], [85.37556, 27.71687], [85.3755, 27.71688], [85.37542, 27.71689], [85.37535, 27.71689], [85.37527, 27.71688], [85.37503, 27.71678], [85.37493, 27.7167], [85.37487, 27.71664], [85.37483, 27.71657], [85.3748, 27.7164], [85.37476, 27.71612], [85.3747, 27.71581], [85.37464, 27.71564], [85.37456, 27.71548], [85.37442, 27.71529], [85.37429, 27.7151], [85.37423, 27.715], [85.37415, 27.71478], [85.37401, 27.71441], [85.37392, 27.71421], [85.37371, 27.71391], [85.37342, 27.7136], [85.37322, 27.71324], [85.37309, 27.71303], [85.37293, 27.71284], [85.37285, 27.7127], [85.37279, 27.71258], [85.37275, 27.71246], [85.37274, 27.71239], [85.37276, 27.71232], [85.37284, 27.71216], [85.37285, 27.71209], [85.37284, 27.71202], [85.37282, 27.71197], [85.37278, 27.71193], [85.37227, 27.71169], [85.37209, 27.71164], [85.37175, 27.71158], [85.37144, 27.71147], [85.37134, 27.71142], [85.37127, 27.71138], [85.37119, 27.71135], [85.37112, 27.71134], [85.37099, 27.71129], [85.37086, 27.71122], [85.37075, 27.71116], [85.37063, 27.71116], [85.37054, 27.7112], [85.37038, 27.71121], [85.36979, 27.71111], [85.36944, 27.71104], [85.36926, 27.71097], [85.36914, 27.71088], [85.3688, 27.71064], [85.36845, 27.71047], [85.36835, 27.71045], [85.36828, 27.71046], [85.36811, 27.71052], [85.36799, 27.71057], [85.3679, 27.71063], [85.36785, 27.71068], [85.36773, 27.71075], [85.36722, 27.71097], [85.36698, 27.71104], [85.36684, 27.7111], [85.36661, 27.71118], [85.36613, 27.71134], [85.36596, 27.71139], [85.36568, 27.71147], [85.36547, 27.71153], [85.3653, 27.71154], [85.36518, 27.71153], [85.36506, 27.71151], [85.36488, 27.71151], [85.36473, 27.71153], [85.36456, 27.71151], [85.36442, 27.71149]]}}, {"type": "Feature", "properties": {"frac": null, "observed": false, "ext": true, "wid": "n002"}, "geometry": {"type": "LineString", "coordinates": [[85.35198, 27.71236], [85.35186, 27.71239], [85.35174, 27.71242], [85.35136, 27.71253], [85.35119, 27.7126], [85.35112, 27.71264], [85.35108, 27.71268], [85.35105, 27.71271], [85.35101, 27.71274], [85.35091, 27.71279], [85.35068, 27.71296], [85.35028, 27.7131], [85.35005, 27.71311], [85.34988, 27.71307], [85.34969, 27.71293], [85.34953, 27.71278], [85.34946, 27.71257], [85.34941, 27.71234], [85.34944, 27.71214], [85.34949, 27.71198], [85.34955, 27.71189], [85.34973, 27.71176], [85.35002, 27.7116], [85.35013, 27.7115], [85.35021, 27.71135], [85.35021, 27.71126], [85.35016, 27.71119], [85.35007, 27.71114], [85.34993, 27.71108], [85.34964, 27.71099], [85.34954, 27.71094], [85.34928, 27.71062], [85.34903, 27.71022], [85.34883, 27.70999], [85.34869, 27.70975], [85.34861, 27.70958], [85.34855, 27.70943], [85.34849, 27.70925], [85.34846, 27.70909], [85.34844, 27.70892], [85.34844, 27.70881], [85.34846, 27.70866], [85.34851, 27.70849], [85.34851, 27.70827], [85.34852, 27.70805], [85.34853, 27.70791], [85.34857, 27.70763], [85.34881, 27.70701], [85.34888, 27.70677], [85.34895, 27.70656], [85.34907, 27.70629], [85.34913, 27.70616], [85.34927, 27.70581], [85.34934, 27.70563], [85.34947, 27.70534], [85.34966, 27.705], [85.34971, 27.70483], [85.34975, 27.70462], [85.34973, 27.70431], [85.3498, 27.70406], [85.34992, 27.70368], [85.35002, 27.70329], [85.35004, 27.70317], [85.35005, 27.70297], [85.35005, 27.7029], [85.35001, 27.70282], [85.34997, 27.7027], [85.34983, 27.70237], [85.34976, 27.70211], [85.34968, 27.70191], [85.34959, 27.70174], [85.34947, 27.7016], [85.34934, 27.70146], [85.34907, 27.70114], [85.34848, 27.70042], [85.34814, 27.70004], [85.34795, 27.69988], [85.34768, 27.6997], [85.34733, 27.69952]]}}, {"type": "Feature", "properties": {"frac": 0.0022, "observed": true, "ext": true, "wid": "n056"}, "geometry": {"type": "LineString", "coordinates": [[85.30997, 27.7388], [85.30985, 27.73861], [85.30967, 27.73838], [85.30924, 27.73793], [85.30898, 27.73768], [85.30864, 27.73739], [85.30825, 27.73708], [85.3078, 27.73676], [85.30762, 27.73658], [85.30741, 27.73629], [85.30733, 27.73615], [85.30726, 27.73597], [85.3072, 27.73578], [85.30717, 27.73564], [85.30716, 27.73548], [85.30715, 27.73508], [85.30715, 27.73477], [85.3071, 27.73453], [85.30702, 27.73406], [85.3069, 27.73378], [85.30679, 27.73354], [85.30664, 27.73307], [85.30658, 27.73271], [85.30651, 27.73222], [85.30657, 27.73164], [85.3067, 27.73123], [85.30676, 27.7309]]}}, {"type": "Feature", "properties": {"frac": 0.0019, "observed": true, "ext": true, "wid": "n250"}, "geometry": {"type": "LineString", "coordinates": [[85.30676, 27.7309], [85.30685, 27.73043], [85.30688, 27.73015], [85.30687, 27.72979], [85.30685, 27.72959], [85.30679, 27.72928], [85.30674, 27.72878], [85.30672, 27.7285], [85.30666, 27.72781], [85.30659, 27.72755], [85.30654, 27.72731], [85.30628, 27.72667], [85.30602, 27.72628], [85.30578, 27.72603], [85.3055, 27.72579], [85.30405, 27.72461], [85.3033, 27.72398], [85.30267, 27.72347], [85.30191, 27.72291], [85.30122, 27.72249], [85.30076, 27.72226], [85.30045, 27.72199], [85.30014, 27.72148], [85.29986, 27.72088], [85.29968, 27.72048], [85.2996, 27.72011], [85.29951, 27.71914], [85.29946, 27.71899], [85.29934, 27.71877], [85.29932, 27.71865], [85.2993, 27.71849], [85.29932, 27.71825], [85.29937, 27.71801], [85.29943, 27.7178], [85.29957, 27.7175], [85.29984, 27.71707], [85.30039, 27.71643], [85.30079, 27.71606], [85.3013, 27.71547], [85.30173, 27.71503], [85.30178, 27.71498], [85.30187, 27.71476], [85.30193, 27.71455], [85.30205, 27.71404], [85.3021, 27.71326], [85.30212, 27.71304], [85.3022, 27.71276], [85.3023, 27.7122], [85.30238, 27.71161], [85.30238, 27.71143]]}}, {"type": "Feature", "properties": {"frac": 0.0049, "observed": true, "ext": true, "wid": "n071"}, "geometry": {"type": "LineString", "coordinates": [[85.30238, 27.71143], [85.3024, 27.71118], [85.30243, 27.71094], [85.30255, 27.71023]]}}, {"type": "Feature", "properties": {"frac": 0.0049, "observed": true, "ext": true, "wid": "n071"}, "geometry": {"type": "LineString", "coordinates": [[85.30221, 27.70693], [85.3021, 27.70637], [85.30199, 27.70583], [85.30196, 27.70563], [85.30187, 27.70502], [85.30186, 27.70479], [85.30184, 27.70436], [85.30187, 27.70396], [85.30197, 27.7034], [85.30208, 27.70288], [85.30216, 27.7025], [85.30231, 27.70183], [85.30239, 27.70152], [85.30251, 27.70111], [85.30257, 27.70089], [85.30262, 27.70073], [85.30274, 27.70046], [85.30277, 27.70037], [85.3028, 27.70019]]}}, {"type": "Feature", "properties": {"frac": 0.0049, "observed": true, "ext": true, "wid": "n071"}, "geometry": {"type": "LineString", "coordinates": [[85.30233, 27.70724], [85.30226, 27.70708], [85.30221, 27.70693]]}}, {"type": "Feature", "properties": {"frac": 0.0049, "observed": true, "ext": true, "wid": "n071"}, "geometry": {"type": "LineString", "coordinates": [[85.30255, 27.71023], [85.30265, 27.70973], [85.3027, 27.70933], [85.30273, 27.70904], [85.30268, 27.70859], [85.30266, 27.70833], [85.30265, 27.70822], [85.30257, 27.70794], [85.30244, 27.70751], [85.30233, 27.70724]]}}, {"type": "Feature", "properties": {"frac": 0.022, "observed": true, "ext": false, "wid": "v005"}, "geometry": {"type": "LineString", "coordinates": [[85.34272, 28.18121], [85.34276, 28.18116]]}}, {"type": "Feature", "properties": {"frac": 0.022, "observed": true, "ext": false, "wid": "v005"}, "geometry": {"type": "LineString", "coordinates": [[85.34276, 28.18116], [85.34267, 28.18078], [85.34266, 28.18038]]}}, {"type": "Feature", "properties": {"frac": 0.0427, "observed": true, "ext": false, "wid": "v006"}, "geometry": {"type": "LineString", "coordinates": [[85.34266, 28.18038], [85.34267, 28.18017], [85.34264, 28.17993], [85.34273, 28.17936], [85.3428, 28.17893], [85.34276, 28.17858], [85.34288, 28.17823], [85.34299, 28.178], [85.34295, 28.17781], [85.34288, 28.1773], [85.34278, 28.17696], [85.34277, 28.17653], [85.3427, 28.17614], [85.34274, 28.17585], [85.34274, 28.17551], [85.34277, 28.17535], [85.34295, 28.17435], [85.343, 28.17397], [85.34293, 28.17381], [85.34291, 28.1735], [85.34281, 28.17314], [85.34268, 28.17283], [85.34271, 28.17265], [85.34269, 28.17244], [85.3427, 28.17212], [85.34269, 28.17133], [85.34267, 28.17097], [85.3428, 28.1706], [85.34274, 28.17037], [85.34276, 28.17012], [85.34271, 28.16992], [85.34266, 28.16971], [85.34257, 28.16931], [85.34243, 28.16833], [85.34243, 28.16815], [85.34242, 28.16777], [85.34244, 28.16758], [85.34249, 28.16744], [85.34257, 28.16728], [85.34267, 28.16715], [85.34279, 28.16699], [85.34284, 28.16669], [85.34288, 28.1666], [85.34289, 28.1665], [85.34289, 28.16638], [85.34285, 28.16613], [85.34269, 28.16577], [85.34257, 28.16558], [85.34219, 28.165], [85.34207, 28.16487], [85.34193, 28.16476], [85.3418, 28.16466], [85.34156, 28.16452], [85.34131, 28.16442]]}}, {"type": "Feature", "properties": {"frac": 0.0446, "observed": true, "ext": false, "wid": "v039"}, "geometry": {"type": "LineString", "coordinates": [[85.01609, 27.81001], [85.01563, 27.80996], [85.01531, 27.80999], [85.015, 27.81013], [85.01483, 27.81015], [85.01387, 27.80966], [85.01373, 27.80948], [85.01357, 27.80925]]}}, {"type": "Feature", "properties": {"frac": 0.0446, "observed": true, "ext": false, "wid": "v039"}, "geometry": {"type": "LineString", "coordinates": [[85.01621, 27.81004], [85.01609, 27.81001]]}}, {"type": "Feature", "properties": {"frac": 0.042, "observed": true, "ext": false, "wid": "v038"}, "geometry": {"type": "LineString", "coordinates": [[85.02684, 27.81602], [85.0268, 27.81577], [85.02676, 27.81553], [85.02671, 27.81538], [85.02665, 27.81526], [85.02657, 27.81511], [85.02644, 27.81503], [85.02621, 27.81498], [85.02525, 27.81484], [85.02515, 27.81479], [85.02513, 27.81472]]}}, {"type": "Feature", "properties": {"frac": 0.0446, "observed": true, "ext": false, "wid": "v039"}, "geometry": {"type": "LineString", "coordinates": [[85.02513, 27.81472], [85.02517, 27.81451], [85.02525, 27.81431], [85.02533, 27.81415], [85.02535, 27.81406], [85.02524, 27.81353], [85.02511, 27.81338], [85.02492, 27.81331], [85.02467, 27.81333], [85.02438, 27.81352], [85.02427, 27.81377], [85.02422, 27.81395], [85.02415, 27.8141], [85.02387, 27.8148], [85.02382, 27.81503], [85.02374, 27.81512], [85.02362, 27.81515], [85.0233, 27.81508], [85.02314, 27.815], [85.02298, 27.81488], [85.02272, 27.81475], [85.02255, 27.81466], [85.02234, 27.81449], [85.02201, 27.81414], [85.0215, 27.81393], [85.02125, 27.81394], [85.02116, 27.814], [85.02102, 27.81421], [85.02094, 27.81426], [85.02079, 27.81427], [85.02055, 27.81417], [85.02042, 27.81402], [85.02041, 27.81378], [85.0204, 27.81351], [85.02037, 27.81329], [85.02032, 27.81304], [85.0202, 27.81279], [85.02005, 27.81261], [85.0197, 27.8125], [85.01876, 27.81236], [85.01814, 27.81232], [85.01794, 27.81229], [85.01782, 27.8122], [85.01775, 27.81206], [85.01776, 27.81193], [85.01788, 27.81184], [85.01812, 27.81159], [85.01826, 27.81146], [85.01833, 27.81131], [85.0184, 27.81066], [85.01831, 27.81048], [85.01817, 27.81042], [85.01796, 27.81038], [85.01724, 27.81022], [85.01657, 27.8101], [85.01621, 27.81004]]}}, {"type": "Feature", "properties": {"frac": 0.042, "observed": true, "ext": false, "wid": "v038"}, "geometry": {"type": "LineString", "coordinates": [[85.02694, 27.81616], [85.02684, 27.81602]]}}, {"type": "Feature", "properties": {"frac": 0.0015, "observed": true, "ext": true, "wid": "n251"}, "geometry": {"type": "LineString", "coordinates": [[85.39045, 27.94533], [85.39054, 27.94492], [85.39075, 27.94434], [85.39078, 27.94365], [85.3907, 27.94314], [85.39053, 27.94285], [85.39005, 27.94258], [85.38987, 27.9422], [85.38993, 27.9419], [85.39001, 27.9415], [85.38988, 27.94132], [85.38938, 27.94108], [85.38907, 27.94074], [85.38891, 27.94037], [85.38897, 27.94006], [85.38929, 27.93969], [85.38947, 27.93931], [85.38944, 27.93907], [85.38945, 27.93844], [85.38942, 27.93797], [85.38934, 27.93768], [85.38914, 27.93758], [85.38877, 27.93718], [85.38894, 27.93656], [85.38892, 27.93597], [85.38863, 27.93541], [85.38845, 27.93492], [85.38838, 27.93436], [85.38805, 27.9341], [85.38778, 27.93385], [85.38762, 27.93345], [85.3875, 27.93297]]}}, {"type": "Feature", "properties": {"frac": 0.004, "observed": true, "ext": true, "wid": "n200"}, "geometry": {"type": "LineString", "coordinates": [[85.3875, 27.93297], [85.38756, 27.93234], [85.38698, 27.93194], [85.3867, 27.93147], [85.3863, 27.93092], [85.38613, 27.93041], [85.38615, 27.92979], [85.38609, 27.9293], [85.38602, 27.92897]]}}, {"type": "Feature", "properties": {"frac": 0.0032, "observed": true, "ext": true, "wid": "n229"}, "geometry": {"type": "LineString", "coordinates": [[85.40985, 27.91715], [85.40942, 27.91701], [85.40904, 27.91668], [85.40849, 27.91639], [85.40777, 27.91607], [85.4072, 27.9159], [85.40655, 27.91636], [85.40541, 27.91695], [85.40455, 27.91677], [85.40405, 27.91648], [85.40358, 27.9164], [85.40291, 27.91617], [85.4024, 27.91589], [85.40149, 27.91584], [85.4007, 27.91605], [85.40014, 27.9163], [85.39976, 27.9167], [85.39956, 27.91671]]}}, {"type": "Feature", "properties": {"frac": 0.0109, "observed": true, "ext": true, "wid": "n252"}, "geometry": {"type": "LineString", "coordinates": [[85.35776, 28.28609], [85.3584, 28.28579], [85.35896, 28.2856], [85.35994, 28.28558], [85.36086, 28.28566], [85.36129, 28.28578], [85.36153, 28.28573], [85.36169, 28.28559], [85.3618, 28.28534], [85.36193, 28.28524], [85.36223, 28.28521], [85.36248, 28.28528], [85.36282, 28.28542], [85.36327, 28.28546], [85.36372, 28.28543], [85.36415, 28.28547], [85.36458, 28.28561], [85.36501, 28.2858], [85.36534, 28.28581], [85.36587, 28.28568], [85.36644, 28.2858], [85.36724, 28.28597], [85.36778, 28.28597], [85.36838, 28.28577], [85.36873, 28.28576], [85.36919, 28.28563], [85.36958, 28.28557]]}}, {"type": "Feature", "properties": {"frac": 0.0466, "observed": true, "ext": false, "wid": "v000"}, "geometry": {"type": "LineString", "coordinates": [[85.36958, 28.28557], [85.37017, 28.28544], [85.37101, 28.28508], [85.37132, 28.28492], [85.37174, 28.28463], [85.3721, 28.2845], [85.37254, 28.28442], [85.37293, 28.28428], [85.37507, 28.28304], [85.3759, 28.28234], [85.37655, 28.28094], [85.37673, 28.27992], [85.37691, 28.2795], [85.37714, 28.27896], [85.37717, 28.27862], [85.37698, 28.27805]]}}, {"type": "Feature", "properties": {"frac": null, "observed": false, "ext": true, "wid": "n002"}, "geometry": {"type": "LineString", "coordinates": [[85.32189, 27.71378], [85.32174, 27.71037], [85.32185, 27.71031], [85.32168, 27.70977], [85.32166, 27.70953], [85.32167, 27.70939], [85.32164, 27.70922], [85.32172, 27.70878], [85.32169, 27.70845], [85.32173, 27.70808], [85.32159, 27.70781], [85.3217, 27.70718], [85.32188, 27.70671], [85.32198, 27.70626], [85.32202, 27.70602], [85.32208, 27.70573], [85.32221, 27.70537], [85.32226, 27.70524], [85.32225, 27.70509], [85.32199, 27.70442], [85.3219, 27.70434], [85.32186, 27.70406]]}}, {"type": "Feature", "properties": {"frac": 0.0798, "observed": true, "ext": false, "wid": "v031"}, "geometry": {"type": "LineString", "coordinates": [[85.1144, 27.86965], [85.11446, 27.86912], [85.11367, 27.86852]]}}, {"type": "Feature", "properties": {"frac": 0.047, "observed": true, "ext": false, "wid": "v032"}, "geometry": {"type": "LineString", "coordinates": [[85.11367, 27.86852], [85.11321, 27.86807], [85.11297, 27.86706], [85.11268, 27.86662], [85.11231, 27.86604], [85.11187, 27.86513], [85.11161, 27.86464], [85.11102, 27.86352], [85.11091, 27.86326], [85.11076, 27.86302], [85.1106, 27.86267], [85.11052, 27.86238], [85.11051, 27.86197], [85.11033, 27.86183], [85.10926, 27.86135], [85.10831, 27.86064], [85.10774, 27.86034], [85.10741, 27.85992], [85.10693, 27.8591]]}}, {"type": "Feature", "properties": {"frac": 0.047, "observed": true, "ext": false, "wid": "v032"}, "geometry": {"type": "LineString", "coordinates": [[85.10693, 27.8591], [85.10666, 27.85874], [85.10624, 27.8585], [85.10521, 27.85825], [85.10338, 27.85809], [85.10168, 27.85816], [85.10073, 27.85838], [85.09853, 27.85937]]}}, {"type": "Feature", "properties": {"frac": 0.0305, "observed": true, "ext": false, "wid": "v033"}, "geometry": {"type": "LineString", "coordinates": [[85.09853, 27.85937], [85.09783, 27.85972], [85.09735, 27.85984]]}}, {"type": "Feature", "properties": {"frac": 0.0787, "observed": true, "ext": false, "wid": "v029"}, "geometry": {"type": "LineString", "coordinates": [[85.13574, 27.91616], [85.13494, 27.91577], [85.13461, 27.91561], [85.13432, 27.91522], [85.13409, 27.91485], [85.13415, 27.91431], [85.13436, 27.91407], [85.13537, 27.91342], [85.13683, 27.91196], [85.13807, 27.91065], [85.13887, 27.90924], [85.13895, 27.90825], [85.1391, 27.90711], [85.13947, 27.90619], [85.14042, 27.90518], [85.14078, 27.90456]]}}, {"type": "Feature", "properties": {"frac": 0.0661, "observed": true, "ext": false, "wid": "v030"}, "geometry": {"type": "LineString", "coordinates": [[85.14078, 27.90456], [85.14089, 27.904], [85.14085, 27.9033], [85.14044, 27.90211], [85.13971, 27.90146], [85.13902, 27.90114], [85.13773, 27.9008], [85.1376, 27.9007], [85.13683, 27.90014], [85.13683, 27.89889], [85.13669, 27.8977], [85.13614, 27.89652], [85.13565, 27.89523], [85.13568, 27.89439], [85.13581, 27.89349], [85.13597, 27.89296], [85.13626, 27.8926], [85.13708, 27.89033], [85.13706, 27.88899], [85.1366, 27.88855], [85.13475, 27.88755], [85.13338, 27.88646], [85.13068, 27.8847], [85.12831, 27.88306]]}}, {"type": "Feature", "properties": {"frac": 0.0798, "observed": true, "ext": false, "wid": "v031"}, "geometry": {"type": "LineString", "coordinates": [[85.12831, 27.88306], [85.12672, 27.88143], [85.12617, 27.88059], [85.12576, 27.87934], [85.12567, 27.8788], [85.12579, 27.87798], [85.12604, 27.87709], [85.12606, 27.87632], [85.12591, 27.87569], [85.12566, 27.87505], [85.12534, 27.87465], [85.12486, 27.87431], [85.12383, 27.87398], [85.12218, 27.87355], [85.12093, 27.87303], [85.11877, 27.87174], [85.11698, 27.8709], [85.11642, 27.87042], [85.11563, 27.87011], [85.11492, 27.86986], [85.1144, 27.86965]]}}, {"type": "Feature", "properties": {"frac": 0.004, "observed": true, "ext": true, "wid": "n200"}, "geometry": {"type": "LineString", "coordinates": [[85.38602, 27.92897], [85.38595, 27.92864], [85.38584, 27.92834], [85.38554, 27.92783], [85.38529, 27.92742], [85.3851, 27.92702], [85.38502, 27.92646], [85.38485, 27.92603], [85.38489, 27.92567], [85.38504, 27.92517], [85.38503, 27.92484], [85.38502, 27.92466], [85.38466, 27.92455], [85.38428, 27.9244], [85.38387, 27.9241], [85.38349, 27.92354], [85.38342, 27.92335], [85.38338, 27.92322], [85.38303, 27.92302], [85.38279, 27.92294], [85.38248, 27.92293], [85.38169, 27.92296], [85.38132, 27.92321], [85.38113, 27.92317], [85.38075, 27.92303], [85.38022, 27.92286], [85.37962, 27.92268], [85.37907, 27.92264], [85.37858, 27.92253], [85.37827, 27.92243], [85.3779, 27.92236]]}}, {"type": "Feature", "properties": {"frac": 0.0084, "observed": true, "ext": true, "wid": "n253"}, "geometry": {"type": "LineString", "coordinates": [[85.40141, 27.95957], [85.40134, 27.95955], [85.40084, 27.95917], [85.40046, 27.95904], [85.39989, 27.95881], [85.39937, 27.9585], [85.3989, 27.95806], [85.39853, 27.95771], [85.39816, 27.95743], [85.3978, 27.95704], [85.39743, 27.95651], [85.39693, 27.95624], [85.3963, 27.95594], [85.39539, 27.95497], [85.39451, 27.95381], [85.39406, 27.95267]]}}, {"type": "Feature", "properties": {"frac": 0.0015, "observed": true, "ext": true, "wid": "n251"}, "geometry": {"type": "LineString", "coordinates": [[85.39406, 27.95267], [85.39402, 27.95252], [85.39391, 27.95216], [85.39356, 27.95128], [85.39336, 27.95017], [85.39291, 27.94948], [85.39246, 27.94929], [85.39195, 27.94907], [85.39129, 27.94828], [85.39052, 27.94707], [85.3904, 27.94684], [85.39007, 27.9462], [85.39045, 27.94533]]}}, {"type": "Feature", "properties": {"frac": null, "observed": false, "ext": true, "wid": "n236"}, "geometry": {"type": "LineString", "coordinates": [[85.26288, 27.70003], [85.26308, 27.69984]]}}, {"type": "Feature", "properties": {"frac": 0.0324, "observed": true, "ext": false, "wid": "v009"}, "geometry": {"type": "LineString", "coordinates": [[85.30762, 28.14073], [85.30752, 28.14066], [85.30608, 28.13936], [85.30469, 28.13755], [85.30334, 28.135]]}}, {"type": "Feature", "properties": {"frac": 0.0286, "observed": true, "ext": false, "wid": "v010"}, "geometry": {"type": "LineString", "coordinates": [[85.30334, 28.135], [85.30283, 28.13461], [85.30262, 28.13451], [85.30256, 28.13443], [85.30253, 28.13434], [85.30263, 28.13404], [85.30261, 28.13386], [85.30233, 28.13362], [85.30114, 28.13262], [85.30094, 28.13238], [85.3006, 28.13151], [85.30043, 28.13132], [85.3004, 28.13118], [85.30051, 28.13104], [85.3006, 28.13095], [85.3006, 28.1308], [85.30049, 28.13052], [85.30045, 28.13039], [85.30057, 28.13013], [85.30058, 28.12992], [85.30046, 28.1297], [85.30027, 28.12949], [85.29993, 28.12911], [85.2988, 28.12834], [85.29856, 28.12805], [85.29813, 28.1275]]}}, {"type": "Feature", "properties": {"frac": 0.0014, "observed": true, "ext": true, "wid": "n130"}, "geometry": {"type": "LineString", "coordinates": [[85.39879, 28.15558], [85.39826, 28.15551], [85.39738, 28.15533], [85.39712, 28.15506], [85.39617, 28.15469]]}}, {"type": "Feature", "properties": {"frac": 0.0048, "observed": true, "ext": true, "wid": "n254"}, "geometry": {"type": "LineString", "coordinates": [[85.39233, 28.15465], [85.38962, 28.15443], [85.38706, 28.15392], [85.38623, 28.15375], [85.38563, 28.15367], [85.38508, 28.15348], [85.38441, 28.15342], [85.38369, 28.15342], [85.38277, 28.15378], [85.38264, 28.15382], [85.38181, 28.1538], [85.38146, 28.15379], [85.38065, 28.1535], [85.37966, 28.15302], [85.37821, 28.15255], [85.37802, 28.15249], [85.37688, 28.15182], [85.37661, 28.15164], [85.37624, 28.15152], [85.37585, 28.15171], [85.37545, 28.1519], [85.37524, 28.15201], [85.37473, 28.15201], [85.3743, 28.15171], [85.37403, 28.15168], [85.3736, 28.15186], [85.37304, 28.15184], [85.37199, 28.15162], [85.37113, 28.15125], [85.37081, 28.15113], [85.3705, 28.15122], [85.36916, 28.1518], [85.36864, 28.15184]]}}, {"type": "Feature", "properties": {"frac": 0.0039, "observed": true, "ext": true, "wid": "n255"}, "geometry": {"type": "LineString", "coordinates": [[85.36864, 28.15184], [85.36814, 28.15182], [85.36725, 28.15153], [85.36667, 28.15142], [85.36604, 28.15106], [85.36574, 28.15104], [85.36544, 28.15114], [85.36502, 28.15186], [85.36435, 28.15209], [85.3636, 28.15206], [85.36279, 28.15192], [85.36225, 28.15192], [85.36157, 28.15174], [85.36102, 28.15177], [85.35908, 28.15261], [85.35843, 28.15236], [85.35765, 28.15297], [85.35708, 28.15325], [85.35697, 28.15332], [85.35568, 28.1533], [85.35522, 28.15384], [85.35405, 28.15453], [85.35347, 28.15516], [85.35264, 28.15548], [85.35229, 28.15601], [85.35133, 28.15673], [85.35099, 28.15754], [85.3506, 28.15773], [85.34966, 28.15798], [85.3494, 28.15819], [85.34904, 28.15897], [85.34846, 28.15971], [85.34823, 28.1598], [85.34819, 28.1599], [85.34823, 28.1602]]}}, {"type": "Feature", "properties": {"frac": 0.0427, "observed": true, "ext": false, "wid": "v006"}, "geometry": {"type": "LineString", "coordinates": [[85.34823, 28.1602], [85.34782, 28.16085], [85.34685, 28.16141], [85.34648, 28.1619], [85.34562, 28.16266], [85.34523, 28.16283], [85.34501, 28.16294], [85.34479, 28.16297], [85.34346, 28.16359], [85.34204, 28.16398], [85.34131, 28.16442]]}}, {"type": "Feature", "properties": {"frac": null, "observed": false, "ext": true, "wid": "n256"}, "geometry": {"type": "LineString", "coordinates": [[85.65987, 28.08066], [85.6588, 28.07973], [85.65872, 28.07904], [85.65748, 28.07711], [85.65575, 28.07307], [85.65572, 28.07179]]}}, {"type": "Feature", "properties": {"frac": null, "observed": false, "ext": true, "wid": "n257"}, "geometry": {"type": "LineString", "coordinates": [[85.65572, 28.07179], [85.65552, 28.07052], [85.65541, 28.06946], [85.65609, 28.06887], [85.65696, 28.06756], [85.65593, 28.06642], [85.65567, 28.06474], [85.65549, 28.06372], [85.65546, 28.06272], [85.65575, 28.06201], [85.65611, 28.06136], [85.65566, 28.06054], [85.6551, 28.05977], [85.65446, 28.05923], [85.65306, 28.05598], [85.65292, 28.05566], [85.65231, 28.05388]]}}, {"type": "Feature", "properties": {"frac": null, "observed": false, "ext": true, "wid": "n258"}, "geometry": {"type": "LineString", "coordinates": [[85.65231, 28.05388], [85.65249, 28.0535], [85.65216, 28.05288], [85.65188, 28.05187], [85.65201, 28.05146], [85.65184, 28.05114], [85.65191, 28.05094], [85.65173, 28.05064], [85.65167, 28.05032], [85.65192, 28.04978], [85.65184, 28.04931], [85.65128, 28.04844], [85.6506, 28.0482], [85.65009, 28.0476], [85.64969, 28.04683], [85.64931, 28.0461], [85.64933, 28.04564], [85.64914, 28.04537], [85.64893, 28.04497], [85.6485, 28.04467], [85.64745, 28.04433], [85.64381, 28.04386], [85.64158, 28.04231], [85.64131, 28.04185], [85.64133, 28.04106], [85.64153, 28.04031], [85.6412, 28.03949], [85.64068, 28.0388], [85.64045, 28.03812], [85.6403, 28.03764], [85.64072, 28.03724], [85.64105, 28.03677], [85.64049, 28.03471]]}}, {"type": "Feature", "properties": {"frac": null, "observed": false, "ext": true, "wid": "n259"}, "geometry": {"type": "LineString", "coordinates": [[85.64002, 28.03132], [85.64016, 28.03014], [85.64053, 28.02887], [85.64115, 28.02826], [85.64107, 28.02702], [85.64114, 28.02654], [85.64091, 28.02619], [85.6404, 28.02567], [85.63965, 28.0244], [85.63963, 28.02353], [85.63948, 28.0225], [85.63916, 28.02181], [85.63911, 28.02078], [85.63912, 28.0197], [85.6397, 28.01853], [85.64, 28.01789], [85.64116, 28.01697], [85.64242, 28.01508], [85.64288, 28.01437], [85.64359, 28.01395], [85.64375, 28.01356], [85.64375, 28.01325], [85.64436, 28.012], [85.64475, 28.01174], [85.64475, 28.01132], [85.64529, 28.01113], [85.64554, 28.00994], [85.64566, 28.00937], [85.64607, 28.00904], [85.64637, 28.00883], [85.64634, 28.00855], [85.64673, 28.00825], [85.64696, 28.00798], [85.64723, 28.00764], [85.64705, 28.0073], [85.64693, 28.00685], [85.64709, 28.00632], [85.64694, 28.00562], [85.64703, 28.00486], [85.64723, 28.00431]]}}, {"type": "Feature", "properties": {"frac": null, "observed": false, "ext": true, "wid": "n176"}, "geometry": {"type": "LineString", "coordinates": [[85.64723, 28.00431], [85.64707, 28.00371], [85.64719, 28.00292], [85.64718, 28.00241], [85.64695, 28.00213], [85.64655, 28.00204], [85.64648, 28.00176], [85.64644, 28.00133], [85.64617, 28.00091], [85.64626, 28.00069], [85.64642, 28.00055], [85.6472, 28.00071], [85.64789, 28.00077], [85.64837, 28.00026], [85.64841, 27.99995], [85.64842, 27.99955], [85.64857, 27.99916], [85.64882, 27.99895], [85.64932, 27.99855], [85.64929, 27.99805], [85.64916, 27.99796], [85.64881, 27.99791], [85.64815, 27.9978], [85.64778, 27.99776], [85.64745, 27.99766], [85.6473, 27.99722], [85.64709, 27.99659], [85.64689, 27.99621], [85.64682, 27.99576], [85.64673, 27.9952], [85.64674, 27.99456], [85.64699, 27.99414], [85.64704, 27.99384], [85.64697, 27.99368], [85.64643, 27.9934], [85.64593, 27.99299], [85.64582, 27.99203]]}}, {"type": "Feature", "properties": {"frac": null, "observed": false, "ext": true, "wid": "n022"}, "geometry": {"type": "LineString", "coordinates": [[85.64582, 27.99203], [85.64558, 27.99166], [85.64462, 27.99021], [85.64464, 27.98997], [85.64484, 27.98975], [85.64466, 27.98926], [85.6446, 27.98893], [85.64489, 27.98867], [85.6451, 27.98798], [85.64517, 27.98768], [85.64509, 27.98748], [85.64441, 27.98756], [85.64376, 27.98778], [85.64357, 27.98791], [85.64328, 27.98798], [85.64295, 27.98775], [85.64258, 27.98779], [85.64208, 27.98794], [85.6418, 27.9877], [85.64212, 27.9871], [85.64198, 27.98683], [85.64203, 27.98627], [85.64173, 27.98519], [85.64106, 27.98496], [85.64068, 27.98437], [85.64108, 27.98376], [85.64083, 27.98231], [85.64089, 27.98204], [85.64108, 27.98193], [85.64166, 27.98182], [85.64213, 27.98163], [85.64246, 27.98125], [85.64277, 27.98077]]}}, {"type": "Feature", "properties": {"frac": null, "observed": false, "ext": true, "wid": "n180"}, "geometry": {"type": "LineString", "coordinates": [[85.59502, 28.07439], [85.59486, 28.07421], [85.59467, 28.07403], [85.59479, 28.07382], [85.59485, 28.07355], [85.59492, 28.07342], [85.59485, 28.07322], [85.59491, 28.07301], [85.59505, 28.07284], [85.59524, 28.07274], [85.59541, 28.07244], [85.59553, 28.07219], [85.59565, 28.07202], [85.59587, 28.07191], [85.59596, 28.0718]]}}, {"type": "Feature", "properties": {"frac": null, "observed": false, "ext": true, "wid": "n180"}, "geometry": {"type": "LineString", "coordinates": [[85.59518, 28.07463], [85.59525, 28.07431], [85.59548, 28.07407], [85.59534, 28.07383], [85.59524, 28.07362]]}}, {"type": "Feature", "properties": {"frac": 0.0578, "observed": true, "ext": false, "wid": "v056"}, "geometry": {"type": "LineString", "coordinates": [[85.43069, 28.33037], [85.42956, 28.33015], [85.42904, 28.33005], [85.42821, 28.33028], [85.4277, 28.33024], [85.4263, 28.33051]]}}, {"type": "Feature", "properties": {"frac": 0.0198, "observed": true, "ext": true, "wid": "n260"}, "geometry": {"type": "LineString", "coordinates": [[85.4263, 28.33051], [85.42573, 28.33047], [85.42531, 28.33024], [85.4249, 28.33013], [85.42441, 28.33017], [85.42376, 28.33001], [85.42183, 28.32978], [85.42036, 28.32926], [85.41945, 28.32819], [85.41922, 28.32812], [85.41872, 28.32774], [85.41805, 28.32739], [85.41731, 28.3271], [85.41692, 28.32705], [85.41655, 28.32728], [85.41622, 28.32738], [85.41569, 28.32738], [85.41534, 28.3272], [85.41519, 28.32707], [85.41459, 28.32651], [85.41369, 28.32536], [85.41363, 28.32475], [85.41328, 28.32394], [85.41318, 28.32349], [85.41307, 28.32294], [85.41329, 28.32264], [85.41331, 28.32226], [85.41332, 28.3218], [85.41355, 28.32093], [85.41362, 28.32031], [85.41382, 28.31964], [85.41396, 28.31916], [85.41398, 28.31879], [85.41395, 28.31858], [85.41397, 28.31798], [85.41431, 28.31764], [85.41446, 28.31726], [85.41438, 28.31688], [85.41423, 28.31621], [85.4139, 28.31465]]}}, {"type": "Feature", "properties": {"frac": 0.0299, "observed": true, "ext": true, "wid": "n261"}, "geometry": {"type": "LineString", "coordinates": [[85.4139, 28.31465], [85.41384, 28.31413], [85.41372, 28.3134], [85.41331, 28.31162], [85.41295, 28.31111], [85.41276, 28.31051], [85.41268, 28.31034], [85.41247, 28.30982], [85.41239, 28.30936], [85.41201, 28.30845], [85.41194, 28.30828], [85.41154, 28.30788], [85.4111, 28.30758], [85.41069, 28.30749], [85.41041, 28.30749], [85.40966, 28.30735], [85.40915, 28.30702], [85.40902, 28.30682], [85.40899, 28.30636], [85.40894, 28.30603], [85.40879, 28.30592], [85.40881, 28.30576], [85.40859, 28.30548], [85.40857, 28.30528], [85.40844, 28.30512], [85.40784, 28.30479], [85.40744, 28.30474], [85.40716, 28.30467], [85.40689, 28.30453], [85.4066, 28.30403], [85.40603, 28.30353], [85.40455, 28.30234], [85.4042, 28.30214], [85.40376, 28.30164], [85.40358, 28.3015], [85.40338, 28.30147], [85.40294, 28.30155]]}}, {"type": "Feature", "properties": {"frac": 0.0856, "observed": true, "ext": true, "wid": "n262"}, "geometry": {"type": "LineString", "coordinates": [[85.40294, 28.30155], [85.40273, 28.30151], [85.40257, 28.3013], [85.40222, 28.30115], [85.40177, 28.30075], [85.40113, 28.30057], [85.40078, 28.30022], [85.40083, 28.29987], [85.40071, 28.29965], [85.39992, 28.29916], [85.39957, 28.29914], [85.39882, 28.29885], [85.39837, 28.2987], [85.39798, 28.29845], [85.39767, 28.29814], [85.39743, 28.29779], [85.39738, 28.29744], [85.39734, 28.29718], [85.39738, 28.29655], [85.3974, 28.29625], [85.39731, 28.29588], [85.39741, 28.29542], [85.3973, 28.29502], [85.39704, 28.29465], [85.39655, 28.29399], [85.39621, 28.29354], [85.39557, 28.29284], [85.39514, 28.29243], [85.39453, 28.29193], [85.39436, 28.29147], [85.39372, 28.29085], [85.39317, 28.29025], [85.39318, 28.28977], [85.39297, 28.28937], [85.39178, 28.2887], [85.3909, 28.28818], [85.39016, 28.28771], [85.38892, 28.28751], [85.38807, 28.28709], [85.3874, 28.28634]]}}, {"type": "Feature", "properties": {"frac": 0.0825, "observed": true, "ext": false, "wid": "v041"}, "geometry": {"type": "LineString", "coordinates": [[85.3874, 28.28634], [85.38699, 28.28595], [85.3868, 28.28543], [85.38648, 28.28464], [85.38593, 28.28417], [85.38492, 28.28376]]}}, {"type": "Feature", "properties": {"frac": 0.0466, "observed": true, "ext": false, "wid": "v000"}, "geometry": {"type": "LineString", "coordinates": [[85.38492, 28.28376], [85.3841, 28.28324], [85.38381, 28.28297], [85.38353, 28.28274], [85.38321, 28.28266], [85.38303, 28.28257], [85.38254, 28.28206], [85.38214, 28.2819], [85.38167, 28.28185], [85.38141, 28.28169], [85.38078, 28.28037], [85.38042, 28.28002], [85.37966, 28.27974], [85.37924, 28.2796], [85.37895, 28.27944], [85.37851, 28.27903], [85.37831, 28.27882], [85.37776, 28.27851], [85.37698, 28.27805]]}}, {"type": "Feature", "properties": {"frac": 0.0089, "observed": true, "ext": true, "wid": "n263"}, "geometry": {"type": "LineString", "coordinates": [[85.33092, 27.80213], [85.33076, 27.802], [85.33072, 27.80181], [85.33063, 27.80163], [85.33045, 27.80131], [85.33024, 27.8009], [85.33011, 27.80072], [85.32984, 27.80042], [85.32984, 27.80018], [85.32972, 27.80011], [85.32961, 27.8001], [85.32953, 27.80003], [85.32948, 27.79989], [85.32954, 27.79971], [85.32947, 27.79961], [85.32929, 27.79949], [85.32894, 27.7994], [85.3287, 27.79926], [85.32849, 27.799], [85.32822, 27.79893], [85.3281, 27.79871], [85.32806, 27.79853], [85.32803, 27.79841], [85.32805, 27.79828], [85.32795, 27.79815], [85.32766, 27.79781], [85.32752, 27.79765], [85.32739, 27.79747], [85.3273, 27.79739], [85.32716, 27.79735], [85.3271, 27.7973], [85.32708, 27.79714], [85.32714, 27.79687], [85.32717, 27.79676], [85.32708, 27.7966], [85.32699, 27.79637], [85.3269, 27.7962], [85.32673, 27.79597], [85.3266, 27.79584], [85.32649, 27.79571], [85.32643, 27.79564]]}}, {"type": "Feature", "properties": {"frac": 0.0089, "observed": true, "ext": true, "wid": "n263"}, "geometry": {"type": "LineString", "coordinates": [[85.3264, 27.79559], [85.32623, 27.79548], [85.32588, 27.79553], [85.3257, 27.7955], [85.32559, 27.79544], [85.32552, 27.79536], [85.32551, 27.79525], [85.32545, 27.79514], [85.32532, 27.79491], [85.32517, 27.79471], [85.32513, 27.79456], [85.32514, 27.79438], [85.3252, 27.79424], [85.32525, 27.79413], [85.3253, 27.79397], [85.32536, 27.79381], [85.3254, 27.79365], [85.32541, 27.79351], [85.32546, 27.79335], [85.32552, 27.79319], [85.32551, 27.79307], [85.32553, 27.79302]]}}, {"type": "Feature", "properties": {"frac": 0.0089, "observed": true, "ext": true, "wid": "n263"}, "geometry": {"type": "LineString", "coordinates": [[85.32643, 27.79564], [85.3264, 27.79559]]}}, {"type": "Feature", "properties": {"frac": 0.0281, "observed": true, "ext": true, "wid": "n241"}, "geometry": {"type": "LineString", "coordinates": [[85.33282, 27.95273], [85.33244, 27.95233], [85.3323, 27.9517], [85.33217, 27.95118], [85.33218, 27.9509], [85.33184, 27.95075], [85.33172, 27.95048], [85.33197, 27.94929], [85.3321, 27.94868], [85.33231, 27.94825], [85.33277, 27.9478], [85.33285, 27.94758], [85.33263, 27.94718], [85.33207, 27.94652], [85.33192, 27.94631], [85.33171, 27.94594], [85.33161, 27.94551], [85.33142, 27.94514], [85.33142, 27.94478], [85.3314, 27.94453], [85.33135, 27.94404]]}}, {"type": "Feature", "properties": {"frac": 0.0067, "observed": true, "ext": true, "wid": "n231"}, "geometry": {"type": "LineString", "coordinates": [[85.33144, 27.93489], [85.33149, 27.93458], [85.33148, 27.93422], [85.33143, 27.93359], [85.33119, 27.93314], [85.32893, 27.93188], [85.32849, 27.93119], [85.32877, 27.93071], [85.32919, 27.92988], [85.32919, 27.92941], [85.32859, 27.92903], [85.32844, 27.92887], [85.32835, 27.92827], [85.32802, 27.92792], [85.32805, 27.92771], [85.32811, 27.9269], [85.32798, 27.92635], [85.32794, 27.92606], [85.32779, 27.92578], [85.32781, 27.92542], [85.32786, 27.92516], [85.32776, 27.92497], [85.32761, 27.92484], [85.32747, 27.92467], [85.32729, 27.92443], [85.32717, 27.92429], [85.32685, 27.92417], [85.32648, 27.92413], [85.32637, 27.92398], [85.32617, 27.9238], [85.32591, 27.92372], [85.3256, 27.9237], [85.32545, 27.92353], [85.32529, 27.92341], [85.32493, 27.92345], [85.3248, 27.92344]]}}, {"type": "Feature", "properties": {"frac": 0.0478, "observed": true, "ext": false, "wid": "v057"}, "geometry": {"type": "LineString", "coordinates": [[85.44014, 28.33579], [85.43822, 28.33527], [85.437, 28.33479], [85.43594, 28.33418], [85.43555, 28.33411], [85.43532, 28.33402], [85.43497, 28.3337], [85.43467, 28.33364], [85.43436, 28.33338], [85.43401, 28.33299]]}}, {"type": "Feature", "properties": {"frac": 0.0578, "observed": true, "ext": false, "wid": "v056"}, "geometry": {"type": "LineString", "coordinates": [[85.43401, 28.33299], [85.43392, 28.33261], [85.43377, 28.33238], [85.43338, 28.33213], [85.43322, 28.33194], [85.43311, 28.33169], [85.43289, 28.33156], [85.43244, 28.33153], [85.43186, 28.33117], [85.43137, 28.33079], [85.43069, 28.33037]]}}, {"type": "Feature", "properties": {"frac": 0.0005, "observed": true, "ext": true, "wid": "n153"}, "geometry": {"type": "LineString", "coordinates": [[85.58946, 27.76383], [85.58984, 27.76395], [85.59031, 27.76393], [85.59122, 27.76357], [85.5923, 27.76302], [85.59276, 27.76263]]}}, {"type": "Feature", "properties": {"frac": 0.0015, "observed": true, "ext": true, "wid": "n185"}, "geometry": {"type": "LineString", "coordinates": [[85.57825, 27.83803], [85.57796, 27.83803], [85.57747, 27.83785], [85.57722, 27.8377], [85.57712, 27.83749], [85.57717, 27.8371]]}}, {"type": "Feature", "properties": {"frac": 0.0099, "observed": true, "ext": true, "wid": "n132"}, "geometry": {"type": "LineString", "coordinates": [[85.30784, 27.95383], [85.30793, 27.95355], [85.30755, 27.95349], [85.30695, 27.95368], [85.3068, 27.95382], [85.30648, 27.95385], [85.30627, 27.95374], [85.30608, 27.95349], [85.30584, 27.95333]]}}, {"type": "Feature", "properties": {"frac": 0.0111, "observed": true, "ext": true, "wid": "n244"}, "geometry": {"type": "LineString", "coordinates": [[85.25082, 27.79758], [85.25081, 27.79749], [85.25079, 27.79742], [85.25073, 27.7973], [85.2507, 27.79717], [85.25072, 27.79705], [85.25075, 27.79695], [85.25084, 27.79686], [85.25096, 27.79679], [85.25126, 27.79666], [85.25129, 27.79662], [85.25131, 27.7966], [85.25142, 27.79635], [85.25155, 27.79622], [85.25177, 27.7961], [85.2518, 27.79592], [85.25175, 27.79578], [85.25166, 27.79557], [85.25174, 27.79532], [85.2518, 27.79509], [85.2519, 27.79492], [85.25186, 27.79472], [85.25182, 27.79457], [85.25183, 27.79449], [85.25188, 27.79444], [85.25208, 27.79434], [85.25224, 27.79421], [85.25233, 27.79406], [85.25253, 27.79401], [85.25275, 27.79397], [85.25293, 27.79388], [85.25305, 27.79368], [85.25309, 27.79355], [85.25321, 27.79316], [85.25328, 27.79296], [85.2534, 27.7928], [85.25348, 27.79274], [85.25348, 27.79262], [85.25343, 27.7925], [85.25335, 27.7924], [85.25325, 27.79233], [85.25315, 27.79227], [85.25309, 27.7921], [85.25307, 27.79195], [85.25304, 27.79168], [85.25307, 27.79151], [85.25308, 27.79138], [85.25305, 27.79125], [85.25313, 27.79104], [85.25306, 27.79086], [85.25306, 27.79065], [85.25314, 27.79054], [85.25325, 27.79043], [85.2533, 27.79031], [85.2533, 27.79022], [85.25303, 27.78998], [85.25288, 27.78972], [85.25258, 27.78932], [85.2524, 27.78921], [85.25191, 27.78893], [85.25171, 27.78887], [85.25156, 27.78883], [85.25138, 27.78879], [85.25124, 27.78873], [85.25122, 27.7885], [85.25132, 27.78826], [85.25131, 27.78808], [85.2511, 27.78792], [85.25092, 27.78784], [85.25079, 27.78783], [85.25065, 27.78786], [85.25053, 27.78785], [85.25035, 27.78776], [85.25023, 27.78768], [85.25021, 27.78753], [85.2502, 27.78716], [85.24999, 27.78671], [85.24982, 27.78655], [85.2498, 27.78637], [85.24982, 27.78617], [85.24963, 27.7859], [85.24944, 27.78572], [85.24937, 27.78545], [85.24933, 27.78525], [85.24933, 27.78509], [85.24936, 27.78495], [85.24947, 27.78479], [85.2495, 27.78468], [85.24951, 27.78452], [85.24948, 27.78436], [85.24934, 27.7841], [85.24919, 27.78389], [85.2491, 27.78374], [85.24905, 27.78357], [85.24914, 27.78337], [85.24923, 27.78315], [85.24923, 27.78289], [85.24907, 27.78255], [85.24888, 27.78233], [85.24854, 27.78196], [85.24819, 27.78123], [85.24808, 27.78093], [85.24793, 27.78079], [85.24784, 27.78064], [85.24781, 27.78049], [85.24782, 27.78035], [85.2479, 27.78012], [85.24809, 27.7799], [85.24828, 27.77978], [85.24855, 27.77966], [85.24884, 27.77947], [85.24936, 27.77905], [85.24949, 27.77885], [85.24954, 27.77874]]}}, {"type": "Feature", "properties": {"frac": null, "observed": false, "ext": true, "wid": "n036"}, "geometry": {"type": "LineString", "coordinates": [[85.24658, 27.7761], [85.24654, 27.77594], [85.24658, 27.77579], [85.2467, 27.77567], [85.24683, 27.77558]]}}, {"type": "Feature", "properties": {"frac": null, "observed": false, "ext": true, "wid": "n036"}, "geometry": {"type": "LineString", "coordinates": [[85.24675, 27.77494], [85.24665, 27.77477], [85.24653, 27.77469], [85.24632, 27.77459], [85.24625, 27.7746], [85.246, 27.77469], [85.24574, 27.77483], [85.24565, 27.77491], [85.24554, 27.77494], [85.24543, 27.77498], [85.24527, 27.77499], [85.24511, 27.77499], [85.24486, 27.77498], [85.24462, 27.77502], [85.2439, 27.77513], [85.2434, 27.77524], [85.24312, 27.77531], [85.24275, 27.77541], [85.24249, 27.77547], [85.24228, 27.7755], [85.24219, 27.7755], [85.24214, 27.77549], [85.24197, 27.77543], [85.24186, 27.77538], [85.24175, 27.77529], [85.24163, 27.77512], [85.24143, 27.77476], [85.2412, 27.77446], [85.24095, 27.77405], [85.24081, 27.77377], [85.24074, 27.77371], [85.24068, 27.7737], [85.24048, 27.77362], [85.24033, 27.77361], [85.24024, 27.77361], [85.24015, 27.77362], [85.24006, 27.77365], [85.23985, 27.7737], [85.23967, 27.77382], [85.23954, 27.77396], [85.23949, 27.77411], [85.23944, 27.77422], [85.23941, 27.77432], [85.23933, 27.77473], [85.23927, 27.77486], [85.23922, 27.77494], [85.23917, 27.775], [85.2391, 27.77502], [85.23901, 27.77502], [85.23893, 27.775], [85.23887, 27.77498], [85.23861, 27.77491], [85.23834, 27.77477], [85.23828, 27.77474], [85.23819, 27.77467], [85.23809, 27.77463], [85.23788, 27.77456], [85.23766, 27.77448], [85.23756, 27.77444], [85.23745, 27.77439], [85.23738, 27.7744], [85.23729, 27.77437], [85.2371, 27.77425], [85.23699, 27.77423], [85.23692, 27.77422], [85.23682, 27.77421], [85.23664, 27.77421], [85.23657, 27.77422], [85.23651, 27.77424], [85.23639, 27.77431], [85.23623, 27.77444], [85.23615, 27.77449], [85.23524, 27.77495], [85.23511, 27.77499], [85.23502, 27.77499], [85.23494, 27.77496], [85.23475, 27.77474], [85.23464, 27.77466], [85.23451, 27.7746], [85.23439, 27.77456], [85.23425, 27.77456], [85.23401, 27.7746], [85.23326, 27.77472], [85.23316, 27.77473], [85.23299, 27.77475], [85.23289, 27.77475], [85.23282, 27.77471], [85.2327, 27.77452], [85.23265, 27.77439], [85.23254, 27.7741], [85.23246, 27.774], [85.23242, 27.77388], [85.2324, 27.77376], [85.23234, 27.77365], [85.23228, 27.77344], [85.23224, 27.77324], [85.23224, 27.77307], [85.23225, 27.7729], [85.23232, 27.77271], [85.2324, 27.77232], [85.23245, 27.77205], [85.23251, 27.77191], [85.23249, 27.77181], [85.23246, 27.77173], [85.23239, 27.77164], [85.23235, 27.7716], [85.23216, 27.77155], [85.23202, 27.77159], [85.23198, 27.77165], [85.2319, 27.77176], [85.23185, 27.77192], [85.23186, 27.7721], [85.23191, 27.7725], [85.23191, 27.77277], [85.23188, 27.77294], [85.23162, 27.77342], [85.23131, 27.77393], [85.23114, 27.77411], [85.23105, 27.77417], [85.23098, 27.7742], [85.23087, 27.77422], [85.23075, 27.7742], [85.23066, 27.77414], [85.2306, 27.77405], [85.23059, 27.77393], [85.23061, 27.77384]]}}, {"type": "Feature", "properties": {"frac": null, "observed": false, "ext": true, "wid": "n036"}, "geometry": {"type": "LineString", "coordinates": [[85.23061, 27.77384], [85.23063, 27.77369]]}}, {"type": "Feature", "properties": {"frac": 0.0012, "observed": true, "ext": true, "wid": "n215"}, "geometry": {"type": "LineString", "coordinates": [[85.21835, 27.8972], [85.21747, 27.8972], [85.21684, 27.89733], [85.2154, 27.89788]]}}, {"type": "Feature", "properties": {"frac": 0.0025, "observed": true, "ext": true, "wid": "n207"}, "geometry": {"type": "LineString", "coordinates": [[85.0639, 28.16618], [85.06371, 28.16633], [85.06364, 28.16644], [85.06371, 28.16659], [85.06372, 28.16669], [85.06365, 28.16676], [85.06347, 28.16689], [85.06337, 28.16695], [85.06319, 28.16699], [85.06308, 28.16705], [85.06297, 28.16714], [85.06291, 28.16734], [85.06271, 28.16758], [85.06258, 28.16772], [85.06246, 28.16787], [85.06238, 28.16797], [85.06224, 28.16822], [85.062, 28.16848], [85.06183, 28.16854], [85.06171, 28.16869], [85.06148, 28.16895], [85.0613, 28.16925], [85.06112, 28.16945], [85.06084, 28.1697], [85.06065, 28.16995], [85.0606, 28.17005], [85.06038, 28.17018], [85.06021, 28.17035], [85.06011, 28.17057], [85.05995, 28.17085], [85.05982, 28.17101], [85.05991, 28.17065], [85.05999, 28.1702], [85.06014, 28.16989], [85.06033, 28.16958], [85.0605, 28.16925], [85.06066, 28.16893], [85.06077, 28.16878], [85.06081, 28.16853], [85.06076, 28.16828], [85.06078, 28.16812], [85.0608, 28.16792], [85.0608, 28.16772], [85.06082, 28.16769], [85.06078, 28.16745], [85.06066, 28.1673], [85.0606, 28.16713], [85.06062, 28.16701], [85.06071, 28.16687], [85.06083, 28.16678], [85.06092, 28.16674], [85.06095, 28.16663], [85.061, 28.16646], [85.06104, 28.1663], [85.06097, 28.16607], [85.06088, 28.16587]]}}, {"type": "Feature", "properties": {"frac": 0.002, "observed": true, "ext": true, "wid": "n208"}, "geometry": {"type": "LineString", "coordinates": [[85.06088, 28.16587], [85.06083, 28.16572], [85.06083, 28.16542], [85.06076, 28.16521], [85.06074, 28.16505], [85.06074, 28.16491], [85.06082, 28.16472], [85.06091, 28.16462], [85.06094, 28.16443], [85.06089, 28.16417], [85.06093, 28.16409], [85.06095, 28.16399], [85.06089, 28.16386], [85.06071, 28.16367], [85.0604, 28.16336]]}}, {"type": "Feature", "properties": {"frac": 0.0071, "observed": true, "ext": true, "wid": "n061"}, "geometry": {"type": "LineString", "coordinates": [[85.30639, 27.76039], [85.30573, 27.75976], [85.30545, 27.75947]]}}, {"type": "Feature", "properties": {"frac": 0.0022, "observed": true, "ext": true, "wid": "n056"}, "geometry": {"type": "LineString", "coordinates": [[85.30298, 27.75207], [85.30298, 27.7516], [85.30245, 27.75075], [85.30199, 27.75038], [85.30152, 27.74972], [85.30121, 27.74891], [85.301, 27.74852], [85.30056, 27.74748], [85.30035, 27.74707], [85.30023, 27.74673], [85.3003, 27.74642], [85.30027, 27.7462], [85.30008, 27.74535], [85.30006, 27.74485]]}}, {"type": "Feature", "properties": {"frac": 0.0056, "observed": true, "ext": true, "wid": "n265"}, "geometry": {"type": "LineString", "coordinates": [[85.40091, 27.70631], [85.40063, 27.70636], [85.4003, 27.70638], [85.3997, 27.70631], [85.39912, 27.70612], [85.39875, 27.70581], [85.39855, 27.70548], [85.39851, 27.70505], [85.3986, 27.70466], [85.39886, 27.70434], [85.39898, 27.70404], [85.399, 27.70368], [85.39887, 27.70336], [85.39857, 27.70302], [85.39833, 27.70289], [85.39811, 27.7028], [85.39787, 27.70276], [85.39768, 27.70277], [85.39742, 27.70281], [85.39722, 27.70285], [85.39711, 27.7029], [85.39701, 27.70297], [85.39689, 27.70321], [85.39686, 27.70338], [85.39692, 27.70347], [85.397, 27.70354], [85.39702, 27.70365], [85.397, 27.70369], [85.39685, 27.70372], [85.39631, 27.70383], [85.39602, 27.70387], [85.39585, 27.70391], [85.39553, 27.70392], [85.39528, 27.70392], [85.39498, 27.70389], [85.39457, 27.70379], [85.39442, 27.7036], [85.39433, 27.70344], [85.39422, 27.70323], [85.39417, 27.70314], [85.39412, 27.70307], [85.39405, 27.70304], [85.39399, 27.70303], [85.39389, 27.70307], [85.39376, 27.70319], [85.39344, 27.70345], [85.39327, 27.70355], [85.39299, 27.70363], [85.39276, 27.70366], [85.39263, 27.70363], [85.39251, 27.70353], [85.39236, 27.70339], [85.39221, 27.70324], [85.39202, 27.70306], [85.39188, 27.70286], [85.3918, 27.70264], [85.39175, 27.70248], [85.39177, 27.70166], [85.39176, 27.70135], [85.39159, 27.70026], [85.39135, 27.69971], [85.39103, 27.6993], [85.39069, 27.699], [85.39027, 27.69855], [85.39019, 27.69833], [85.39011, 27.69812], [85.3901, 27.69775], [85.39013, 27.69767], [85.39021, 27.69761], [85.39028, 27.69759], [85.39033, 27.69758], [85.39037, 27.6976], [85.39051, 27.69768], [85.39062, 27.69772], [85.39069, 27.69773], [85.39077, 27.69771], [85.39089, 27.69767], [85.39099, 27.69762], [85.39106, 27.69756], [85.3911, 27.69749], [85.39128, 27.69716], [85.39136, 27.69705], [85.39137, 27.69702], [85.39138, 27.69696], [85.39137, 27.69682], [85.39136, 27.69672], [85.39131, 27.69663], [85.39126, 27.69657], [85.39118, 27.69649], [85.39108, 27.69642], [85.3909, 27.69633], [85.39073, 27.6963], [85.39052, 27.69625], [85.3903, 27.69616], [85.39006, 27.696], [85.38966, 27.69564], [85.3895, 27.69549], [85.38936, 27.69527], [85.38925, 27.69517], [85.38911, 27.69509], [85.38899, 27.69507], [85.38884, 27.69509], [85.38874, 27.69512], [85.38862, 27.69517], [85.38833, 27.69531], [85.38816, 27.69539], [85.38753, 27.69554], [85.38706, 27.69564], [85.38631, 27.69561], [85.38588, 27.69561], [85.38551, 27.69558], [85.38503, 27.69546], [85.38415, 27.69499], [85.38385, 27.69483], [85.38318, 27.69454], [85.38222, 27.69395], [85.38199, 27.69389], [85.38145, 27.69377], [85.38084, 27.69362], [85.38, 27.69351], [85.37978, 27.69357], [85.37947, 27.69358], [85.3785, 27.6935], [85.37713, 27.69348], [85.37681, 27.69344], [85.37642, 27.69329], [85.37587, 27.69308], [85.37556, 27.69293], [85.37543, 27.69281], [85.3752, 27.69254], [85.37507, 27.69242]]}}, {"type": "Feature", "properties": {"frac": 0.0076, "observed": true, "ext": true, "wid": "n266"}, "geometry": {"type": "LineString", "coordinates": [[85.37191, 27.6907], [85.37172, 27.69066], [85.37152, 27.69046], [85.37141, 27.69035], [85.37106, 27.69002], [85.37085, 27.68974], [85.37051, 27.68948], [85.37038, 27.68939], [85.37011, 27.68929], [85.36975, 27.68927], [85.36938, 27.68931], [85.36909, 27.68927], [85.36881, 27.6892], [85.36851, 27.689], [85.3682, 27.68874], [85.36785, 27.68847], [85.36747, 27.68823], [85.36693, 27.68803], [85.36652, 27.68788], [85.36621, 27.68769], [85.36582, 27.68736], [85.36549, 27.687], [85.36517, 27.68661], [85.36497, 27.68643], [85.36485, 27.68629], [85.36444, 27.68582], [85.36404, 27.68538], [85.36381, 27.68502], [85.36307, 27.68419], [85.36259, 27.68379], [85.36226, 27.68357], [85.362, 27.68344], [85.36181, 27.68331], [85.36174, 27.68323], [85.36172, 27.68316], [85.36161, 27.68289], [85.36137, 27.68254], [85.36109, 27.68235], [85.36089, 27.68226], [85.35991, 27.68197], [85.35949, 27.68195], [85.35903, 27.68193], [85.35855, 27.68187], [85.35783, 27.68181], [85.35683, 27.68159], [85.35654, 27.68151], [85.35631, 27.68144], [85.35629, 27.68143], [85.35609, 27.68131], [85.35584, 27.68108], [85.35568, 27.68094], [85.35563, 27.68079], [85.3556, 27.68055], [85.35561, 27.68012], [85.35566, 27.67953], [85.35567, 27.67937], [85.35566, 27.67917], [85.35562, 27.67893], [85.35559, 27.67879], [85.35549, 27.67857], [85.35525, 27.67818], [85.35516, 27.67802], [85.35514, 27.67778], [85.35515, 27.67762], [85.35518, 27.67754], [85.35523, 27.67741], [85.35545, 27.67699], [85.35553, 27.67684], [85.35559, 27.67669], [85.35561, 27.67637], [85.35561, 27.67619], [85.35552, 27.67577], [85.35542, 27.67531], [85.35526, 27.6748], [85.35505, 27.67405], [85.35474, 27.67336], [85.3542, 27.67235], [85.35389, 27.67182], [85.35346, 27.67134], [85.35287, 27.67085], [85.35253, 27.67057], [85.35241, 27.67024], [85.35239, 27.67], [85.35236, 27.66948], [85.35235, 27.66857]]}}, {"type": "Feature", "properties": {"frac": 0.0227, "observed": true, "ext": false, "wid": "v037"}, "geometry": {"type": "LineString", "coordinates": [[85.00591, 27.84178], [85.00649, 27.84117], [85.00709, 27.84063], [85.00724, 27.84035], [85.00735, 27.83987], [85.00765, 27.83916], [85.00847, 27.83897], [85.01058, 27.83824], [85.01236, 27.83724], [85.01269, 27.8367], [85.01224, 27.83563], [85.01243, 27.83437], [85.01286, 27.8334], [85.01396, 27.83255]]}}, {"type": "Feature", "properties": {"frac": 0.042, "observed": true, "ext": false, "wid": "v038"}, "geometry": {"type": "LineString", "coordinates": [[85.01396, 27.83255], [85.01458, 27.83223], [85.01538, 27.83253], [85.01741, 27.83406]]}}, {"type": "Feature", "properties": {"frac": 0.0227, "observed": true, "ext": false, "wid": "v037"}, "geometry": {"type": "LineString", "coordinates": [[85.01741, 27.83406], [85.01909, 27.83401], [85.02056, 27.83429], [85.02151, 27.83401], [85.02194, 27.83386], [85.02239, 27.83366], [85.02289, 27.83297]]}}, {"type": "Feature", "properties": {"frac": null, "observed": false, "ext": false, "wid": "v066"}, "geometry": {"type": "LineString", "coordinates": [[85.50162, 28.21901], [85.50154, 28.2188], [85.50121, 28.21833]]}}, {"type": "Feature", "properties": {"frac": null, "observed": false, "ext": false, "wid": "v065"}, "geometry": {"type": "LineString", "coordinates": [[85.50121, 28.21833], [85.50096, 28.2179], [85.50074, 28.21771], [85.50062, 28.21757], [85.50056, 28.2173], [85.50049, 28.21724], [85.50054, 28.21703], [85.50058, 28.2168], [85.50062, 28.21661], [85.50068, 28.21649], [85.50059, 28.21636], [85.50063, 28.21623], [85.50071, 28.21615], [85.50063, 28.21603], [85.50061, 28.21589], [85.50064, 28.21577], [85.50065, 28.21573], [85.50061, 28.21552], [85.50066, 28.21537], [85.50063, 28.21507], [85.50056, 28.21487], [85.50045, 28.21471], [85.50029, 28.21434], [85.50006, 28.21382], [85.49993, 28.21365], [85.49983, 28.21326], [85.49979, 28.21309], [85.49958, 28.21296], [85.49951, 28.21271], [85.49945, 28.21237], [85.49946, 28.21223]]}}, {"type": "Feature", "properties": {"frac": 0.0014, "observed": true, "ext": true, "wid": "n070"}, "geometry": {"type": "LineString", "coordinates": [[85.27621, 27.70376], [85.27626, 27.70373]]}}, {"type": "Feature", "properties": {"frac": 0.0014, "observed": true, "ext": true, "wid": "n070"}, "geometry": {"type": "LineString", "coordinates": [[85.27626, 27.70373], [85.27646, 27.7036], [85.27689, 27.70353], [85.27727, 27.70341], [85.27731, 27.70338]]}}, {"type": "Feature", "properties": {"frac": 0.0014, "observed": true, "ext": true, "wid": "n070"}, "geometry": {"type": "LineString", "coordinates": [[85.27733, 27.70336], [85.27765, 27.70307]]}}, {"type": "Feature", "properties": {"frac": 0.0014, "observed": true, "ext": true, "wid": "n070"}, "geometry": {"type": "LineString", "coordinates": [[85.27731, 27.70338], [85.27733, 27.70336]]}}, {"type": "Feature", "properties": {"frac": 0.0014, "observed": true, "ext": true, "wid": "n070"}, "geometry": {"type": "LineString", "coordinates": [[85.27765, 27.70307], [85.27767, 27.70305]]}}, {"type": "Feature", "properties": {"frac": 0.0014, "observed": true, "ext": true, "wid": "n070"}, "geometry": {"type": "LineString", "coordinates": [[85.27034, 27.70859], [85.27032, 27.70852], [85.27027, 27.70833], [85.27018, 27.70817], [85.27015, 27.70808], [85.27026, 27.70797], [85.27025, 27.70784], [85.27013, 27.70776], [85.26991, 27.70748], [85.26968, 27.70717], [85.26958, 27.70705], [85.26942, 27.70682], [85.2695, 27.70664], [85.26961, 27.70658], [85.26989, 27.70645], [85.27004, 27.70636], [85.27015, 27.70628], [85.27025, 27.70611], [85.27038, 27.70618], [85.27069, 27.70632], [85.27094, 27.70653], [85.27104, 27.70653], [85.27114, 27.70646], [85.27121, 27.7063], [85.27124, 27.70609], [85.27134, 27.7059], [85.27136, 27.70554], [85.27154, 27.70535], [85.27171, 27.70527], [85.27182, 27.70524], [85.2719, 27.70519], [85.27196, 27.70515], [85.2721, 27.70512], [85.2722, 27.70511], [85.27228, 27.70513], [85.2725, 27.70529], [85.27256, 27.7054], [85.27269, 27.70548], [85.27283, 27.7056], [85.27291, 27.70558], [85.27296, 27.7055], [85.27292, 27.70532], [85.27292, 27.70497], [85.27296, 27.70484], [85.27308, 27.70482], [85.27349, 27.70496], [85.27388, 27.70526], [85.27395, 27.7054], [85.27403, 27.70548], [85.27415, 27.70562], [85.27423, 27.70566], [85.27434, 27.70565], [85.27435, 27.70561], [85.27441, 27.70546], [85.27465, 27.70521], [85.2749, 27.70492], [85.27506, 27.70474], [85.27515, 27.70464], [85.27539, 27.70444], [85.27553, 27.70433], [85.27569, 27.70418], [85.27591, 27.70403], [85.27605, 27.70389], [85.27621, 27.70376]]}}, {"type": "Feature", "properties": {"frac": 0.0014, "observed": true, "ext": true, "wid": "n070"}, "geometry": {"type": "LineString", "coordinates": [[85.27802, 27.70264], [85.27804, 27.70262]]}}, {"type": "Feature", "properties": {"frac": 0.0014, "observed": true, "ext": true, "wid": "n070"}, "geometry": {"type": "LineString", "coordinates": [[85.27767, 27.70305], [85.27794, 27.70276], [85.27802, 27.70264]]}}, {"type": "Feature", "properties": {"frac": 0.0071, "observed": true, "ext": true, "wid": "n061"}, "geometry": {"type": "LineString", "coordinates": [[85.31637, 27.77069], [85.31632, 27.77063]]}}, {"type": "Feature", "properties": {"frac": 0.0033, "observed": true, "ext": true, "wid": "n057"}, "geometry": {"type": "LineString", "coordinates": [[85.32443, 27.78794], [85.32455, 27.7875], [85.3249, 27.78717], [85.32551, 27.78676], [85.32565, 27.78673], [85.32588, 27.78656], [85.32593, 27.78627], [85.32596, 27.78554], [85.32582, 27.78522], [85.32555, 27.78499], [85.32511, 27.78421], [85.32482, 27.78388], [85.3243, 27.78366], [85.32318, 27.78325], [85.32259, 27.78314], [85.32218, 27.7828], [85.32201, 27.78223], [85.32189, 27.78197], [85.32161, 27.78161], [85.32118, 27.78136], [85.32091, 27.78112], [85.32081, 27.78064], [85.32078, 27.77982], [85.32107, 27.77911]]}}, {"type": "Feature", "properties": {"frac": 0.0071, "observed": true, "ext": true, "wid": "n061"}, "geometry": {"type": "LineString", "coordinates": [[85.32107, 27.77911], [85.32117, 27.77876], [85.32111, 27.7784], [85.32107, 27.7782], [85.32083, 27.77816], [85.32069, 27.77797], [85.32053, 27.77793], [85.32066, 27.77761], [85.32085, 27.77734], [85.3215, 27.77665], [85.32181, 27.77628], [85.3219, 27.77611], [85.32208, 27.77575], [85.32244, 27.77517], [85.32283, 27.77452], [85.32293, 27.77413], [85.32294, 27.7737], [85.3226, 27.77352], [85.32207, 27.77348], [85.32164, 27.77346], [85.32103, 27.7735], [85.32045, 27.77356], [85.32031, 27.77364], [85.32017, 27.77371], [85.32001, 27.7737], [85.31964, 27.77357], [85.31921, 27.7732], [85.31903, 27.77293], [85.31883, 27.77268], [85.31873, 27.77222], [85.31846, 27.77182], [85.31814, 27.77164], [85.31783, 27.77158], [85.31759, 27.77154], [85.31734, 27.77145], [85.31696, 27.7712], [85.3168, 27.77109], [85.31656, 27.77091], [85.31637, 27.77069]]}}, {"type": "Feature", "properties": {"frac": 0.0006, "observed": true, "ext": true, "wid": "n072"}, "geometry": {"type": "LineString", "coordinates": [[85.33543, 27.73049], [85.33544, 27.73037], [85.33553, 27.73028], [85.33567, 27.73024], [85.33591, 27.73016], [85.33611, 27.73008], [85.33615, 27.73003], [85.3363, 27.7299], [85.33624, 27.72961], [85.33622, 27.72958], [85.33619, 27.72955], [85.33612, 27.72948], [85.3361, 27.72945], [85.3361, 27.72939], [85.33612, 27.72927]]}}, {"type": "Feature", "properties": {"frac": 0.0006, "observed": true, "ext": true, "wid": "n072"}, "geometry": {"type": "LineString", "coordinates": [[85.33506, 27.72703], [85.33509, 27.72694]]}}, {"type": "Feature", "properties": {"frac": 0.0006, "observed": true, "ext": true, "wid": "n072"}, "geometry": {"type": "LineString", "coordinates": [[85.33507, 27.72686], [85.33506, 27.72683]]}}, {"type": "Feature", "properties": {"frac": 0.0006, "observed": true, "ext": true, "wid": "n072"}, "geometry": {"type": "LineString", "coordinates": [[85.33509, 27.72694], [85.33507, 27.72686]]}}, {"type": "Feature", "properties": {"frac": 0.0006, "observed": true, "ext": true, "wid": "n072"}, "geometry": {"type": "LineString", "coordinates": [[85.33541, 27.72873], [85.3354, 27.72861], [85.33538, 27.7285], [85.33536, 27.72843], [85.33533, 27.72833], [85.33525, 27.72811], [85.33525, 27.72796], [85.33521, 27.7278], [85.33517, 27.72773], [85.33511, 27.72766], [85.33508, 27.72763], [85.33511, 27.72737], [85.33511, 27.72733], [85.33506, 27.72721], [85.33506, 27.72703]]}}, {"type": "Feature", "properties": {"frac": 0.0006, "observed": true, "ext": true, "wid": "n072"}, "geometry": {"type": "LineString", "coordinates": [[85.3355, 27.72874], [85.33541, 27.72873]]}}, {"type": "Feature", "properties": {"frac": 0.0006, "observed": true, "ext": true, "wid": "n072"}, "geometry": {"type": "LineString", "coordinates": [[85.33552, 27.72875], [85.3355, 27.72874]]}}, {"type": "Feature", "properties": {"frac": 0.0006, "observed": true, "ext": true, "wid": "n072"}, "geometry": {"type": "LineString", "coordinates": [[85.33606, 27.72858], [85.33571, 27.72872], [85.33552, 27.72875]]}}, {"type": "Feature", "properties": {"frac": 0.0006, "observed": true, "ext": true, "wid": "n072"}, "geometry": {"type": "LineString", "coordinates": [[85.33612, 27.72927], [85.33613, 27.72911], [85.33615, 27.72889], [85.33608, 27.72865]]}}, {"type": "Feature", "properties": {"frac": 0.0006, "observed": true, "ext": true, "wid": "n072"}, "geometry": {"type": "LineString", "coordinates": [[85.33608, 27.72865], [85.33606, 27.72858]]}}, {"type": "Feature", "properties": {"frac": 0.0008, "observed": true, "ext": true, "wid": "n154"}, "geometry": {"type": "LineString", "coordinates": [[85.59662, 27.7443], [85.59739, 27.74452], [85.598, 27.74475], [85.59858, 27.74525], [85.59886, 27.74567], [85.59926, 27.74587], [85.59954, 27.74595], [85.59983, 27.74602], [85.59994, 27.74598], [85.60033, 27.74602], [85.60071, 27.74616], [85.60107, 27.74631], [85.60122, 27.74642], [85.60136, 27.74643], [85.6017, 27.74656], [85.60179, 27.74673], [85.60184, 27.7469], [85.60184, 27.74728], [85.60186, 27.74744], [85.60182, 27.74762], [85.60168, 27.74786], [85.60174, 27.74797], [85.60193, 27.74802], [85.60224, 27.74803], [85.60244, 27.74817], [85.60252, 27.74818], [85.60273, 27.74824], [85.60288, 27.74836], [85.60303, 27.74857], [85.60314, 27.74881], [85.60321, 27.74885], [85.60416, 27.74899]]}}, {"type": "Feature", "properties": {"frac": null, "observed": false, "ext": true, "wid": "n267"}, "geometry": {"type": "LineString", "coordinates": [[85.44787, 28.3802], [85.44801, 28.37996], [85.4483, 28.37912], [85.44855, 28.37878], [85.44866, 28.37848], [85.44855, 28.37818], [85.44857, 28.37777], [85.44884, 28.3776], [85.44901, 28.37725], [85.44903, 28.37685], [85.44924, 28.37629], [85.44951, 28.37602], [85.44973, 28.37559], [85.44978, 28.37506], [85.44977, 28.37475], [85.44988, 28.37453], [85.45011, 28.37437], [85.45053, 28.37399], [85.45068, 28.3737], [85.45069, 28.37297], [85.4506, 28.37235], [85.4508, 28.37146]]}}, {"type": "Feature", "properties": {"frac": 0.0121, "observed": true, "ext": true, "wid": "n268"}, "geometry": {"type": "LineString", "coordinates": [[85.4508, 28.37146], [85.45083, 28.37108], [85.45075, 28.37065], [85.45085, 28.37047], [85.45098, 28.37006], [85.45099, 28.36962], [85.4513, 28.36908], [85.45138, 28.36862], [85.45142, 28.36787], [85.45137, 28.36745], [85.45113, 28.36708], [85.45118, 28.36687], [85.45115, 28.36658], [85.45129, 28.36623], [85.45133, 28.36588], [85.45106, 28.36559], [85.45105, 28.36484], [85.45121, 28.36437], [85.45126, 28.36388], [85.45092, 28.36349], [85.45076, 28.36313], [85.45059, 28.36292], [85.45051, 28.36259], [85.45058, 28.36207], [85.45041, 28.36187], [85.45031, 28.36158], [85.44996, 28.36023], [85.44955, 28.36], [85.44938, 28.35972], [85.44957, 28.35926], [85.44957, 28.35894], [85.44935, 28.35839], [85.4493, 28.35783], [85.44901, 28.35751], [85.44892, 28.3566], [85.4488, 28.35618], [85.44853, 28.35577], [85.44854, 28.35534], [85.44833, 28.35498], [85.44831, 28.35459], [85.44848, 28.3543], [85.44855, 28.35406], [85.44845, 28.35389], [85.44819, 28.35375], [85.44808, 28.35339], [85.44815, 28.353], [85.44804, 28.35267]]}}, {"type": "Feature", "properties": {"frac": 0.0478, "observed": true, "ext": false, "wid": "v057"}, "geometry": {"type": "LineString", "coordinates": [[85.44804, 28.35267], [85.44763, 28.35214], [85.44768, 28.35168], [85.4475, 28.35131], [85.4471, 28.35103], [85.44682, 28.35067], [85.44638, 28.34963], [85.44645, 28.34931], [85.44661, 28.34908], [85.44662, 28.34881], [85.44649, 28.34848], [85.44646, 28.34814], [85.44643, 28.34758], [85.4464, 28.34649], [85.44656, 28.34465], [85.4463, 28.34407], [85.44557, 28.34356], [85.44549, 28.34317], [85.4455, 28.34294], [85.44539, 28.34269], [85.44538, 28.34235], [85.44528, 28.34214], [85.44543, 28.34156], [85.44537, 28.34138], [85.44543, 28.34072], [85.44537, 28.34042], [85.44488, 28.33959], [85.44462, 28.33947], [85.44428, 28.33916], [85.44372, 28.33896], [85.44331, 28.33864], [85.44268, 28.33838], [85.44198, 28.33804], [85.44131, 28.33762], [85.44096, 28.33672], [85.44064, 28.33605], [85.44014, 28.33579]]}}, {"type": "Feature", "properties": {"frac": 0.0081, "observed": true, "ext": true, "wid": "n232"}, "geometry": {"type": "LineString", "coordinates": [[85.34696, 28.30412], [85.34738, 28.30342], [85.34765, 28.30249], [85.34784, 28.3023], [85.34793, 28.30215], [85.34791, 28.30193], [85.34811, 28.30162], [85.34795, 28.30122]]}}, {"type": "Feature", "properties": {"frac": 0.0305, "observed": true, "ext": false, "wid": "v033"}, "geometry": {"type": "LineString", "coordinates": [[85.09735, 27.85984], [85.09651, 27.85999], [85.09448, 27.86018]]}}]}
