{"type": "FeatureCollection", "attribution": "\u00a9 OpenStreetMap contributors (outlines largely GLIMS-derived), ODbL \u2014 outline vintage varies; background context, not current glacier state", "stats": {"glaciers": 382, "total_km2": 352.6, "within_5km_of_source": 20, "within_5km_km2": 18.7}, "features": [{"type": "Feature", "properties": {"km2": 26.808, "name": "Daqu (Porong) Glacier", "near_source_5km": false}, "geometry": {"type": "Polygon", "coordinates": [[[85.72311, 28.46015], [85.71967, 28.45882], [85.7172, 28.45673], [85.71462, 28.45329], [85.71269, 28.45164], [85.70806, 28.44893], [85.70425, 28.44639], [85.70171, 28.44443], [85.69911, 28.44307], [85.69794, 28.44274], [85.69657, 28.44256], [85.69462, 28.44283], [85.69124, 28.44376], [85.68912, 28.4447], [85.6864, 28.44618], [85.68334, 28.44752], [85.68058, 28.44828], [85.67622, 28.44959], [85.67316, 28.45027], [85.67162, 28.45038], [85.66904, 28.45044], [85.66785, 28.45051], [85.66679, 28.45123], [85.66624, 28.45214], [85.66515, 28.45269], [85.66222, 28.45288], [85.66044, 28.45284], [85.65974, 28.45303], [85.65921, 28.45341], [85.65857, 28.45377], [85.65804, 28.45374], [85.65696, 28.45336], [85.65569, 28.45298], [85.6531, 28.45284], [85.65081, 28.4519], [85.64962, 28.45128], [85.64864, 28.45054], [85.64786, 28.44968], [85.64811, 28.4488], [85.64809, 28.44741], [85.64808, 28.44549], [85.6482, 28.44443], [85.64852, 28.44268], [85.64987, 28.44177], [85.65269, 28.43991], [85.65491, 28.43829], [85.65616, 28.43774], [85.65712, 28.43802], [85.65814, 28.4386], [85.659, 28.43939], [85.65999, 28.4406], [85.66035, 28.44119], [85.66118, 28.44141], [85.6617, 28.4412], [85.66195, 28.44014], [85.66267, 28.43892], [85.66331, 28.43779], [85.66374, 28.4369], [85.66379, 28.43628], [85.66375, 28.43577], [85.6645, 28.4352], [85.66628, 28.43394], [85.66712, 28.43355], [85.66783, 28.43313], [85.66832, 28.43244], [85.66884, 28.43222], [85.6697, 28.4322], [85.67066, 28.43242], [85.67117, 28.4327], [85.67174, 28.43294], [85.67288, 28.43299], [85.67376, 28.43294], [85.67412, 28.43304], [85.67444, 28.43325], [85.67464, 28.43356], [85.67488, 28.43355], [85.67508, 28.43326], [85.67514, 28.43288], [85.6757, 28.43226], [85.67613, 28.43217], [85.67669, 28.43214], [85.6775, 28.43239], [85.67785, 28.43286], [85.67827, 28.43369], [85.67841, 28.43415], [85.67881, 28.43445], [85.67915, 28.43447], [85.67941, 28.43419], [85.67962, 28.43362], [85.68009, 28.43321], [85.68072, 28.43317], [85.68155, 28.43331], [85.68192, 28.43381], [85.68202, 28.43448], [85.68199, 28.43552], [85.68226, 28.43641], [85.68365, 28.43732], [85.68467, 28.43747], [85.686, 28.43738], [85.68801, 28.43697], [85.68957, 28.43656], [85.69079, 28.4359], [85.69195, 28.43534], [85.69245, 28.43516], [85.69291, 28.43496], [85.69298, 28.43472], [85.69283, 28.43443], [85.69235, 28.43425], [85.69212, 28.43394], [85.69168, 28.43323], [85.69076, 28.43172], [85.68942, 28.43075], [85.68687, 28.42869], [85.68557, 28.42779], [85.68445, 28.4275], [85.68316, 28.42735], [85.68086, 28.42749], [85.6795, 28.42764], [85.67564, 28.42801], [85.67454, 28.42821], [85.67344, 28.42848], [85.67265, 28.42846], [85.67207, 28.42834], [85.67151, 28.42814], [85.67104, 28.42783], [85.6709, 28.42731], [85.67085, 28.42699], [85.67099, 28.42652], [85.67137, 28.42619], [85.67157, 28.42609], [85.67173, 28.4258], [85.67176, 28.42538], [85.6716, 28.42465], [85.6708, 28.42385], [85.6704, 28.42328], [85.67022, 28.42306], [85.66972, 28.42282], [85.6692, 28.42242], [85.66903, 28.42197], [85.66887, 28.42174], [85.66849, 28.42158], [85.6678, 28.42174], [85.66743, 28.4221], [85.66733, 28.42243], [85.66737, 28.42272], [85.66773, 28.4231], [85.66753, 28.42391], [85.66762, 28.42424], [85.66779, 28.42453], [85.6677, 28.42497], [85.66753, 28.42559], [85.6675, 28.42656], [85.66663, 28.4282], [85.6661, 28.42955], [85.66575, 28.43093], [85.66391, 28.43215], [85.66309, 28.43304], [85.66203, 28.43333], [85.65996, 28.43396], [85.65928, 28.43401], [85.65874, 28.43399], [85.65841, 28.43379], [85.658, 28.43322], [85.65797, 28.43283], [85.65806, 28.43176], [85.65855, 28.43094], [85.65939, 28.42932], [85.6594, 28.42907], [85.65924, 28.4287], [85.65863, 28.42839], [85.65809, 28.42789], [85.65779, 28.42768], [85.65757, 28.42706], [85.65661, 28.42551], [85.65595, 28.42458], [85.65613, 28.42381], [85.65639, 28.42322], [85.65667, 28.42281], [85.65734, 28.4228], [85.65797, 28.42281], [85.65929, 28.4224], [85.66059, 28.42206], [85.66177, 28.42198], [85.6636, 28.42091], [85.66499, 28.41999], [85.66531, 28.41873], [85.66529, 28.4177], [85.66529, 28.41706], [85.66599, 28.41631], [85.66628, 28.41621], [85.6664, 28.41591], [85.66618, 28.41509], [85.6657, 28.41294], [85.6657, 28.41201], [85.66577, 28.41122], [85.6662, 28.41014], [85.6675, 28.40895], [85.66799, 28.40813], [85.66834, 28.4076], [85.66963, 28.40706], [85.67069, 28.40638], [85.6719, 28.4049], [85.67317, 28.40359], [85.67391, 28.40273], [85.67499, 28.40134], [85.67581, 28.40093], [85.67639, 28.40048], [85.67669, 28.40016], [85.67659, 28.39955], [85.67641, 28.3988], [85.67673, 28.39815], [85.67731, 28.3979], [85.6785, 28.39782], [85.67913, 28.39799], [85.67995, 28.39847], [85.68102, 28.39968], [85.68164, 28.40068], [85.68277, 28.40113], [85.68442, 28.4019], [85.68556, 28.40244], [85.68626, 28.40285], [85.68685, 28.40318], [85.68744, 28.40339], [85.68885, 28.4038], [85.68963, 28.40431], [85.69057, 28.40506], [85.69141, 28.40576], [85.69213, 28.4064], [85.69204, 28.40716], [85.69235, 28.4078], [85.69253, 28.40836], [85.69189, 28.40862], [85.69126, 28.40859], [85.69077, 28.40826], [85.69034, 28.40817], [85.69005, 28.40842], [85.68993, 28.40867], [85.68956, 28.40868], [85.68923, 28.40868], [85.68895, 28.40902], [85.68907, 28.40968], [85.6893, 28.41061], [85.69003, 28.41132], [85.69047, 28.41194], [85.6908, 28.41295], [85.69078, 28.4136], [85.69094, 28.41403], [85.69148, 28.41443], [85.69195, 28.41508], [85.69246, 28.41577], [85.69253, 28.41647], [85.69235, 28.41715], [85.69196, 28.41775], [85.69194, 28.41809], [85.69227, 28.41822], [85.69257, 28.41814], [85.69274, 28.41775], [85.69324, 28.41679], [85.69436, 28.41552], [85.69511, 28.41441], [85.69563, 28.41326], [85.69625, 28.41156], [85.69679, 28.40937], [85.69697, 28.40701], [85.69652, 28.40383], [85.69479, 28.39969], [85.69352, 28.39787], [85.69272, 28.39737], [85.69094, 28.39664], [85.6892, 28.39616], [85.6872, 28.39568], [85.68623, 28.39552], [85.68532, 28.39554], [85.68449, 28.39575], [85.68408, 28.39596], [85.6835, 28.39611], [85.68268, 28.39591], [85.68174, 28.39553], [85.68024, 28.39443], [85.68002, 28.39425], [85.67982, 28.39403], [85.67966, 28.39371], [85.67933, 28.3933], [85.67916, 28.39308], [85.67902, 28.39262], [85.6788, 28.39197], [85.67903, 28.39118], [85.67923, 28.39091], [85.67968, 28.39068], [85.68022, 28.39048], [85.68065, 28.39042], [85.68104, 28.39029], [85.6811, 28.3901], [85.68092, 28.39002], [85.68057, 28.39], [85.68018, 28.39012], [85.67948, 28.3905], [85.67895, 28.39066], [85.67867, 28.39047], [85.67838, 28.39013], [85.6786, 28.38971], [85.67929, 28.38934], [85.68025, 28.38897], [85.68095, 28.38852], [85.68254, 28.38797], [85.68382, 28.38779], [85.68469, 28.38789], [85.68557, 28.38801], [85.6859, 28.38823], [85.68688, 28.38819], [85.68756, 28.38789], [85.68825, 28.3877], [85.68882, 28.38824], [85.68951, 28.38838], [85.69045, 28.38843], [85.69071, 28.38864], [85.69114, 28.38889], [85.69164, 28.38954], [85.69214, 28.38995], [85.69325, 28.39049], [85.69476, 28.39102], [85.69596, 28.39113], [85.69651, 28.39077], [85.6968, 28.39015], [85.6965, 28.38967], [85.69595, 28.38962], [85.69563, 28.38964], [85.6954, 28.38943], [85.69519, 28.3889], [85.69515, 28.38857], [85.69504, 28.38826], [85.69473, 28.38814], [85.6943, 28.38818], [85.69388, 28.3883], [85.69345, 28.38795], [85.69325, 28.38767], [85.69314, 28.38716], [85.69266, 28.38685], [85.6922, 28.38662], [85.69179, 28.38615], [85.69143, 28.3857], [85.69093, 28.38535], [85.69008, 28.38425], [85.68991, 28.38377], [85.69001, 28.38349], [85.69089, 28.38346], [85.69204, 28.38367], [85.69381, 28.38411], [85.69434, 28.38462], [85.69531, 28.38469], [85.69813, 28.38462], [85.70139, 28.384], [85.70564, 28.38474], [85.7065, 28.38522], [85.70742, 28.38574], [85.70813, 28.38586], [85.70859, 28.38619], [85.7095, 28.38661], [85.70995, 28.38703], [85.7101, 28.38746], [85.71003, 28.38802], [85.7097, 28.38847], [85.70916, 28.38875], [85.70827, 28.38877], [85.70722, 28.38875], [85.70649, 28.38881], [85.70627, 28.38895], [85.70606, 28.38919], [85.70595, 28.38953], [85.7056, 28.3899], [85.70507, 28.39011], [85.70484, 28.39044], [85.70486, 28.39098], [85.70541, 28.3916], [85.70632, 28.39247], [85.70726, 28.3929], [85.70747, 28.39293], [85.70829, 28.39293], [85.70898, 28.39264], [85.70947, 28.39247], [85.70982, 28.39249], [85.70998, 28.39265], [85.71005, 28.39285], [85.71004, 28.39327], [85.71028, 28.39342], [85.71102, 28.39355], [85.71164, 28.39372], [85.71193, 28.39394], [85.71202, 28.39437], [85.71218, 28.39483], [85.71259, 28.39522], [85.71254, 28.3956], [85.71228, 28.39597], [85.71148, 28.39629], [85.71093, 28.39671], [85.71027, 28.39694], [85.70977, 28.39668], [85.7097, 28.39653], [85.70982, 28.39623], [85.71006, 28.3959], [85.71042, 28.39561], [85.71042, 28.39524], [85.7099, 28.39495], [85.70914, 28.39469], [85.70809, 28.39457], [85.70736, 28.39482], [85.70733, 28.3951], [85.70759, 28.39571], [85.70795, 28.39602], [85.70815, 28.39647], [85.70804, 28.3972], [85.70762, 28.3987], [85.70745, 28.40086], [85.70737, 28.40218], [85.7071, 28.40354], [85.70709, 28.40487], [85.70666, 28.40702], [85.706, 28.40912], [85.70518, 28.41106], [85.70435, 28.4133], [85.70335, 28.4154], [85.70204, 28.41796], [85.70156, 28.41945], [85.70121, 28.42067], [85.70125, 28.42235], [85.7019, 28.42493], [85.70315, 28.4272], [85.70516, 28.43039], [85.70615, 28.43177], [85.70808, 28.4336], [85.71158, 28.43598], [85.71412, 28.43755], [85.71628, 28.43915], [85.71914, 28.44176], [85.72138, 28.4439], [85.72221, 28.4454], [85.72472, 28.44836], [85.72456, 28.45037], [85.72433, 28.45383], [85.72587, 28.45701], [85.72673, 28.46013], [85.72638, 28.46186], [85.72765, 28.46739], [85.72767, 28.46813], [85.72507, 28.46748], [85.72477, 28.46545], [85.7249, 28.46465], [85.72311, 28.46015]]]}}, {"type": "Feature", "properties": {"km2": 3.896, "name": "Sangq\u00ean Glacier", "near_source_5km": false}, "geometry": {"type": "Polygon", "coordinates": [[[85.17646, 28.36756], [85.17613, 28.36778], [85.17543, 28.36817], [85.17494, 28.36855], [85.17451, 28.36906], [85.17417, 28.36939], [85.17367, 28.36993], [85.17291, 28.37033], [85.17228, 28.37063], [85.17154, 28.37095], [85.17076, 28.37121], [85.17004, 28.37139], [85.16941, 28.37141], [85.16871, 28.3713], [85.1684, 28.37122], [85.16795, 28.37121], [85.16755, 28.37126], [85.16723, 28.37145], [85.16707, 28.37167], [85.16699, 28.37191], [85.16677, 28.37246], [85.16653, 28.37277], [85.16621, 28.37315], [85.16575, 28.37344], [85.16515, 28.37382], [85.16474, 28.3742], [85.16446, 28.3749], [85.16442, 28.37517], [85.16439, 28.37544], [85.16429, 28.37567], [85.16399, 28.37607], [85.16364, 28.37622], [85.16325, 28.37613], [85.16299, 28.37606], [85.16288, 28.37601], [85.16281, 28.37593], [85.16269, 28.37565], [85.16266, 28.37532], [85.16265, 28.37506], [85.16255, 28.37474], [85.16236, 28.37436], [85.16211, 28.37409], [85.16194, 28.37397], [85.16175, 28.37367], [85.16163, 28.37346], [85.16157, 28.37325], [85.16151, 28.37294], [85.1614, 28.37271], [85.16123, 28.37246], [85.16109, 28.37227], [85.16104, 28.37205], [85.16092, 28.37161], [85.16078, 28.37127], [85.1606, 28.37101], [85.16032, 28.37073], [85.15992, 28.37042], [85.1597, 28.3702], [85.15955, 28.37002], [85.15936, 28.36976], [85.15914, 28.36941], [85.159, 28.36916], [85.15851, 28.36868], [85.15828, 28.36855], [85.15808, 28.36843], [85.15795, 28.36829], [85.15779, 28.36809], [85.15757, 28.36794], [85.15733, 28.3678], [85.15722, 28.36771], [85.15698, 28.36741], [85.1568, 28.36709], [85.15665, 28.3669], [85.15643, 28.36669], [85.15624, 28.36648], [85.15602, 28.36619], [85.15583, 28.36597], [85.15562, 28.36575], [85.15548, 28.36556], [85.15535, 28.36542], [85.15521, 28.36526], [85.15491, 28.36484], [85.15476, 28.36458], [85.15454, 28.36415], [85.15439, 28.3639], [85.15415, 28.36352], [85.15404, 28.3632], [85.15385, 28.36293], [85.15359, 28.36263], [85.15326, 28.36231], [85.15297, 28.36205], [85.15259, 28.3618], [85.15211, 28.36152], [85.15171, 28.36133], [85.1514, 28.36133], [85.15096, 28.36133], [85.15054, 28.36134], [85.15026, 28.36139], [85.14986, 28.36143], [85.14943, 28.36145], [85.14897, 28.36142], [85.14847, 28.36144], [85.14777, 28.36147], [85.14737, 28.36154], [85.14686, 28.36173], [85.14625, 28.36201], [85.14571, 28.36235], [85.14504, 28.36259], [85.14449, 28.36277], [85.14418, 28.36289], [85.14383, 28.363], [85.14361, 28.36312], [85.14321, 28.36338], [85.14294, 28.36359], [85.14255, 28.36381], [85.14202, 28.36397], [85.14144, 28.36402], [85.14105, 28.364], [85.14084, 28.36393], [85.14058, 28.36381], [85.14035, 28.36367], [85.13985, 28.36334], [85.13949, 28.36309], [85.13915, 28.36292], [85.13888, 28.36278], [85.13862, 28.36265], [85.13828, 28.36246], [85.13789, 28.36233], [85.13727, 28.36218], [85.13684, 28.36214], [85.13643, 28.3621], [85.13602, 28.36203], [85.13566, 28.36195], [85.13518, 28.36191], [85.13488, 28.36193], [85.13464, 28.36199], [85.13439, 28.36203], [85.13411, 28.36198], [85.13398, 28.36191], [85.1342, 28.36116], [85.1342, 28.36096], [85.1341, 28.36072], [85.13404, 28.36062], [85.13394, 28.3604], [85.13382, 28.36023], [85.13372, 28.36009], [85.13352, 28.35974], [85.13326, 28.35956], [85.13297, 28.35944], [85.1327, 28.35932], [85.13252, 28.35923], [85.13236, 28.3591], [85.13221, 28.35892], [85.13208, 28.35878], [85.13196, 28.35863], [85.13169, 28.35841], [85.13147, 28.35816], [85.13132, 28.3579], [85.13124, 28.35739], [85.13126, 28.35694], [85.13132, 28.35641], [85.13137, 28.35585], [85.13153, 28.35552], [85.13177, 28.35532], [85.13203, 28.35528], [85.13248, 28.35533], [85.13316, 28.35551], [85.13341, 28.35568], [85.1337, 28.35599], [85.13407, 28.35631], [85.13441, 28.35649], [85.13474, 28.3566], [85.13529, 28.35669], [85.13587, 28.35684], [85.13618, 28.35694], [85.13654, 28.35708], [85.13687, 28.35721], [85.13722, 28.3573], [85.13766, 28.3574], [85.13811, 28.35755], [85.13832, 28.35764], [85.13867, 28.35783], [85.1391, 28.35797], [85.13952, 28.35795], [85.14314, 28.35635], [85.1437, 28.35636], [85.14392, 28.35635], [85.14413, 28.35626], [85.14422, 28.35617], [85.14421, 28.35605], [85.14417, 28.3559], [85.14403, 28.35542], [85.15103, 28.35511], [85.15583, 28.35626], [85.15608, 28.35669], [85.15645, 28.35711], [85.1567, 28.35737], [85.15702, 28.35754], [85.15748, 28.35769], [85.15807, 28.35802], [85.15868, 28.35834], [85.15923, 28.35877], [85.15971, 28.35915], [85.16051, 28.35992], [85.16093, 28.3604], [85.16124, 28.36137], [85.16146, 28.3621], [85.16175, 28.3627], [85.16211, 28.36319], [85.16254, 28.3637], [85.16327, 28.3642], [85.1642, 28.36481], [85.16489, 28.36521], [85.16582, 28.36547], [85.16699, 28.36549], [85.16831, 28.36533], [85.16959, 28.36493], [85.17083, 28.36435], [85.17181, 28.36393], [85.17344, 28.36329], [85.17502, 28.36296], [85.17723, 28.36267], [85.17831, 28.36231], [85.17969, 28.36158], [85.18024, 28.36116], [85.18091, 28.36063], [85.18136, 28.36017], [85.18183, 28.3598], [85.18247, 28.35945], [85.18359, 28.35899], [85.18418, 28.35867], [85.18466, 28.35825], [85.18498, 28.35802], [85.18537, 28.35795], [85.18572, 28.35797], [85.18604, 28.35811], [85.18616, 28.35831], [85.18621, 28.35871], [85.18643, 28.35911], [85.18623, 28.35994], [85.1858, 28.36083], [85.18549, 28.36139], [85.18473, 28.36184], [85.18289, 28.36273], [85.18202, 28.36353], [85.18138, 28.36421], [85.18081, 28.36472], [85.18008, 28.36515], [85.17917, 28.36568], [85.17854, 28.36622], [85.17801, 28.36663], [85.17741, 28.36694], [85.17646, 28.36756]]]}}, {"type": "Feature", "properties": {"km2": 0.023, "name": null, "near_source_5km": false}, "geometry": {"type": "Polygon", "coordinates": [[[85.68907, 28.38208], [85.68793, 28.38196], [85.68766, 28.3818], [85.68764, 28.38156], [85.68778, 28.38132], [85.68814, 28.38123], [85.68891, 28.3812], [85.68978, 28.38142], [85.69058, 28.38182], [85.69064, 28.3822], [85.6902, 28.3823], [85.68986, 28.38223], [85.68907, 28.38208]]]}}, {"type": "Feature", "properties": {"km2": 1.598, "name": null, "near_source_5km": false}, "geometry": {"type": "Polygon", "coordinates": [[[85.67955, 28.30922], [85.67949, 28.30888], [85.67949, 28.30822], [85.67961, 28.30759], [85.6798, 28.30696], [85.68034, 28.30616], [85.68065, 28.30532], [85.68169, 28.30471], [85.68263, 28.30447], [85.6836, 28.30418], [85.68445, 28.30394], [85.68526, 28.30384], [85.68592, 28.30365], [85.68645, 28.30356], [85.68701, 28.30354], [85.68811, 28.30372], [85.68841, 28.30374], [85.68871, 28.30351], [85.68907, 28.30336], [85.68955, 28.30324], [85.69024, 28.30322], [85.69107, 28.30329], [85.69155, 28.3034], [85.69201, 28.30357], [85.69231, 28.30352], [85.6927, 28.30339], [85.69292, 28.30327], [85.69355, 28.30325], [85.69441, 28.30324], [85.69519, 28.30295], [85.69595, 28.30288], [85.69651, 28.30289], [85.6969, 28.30303], [85.69707, 28.30324], [85.69726, 28.30372], [85.69736, 28.30447], [85.69735, 28.30627], [85.69725, 28.30781], [85.69689, 28.30874], [85.69659, 28.3092], [85.69564, 28.30979], [85.69443, 28.31043], [85.6939, 28.31075], [85.69338, 28.31126], [85.69278, 28.31234], [85.69216, 28.31293], [85.69158, 28.31334], [85.69116, 28.31355], [85.6908, 28.3136], [85.6906, 28.31354], [85.69043, 28.31341], [85.69037, 28.3132], [85.69044, 28.31293], [85.69075, 28.31221], [85.69107, 28.31155], [85.69113, 28.31125], [85.69113, 28.31074], [85.69097, 28.3105], [85.69079, 28.31033], [85.69051, 28.31026], [85.69035, 28.31025], [85.69012, 28.31042], [85.68993, 28.31079], [85.68948, 28.31133], [85.68895, 28.31173], [85.68865, 28.31192], [85.68834, 28.31195], [85.68813, 28.31187], [85.68803, 28.31188], [85.68801, 28.31194], [85.68803, 28.31213], [85.6881, 28.31232], [85.68846, 28.31333], [85.68853, 28.31423], [85.68847, 28.31451], [85.68833, 28.31466], [85.68807, 28.31482], [85.68792, 28.31486], [85.68767, 28.31483], [85.68745, 28.31469], [85.6872, 28.31445], [85.68691, 28.31416], [85.68645, 28.31386], [85.68631, 28.31371], [85.68618, 28.31348], [85.68614, 28.31314], [85.68603, 28.3129], [85.6859, 28.31265], [85.68578, 28.31254], [85.68553, 28.31251], [85.68546, 28.3126], [85.68543, 28.31271], [85.68552, 28.31288], [85.68561, 28.31317], [85.68559, 28.31337], [85.68553, 28.31359], [85.68546, 28.31369], [85.68528, 28.3138], [85.68512, 28.31386], [85.68501, 28.31394], [85.68489, 28.31411], [85.68487, 28.31423], [85.68481, 28.31434], [85.68466, 28.31447], [85.68447, 28.31448], [85.68432, 28.3144], [85.68405, 28.31427], [85.6835, 28.31397], [85.68322, 28.31379], [85.68229, 28.31307], [85.68186, 28.31279], [85.68169, 28.3126], [85.68142, 28.31221], [85.68122, 28.31181], [85.68087, 28.31102], [85.68068, 28.31065], [85.68028, 28.31027], [85.68006, 28.31003], [85.67974, 28.30956], [85.67955, 28.30922]]]}}, {"type": "Feature", "properties": {"km2": 0.572, "name": null, "near_source_5km": false}, "geometry": {"type": "Polygon", "coordinates": [[[85.68026, 28.32627], [85.67925, 28.32685], [85.67878, 28.32739], [85.67834, 28.32774], [85.67814, 28.32788], [85.67674, 28.32805], [85.67454, 28.3281], [85.67309, 28.328], [85.67259, 28.32805], [85.67228, 28.32812], [85.6721, 28.32831], [85.67203, 28.3285], [85.67205, 28.32881], [85.67203, 28.32929], [85.67182, 28.32957], [85.67161, 28.32969], [85.67113, 28.32974], [85.67072, 28.32977], [85.67016, 28.3299], [85.66973, 28.33], [85.66945, 28.33001], [85.66912, 28.32996], [85.66882, 28.32989], [85.66859, 28.32972], [85.66829, 28.32967], [85.6679, 28.32969], [85.66772, 28.32979], [85.66735, 28.32986], [85.66696, 28.3298], [85.66667, 28.32968], [85.66641, 28.32952], [85.66622, 28.32933], [85.66617, 28.32908], [85.66614, 28.32886], [85.66604, 28.32879], [85.66588, 28.32887], [85.66556, 28.3292], [85.66547, 28.32946], [85.66553, 28.32974], [85.66557, 28.33015], [85.66559, 28.33039], [85.66551, 28.33056], [85.66528, 28.33062], [85.66513, 28.33054], [85.66492, 28.3304], [85.6646, 28.33037], [85.66442, 28.33034], [85.6643, 28.33028], [85.66425, 28.33018], [85.66398, 28.32965], [85.66379, 28.32948], [85.66323, 28.32935], [85.66308, 28.32927], [85.66301, 28.3291], [85.66296, 28.32882], [85.663, 28.3286], [85.66318, 28.32851], [85.66341, 28.32858], [85.66361, 28.32872], [85.66374, 28.3289], [85.66396, 28.32896], [85.66411, 28.32883], [85.66411, 28.32863], [85.66392, 28.32828], [85.66393, 28.32804], [85.66401, 28.32782], [85.66404, 28.32755], [85.66389, 28.32749], [85.66358, 28.32731], [85.66344, 28.32707], [85.66328, 28.32654], [85.66338, 28.32617], [85.66358, 28.32605], [85.66392, 28.32601], [85.66445, 28.32604], [85.66473, 28.32618], [85.66511, 28.32644], [85.66534, 28.32654], [85.6657, 28.32655], [85.66583, 28.32655], [85.66629, 28.32658], [85.66656, 28.32675], [85.66682, 28.32683], [85.66719, 28.32679], [85.66734, 28.32665], [85.66754, 28.32662], [85.6678, 28.32662], [85.66803, 28.32677], [85.66829, 28.32694], [85.66873, 28.32701], [85.66909, 28.32701], [85.66937, 28.32694], [85.66962, 28.32636], [85.66989, 28.32596], [85.67007, 28.32542], [85.67021, 28.32515], [85.67038, 28.325], [85.67059, 28.32481], [85.67073, 28.32462], [85.67098, 28.32442], [85.67126, 28.32434], [85.67168, 28.32437], [85.67195, 28.32452], [85.67213, 28.3247], [85.67247, 28.32489], [85.67312, 28.32501], [85.67343, 28.32507], [85.67389, 28.32505], [85.67416, 28.32502], [85.67472, 28.32488], [85.67499, 28.32476], [85.67539, 28.32475], [85.67612, 28.32485], [85.67652, 28.32487], [85.67721, 28.32512], [85.67741, 28.32529], [85.67746, 28.32556], [85.67748, 28.32574], [85.67764, 28.32597], [85.67782, 28.32608], [85.67806, 28.32615], [85.67835, 28.32616], [85.67901, 28.32593], [85.6796, 28.3254], [85.67979, 28.32528], [85.68031, 28.32549], [85.68048, 28.32576], [85.68026, 28.32627]]]}}, {"type": "Feature", "properties": {"km2": 0.145, "name": null, "near_source_5km": false}, "geometry": {"type": "Polygon", "coordinates": [[[85.68533, 28.2974], [85.68486, 28.29712], [85.68451, 28.2968], [85.6841, 28.29639], [85.68392, 28.29578], [85.68393, 28.29537], [85.68411, 28.29492], [85.68442, 28.29428], [85.68469, 28.29342], [85.68516, 28.29279], [85.68581, 28.29236], [85.68633, 28.29212], [85.68666, 28.29212], [85.68696, 28.29229], [85.6869, 28.2926], [85.68688, 28.2929], [85.68704, 28.29318], [85.68761, 28.29395], [85.68781, 28.29417], [85.68767, 28.29454], [85.68749, 28.29458], [85.68712, 28.29452], [85.68675, 28.2944], [85.68663, 28.29441], [85.68658, 28.29452], [85.68658, 28.29483], [85.6867, 28.29492], [85.68701, 28.29514], [85.68714, 28.29539], [85.68711, 28.29561], [85.68695, 28.29575], [85.68675, 28.29586], [85.68658, 28.29589], [85.68655, 28.29606], [85.68656, 28.2964], [85.68701, 28.29699], [85.68719, 28.29733], [85.68706, 28.29757], [85.68669, 28.29771], [85.68615, 28.29771], [85.68533, 28.2974]]]}}, {"type": "Feature", "properties": {"km2": 12.864, "name": "Langshisa Glacier", "near_source_5km": false}, "geometry": {"type": "Polygon", "coordinates": [[[85.7235, 28.17375], [85.72467, 28.17387], [85.72506, 28.17421], [85.72556, 28.17509], [85.72661, 28.17648], [85.72756, 28.17747], [85.72825, 28.17805], [85.72889, 28.17863], [85.72956, 28.17921], [85.7303, 28.18006], [85.73126, 28.18107], [85.73182, 28.18207], [85.73207, 28.18262], [85.73211, 28.18346], [85.73211, 28.18414], [85.7311, 28.18435], [85.72941, 28.18558], [85.72689, 28.18717], [85.72437, 28.18813], [85.72157, 28.18844], [85.71903, 28.1884], [85.71682, 28.18807], [85.71572, 28.18754], [85.71465, 28.18704], [85.71298, 28.18617], [85.7118, 28.18586], [85.71015, 28.18564], [85.70895, 28.18575], [85.70739, 28.18623], [85.70574, 28.18683], [85.70366, 28.18777], [85.70104, 28.1893], [85.69928, 28.19038], [85.69808, 28.19108], [85.69755, 28.19169], [85.69748, 28.19208], [85.69763, 28.19254], [85.69793, 28.19278], [85.69826, 28.19288], [85.69864, 28.19283], [85.69948, 28.1925], [85.70097, 28.19188], [85.70229, 28.19143], [85.7032, 28.19125], [85.70463, 28.19076], [85.70595, 28.19018], [85.70743, 28.1896], [85.70847, 28.18945], [85.70932, 28.18937], [85.70963, 28.18922], [85.70997, 28.18911], [85.71055, 28.18911], [85.71167, 28.18947], [85.71308, 28.19032], [85.71399, 28.19075], [85.71479, 28.19116], [85.71531, 28.1913], [85.71587, 28.19136], [85.71653, 28.19135], [85.71694, 28.19123], [85.71724, 28.19097], [85.71733, 28.19093], [85.71753, 28.19099], [85.718, 28.19132], [85.71839, 28.19145], [85.71894, 28.19146], [85.72023, 28.19145], [85.72204, 28.19138], [85.72386, 28.19112], [85.72472, 28.19115], [85.72574, 28.19115], [85.72709, 28.19112], [85.72795, 28.19096], [85.72824, 28.19061], [85.72861, 28.19022], [85.72891, 28.19004], [85.72927, 28.19003], [85.72994, 28.1901], [85.73037, 28.19027], [85.73056, 28.1904], [85.73084, 28.19045], [85.73119, 28.19044], [85.73178, 28.19027], [85.73293, 28.18986], [85.73448, 28.18957], [85.73657, 28.1892], [85.7379, 28.1891], [85.73937, 28.18926], [85.74131, 28.18976], [85.74233, 28.1901], [85.74359, 28.19064], [85.74449, 28.19131], [85.74535, 28.19209], [85.74578, 28.19237], [85.74631, 28.19273], [85.74657, 28.19286], [85.74679, 28.19305], [85.74684, 28.19343], [85.74676, 28.19382], [85.74658, 28.19396], [85.74634, 28.19401], [85.74608, 28.19442], [85.74609, 28.19506], [85.74608, 28.19572], [85.74602, 28.19657], [85.74596, 28.19758], [85.74575, 28.19873], [85.74579, 28.2], [85.74562, 28.20052], [85.74535, 28.20109], [85.74492, 28.20155], [85.74441, 28.20194], [85.74384, 28.20242], [85.74304, 28.20375], [85.74268, 28.20437], [85.74223, 28.20507], [85.74145, 28.20597], [85.74099, 28.20617], [85.74068, 28.20619], [85.74044, 28.20607], [85.74049, 28.20591], [85.74063, 28.20555], [85.74063, 28.20515], [85.74026, 28.20478], [85.73896, 28.20441], [85.7377, 28.20422], [85.73647, 28.20419], [85.73546, 28.20441], [85.73418, 28.20498], [85.73312, 28.20605], [85.73179, 28.20826], [85.73114, 28.20992], [85.73114, 28.21045], [85.73126, 28.21119], [85.7316, 28.21168], [85.73215, 28.21223], [85.73267, 28.21247], [85.73308, 28.21247], [85.73342, 28.21247], [85.73374, 28.21259], [85.73438, 28.21273], [85.73508, 28.21279], [85.73579, 28.21272], [85.73621, 28.2125], [85.73635, 28.21231], [85.73635, 28.21202], [85.73632, 28.21178], [85.73629, 28.21147], [85.7363, 28.211], [85.73617, 28.21053], [85.73618, 28.21025], [85.73629, 28.20928], [85.73659, 28.20896], [85.73677, 28.20865], [85.73726, 28.2087], [85.73769, 28.20897], [85.73795, 28.20957], [85.73804, 28.20991], [85.73828, 28.21022], [85.73867, 28.21049], [85.73898, 28.21049], [85.73929, 28.21049], [85.73964, 28.21037], [85.73998, 28.21037], [85.7402, 28.21054], [85.74048, 28.21083], [85.74085, 28.21108], [85.74114, 28.21122], [85.74143, 28.21136], [85.7416, 28.21159], [85.74198, 28.21186], [85.74209, 28.21205], [85.74204, 28.21219], [85.74172, 28.21253], [85.75011, 28.21752], [85.75029, 28.21721], [85.7506, 28.21721], [85.75142, 28.21735], [85.75288, 28.21786], [85.75352, 28.21798], [85.7545, 28.21812], [85.75519, 28.2181], [85.7554, 28.21802], [85.75563, 28.21787], [85.75584, 28.21779], [85.75606, 28.21779], [85.75708, 28.21845], [85.75743, 28.21858], [85.75763, 28.21859], [85.75783, 28.21853], [85.7581, 28.21845], [85.75855, 28.21846], [85.75892, 28.21863], [85.75945, 28.21884], [85.75983, 28.21897], [85.76023, 28.21943], [85.76064, 28.2196], [85.76111, 28.22027], [85.76131, 28.22033], [85.76158, 28.22029], [85.76166, 28.22026], [85.7619, 28.22047], [85.76183, 28.2206], [85.76166, 28.22068], [85.7612, 28.22073], [85.76091, 28.22068], [85.76058, 28.2206], [85.76046, 28.22032], [85.76037, 28.22014], [85.76018, 28.21998], [85.75982, 28.21993], [85.75966, 28.22011], [85.75941, 28.22042], [85.75913, 28.22068], [85.75838, 28.22116], [85.75792, 28.22146], [85.75745, 28.22146], [85.75706, 28.22163], [85.75689, 28.22197], [85.75689, 28.22234], [85.75702, 28.22282], [85.75733, 28.22384], [85.75744, 28.22442], [85.75724, 28.22517], [85.75683, 28.22617], [85.75676, 28.22652], [85.75684, 28.22703], [85.75697, 28.22728], [85.75753, 28.2275], [85.75781, 28.2275], [85.75904, 28.22725], [85.76008, 28.22708], [85.76063, 28.2269], [85.76083, 28.22669], [85.76089, 28.22642], [85.76069, 28.22602], [85.76032, 28.22559], [85.76013, 28.22505], [85.76003, 28.22474], [85.75985, 28.22456], [85.75955, 28.22436], [85.75951, 28.2242], [85.75954, 28.22378], [85.75969, 28.22352], [85.76001, 28.22342], [85.76046, 28.22355], [85.76087, 28.22402], [85.76102, 28.22439], [85.76142, 28.22492], [85.76171, 28.22523], [85.76198, 28.22539], [85.76247, 28.22553], [85.76291, 28.22562], [85.76336, 28.22581], [85.76345, 28.22609], [85.76345, 28.22634], [85.7635, 28.22659], [85.76367, 28.22669], [85.76386, 28.2267], [85.76402, 28.22661], [85.76416, 28.22638], [85.76428, 28.22613], [85.76443, 28.22569], [85.76455, 28.22553], [85.76505, 28.22497], [85.76522, 28.22444], [85.76551, 28.22382], [85.76594, 28.22354], [85.76617, 28.22339], [85.76632, 28.22317], [85.76642, 28.22288], [85.76621, 28.22261], [85.76566, 28.22264], [85.76508, 28.22272], [85.76438, 28.22267], [85.76428, 28.22241], [85.76426, 28.22204], [85.76439, 28.22173], [85.76494, 28.22152], [85.76554, 28.22147], [85.76607, 28.221], [85.7662, 28.22051], [85.76666, 28.22013], [85.76709, 28.21988], [85.76792, 28.21974], [85.76885, 28.21977], [85.76935, 28.21969], [85.76969, 28.21934], [85.7698, 28.219], [85.7698, 28.21869], [85.76955, 28.21846], [85.76917, 28.2184], [85.76896, 28.21827], [85.76881, 28.21797], [85.76855, 28.21741], [85.7684, 28.21708], [85.768, 28.21667], [85.76684, 28.21613], [85.76607, 28.21581], [85.76573, 28.21552], [85.76576, 28.21522], [85.76588, 28.21494], [85.76602, 28.21483], [85.76626, 28.21494], [85.76639, 28.21507], [85.76668, 28.21522], [85.76692, 28.21523], [85.76708, 28.21523], [85.76726, 28.21503], [85.76729, 28.21463], [85.76729, 28.21431], [85.76738, 28.21397], [85.76755, 28.21367], [85.76799, 28.21273], [85.76803, 28.21211], [85.76812, 28.21147], [85.76853, 28.21101], [85.76934, 28.21039], [85.76961, 28.21], [85.76969, 28.20969], [85.76947, 28.20937], [85.76896, 28.20922], [85.76822, 28.20911], [85.76729, 28.20882], [85.76617, 28.2084], [85.76588, 28.20834], [85.76538, 28.20831], [85.76509, 28.20842], [85.76461, 28.20899], [85.76412, 28.20954], [85.76346, 28.21026], [85.76301, 28.21089], [85.76288, 28.21132], [85.76306, 28.21164], [85.76338, 28.21215], [85.76379, 28.21235], [85.76426, 28.21274], [85.76456, 28.21326], [85.76488, 28.21359], [85.76503, 28.21382], [85.7651, 28.21437], [85.7649, 28.21488], [85.76454, 28.21537], [85.76417, 28.21562], [85.76389, 28.21565], [85.76357, 28.21547], [85.76332, 28.21525], [85.76179, 28.214], [85.76094, 28.2135], [85.7604, 28.21311], [85.75956, 28.21225], [85.75902, 28.21158], [85.75879, 28.2112], [85.7588, 28.21098], [85.75885, 28.21062], [85.75891, 28.21049], [85.75923, 28.21018], [85.75953, 28.21], [85.75987, 28.21], [85.76039, 28.21003], [85.76122, 28.21015], [85.76167, 28.21015], [85.76246, 28.20992], [85.76291, 28.20962], [85.76314, 28.20909], [85.76316, 28.20869], [85.76274, 28.2081], [85.76214, 28.20771], [85.76149, 28.20725], [85.76075, 28.20692], [85.76012, 28.20685], [85.758, 28.20674], [85.75737, 28.20682], [85.75681, 28.20716], [85.75633, 28.20762], [85.75575, 28.20809], [85.75539, 28.20823], [85.75511, 28.20822], [85.75464, 28.20798], [85.75431, 28.208], [85.75343, 28.20773], [85.75232, 28.20736], [85.7513, 28.20665], [85.75097, 28.2062], [85.75048, 28.20533], [85.75025, 28.20447], [85.75008, 28.20389], [85.75009, 28.20363], [85.7502, 28.20356], [85.75056, 28.20358], [85.75101, 28.20384], [85.7519, 28.20438], [85.75257, 28.20477], [85.75353, 28.2053], [85.75424, 28.20511], [85.75513, 28.20475], [85.75547, 28.20417], [85.75576, 28.20364], [85.75623, 28.20315], [85.75675, 28.20274], [85.75681, 28.20218], [85.75658, 28.2017], [85.75604, 28.20146], [85.75542, 28.20157], [85.75439, 28.20182], [85.75371, 28.20191], [85.75329, 28.20182], [85.75273, 28.20157], [85.75164, 28.2012], [85.75139, 28.20106], [85.75129, 28.20085], [85.75145, 28.20047], [85.75149, 28.20011], [85.75166, 28.19977], [85.75206, 28.19828], [85.75188, 28.19765], [85.75135, 28.19719], [85.7505, 28.19662], [85.75007, 28.19615], [85.74975, 28.19581], [85.74968, 28.19566], [85.74967, 28.1955], [85.74975, 28.1954], [85.74992, 28.19514], [85.75027, 28.19467], [85.75091, 28.19464], [85.75177, 28.19459], [85.75232, 28.19469], [85.75414, 28.19529], [85.75703, 28.19619], [85.75874, 28.19668], [85.7611, 28.1972], [85.76159, 28.1972], [85.76188, 28.19704], [85.76282, 28.19685], [85.7641, 28.19678], [85.76544, 28.19688], [85.76626, 28.19688], [85.76755, 28.19655], [85.76857, 28.19597], [85.76982, 28.19587], [85.77175, 28.1962], [85.77223, 28.1964], [85.77317, 28.19676], [85.77455, 28.197], [85.77528, 28.197], [85.77578, 28.19678], [85.77627, 28.19648], [85.77666, 28.19609], [85.77684, 28.1956], [85.77693, 28.1953], [85.77686, 28.19499], [85.77663, 28.19482], [85.77629, 28.19482], [85.77597, 28.19482], [85.77569, 28.19471], [85.77552, 28.19447], [85.7754, 28.19396], [85.77579, 28.19279], [85.77619, 28.19243], [85.77681, 28.19233], [85.77736, 28.19224], [85.77791, 28.1916], [85.77839, 28.19107], [85.77873, 28.19061], [85.77911, 28.18995], [85.77922, 28.18938], [85.77911, 28.18896], [85.77889, 28.18813], [85.77862, 28.18748], [85.77826, 28.18702], [85.77721, 28.18651], [85.77641, 28.18642], [85.77589, 28.18649], [85.77499, 28.18662], [85.77441, 28.18664], [85.77395, 28.18662], [85.77375, 28.18654], [85.77346, 28.18644], [85.77317, 28.18648], [85.77284, 28.18663], [85.77252, 28.1869], [85.77218, 28.1874], [85.77208, 28.18806], [85.77187, 28.18892], [85.77146, 28.18953], [85.77042, 28.19008], [85.76744, 28.19094], [85.76377, 28.19142], [85.76238, 28.19142], [85.76114, 28.19127], [85.76047, 28.19109], [85.75928, 28.1905], [85.75783, 28.1899], [85.75671, 28.18949], [85.75581, 28.189], [85.75554, 28.18878], [85.75535, 28.18829], [85.75523, 28.18776], [85.75518, 28.18741], [85.75409, 28.18673], [85.75287, 28.18617], [85.75315, 28.18597], [85.75362, 28.18581], [85.75405, 28.18563], [85.75444, 28.18534], [85.75475, 28.18535], [85.75504, 28.18547], [85.75548, 28.18567], [85.75595, 28.18584], [85.75641, 28.18585], [85.75689, 28.18586], [85.75713, 28.18596], [85.75727, 28.18611], [85.75735, 28.1864], [85.75737, 28.18654], [85.75729, 28.18673], [85.75711, 28.1871], [85.7569, 28.18731], [85.7568, 28.18747], [85.75673, 28.1877], [85.75679, 28.18787], [85.75696, 28.18799], [85.75716, 28.18811], [85.7574, 28.18828], [85.75764, 28.18833], [85.75783, 28.1884], [85.75796, 28.18852], [85.75805, 28.18864], [85.75817, 28.18875], [85.75836, 28.18885], [85.75856, 28.18888], [85.75872, 28.18895], [85.75891, 28.1891], [85.75915, 28.18919], [85.75953, 28.18921], [85.75994, 28.18919], [85.76013, 28.18911], [85.76033, 28.18897], [85.76043, 28.18871], [85.76075, 28.18805], [85.76118, 28.18759], [85.76173, 28.18723], [85.76243, 28.18691], [85.76344, 28.1867], [85.76424, 28.18659], [85.76496, 28.18645], [85.76563, 28.18603], [85.76641, 28.18546], [85.76665, 28.18518], [85.76691, 28.18477], [85.76726, 28.1846], [85.7678, 28.18452], [85.76832, 28.18432], [85.76875, 28.18398], [85.76904, 28.18367], [85.76927, 28.18324], [85.76938, 28.1829], [85.76951, 28.18266], [85.76977, 28.1825], [85.77, 28.18245], [85.77014, 28.18247], [85.77042, 28.18261], [85.77049, 28.18283], [85.77047, 28.18308], [85.77055, 28.18328], [85.77066, 28.18331], [85.77094, 28.18334], [85.7713, 28.18326], [85.77154, 28.18306], [85.77174, 28.18268], [85.77177, 28.18238], [85.77178, 28.18184], [85.77208, 28.18156], [85.7728, 28.18146], [85.77354, 28.18147], [85.77444, 28.18133], [85.77497, 28.18099], [85.7753, 28.18047], [85.77534, 28.18013], [85.77541, 28.17939], [85.77537, 28.1791], [85.77522, 28.17883], [85.77485, 28.17866], [85.77449, 28.17861], [85.77399, 28.17865], [85.77325, 28.17894], [85.77282, 28.17913], [85.7723, 28.17923], [85.77179, 28.17909], [85.77152, 28.1789], [85.77113, 28.17871], [85.7709, 28.17865], [85.77043, 28.17864], [85.77, 28.17881], [85.76977, 28.17897], [85.76957, 28.17918], [85.7693, 28.17935], [85.76895, 28.17943], [85.76774, 28.17945], [85.76723, 28.1794], [85.76676, 28.17941], [85.76647, 28.17945], [85.766, 28.17968], [85.76558, 28.17989], [85.76528, 28.18012], [85.76497, 28.18039], [85.76457, 28.18068], [85.76433, 28.18078], [85.76395, 28.18072], [85.76354, 28.18055], [85.76315, 28.18043], [85.76264, 28.18031], [85.76235, 28.1803], [85.76206, 28.18036], [85.76165, 28.18048], [85.76144, 28.18065], [85.76096, 28.18084], [85.76053, 28.18091], [85.76011, 28.18085], [85.75977, 28.1808], [85.75932, 28.18076], [85.75871, 28.18077], [85.7579, 28.18081], [85.7571, 28.18086], [85.75671, 28.18087], [85.75641, 28.18077], [85.7563, 28.18065], [85.75629, 28.18055], [85.75637, 28.18029], [85.75638, 28.18005], [85.75637, 28.17989], [85.7564, 28.17974], [85.75655, 28.17958], [85.75667, 28.17943], [85.75683, 28.17909], [85.75705, 28.17881], [85.7572, 28.17865], [85.75762, 28.17857], [85.75791, 28.17855], [85.75846, 28.17832], [85.75895, 28.17806], [85.7592, 28.17799], [85.75947, 28.17788], [85.75985, 28.17779], [85.76, 28.17773], [85.76015, 28.17761], [85.76028, 28.17738], [85.76054, 28.1772], [85.76076, 28.17714], [85.76096, 28.17717], [85.76106, 28.17721], [85.7613, 28.17737], [85.76146, 28.17746], [85.76162, 28.1776], [85.76186, 28.1778], [85.76206, 28.17787], [85.76237, 28.17783], [85.76257, 28.17773], [85.76273, 28.17758], [85.76294, 28.1772], [85.76294, 28.1768], [85.76282, 28.17658], [85.76273, 28.17644], [85.76206, 28.17604], [85.76168, 28.17594], [85.76122, 28.17592], [85.76076, 28.17597], [85.76034, 28.17607], [85.75978, 28.17611], [85.75896, 28.17617], [85.75851, 28.17621], [85.75799, 28.17641], [85.75758, 28.17663], [85.75713, 28.17703], [85.75691, 28.17722], [85.75673, 28.17733], [85.75644, 28.17734], [85.75621, 28.17732], [85.75609, 28.17723], [85.75595, 28.17704], [85.7558, 28.17678], [85.75577, 28.17654], [85.7559, 28.17614], [85.75578, 28.1758], [85.75573, 28.17561], [85.75576, 28.17537], [85.75571, 28.17524], [85.75561, 28.17508], [85.75539, 28.17496], [85.75508, 28.17484], [85.75469, 28.17479], [85.75442, 28.17482], [85.75415, 28.17497], [85.75386, 28.17509], [85.75349, 28.17531], [85.7533, 28.17534], [85.75311, 28.17535], [85.75289, 28.1753], [85.75272, 28.17525], [85.75264, 28.17518], [85.75257, 28.17508], [85.75242, 28.17498], [85.7523, 28.17495], [85.75213, 28.17496], [85.75197, 28.17499], [85.7518, 28.17506], [85.75159, 28.1752], [85.75139, 28.17541], [85.75127, 28.1756], [85.7512, 28.17585], [85.75102, 28.17636], [85.75093, 28.17662], [85.75093, 28.17687], [85.75101, 28.17716], [85.75104, 28.17733], [85.75105, 28.17751], [85.75111, 28.17769], [85.75106, 28.1778], [85.75096, 28.17786], [85.75073, 28.17798], [85.75032, 28.17815], [85.75002, 28.17833], [85.74986, 28.1785], [85.74955, 28.17865], [85.74911, 28.17881], [85.74889, 28.17893], [85.74855, 28.17913], [85.7483, 28.17933], [85.74802, 28.17941], [85.74783, 28.17939], [85.74774, 28.1793], [85.74749, 28.1791], [85.7472, 28.17903], [85.74695, 28.17903], [85.74663, 28.17892], [85.74653, 28.17882], [85.7465, 28.17867], [85.74639, 28.17835], [85.74636, 28.17818], [85.74639, 28.17804], [85.7465, 28.17788], [85.74671, 28.17765], [85.74717, 28.17744], [85.74752, 28.17722], [85.74777, 28.17701], [85.74788, 28.17685], [85.74782, 28.17678], [85.74768, 28.17638], [85.74762, 28.17608], [85.74765, 28.17584], [85.74756, 28.17557], [85.74744, 28.17545], [85.74721, 28.17532], [85.74707, 28.17528], [85.74692, 28.17532], [85.74675, 28.17543], [85.74636, 28.17587], [85.74618, 28.17631], [85.74593, 28.17674], [85.74565, 28.17702], [85.74543, 28.17716], [85.74516, 28.17726], [85.74485, 28.17738], [85.7445, 28.1776], [85.74437, 28.17775], [85.74408, 28.1779], [85.74397, 28.17801], [85.74381, 28.17826], [85.74362, 28.17907], [85.74349, 28.17923], [85.74344, 28.17948], [85.74356, 28.17991], [85.74378, 28.1804], [85.74404, 28.18059], [85.74446, 28.18059], [85.74511, 28.18042], [85.74562, 28.18026], [85.74588, 28.18023], [85.74614, 28.18015], [85.74634, 28.18016], [85.74662, 28.18025], [85.74701, 28.18051], [85.74712, 28.18076], [85.74732, 28.18124], [85.74757, 28.18154], [85.74776, 28.1816], [85.74821, 28.18157], [85.74883, 28.18143], [85.74939, 28.18123], [85.75003, 28.18112], [85.7505, 28.18104], [85.7508, 28.18071], [85.75095, 28.18047], [85.751, 28.18046], [85.75111, 28.18052], [85.75114, 28.18073], [85.75116, 28.18091], [85.75145, 28.18106], [85.75195, 28.18104], [85.75226, 28.18098], [85.7525, 28.18083], [85.75281, 28.18053], [85.75309, 28.1803], [85.75331, 28.18028], [85.75347, 28.1803], [85.75355, 28.18046], [85.75375, 28.18115], [85.75373, 28.18144], [85.75364, 28.18182], [85.75345, 28.18221], [85.75316, 28.18252], [85.75295, 28.1828], [85.75288, 28.18303], [85.75296, 28.18326], [85.75315, 28.18339], [85.75357, 28.18335], [85.75405, 28.18315], [85.75427, 28.183], [85.75482, 28.18292], [85.75579, 28.18264], [85.75663, 28.18233], [85.75764, 28.18198], [85.7579, 28.18197], [85.75813, 28.18204], [85.75813, 28.18218], [85.75809, 28.18224], [85.75769, 28.18238], [85.7568, 28.18266], [85.75553, 28.183], [85.75508, 28.18316], [85.75451, 28.18336], [85.75407, 28.18363], [85.75369, 28.18399], [85.75331, 28.18424], [85.75301, 28.18444], [85.75274, 28.18461], [85.75243, 28.18492], [85.75221, 28.18526], [85.75213, 28.18536], [85.75193, 28.18538], [85.75152, 28.18541], [85.75088, 28.18565], [85.75021, 28.18548], [85.7493, 28.18516], [85.74709, 28.18454], [85.7451, 28.18439], [85.74344, 28.18403], [85.74328, 28.18354], [85.74311, 28.18316], [85.7429, 28.18264], [85.74249, 28.18226], [85.7415, 28.18199], [85.74072, 28.18169], [85.74015, 28.18135], [85.73986, 28.18114], [85.73935, 28.18053], [85.73883, 28.17997], [85.73815, 28.17961], [85.73767, 28.17941], [85.73692, 28.17929], [85.73629, 28.17907], [85.73549, 28.17887], [85.73506, 28.17881], [85.73461, 28.17881], [85.73399, 28.17897], [85.73355, 28.17919], [85.73312, 28.17913], [85.73219, 28.17901], [85.73187, 28.17894], [85.73143, 28.1788], [85.73093, 28.17849], [85.73054, 28.17822], [85.7303, 28.17794], [85.72994, 28.17746], [85.72943, 28.17704], [85.72905, 28.17668], [85.72877, 28.17628], [85.7287, 28.17614], [85.72875, 28.17593], [85.72902, 28.17581], [85.72931, 28.17582], [85.7299, 28.17592], [85.73014, 28.17603], [85.73055, 28.17623], [85.73095, 28.17637], [85.73141, 28.17637], [85.73177, 28.17631], [85.73205, 28.17607], [85.73218, 28.17576], [85.73228, 28.17524], [85.73235, 28.17511], [85.73251, 28.17505], [85.73273, 28.17522], [85.73296, 28.17559], [85.73301, 28.17573], [85.73316, 28.17587], [85.73362, 28.17592], [85.73396, 28.1758], [85.73416, 28.1757], [85.73438, 28.17569], [85.73457, 28.17584], [85.73481, 28.17596], [85.73523, 28.17601], [85.7359, 28.17595], [85.73622, 28.17584], [85.7369, 28.17557], [85.73732, 28.1755], [85.73801, 28.17533], [85.73872, 28.17511], [85.73916, 28.17484], [85.73927, 28.17459], [85.73923, 28.17425], [85.73901, 28.17404], [85.73856, 28.17392], [85.73791, 28.17392], [85.7369, 28.17385], [85.73642, 28.17385], [85.73575, 28.17365], [85.73541, 28.17344], [85.73501, 28.17327], [85.7343, 28.17314], [85.73334, 28.17297], [85.73265, 28.1727], [85.73228, 28.17236], [85.73222, 28.17212], [85.73212, 28.17177], [85.73194, 28.17158], [85.73147, 28.17133], [85.73057, 28.17129], [85.72996, 28.1713], [85.7294, 28.17121], [85.72904, 28.171], [85.72807, 28.17063], [85.72683, 28.17051], [85.72461, 28.1719], [85.7235, 28.17375]]]}}, {"type": "Feature", "properties": {"km2": 0.173, "name": null, "near_source_5km": false}, "geometry": {"type": "Polygon", "coordinates": [[[85.68425, 28.18073], [85.68403, 28.18135], [85.68398, 28.18173], [85.68404, 28.18251], [85.68407, 28.18296], [85.68397, 28.18318], [85.68377, 28.18332], [85.68341, 28.18343], [85.68317, 28.18353], [85.6829, 28.18362], [85.68245, 28.18366], [85.68223, 28.18376], [85.68202, 28.18377], [85.68133, 28.18366], [85.68101, 28.1835], [85.68079, 28.18327], [85.68059, 28.18299], [85.68027, 28.18294], [85.68004, 28.18287], [85.67972, 28.18256], [85.67972, 28.18212], [85.68026, 28.18128], [85.68099, 28.18025], [85.68159, 28.17984], [85.68258, 28.17924], [85.68302, 28.17914], [85.68361, 28.17913], [85.6843, 28.17923], [85.68461, 28.1794], [85.68484, 28.17962], [85.68488, 28.18006], [85.6847, 28.18038], [85.68425, 28.18073]]]}}, {"type": "Feature", "properties": {"km2": 0.094, "name": null, "near_source_5km": false}, "geometry": {"type": "Polygon", "coordinates": [[[85.68473, 28.26916], [85.68497, 28.26966], [85.6852, 28.27037], [85.68517, 28.27075], [85.68474, 28.27124], [85.68436, 28.27148], [85.68372, 28.27157], [85.6831, 28.27138], [85.6821, 28.27092], [85.68155, 28.27083], [85.68137, 28.27058], [85.68129, 28.27014], [85.68139, 28.26959], [85.68171, 28.26926], [85.68213, 28.26894], [85.68269, 28.26881], [85.68334, 28.26872], [85.68375, 28.26858], [85.68409, 28.26858], [85.6844, 28.26871], [85.68473, 28.26916]]]}}, {"type": "Feature", "properties": {"km2": 0.017, "name": null, "near_source_5km": false}, "geometry": {"type": "Polygon", "coordinates": [[[85.69567, 28.26151], [85.69538, 28.26143], [85.69508, 28.26141], [85.69481, 28.26141], [85.69455, 28.2614], [85.69432, 28.26138], [85.6942, 28.2613], [85.69416, 28.26116], [85.6942, 28.26105], [85.6943, 28.26099], [85.69447, 28.26092], [85.69464, 28.26086], [85.69498, 28.26074], [85.6953, 28.26074], [85.69563, 28.26077], [85.69612, 28.26073], [85.69625, 28.26072], [85.69634, 28.26075], [85.6964, 28.26085], [85.69639, 28.26103], [85.69639, 28.26122], [85.6964, 28.26136], [85.6963, 28.26153], [85.69618, 28.26172], [85.69602, 28.26173], [85.69588, 28.26171], [85.69575, 28.26158], [85.69567, 28.26151]]]}}, {"type": "Feature", "properties": {"km2": 0.151, "name": null, "near_source_5km": false}, "geometry": {"type": "Polygon", "coordinates": [[[85.69373, 28.27576], [85.69349, 28.27592], [85.69341, 28.27615], [85.69337, 28.27679], [85.69344, 28.27722], [85.69343, 28.27747], [85.69333, 28.27774], [85.69321, 28.27791], [85.69282, 28.27825], [85.69272, 28.27839], [85.69266, 28.27861], [85.6925, 28.27878], [85.69235, 28.27879], [85.69228, 28.27866], [85.69227, 28.27845], [85.69227, 28.27826], [85.69227, 28.2781], [85.69221, 28.27796], [85.69213, 28.27786], [85.69205, 28.2778], [85.69175, 28.27778], [85.69154, 28.27784], [85.69148, 28.27801], [85.69137, 28.27817], [85.69116, 28.27834], [85.69083, 28.27839], [85.69044, 28.27839], [85.68971, 28.27824], [85.6893, 28.27786], [85.68916, 28.27749], [85.68921, 28.2771], [85.68941, 28.27671], [85.68961, 28.27642], [85.68974, 28.27623], [85.68963, 28.27605], [85.68941, 28.27597], [85.68919, 28.27583], [85.68905, 28.27557], [85.68916, 28.27513], [85.68927, 28.27488], [85.68944, 28.27477], [85.68995, 28.27468], [85.69029, 28.27462], [85.69044, 28.27454], [85.69052, 28.27433], [85.69169, 28.27474], [85.69373, 28.27576]]]}}, {"type": "Feature", "properties": {"km2": 0.513, "name": null, "near_source_5km": false}, "geometry": {"type": "Polygon", "coordinates": [[[85.69052, 28.27433], [85.69033, 28.27407], [85.69002, 28.27391], [85.68974, 28.27363], [85.68969, 28.27321], [85.68983, 28.27275], [85.69013, 28.27224], [85.69037, 28.27204], [85.69095, 28.27193], [85.6912, 28.27193], [85.69156, 28.27194], [85.69205, 28.2719], [85.69248, 28.27169], [85.69283, 28.27142], [85.69299, 28.27131], [85.69344, 28.2711], [85.69393, 28.271], [85.69445, 28.27104], [85.69491, 28.27089], [85.69536, 28.27058], [85.69586, 28.27032], [85.69631, 28.27021], [85.69703, 28.27021], [85.69779, 28.27031], [85.69823, 28.27061], [85.69905, 28.27105], [85.69958, 28.27146], [85.69999, 28.27187], [85.70031, 28.27228], [85.70031, 28.27256], [85.70021, 28.27276], [85.69983, 28.27309], [85.69954, 28.27323], [85.69925, 28.27326], [85.69882, 28.27309], [85.69856, 28.27287], [85.69817, 28.27271], [85.69778, 28.27271], [85.69752, 28.27297], [85.69745, 28.27325], [85.69745, 28.27383], [85.69757, 28.27404], [85.69804, 28.27428], [85.69845, 28.27442], [85.69868, 28.27464], [85.69902, 28.27498], [85.69996, 28.27538], [85.70061, 28.27613], [85.70081, 28.27653], [85.70089, 28.27689], [85.70088, 28.27734], [85.7007, 28.27745], [85.70051, 28.27745], [85.70027, 28.2774], [85.6998, 28.27729], [85.69947, 28.27732], [85.69927, 28.27742], [85.69908, 28.27755], [85.69876, 28.27766], [85.6986, 28.27765], [85.69847, 28.27749], [85.69835, 28.27712], [85.69801, 28.27699], [85.69767, 28.27697], [85.69743, 28.27694], [85.69715, 28.27684], [85.697, 28.27675], [85.69688, 28.27651], [85.69678, 28.27634], [85.69665, 28.27633], [85.69652, 28.27647], [85.69643, 28.27661], [85.69617, 28.27673], [85.69554, 28.27667], [85.69511, 28.27649], [85.69465, 28.27623], [85.69446, 28.27606], [85.69422, 28.27587], [85.69391, 28.27574], [85.69373, 28.27576], [85.69169, 28.27474], [85.69052, 28.27433]]]}}, {"type": "Feature", "properties": {"km2": 10.008, "name": "Shalbachum Glacier", "near_source_5km": false}, "geometry": {"type": "Polygon", "coordinates": [[[85.62108, 28.26207], [85.62095, 28.26189], [85.62073, 28.26133], [85.62046, 28.2611], [85.62034, 28.26084], [85.62006, 28.26075], [85.6197, 28.26109], [85.61958, 28.26102], [85.61948, 28.26099], [85.61942, 28.26098], [85.61902, 28.26093], [85.61872, 28.26087], [85.61821, 28.26072], [85.61816, 28.25987], [85.61818, 28.25961], [85.61866, 28.25919], [85.61787, 28.25903], [85.61726, 28.25885], [85.61686, 28.25878], [85.6166, 28.25895], [85.61645, 28.25902], [85.61628, 28.259], [85.61612, 28.25892], [85.61597, 28.25883], [85.61581, 28.25879], [85.61553, 28.25877], [85.61517, 28.25878], [85.61453, 28.2575], [85.61469, 28.25709], [85.61483, 28.25669], [85.61496, 28.2564], [85.61509, 28.25635], [85.61528, 28.25634], [85.6155, 28.2563], [85.6156, 28.25626], [85.61558, 28.25604], [85.61536, 28.25584], [85.6152, 28.25576], [85.61483, 28.2556], [85.61459, 28.25534], [85.61454, 28.25508], [85.61458, 28.25488], [85.61465, 28.25458], [85.61462, 28.25435], [85.61447, 28.25423], [85.61355, 28.25345], [85.61307, 28.25318], [85.6124, 28.25274], [85.61194, 28.25235], [85.61169, 28.25204], [85.61163, 28.25161], [85.61156, 28.25108], [85.61406, 28.24884], [85.61376, 28.24605], [85.61475, 28.24634], [85.61565, 28.24648], [85.61677, 28.24632], [85.61749, 28.24607], [85.61803, 28.24572], [85.61817, 28.24534], [85.61817, 28.24506], [85.61774, 28.2445], [85.61773, 28.24427], [85.61785, 28.244], [85.62075, 28.24351], [85.62169, 28.24355], [85.62106, 28.24433], [85.62037, 28.24467], [85.6202, 28.2449], [85.62034, 28.24526], [85.62096, 28.24532], [85.62178, 28.24526], [85.62267, 28.24486], [85.62365, 28.24447], [85.62415, 28.24426], [85.62483, 28.2442], [85.62577, 28.24414], [85.62613, 28.2442], [85.6265, 28.24442], [85.62689, 28.24459], [85.6273, 28.24478], [85.628, 28.24492], [85.62864, 28.24499], [85.62966, 28.24476], [85.63023, 28.24444], [85.63104, 28.24378], [85.63178, 28.24279], [85.63233, 28.24203], [85.63379, 28.23979], [85.63515, 28.2382], [85.63618, 28.23702], [85.63801, 28.23559], [85.63925, 28.23402], [85.64026, 28.2327], [85.64136, 28.2311], [85.64249, 28.22938], [85.6447, 28.22652], [85.64641, 28.2244], [85.64726, 28.22368], [85.64872, 28.22283], [85.65257, 28.22053], [85.65615, 28.21807], [85.65769, 28.21667], [85.65896, 28.21519], [85.65961, 28.21358], [85.65979, 28.21317], [85.66001, 28.21276], [85.66064, 28.2123], [85.66112, 28.21217], [85.66172, 28.21221], [85.66191, 28.21236], [85.66217, 28.21247], [85.6623, 28.21277], [85.66224, 28.21405], [85.66168, 28.21588], [85.66111, 28.21705], [85.66056, 28.21777], [85.6589, 28.21922], [85.65778, 28.22001], [85.65628, 28.22103], [85.65479, 28.22168], [85.65282, 28.22302], [85.65132, 28.22426], [85.65014, 28.22587], [85.64886, 28.2274], [85.64664, 28.23011], [85.64462, 28.23235], [85.64402, 28.23339], [85.64348, 28.2345], [85.64282, 28.23616], [85.6423, 28.23676], [85.64117, 28.23804], [85.64032, 28.239], [85.63963, 28.23996], [85.6388, 28.24176], [85.63826, 28.24309], [85.63761, 28.24505], [85.63742, 28.24612], [85.63739, 28.24787], [85.63747, 28.24929], [85.63803, 28.25106], [85.63828, 28.25173], [85.63877, 28.25225], [85.63946, 28.25292], [85.64026, 28.25417], [85.64072, 28.2546], [85.64148, 28.25515], [85.64221, 28.25559], [85.64335, 28.25596], [85.64462, 28.25615], [85.64576, 28.25584], [85.64616, 28.25567], [85.64676, 28.25562], [85.64813, 28.25578], [85.64971, 28.25599], [85.6503, 28.25599], [85.65091, 28.25599], [85.65144, 28.25616], [85.65203, 28.25669], [85.65334, 28.25771], [85.65387, 28.25867], [85.65451, 28.25921], [85.65503, 28.25961], [85.65552, 28.26018], [85.65569, 28.2608], [85.65579, 28.26182], [85.6555, 28.26272], [85.65508, 28.26346], [85.65503, 28.26389], [85.65518, 28.26434], [85.6559, 28.26461], [85.6565, 28.2647], [85.6575, 28.26472], [85.65862, 28.26494], [85.65973, 28.26557], [85.66006, 28.2662], [85.66012, 28.26671], [85.65999, 28.26739], [85.65918, 28.26834], [85.65849, 28.26874], [85.65779, 28.26893], [85.65749, 28.2697], [85.65758, 28.27042], [85.65782, 28.27069], [85.65819, 28.27118], [85.65831, 28.27273], [85.65933, 28.27387], [85.65947, 28.27424], [85.65927, 28.27468], [85.65868, 28.27517], [85.65777, 28.27567], [85.65778, 28.27713], [85.65803, 28.27793], [85.65876, 28.27878], [85.65921, 28.27917], [85.66031, 28.2798], [85.66062, 28.2804], [85.66061, 28.28146], [85.65979, 28.28195], [85.65918, 28.28225], [85.65815, 28.28241], [85.65723, 28.2827], [85.65639, 28.28311], [85.65595, 28.28359], [85.65595, 28.28419], [85.65624, 28.28498], [85.65711, 28.28562], [85.65771, 28.28602], [85.65912, 28.28642], [85.66017, 28.2864], [85.66099, 28.28647], [85.66125, 28.28684], [85.66113, 28.28733], [85.66108, 28.28781], [85.66122, 28.28834], [85.66136, 28.28877], [85.66129, 28.2891], [85.66071, 28.29004], [85.66014, 28.29064], [85.65995, 28.29113], [85.66005, 28.29183], [85.66042, 28.29246], [85.66142, 28.29358], [85.66156, 28.29423], [85.66158, 28.29474], [85.66149, 28.29523], [85.66168, 28.29571], [85.66208, 28.29596], [85.66255, 28.29619], [85.66338, 28.29657], [85.66371, 28.29659], [85.66406, 28.2965], [85.66421, 28.29634], [85.66433, 28.29606], [85.66451, 28.29577], [85.66468, 28.29565], [85.66512, 28.29565], [85.66588, 28.29581], [85.6665, 28.29595], [85.66687, 28.29631], [85.66686, 28.2966], [85.66666, 28.29725], [85.66626, 28.29791], [85.66579, 28.29852], [85.66569, 28.29953], [85.66557, 28.29982], [85.6652, 28.30045], [85.66399, 28.30171], [85.66309, 28.30261], [85.6627, 28.30302], [85.66237, 28.3033], [85.66198, 28.30339], [85.66159, 28.30326], [85.66109, 28.30303], [85.66095, 28.30282], [85.66104, 28.30265], [85.66121, 28.30256], [85.66124, 28.30236], [85.66108, 28.3022], [85.65993, 28.30156], [85.65868, 28.30071], [85.65718, 28.29972], [85.65594, 28.29881], [85.65547, 28.29818], [85.65513, 28.29783], [85.65483, 28.29724], [85.65466, 28.29682], [85.65469, 28.2961], [85.65458, 28.29574], [85.65426, 28.2956], [85.65359, 28.29553], [85.65318, 28.2952], [85.6527, 28.2948], [85.6523, 28.29429], [85.65182, 28.29368], [85.65057, 28.29266], [85.65036, 28.29126], [85.65022, 28.2905], [85.6495, 28.28981], [85.64828, 28.28953], [85.64754, 28.28911], [85.64708, 28.28859], [85.64686, 28.28797], [85.64706, 28.28755], [85.64755, 28.28738], [85.64801, 28.28734], [85.64859, 28.28703], [85.64901, 28.28627], [85.64913, 28.2855], [85.64892, 28.28485], [85.64806, 28.28433], [85.64735, 28.28376], [85.64728, 28.28348], [85.64728, 28.28286], [85.64752, 28.28234], [85.64745, 28.2818], [85.64699, 28.28124], [85.64676, 28.28051], [85.64645, 28.27994], [85.64611, 28.27887], [85.64545, 28.27785], [85.64494, 28.27757], [85.64447, 28.27734], [85.64384, 28.27721], [85.64355, 28.277], [85.6435, 28.27645], [85.64372, 28.27591], [85.64435, 28.27536], [85.64469, 28.27481], [85.64489, 28.27409], [85.64498, 28.27347], [85.64542, 28.27275], [85.64602, 28.2723], [85.64647, 28.27193], [85.64678, 28.27116], [85.64663, 28.27028], [85.64663, 28.26952], [85.64697, 28.26884], [85.6478, 28.26802], [85.64887, 28.26739], [85.6493, 28.26686], [85.64928, 28.26604], [85.64875, 28.2649], [85.6471, 28.26342], [85.64473, 28.26163], [85.64317, 28.2603], [85.64161, 28.25963], [85.64029, 28.25937], [85.63893, 28.25901], [85.63792, 28.25874], [85.63704, 28.25832], [85.63609, 28.25766], [85.63571, 28.25693], [85.63578, 28.25612], [85.63595, 28.25535], [85.63584, 28.25453], [85.63506, 28.25327], [85.6349, 28.25258], [85.63454, 28.25208], [85.63384, 28.25143], [85.63332, 28.25065], [85.63306, 28.24989], [85.63274, 28.24941], [85.63207, 28.2485], [85.63094, 28.24792], [85.62998, 28.24768], [85.62928, 28.24766], [85.62864, 28.24781], [85.62791, 28.24768], [85.62681, 28.24714], [85.62616, 28.24691], [85.62558, 28.24684], [85.6247, 28.24691], [85.62382, 28.24738], [85.62263, 28.24806], [85.62197, 28.24868], [85.62173, 28.24912], [85.62175, 28.24961], [85.62192, 28.24995], [85.62201, 28.25035], [85.62187, 28.25073], [85.62177, 28.25097], [85.62174, 28.25163], [85.62174, 28.25217], [85.62199, 28.25258], [85.62254, 28.25276], [85.62308, 28.25304], [85.62326, 28.25335], [85.62345, 28.25395], [85.62366, 28.25436], [85.62369, 28.25474], [85.62353, 28.25509], [85.62346, 28.25544], [85.62343, 28.25575], [85.62353, 28.25638], [85.62355, 28.25715], [85.62355, 28.25745], [85.62387, 28.25796], [85.62448, 28.25859], [85.62527, 28.25929], [85.62634, 28.25992], [85.62667, 28.26051], [85.62654, 28.26128], [85.62619, 28.26196], [85.62614, 28.263], [85.62618, 28.26374], [85.62617, 28.26435], [85.62613, 28.26485], [85.62587, 28.26477], [85.62573, 28.2647], [85.62554, 28.26459], [85.62527, 28.26437], [85.62493, 28.26419], [85.62476, 28.26412], [85.62446, 28.26403], [85.62426, 28.26398], [85.62402, 28.26395], [85.62361, 28.26393], [85.62305, 28.26393], [85.62271, 28.2639], [85.62259, 28.26386], [85.6223, 28.26364], [85.62192, 28.26333], [85.62155, 28.26307], [85.62113, 28.26278], [85.62108, 28.26207]]]}}, {"type": "Feature", "properties": {"km2": 0.519, "name": null, "near_source_5km": false}, "geometry": {"type": "Polygon", "coordinates": [[[85.67264, 28.27051], [85.67208, 28.27077], [85.67148, 28.2707], [85.67108, 28.27047], [85.67042, 28.26996], [85.66969, 28.2695], [85.66909, 28.26949], [85.66851, 28.26955], [85.66825, 28.26968], [85.66764, 28.26978], [85.66742, 28.26969], [85.66728, 28.26943], [85.66722, 28.26899], [85.66719, 28.26854], [85.66663, 28.26828], [85.66631, 28.26797], [85.66616, 28.26757], [85.66613, 28.2673], [85.66629, 28.2669], [85.66638, 28.26653], [85.66618, 28.26558], [85.66634, 28.26487], [85.66692, 28.26382], [85.66725, 28.2634], [85.66842, 28.26303], [85.66941, 28.26264], [85.67007, 28.26254], [85.67045, 28.2626], [85.67077, 28.26281], [85.67106, 28.26309], [85.67105, 28.26328], [85.67134, 28.26358], [85.67156, 28.2637], [85.67175, 28.26389], [85.67174, 28.26404], [85.67177, 28.26431], [85.67208, 28.26458], [85.67257, 28.26519], [85.6731, 28.26573], [85.67346, 28.26606], [85.67368, 28.26634], [85.67408, 28.26682], [85.67419, 28.26722], [85.67414, 28.26766], [85.67431, 28.26798], [85.67444, 28.26799], [85.67479, 28.2679], [85.67512, 28.26804], [85.67525, 28.26829], [85.67512, 28.26854], [85.67452, 28.26939], [85.67406, 28.26968], [85.67354, 28.26996], [85.67264, 28.27051]]]}}, {"type": "Feature", "properties": {"km2": 1.17, "name": null, "near_source_5km": false}, "geometry": {"type": "Polygon", "coordinates": [[[85.66742, 28.25599], [85.66774, 28.2563], [85.66818, 28.25658], [85.66898, 28.25678], [85.66981, 28.25697], [85.67034, 28.25695], [85.671, 28.2568], [85.67132, 28.25663], [85.67155, 28.25647], [85.67161, 28.25625], [85.67158, 28.25605], [85.67159, 28.25588], [85.67166, 28.25568], [85.67191, 28.25565], [85.67202, 28.25571], [85.67263, 28.25613], [85.67298, 28.25622], [85.67341, 28.25617], [85.67409, 28.25598], [85.67567, 28.25531], [85.67617, 28.25502], [85.67664, 28.25449], [85.67719, 28.254], [85.67757, 28.25364], [85.67874, 28.25287], [85.67972, 28.25258], [85.68038, 28.25229], [85.68231, 28.251], [85.68398, 28.25011], [85.68522, 28.24915], [85.68589, 28.24834], [85.68689, 28.24713], [85.68819, 28.24596], [85.68944, 28.24499], [85.69141, 28.24378], [85.69206, 28.24316], [85.69339, 28.24242], [85.69393, 28.24195], [85.69388, 28.24147], [85.69357, 28.24089], [85.69342, 28.24082], [85.69327, 28.24081], [85.69259, 28.24123], [85.69216, 28.24169], [85.69118, 28.24263], [85.69008, 28.24323], [85.689, 28.24354], [85.68718, 28.24445], [85.68392, 28.24673], [85.68272, 28.24834], [85.68163, 28.24949], [85.67996, 28.25065], [85.6787, 28.25141], [85.67767, 28.25225], [85.67629, 28.25296], [85.67573, 28.25294], [85.6754, 28.25274], [85.67507, 28.2524], [85.67452, 28.25223], [85.67363, 28.25239], [85.673, 28.2527], [85.67219, 28.25287], [85.67122, 28.25309], [85.67056, 28.25309], [85.67011, 28.25287], [85.66974, 28.25255], [85.66871, 28.25137], [85.66758, 28.25065], [85.66612, 28.25015], [85.66518, 28.2499], [85.66425, 28.24997], [85.66367, 28.25034], [85.66334, 28.25083], [85.66294, 28.25147], [85.66276, 28.25206], [85.66292, 28.25264], [85.66341, 28.2531], [85.66401, 28.25347], [85.66456, 28.25393], [85.66481, 28.25442], [85.66492, 28.25496], [85.66476, 28.25558], [85.66433, 28.25619], [85.66406, 28.25732], [85.66403, 28.25799], [85.66388, 28.25878], [85.66321, 28.25945], [85.6626, 28.26005], [85.66191, 28.26018], [85.66128, 28.2603], [85.66073, 28.261], [85.66077, 28.26166], [85.6609, 28.26228], [85.66113, 28.26258], [85.6619, 28.26346], [85.66226, 28.26367], [85.66316, 28.26363], [85.66355, 28.26346], [85.66401, 28.26295], [85.66458, 28.26215], [85.66499, 28.26112], [85.66487, 28.26049], [85.66482, 28.25972], [85.66492, 28.25943], [85.66504, 28.25874], [85.66503, 28.25828], [85.66497, 28.25759], [85.66524, 28.25703], [85.66566, 28.25638], [85.66607, 28.25585], [85.6665, 28.25559], [85.6669, 28.25561], [85.66742, 28.25599]]]}}, {"type": "Feature", "properties": {"km2": 0.019, "name": null, "near_source_5km": false}, "geometry": {"type": "Polygon", "coordinates": [[[85.66879, 28.27172], [85.66849, 28.27185], [85.66837, 28.27204], [85.66842, 28.27249], [85.66846, 28.2729], [85.66828, 28.27321], [85.66803, 28.27323], [85.66785, 28.273], [85.66768, 28.27267], [85.66747, 28.2724], [85.66745, 28.27213], [85.66784, 28.27155], [85.6681, 28.27129], [85.66852, 28.27113], [85.6688, 28.27123], [85.66909, 28.2713], [85.66919, 28.27148], [85.66917, 28.27167], [85.66901, 28.27172], [85.66879, 28.27172]]]}}, {"type": "Feature", "properties": {"km2": 0.024, "name": null, "near_source_5km": false}, "geometry": {"type": "Polygon", "coordinates": [[[85.67123, 28.24741], [85.67091, 28.24725], [85.67068, 28.24708], [85.67053, 28.24677], [85.67061, 28.24653], [85.67077, 28.24634], [85.67103, 28.24611], [85.67129, 28.24595], [85.67145, 28.24557], [85.67167, 28.24545], [85.67188, 28.24546], [85.67208, 28.24563], [85.67218, 28.24581], [85.67231, 28.24621], [85.67227, 28.24648], [85.67206, 28.24672], [85.67183, 28.24701], [85.67179, 28.2472], [85.67171, 28.24733], [85.67154, 28.24739], [85.67123, 28.24741]]]}}, {"type": "Feature", "properties": {"km2": 0.144, "name": null, "near_source_5km": false}, "geometry": {"type": "Polygon", "coordinates": [[[85.66176, 28.24208], [85.66144, 28.24258], [85.66141, 28.24289], [85.66141, 28.24362], [85.66141, 28.24438], [85.66144, 28.24558], [85.66185, 28.24622], [85.66213, 28.24643], [85.66287, 28.24641], [85.66343, 28.24629], [85.66403, 28.24632], [85.66443, 28.24637], [85.66465, 28.24609], [85.66463, 28.24573], [85.66431, 28.24527], [85.66427, 28.24491], [85.66425, 28.24461], [85.66399, 28.24422], [85.66394, 28.24373], [85.66379, 28.243], [85.66396, 28.2426], [85.66417, 28.24213], [85.66404, 28.24137], [85.66345, 28.24082], [85.66304, 28.24077], [85.66278, 28.24117], [85.66243, 28.24166], [85.66176, 28.24208]]]}}, {"type": "Feature", "properties": {"km2": 0.072, "name": null, "near_source_5km": false}, "geometry": {"type": "Polygon", "coordinates": [[[85.66648, 28.24611], [85.66626, 28.24598], [85.66618, 28.24579], [85.66622, 28.24548], [85.66641, 28.24523], [85.66683, 28.24494], [85.66726, 28.24452], [85.66745, 28.24416], [85.66758, 28.24395], [85.66786, 28.24382], [85.6681, 28.24406], [85.66805, 28.24465], [85.66795, 28.24563], [85.66797, 28.24616], [85.66813, 28.24646], [85.66817, 28.24674], [85.66809, 28.24736], [85.66767, 28.24766], [85.66713, 28.24779], [85.66656, 28.24778], [85.6659, 28.24752], [85.66542, 28.24711], [85.66527, 28.2467], [85.66523, 28.24626], [85.66557, 28.24611], [85.66588, 28.24622], [85.66606, 28.24639], [85.66624, 28.2466], [85.6664, 28.24662], [85.66654, 28.2465], [85.66656, 28.24624], [85.66648, 28.24611]]]}}, {"type": "Feature", "properties": {"km2": 1.954, "name": null, "near_source_5km": false}, "geometry": {"type": "Polygon", "coordinates": [[[85.64973, 28.24994], [85.64869, 28.2489], [85.64713, 28.24827], [85.6463, 28.24769], [85.64597, 28.24738], [85.64598, 28.24679], [85.64657, 28.24616], [85.64705, 28.24569], [85.64753, 28.24545], [85.64823, 28.24511], [85.64863, 28.24415], [85.649, 28.2435], [85.64902, 28.24285], [85.64928, 28.24237], [85.6499, 28.24194], [85.65033, 28.24194], [85.65132, 28.24185], [85.65189, 28.24167], [85.6521, 28.24133], [85.65195, 28.24091], [85.65165, 28.24062], [85.65141, 28.24021], [85.65141, 28.23974], [85.65175, 28.23922], [85.65276, 28.23903], [85.65405, 28.23901], [85.65471, 28.23896], [85.65557, 28.23864], [85.65662, 28.23771], [85.65672, 28.23729], [85.65668, 28.23667], [85.65662, 28.2362], [85.65683, 28.23578], [85.65773, 28.2353], [85.65804, 28.23474], [85.65926, 28.23403], [85.65983, 28.23389], [85.66073, 28.2339], [85.66134, 28.2339], [85.66169, 28.23372], [85.66204, 28.23345], [85.66277, 28.23299], [85.66386, 28.23298], [85.66461, 28.23342], [85.66476, 28.23442], [85.66423, 28.2357], [85.66391, 28.23679], [85.66269, 28.23906], [85.6621, 28.23988], [85.66174, 28.24087], [85.66123, 28.24156], [85.66094, 28.24222], [85.6607, 28.24298], [85.66087, 28.24438], [85.66092, 28.24478], [85.66106, 28.24606], [85.66126, 28.24705], [85.66108, 28.24745], [85.6606, 28.24793], [85.65956, 28.24873], [85.65821, 28.25009], [85.65723, 28.25057], [85.65656, 28.25079], [85.65601, 28.25101], [85.6558, 28.25138], [85.65582, 28.25169], [85.65587, 28.252], [85.65576, 28.2524], [85.65533, 28.25268], [85.6549, 28.25271], [85.6542, 28.25266], [85.6535, 28.25225], [85.65317, 28.25186], [85.65263, 28.25133], [85.65215, 28.25098], [85.6514, 28.25067], [85.65081, 28.25047], [85.65007, 28.25023], [85.64973, 28.24994]]]}}, {"type": "Feature", "properties": {"km2": 2.019, "name": "Yala Glacier", "near_source_5km": false}, "geometry": {"type": "Polygon", "coordinates": [[[85.62549, 28.23248], [85.62507, 28.23459], [85.62407, 28.23871], [85.62366, 28.24033], [85.62203, 28.24087], [85.62144, 28.2413], [85.62099, 28.24059], [85.61808, 28.24154], [85.61762, 28.24295], [85.6169, 28.24367], [85.6156, 28.24376], [85.61502, 28.24362], [85.61423, 28.24361], [85.61354, 28.24398], [85.613, 28.24457], [85.61255, 28.24467], [85.61187, 28.24455], [85.61125, 28.24466], [85.61081, 28.24529], [85.61063, 28.24559], [85.61066, 28.24598], [85.61096, 28.24631], [85.61103, 28.24668], [85.61119, 28.24707], [85.61163, 28.24724], [85.61173, 28.24684], [85.61376, 28.24605], [85.61406, 28.24884], [85.61156, 28.25108], [85.61079, 28.25026], [85.61043, 28.25007], [85.61021, 28.25001], [85.60948, 28.24981], [85.60883, 28.24945], [85.60815, 28.24899], [85.60717, 28.24768], [85.60578, 28.24704], [85.6048, 28.24609], [85.60341, 28.24472], [85.60346, 28.24413], [85.60341, 28.24345], [85.60341, 28.2429], [85.6032, 28.24248], [85.60254, 28.24192], [85.60232, 28.24175], [85.60218, 28.24165], [85.60177, 28.24124], [85.60178, 28.24085], [85.60214, 28.24047], [85.60275, 28.24042], [85.60319, 28.24067], [85.60371, 28.24086], [85.60433, 28.24073], [85.60474, 28.24041], [85.60514, 28.24019], [85.60548, 28.24001], [85.60587, 28.24001], [85.60627, 28.2404], [85.60654, 28.24081], [85.60706, 28.2416], [85.60729, 28.24192], [85.60748, 28.24208], [85.6079, 28.24215], [85.60797, 28.24202], [85.60777, 28.24154], [85.60771, 28.24123], [85.60786, 28.241], [85.60855, 28.24063], [85.60911, 28.24049], [85.61001, 28.24057], [85.6105, 28.24056], [85.61116, 28.24018], [85.61118, 28.23951], [85.61095, 28.23851], [85.61073, 28.23756], [85.61045, 28.23701], [85.61017, 28.23676], [85.61006, 28.2366], [85.60982, 28.23629], [85.60975, 28.23583], [85.6103, 28.23558], [85.61051, 28.23554], [85.6106, 28.23528], [85.61097, 28.23515], [85.61109, 28.23529], [85.61127, 28.23532], [85.61288, 28.23493], [85.61512, 28.23489], [85.61555, 28.2346], [85.61692, 28.23399], [85.61814, 28.23395], [85.61955, 28.23385], [85.62002, 28.23353], [85.62054, 28.23345], [85.62111, 28.23323], [85.62184, 28.23317], [85.62218, 28.23275], [85.62218, 28.23251], [85.62256, 28.23228], [85.62299, 28.2322], [85.62331, 28.23242], [85.62391, 28.23219], [85.6239, 28.23193], [85.62462, 28.23189], [85.62491, 28.23197], [85.62538, 28.23228], [85.62549, 28.23248]]]}}, {"type": "Feature", "properties": {"km2": 0.162, "name": null, "near_source_5km": false}, "geometry": {"type": "Polygon", "coordinates": [[[85.63874, 28.26944], [85.63884, 28.26888], [85.63935, 28.26804], [85.64008, 28.26779], [85.64067, 28.26786], [85.64122, 28.26861], [85.64135, 28.26951], [85.6419, 28.27019], [85.64194, 28.27086], [85.64171, 28.27136], [85.64141, 28.27174], [85.64002, 28.27258], [85.63847, 28.27303], [85.63726, 28.27323], [85.63685, 28.27294], [85.63661, 28.27269], [85.63685, 28.27248], [85.63725, 28.27242], [85.63782, 28.27212], [85.63811, 28.27164], [85.63827, 28.27111], [85.63837, 28.2706], [85.63874, 28.26944]]]}}, {"type": "Feature", "properties": {"km2": 3.639, "name": "Kimshung Glacier", "near_source_5km": false}, "geometry": {"type": "Polygon", "coordinates": [[[85.57755, 28.26049], [85.57845, 28.25983], [85.5791, 28.25925], [85.57954, 28.25855], [85.58051, 28.25692], [85.58209, 28.25469], [85.58356, 28.25308], [85.58426, 28.25233], [85.58447, 28.25199], [85.58474, 28.25112], [85.58485, 28.25039], [85.58453, 28.24957], [85.58409, 28.24922], [85.58361, 28.24905], [85.58307, 28.24869], [85.58298, 28.2478], [85.58302, 28.24736], [85.5826, 28.24687], [85.58214, 28.24674], [85.58166, 28.24679], [85.58143, 28.24694], [85.5811, 28.24724], [85.58084, 28.24726], [85.58045, 28.24711], [85.58017, 28.24672], [85.5799, 28.24578], [85.5795, 28.24169], [85.57948, 28.23971], [85.57948, 28.23831], [85.57934, 28.23771], [85.57895, 28.23719], [85.5784, 28.23649], [85.57768, 28.23607], [85.57637, 28.23572], [85.57556, 28.23574], [85.57458, 28.23579], [85.57427, 28.23601], [85.57399, 28.23649], [85.57678, 28.24621], [85.57718, 28.24762], [85.57725, 28.248], [85.57728, 28.24838], [85.57718, 28.24895], [85.57689, 28.24917], [85.57604, 28.24965], [85.57432, 28.25065], [85.57379, 28.25098], [85.57316, 28.25131], [85.57221, 28.25199], [85.57173, 28.2524], [85.57095, 28.2528], [85.57007, 28.25316], [85.56942, 28.25331], [85.56899, 28.25356], [85.56854, 28.25395], [85.56825, 28.25445], [85.56811, 28.25491], [85.56815, 28.25538], [85.56774, 28.25674], [85.5672, 28.25904], [85.56661, 28.2602], [85.56544, 28.26214], [85.5646, 28.26297], [85.56379, 28.26333], [85.56249, 28.26497], [85.562, 28.26652], [85.56181, 28.26769], [85.56195, 28.26902], [85.56195, 28.26947], [85.56156, 28.26994], [85.56087, 28.27029], [85.56032, 28.27041], [85.55991, 28.27026], [85.55945, 28.27005], [85.55876, 28.27005], [85.558, 28.27013], [85.55758, 28.2703], [85.55733, 28.2705], [85.55692, 28.271], [85.55687, 28.27136], [85.55692, 28.27162], [85.55734, 28.27203], [85.5578, 28.27221], [85.55839, 28.27229], [85.55855, 28.27245], [85.55837, 28.27275], [85.55806, 28.27282], [85.55766, 28.27289], [85.55751, 28.27305], [85.55745, 28.2733], [85.55757, 28.27389], [85.5579, 28.27429], [85.55831, 28.27464], [85.55943, 28.27478], [85.56138, 28.27416], [85.56564, 28.27279], [85.56779, 28.2725], [85.56917, 28.26948], [85.57123, 28.26904], [85.57571, 28.26219], [85.57755, 28.26049]]]}}, {"type": "Feature", "properties": {"km2": 0.053, "name": null, "near_source_5km": true}, "geometry": {"type": "Polygon", "coordinates": [[[85.56012, 28.25301], [85.55999, 28.25281], [85.55981, 28.25253], [85.5597, 28.25237], [85.5596, 28.25222], [85.55968, 28.25203], [85.55978, 28.25189], [85.55982, 28.25175], [85.5597, 28.2516], [85.55949, 28.25139], [85.55941, 28.25121], [85.55946, 28.25105], [85.55971, 28.2509], [85.55992, 28.2509], [85.56019, 28.25104], [85.56044, 28.25122], [85.56057, 28.25136], [85.56065, 28.25179], [85.56065, 28.25197], [85.5607, 28.25231], [85.56102, 28.25247], [85.56153, 28.25261], [85.56198, 28.25286], [85.56229, 28.25313], [85.56236, 28.25355], [85.56222, 28.25394], [85.56199, 28.25433], [85.56168, 28.2545], [85.56141, 28.25446], [85.5613, 28.25416], [85.56119, 28.25396], [85.56095, 28.25391], [85.56069, 28.25397], [85.56034, 28.25409], [85.56019, 28.25398], [85.56018, 28.25371], [85.56019, 28.25334], [85.56012, 28.25301]]]}}, {"type": "Feature", "properties": {"km2": 0.037, "name": null, "near_source_5km": true}, "geometry": {"type": "Polygon", "coordinates": [[[85.48289, 28.24438], [85.48351, 28.24479], [85.4839, 28.24503], [85.48413, 28.24541], [85.48412, 28.24578], [85.48391, 28.24627], [85.48355, 28.24646], [85.48308, 28.24646], [85.48264, 28.2463], [85.48248, 28.24603], [85.48246, 28.24573], [85.48233, 28.24542], [85.48208, 28.24511], [85.48191, 28.24492], [85.48181, 28.24477], [85.48181, 28.24457], [85.4818, 28.24436], [85.4819, 28.24428], [85.48228, 28.24423], [85.48289, 28.24438]]]}}, {"type": "Feature", "properties": {"km2": 0.059, "name": null, "near_source_5km": false}, "geometry": {"type": "Polygon", "coordinates": [[[85.4711, 28.24197], [85.47127, 28.24162], [85.47153, 28.24121], [85.47186, 28.24076], [85.47214, 28.24066], [85.47245, 28.24069], [85.47268, 28.24092], [85.47276, 28.24138], [85.47269, 28.242], [85.4727, 28.24257], [85.47245, 28.2431], [85.47198, 28.24347], [85.47171, 28.24403], [85.47142, 28.24453], [85.471, 28.24479], [85.47063, 28.24482], [85.4705, 28.2442], [85.47053, 28.24378], [85.47063, 28.24333], [85.47068, 28.24305], [85.47111, 28.2426], [85.4711, 28.24197]]]}}, {"type": "Feature", "properties": {"km2": 0.652, "name": null, "near_source_5km": false}, "geometry": {"type": "Polygon", "coordinates": [[[85.48954, 28.24012], [85.48995, 28.24079], [85.49001, 28.24175], [85.48975, 28.24317], [85.48921, 28.2438], [85.48852, 28.24396], [85.48813, 28.24372], [85.48796, 28.2431], [85.48778, 28.24244], [85.48757, 28.242], [85.48712, 28.24184], [85.48653, 28.24181], [85.48594, 28.24191], [85.48561, 28.24224], [85.48531, 28.24252], [85.48462, 28.24278], [85.48377, 28.2429], [85.48335, 28.24285], [85.48265, 28.24266], [85.48172, 28.24224], [85.4813, 28.24222], [85.48098, 28.24232], [85.48081, 28.24242], [85.4806, 28.24255], [85.48025, 28.24267], [85.47957, 28.24264], [85.47933, 28.24236], [85.47961, 28.24135], [85.4797, 28.24121], [85.48013, 28.24101], [85.48078, 28.24089], [85.48133, 28.241], [85.48217, 28.24092], [85.48263, 28.24065], [85.48281, 28.24033], [85.48281, 28.24003], [85.48291, 28.23867], [85.48375, 28.23713], [85.48682, 28.23486], [85.48781, 28.23397], [85.48963, 28.23314], [85.4903, 28.23342], [85.49066, 28.2341], [85.49066, 28.23451], [85.49099, 28.23495], [85.49132, 28.23544], [85.49141, 28.23615], [85.49116, 28.23661], [85.4906, 28.23702], [85.48994, 28.23763], [85.48903, 28.238], [85.48881, 28.23843], [85.48892, 28.23912], [85.48954, 28.24012]]]}}, {"type": "Feature", "properties": {"km2": 0.135, "name": null, "near_source_5km": false}, "geometry": {"type": "Polygon", "coordinates": [[[85.67785, 28.16288], [85.67845, 28.16298], [85.67909, 28.16312], [85.68052, 28.16282], [85.68124, 28.16242], [85.68165, 28.16174], [85.68166, 28.16125], [85.68144, 28.16069], [85.6811, 28.15991], [85.68097, 28.15912], [85.68135, 28.15803], [85.68201, 28.15718], [85.68237, 28.15707], [85.68226, 28.15651], [85.68181, 28.15658], [85.6816, 28.15638], [85.68087, 28.15818], [85.68021, 28.15885], [85.6792, 28.15932], [85.67785, 28.16288]]]}}, {"type": "Feature", "properties": {"km2": 0.485, "name": null, "near_source_5km": false}, "geometry": {"type": "Polygon", "coordinates": [[[85.66906, 28.16672], [85.66966, 28.16682], [85.67037, 28.16705], [85.67113, 28.16763], [85.67335, 28.16851], [85.67419, 28.1688], [85.67503, 28.16912], [85.67614, 28.16917], [85.67686, 28.16892], [85.6773, 28.1686], [85.67762, 28.1682], [85.67776, 28.16763], [85.67768, 28.16727], [85.67675, 28.16669], [85.67606, 28.16621], [85.67546, 28.1659], [85.67471, 28.16547], [85.67433, 28.16525], [85.67421, 28.16466], [85.67426, 28.16418], [85.67474, 28.16394], [85.67334, 28.16279], [85.6723, 28.16219], [85.67221, 28.16237], [85.67136, 28.16309], [85.67, 28.16354], [85.66927, 28.16374], [85.66874, 28.16399], [85.66833, 28.164], [85.66797, 28.16392], [85.66731, 28.1636], [85.66626, 28.16324], [85.66609, 28.16308], [85.66607, 28.1627], [85.66617, 28.1624], [85.66608, 28.16213], [85.6659, 28.16208], [85.66532, 28.16218], [85.66498, 28.16245], [85.66474, 28.16248], [85.66441, 28.16253], [85.66414, 28.16276], [85.66416, 28.16348], [85.66429, 28.16409], [85.66452, 28.16434], [85.66521, 28.16466], [85.66604, 28.16496], [85.66676, 28.16526], [85.66734, 28.16556], [85.6677, 28.16587], [85.6681, 28.16612], [85.66869, 28.16643], [85.66906, 28.16672]]]}}, {"type": "Feature", "properties": {"km2": 0.697, "name": null, "near_source_5km": false}, "geometry": {"type": "Polygon", "coordinates": [[[85.6792, 28.15932], [85.67837, 28.15945], [85.67693, 28.15895], [85.67541, 28.1582], [85.67477, 28.15806], [85.67377, 28.15809], [85.673, 28.1581], [85.67191, 28.1581], [85.67126, 28.15808], [85.66991, 28.15809], [85.66924, 28.15812], [85.66826, 28.15816], [85.66721, 28.15809], [85.66671, 28.1582], [85.66568, 28.15808], [85.66507, 28.158], [85.66374, 28.15742], [85.66286, 28.15719], [85.66169, 28.15693], [85.65964, 28.15718], [85.65873, 28.15744], [85.65818, 28.15782], [85.65803, 28.1581], [85.65801, 28.15857], [85.65821, 28.15899], [85.65849, 28.15923], [85.65901, 28.15947], [85.65953, 28.15968], [85.65973, 28.15979], [85.66002, 28.15983], [85.66159, 28.16001], [85.66214, 28.16028], [85.66271, 28.1606], [85.66409, 28.16149], [85.66466, 28.16162], [85.66524, 28.16164], [85.66577, 28.16161], [85.66644, 28.16137], [85.66685, 28.16104], [85.66718, 28.16047], [85.66724, 28.15987], [85.66721, 28.15949], [85.66734, 28.15922], [85.66755, 28.15907], [85.66796, 28.15889], [85.66858, 28.15883], [85.66886, 28.15908], [85.66881, 28.15954], [85.66861, 28.15999], [85.66841, 28.16054], [85.66883, 28.16084], [85.66923, 28.16099], [85.66964, 28.16094], [85.66999, 28.1606], [85.67023, 28.16029], [85.67053, 28.16015], [85.67111, 28.16028], [85.67159, 28.16032], [85.67212, 28.16028], [85.6725, 28.16018], [85.67291, 28.15997], [85.67338, 28.15995], [85.67363, 28.16013], [85.67353, 28.16055], [85.67324, 28.161], [85.67293, 28.16134], [85.67257, 28.16168], [85.6723, 28.16219], [85.67334, 28.16279], [85.67474, 28.16394], [85.67527, 28.16356], [85.67582, 28.16304], [85.67621, 28.1626], [85.67656, 28.16242], [85.67705, 28.16243], [85.6774, 28.16267], [85.67785, 28.16288], [85.6792, 28.15932]]]}}, {"type": "Feature", "properties": {"km2": 0.575, "name": null, "near_source_5km": false}, "geometry": {"type": "Polygon", "coordinates": [[[85.67686, 28.14166], [85.67683, 28.14143], [85.67685, 28.1411], [85.6771, 28.14069], [85.67752, 28.14061], [85.67778, 28.14063], [85.6781, 28.14059], [85.67823, 28.14046], [85.67832, 28.13996], [85.67795, 28.13976], [85.67762, 28.13969], [85.67717, 28.13936], [85.67678, 28.13912], [85.67617, 28.13908], [85.6758, 28.13916], [85.67539, 28.13935], [85.67482, 28.13944], [85.67439, 28.13938], [85.67407, 28.13915], [85.67395, 28.13878], [85.67389, 28.1386], [85.6737, 28.13841], [85.6736, 28.13832], [85.67324, 28.13811], [85.67305, 28.1379], [85.67292, 28.13726], [85.67268, 28.1366], [85.67258, 28.13633], [85.67264, 28.13561], [85.67288, 28.13518], [85.67331, 28.13482], [85.67357, 28.13453], [85.67357, 28.13433], [85.67331, 28.13416], [85.67283, 28.13411], [85.67194, 28.1342], [85.67123, 28.13417], [85.67045, 28.13394], [85.66996, 28.1338], [85.66913, 28.13371], [85.66822, 28.13364], [85.66761, 28.13384], [85.66697, 28.13422], [85.66643, 28.13475], [85.66621, 28.13512], [85.66629, 28.13586], [85.66656, 28.13615], [85.66688, 28.13631], [85.66751, 28.13664], [85.66812, 28.13741], [85.66836, 28.1379], [85.66848, 28.13833], [85.66831, 28.13913], [85.66825, 28.13967], [85.66846, 28.14006], [85.66864, 28.14031], [85.66892, 28.14058], [85.66924, 28.14077], [85.66968, 28.14092], [85.67008, 28.14099], [85.67044, 28.14105], [85.67059, 28.14121], [85.67048, 28.14149], [85.67068, 28.14191], [85.67289, 28.14212], [85.67432, 28.14217], [85.67686, 28.14166]]]}}, {"type": "Feature", "properties": {"km2": 1.132, "name": null, "near_source_5km": false}, "geometry": {"type": "Polygon", "coordinates": [[[85.65899, 28.17336], [85.65799, 28.17335], [85.65688, 28.17334], [85.65599, 28.17321], [85.65479, 28.17311], [85.65419, 28.17313], [85.65356, 28.17324], [85.65301, 28.17342], [85.65255, 28.17345], [85.65236, 28.17329], [85.65238, 28.17302], [85.65269, 28.17275], [85.65333, 28.17226], [85.65409, 28.17155], [85.65505, 28.17109], [85.65597, 28.17065], [85.65708, 28.17034], [85.65925, 28.16978], [85.66026, 28.16961], [85.66119, 28.16956], [85.66253, 28.16972], [85.66373, 28.16985], [85.66437, 28.16999], [85.66494, 28.1703], [85.66521, 28.17071], [85.66544, 28.17098], [85.66585, 28.17128], [85.66661, 28.17162], [85.66753, 28.17195], [85.6685, 28.1721], [85.66925, 28.1721], [85.67008, 28.17191], [85.67071, 28.17189], [85.67178, 28.1723], [85.67264, 28.17284], [85.6737, 28.1731], [85.67422, 28.17326], [85.67513, 28.17402], [85.67547, 28.17442], [85.67584, 28.1752], [85.67605, 28.17582], [85.67614, 28.17625], [85.67607, 28.17671], [85.6761, 28.17747], [85.67588, 28.17817], [85.67518, 28.17925], [85.67464, 28.17975], [85.67422, 28.1799], [85.67374, 28.1799], [85.67319, 28.17966], [85.67301, 28.17929], [85.67313, 28.17868], [85.67312, 28.17811], [85.67291, 28.17765], [85.67268, 28.17738], [85.6722, 28.17741], [85.67191, 28.17763], [85.67185, 28.17799], [85.67183, 28.17839], [85.67174, 28.17889], [85.67141, 28.17934], [85.67093, 28.17924], [85.67064, 28.17905], [85.66989, 28.17884], [85.66928, 28.17882], [85.66832, 28.17864], [85.6678, 28.17849], [85.66735, 28.17831], [85.66675, 28.17799], [85.66653, 28.17773], [85.6663, 28.17711], [85.66633, 28.17675], [85.66626, 28.17623], [85.66619, 28.17585], [85.66547, 28.17482], [85.66475, 28.17436], [85.66364, 28.17396], [85.66124, 28.1735], [85.65899, 28.17336]]]}}, {"type": "Feature", "properties": {"km2": 0.033, "name": null, "near_source_5km": false}, "geometry": {"type": "Polygon", "coordinates": [[[85.67384, 28.1839], [85.67324, 28.18385], [85.67284, 28.18357], [85.67224, 28.18316], [85.67185, 28.18297], [85.67163, 28.18286], [85.67167, 28.18248], [85.67192, 28.18231], [85.67222, 28.18239], [85.67255, 28.18259], [85.67291, 28.18278], [85.67366, 28.18281], [85.67395, 28.18262], [85.67467, 28.18264], [85.67487, 28.18289], [85.67483, 28.18344], [85.67461, 28.18376], [85.67428, 28.1839], [85.67384, 28.1839]]]}}, {"type": "Feature", "properties": {"km2": 0.237, "name": null, "near_source_5km": false}, "geometry": {"type": "Polygon", "coordinates": [[[85.66008, 28.18224], [85.66164, 28.18273], [85.66239, 28.18309], [85.66306, 28.1836], [85.6639, 28.18405], [85.66429, 28.18437], [85.66502, 28.18532], [85.66506, 28.18599], [85.66496, 28.18676], [85.66459, 28.18712], [85.66376, 28.18692], [85.66341, 28.18656], [85.66296, 28.18595], [85.66234, 28.18547], [85.66136, 28.18522], [85.66056, 28.18502], [85.65985, 28.18452], [85.65912, 28.18417], [85.65801, 28.18406], [85.65682, 28.18418], [85.65606, 28.18416], [85.65531, 28.18416], [85.6544, 28.1842], [85.65332, 28.18419], [85.65316, 28.18409], [85.65326, 28.18385], [85.65361, 28.18363], [85.65433, 28.18354], [85.65525, 28.18339], [85.65614, 28.18297], [85.65708, 28.18259], [85.65809, 28.18226], [85.65963, 28.18217], [85.66008, 28.18224]]]}}, {"type": "Feature", "properties": {"km2": 1.011, "name": null, "near_source_5km": false}, "geometry": {"type": "Polygon", "coordinates": [[[85.61542, 28.13668], [85.61505, 28.13631], [85.61488, 28.13593], [85.61446, 28.13514], [85.61412, 28.13475], [85.61389, 28.13487], [85.61376, 28.13502], [85.6136, 28.1354], [85.61325, 28.13536], [85.61312, 28.13526], [85.61297, 28.13519], [85.61281, 28.13503], [85.61265, 28.13481], [85.61238, 28.1346], [85.6124, 28.13439], [85.61238, 28.13421], [85.61275, 28.13405], [85.61298, 28.13419], [85.61329, 28.13406], [85.61347, 28.13374], [85.61342, 28.13368], [85.61317, 28.13359], [85.61308, 28.13354], [85.61296, 28.13353], [85.61264, 28.13351], [85.61251, 28.13349], [85.61238, 28.13341], [85.61237, 28.13315], [85.61257, 28.13291], [85.61291, 28.13268], [85.61319, 28.13255], [85.61333, 28.13244], [85.61362, 28.13233], [85.6137, 28.13228], [85.61365, 28.132], [85.61393, 28.13192], [85.61436, 28.13176], [85.61471, 28.1316], [85.61483, 28.13131], [85.61492, 28.13103], [85.61506, 28.13087], [85.61513, 28.13066], [85.61532, 28.13046], [85.61541, 28.13006], [85.61533, 28.12986], [85.61517, 28.12984], [85.61494, 28.12993], [85.61474, 28.12991], [85.61453, 28.12981], [85.6143, 28.12964], [85.61366, 28.12972], [85.61309, 28.12979], [85.61228, 28.13011], [85.61192, 28.13018], [85.61144, 28.13008], [85.61131, 28.12996], [85.61103, 28.12979], [85.61062, 28.12972], [85.6102, 28.12971], [85.60979, 28.12974], [85.60933, 28.12936], [85.6092, 28.12907], [85.60951, 28.12873], [85.60998, 28.12834], [85.61059, 28.12801], [85.61117, 28.12769], [85.61145, 28.12741], [85.61171, 28.12715], [85.61236, 28.1271], [85.61255, 28.12726], [85.61256, 28.12757], [85.61256, 28.12794], [85.61274, 28.12813], [85.61354, 28.12846], [85.61457, 28.12887], [85.61504, 28.12896], [85.61568, 28.1292], [85.6163, 28.12954], [85.61649, 28.12976], [85.61671, 28.12989], [85.61696, 28.13002], [85.61722, 28.13015], [85.6176, 28.13035], [85.61791, 28.13028], [85.61809, 28.13005], [85.6182, 28.12947], [85.61816, 28.12898], [85.61816, 28.12836], [85.61842, 28.12782], [85.61901, 28.12733], [85.6196, 28.12652], [85.61983, 28.12632], [85.6204, 28.12622], [85.62136, 28.12578], [85.62195, 28.12499], [85.6227, 28.12436], [85.62386, 28.12377], [85.62497, 28.1233], [85.62568, 28.12273], [85.62623, 28.12221], [85.62656, 28.12176], [85.62692, 28.12164], [85.62794, 28.12178], [85.62823, 28.12237], [85.62859, 28.12273], [85.62892, 28.1234], [85.62888, 28.12401], [85.62851, 28.12505], [85.62786, 28.12595], [85.62764, 28.1264], [85.62747, 28.12709], [85.62704, 28.12755], [85.62658, 28.12786], [85.62592, 28.12834], [85.62537, 28.12892], [85.62488, 28.12922], [85.62419, 28.12948], [85.62313, 28.12966], [85.6226, 28.12994], [85.62231, 28.1302], [85.62185, 28.13013], [85.62132, 28.1302], [85.62084, 28.13037], [85.6203, 28.13088], [85.61936, 28.13152], [85.61907, 28.13208], [85.61896, 28.13247], [85.6189, 28.13271], [85.6185, 28.13284], [85.61796, 28.13307], [85.61771, 28.13313], [85.6176, 28.13329], [85.61805, 28.13336], [85.61838, 28.13371], [85.61759, 28.13485], [85.61787, 28.13585], [85.61788, 28.13614], [85.61757, 28.13669], [85.61716, 28.13721], [85.61677, 28.1372], [85.61645, 28.13728], [85.61609, 28.13714], [85.61569, 28.13692], [85.61542, 28.13668]]]}}, {"type": "Feature", "properties": {"km2": 0.29, "name": null, "near_source_5km": false}, "geometry": {"type": "Polygon", "coordinates": [[[85.6312, 28.13938], [85.63117, 28.13775], [85.63296, 28.1359], [85.63536, 28.13565], [85.6354, 28.13941], [85.63569, 28.14032], [85.63633, 28.14086], [85.63665, 28.14125], [85.63679, 28.14172], [85.63638, 28.1424], [85.63508, 28.14278], [85.63375, 28.14258], [85.63283, 28.14208], [85.63192, 28.14133], [85.63169, 28.1403], [85.6312, 28.13938]]]}}, {"type": "Feature", "properties": {"km2": 0.666, "name": null, "near_source_5km": false}, "geometry": {"type": "Polygon", "coordinates": [[[85.62696, 28.13046], [85.627, 28.13088], [85.62725, 28.13116], [85.62766, 28.1313], [85.628, 28.1315], [85.62872, 28.13161], [85.62883, 28.13082], [85.6298, 28.13112], [85.63041, 28.13066], [85.63169, 28.13001], [85.63256, 28.13016], [85.63318, 28.13091], [85.6327, 28.13144], [85.63238, 28.13206], [85.63148, 28.13345], [85.63103, 28.13381], [85.63028, 28.13402], [85.6295, 28.13417], [85.62893, 28.13444], [85.62846, 28.13487], [85.62844, 28.13539], [85.6284, 28.13598], [85.628, 28.13685], [85.62722, 28.13694], [85.62685, 28.13658], [85.62649, 28.13609], [85.62604, 28.13584], [85.62553, 28.1358], [85.62504, 28.13607], [85.62467, 28.13652], [85.62463, 28.13712], [85.6251, 28.13776], [85.6259, 28.13837], [85.62669, 28.1388], [85.62694, 28.139], [85.62694, 28.13979], [85.62657, 28.14017], [85.626, 28.1403], [85.62539, 28.1401], [85.62467, 28.13963], [85.62408, 28.13924], [85.62365, 28.13812], [85.62333, 28.13749], [85.62271, 28.13667], [85.62202, 28.13613], [85.62155, 28.1356], [85.6211, 28.13516], [85.62078, 28.13516], [85.62072, 28.13573], [85.62068, 28.13607], [85.62051, 28.13618], [85.62029, 28.13607], [85.61987, 28.13586], [85.61955, 28.13568], [85.61881, 28.13511], [85.61881, 28.13472], [85.61937, 28.13422], [85.62032, 28.13386], [85.62055, 28.13367], [85.62081, 28.13353], [85.62112, 28.13327], [85.62124, 28.13299], [85.62171, 28.13288], [85.62165, 28.13268], [85.62182, 28.13241], [85.62227, 28.13218], [85.62222, 28.13194], [85.62228, 28.1317], [85.62253, 28.13153], [85.62287, 28.1316], [85.6237, 28.13165], [85.62381, 28.13154], [85.62388, 28.13131], [85.62396, 28.13089], [85.62696, 28.13046]]]}}, {"type": "Feature", "properties": {"km2": 0.063, "name": null, "near_source_5km": false}, "geometry": {"type": "Polygon", "coordinates": [[[85.59514, 28.15324], [85.59461, 28.15366], [85.59422, 28.15385], [85.5938, 28.15387], [85.59337, 28.15377], [85.59291, 28.15363], [85.5926, 28.15331], [85.59259, 28.15299], [85.59308, 28.15243], [85.59387, 28.15203], [85.59461, 28.15194], [85.59517, 28.15209], [85.59613, 28.15205], [85.59647, 28.15186], [85.59677, 28.15181], [85.59707, 28.15194], [85.59724, 28.15231], [85.59713, 28.1527], [85.59678, 28.15292], [85.59592, 28.15302], [85.59514, 28.15324]]]}}, {"type": "Feature", "properties": {"km2": 0.149, "name": null, "near_source_5km": false}, "geometry": {"type": "Polygon", "coordinates": [[[85.62156, 28.17278], [85.62117, 28.17274], [85.62079, 28.17262], [85.62023, 28.17237], [85.6197, 28.17196], [85.61954, 28.17157], [85.61967, 28.17126], [85.62, 28.17119], [85.62063, 28.17125], [85.62091, 28.17126], [85.62146, 28.17119], [85.6219, 28.17095], [85.62209, 28.17068], [85.62209, 28.1702], [85.62208, 28.16992], [85.62229, 28.16964], [85.62264, 28.16951], [85.62326, 28.16959], [85.6242, 28.16997], [85.62473, 28.17107], [85.62507, 28.17177], [85.62515, 28.17289], [85.62493, 28.17349], [85.62467, 28.17365], [85.62404, 28.17368], [85.62316, 28.17345], [85.62156, 28.17278]]]}}, {"type": "Feature", "properties": {"km2": 0.238, "name": null, "near_source_5km": false}, "geometry": {"type": "Polygon", "coordinates": [[[85.62016, 28.16018], [85.61944, 28.16066], [85.61867, 28.16088], [85.61742, 28.1609], [85.61632, 28.1607], [85.616, 28.16032], [85.6159, 28.15978], [85.61643, 28.15914], [85.617, 28.15871], [85.61783, 28.15836], [85.61822, 28.1582], [85.61881, 28.1577], [85.6193, 28.1573], [85.62022, 28.15694], [85.62081, 28.15684], [85.62144, 28.15651], [85.62183, 28.15621], [85.62271, 28.15581], [85.62328, 28.15581], [85.62372, 28.15599], [85.62391, 28.15632], [85.62399, 28.15711], [85.62413, 28.15745], [85.62413, 28.15793], [85.6235, 28.1586], [85.62268, 28.15889], [85.62093, 28.15964], [85.62016, 28.16018]]]}}, {"type": "Feature", "properties": {"km2": 0.553, "name": null, "near_source_5km": false}, "geometry": {"type": "Polygon", "coordinates": [[[85.62321, 28.1671], [85.6225, 28.1673], [85.62124, 28.16739], [85.62071, 28.16753], [85.62008, 28.16785], [85.61902, 28.16803], [85.61828, 28.16803], [85.6173, 28.16793], [85.61667, 28.16798], [85.61596, 28.16793], [85.61502, 28.16755], [85.61441, 28.16714], [85.61384, 28.16661], [85.61339, 28.16615], [85.61107, 28.1647], [85.61143, 28.1647], [85.61164, 28.16461], [85.61147, 28.16437], [85.61097, 28.16438], [85.61061, 28.16417], [85.61053, 28.1638], [85.61038, 28.16339], [85.60982, 28.16299], [85.60939, 28.16268], [85.60928, 28.16216], [85.60942, 28.16169], [85.60975, 28.1615], [85.61018, 28.16126], [85.61062, 28.16111], [85.6115, 28.16214], [85.61278, 28.16257], [85.61285, 28.16259], [85.6143, 28.16242], [85.61626, 28.16218], [85.61636, 28.16453], [85.61687, 28.1648], [85.61812, 28.16482], [85.61891, 28.16473], [85.62014, 28.16435], [85.62126, 28.16385], [85.62205, 28.16354], [85.62297, 28.1635], [85.62352, 28.16365], [85.62385, 28.16401], [85.62368, 28.16462], [85.62346, 28.16501], [85.62377, 28.16541], [85.62409, 28.16559], [85.62417, 28.16607], [85.62405, 28.16645], [85.62321, 28.1671]]]}}, {"type": "Feature", "properties": {"km2": 2.073, "name": null, "near_source_5km": false}, "geometry": {"type": "Polygon", "coordinates": [[[85.58623, 28.15366], [85.58643, 28.15402], [85.58719, 28.15426], [85.58916, 28.15415], [85.58987, 28.15495], [85.59064, 28.15612], [85.59091, 28.15724], [85.59126, 28.15795], [85.59159, 28.15833], [85.59228, 28.15882], [85.59339, 28.15924], [85.5945, 28.15976], [85.59563, 28.16041], [85.59704, 28.16163], [85.59864, 28.16306], [85.59946, 28.16419], [85.59998, 28.16494], [85.60025, 28.16582], [85.60119, 28.16696], [85.60203, 28.16738], [85.60285, 28.16757], [85.60396, 28.16776], [85.60478, 28.16805], [85.60555, 28.16866], [85.60605, 28.16988], [85.60634, 28.17105], [85.60666, 28.17177], [85.60705, 28.17244], [85.60739, 28.17311], [85.60775, 28.17422], [85.60788, 28.17469], [85.60816, 28.1755], [85.60797, 28.17572], [85.60762, 28.17572], [85.60711, 28.17541], [85.60676, 28.17526], [85.60625, 28.1752], [85.60546, 28.17493], [85.60463, 28.17433], [85.60419, 28.17379], [85.60383, 28.17298], [85.60314, 28.17251], [85.60275, 28.17229], [85.60216, 28.17192], [85.60176, 28.1717], [85.60153, 28.17141], [85.60087, 28.17088], [85.60042, 28.17061], [85.60009, 28.17018], [85.59965, 28.1699], [85.59896, 28.16957], [85.59831, 28.16915], [85.59787, 28.16905], [85.59761, 28.16892], [85.59712, 28.16858], [85.59691, 28.16814], [85.59662, 28.16778], [85.5964, 28.16764], [85.59592, 28.1675], [85.59541, 28.16746], [85.59515, 28.16738], [85.59493, 28.16709], [85.59493, 28.16688], [85.59477, 28.16665], [85.59442, 28.16653], [85.59396, 28.16649], [85.59362, 28.16645], [85.59327, 28.16651], [85.59292, 28.16648], [85.59276, 28.16641], [85.59262, 28.16614], [85.59209, 28.16578], [85.59159, 28.16551], [85.59128, 28.16545], [85.59095, 28.16552], [85.59055, 28.16558], [85.59024, 28.16545], [85.59014, 28.16526], [85.59012, 28.16507], [85.5901, 28.16487], [85.58992, 28.16476], [85.58955, 28.16474], [85.58917, 28.1647], [85.58873, 28.16454], [85.58841, 28.16465], [85.58824, 28.16502], [85.58779, 28.16517], [85.58719, 28.16515], [85.58656, 28.165], [85.58634, 28.16485], [85.58612, 28.16448], [85.58581, 28.16396], [85.58559, 28.16353], [85.58523, 28.16326], [85.58454, 28.16323], [85.58404, 28.16225], [85.58323, 28.16134], [85.58139, 28.15612], [85.583, 28.15574], [85.58366, 28.15555], [85.58401, 28.15538], [85.5841, 28.15522], [85.58384, 28.1549], [85.58354, 28.15447], [85.58379, 28.15355], [85.584, 28.15331], [85.5848, 28.15248], [85.58544, 28.15182], [85.58649, 28.15128], [85.58754, 28.15097], [85.58815, 28.151], [85.5888, 28.15148], [85.5893, 28.15266], [85.58937, 28.15334], [85.58914, 28.15378], [85.58623, 28.15366]]]}}, {"type": "Feature", "properties": {"km2": 0.036, "name": null, "near_source_5km": false}, "geometry": {"type": "Polygon", "coordinates": [[[85.56861, 28.15903], [85.56806, 28.15903], [85.56783, 28.15892], [85.56756, 28.15873], [85.56735, 28.15798], [85.56739, 28.15772], [85.56783, 28.15747], [85.56858, 28.15734], [85.56921, 28.15738], [85.56949, 28.15746], [85.56974, 28.15765], [85.56984, 28.15828], [85.56958, 28.1585], [85.56922, 28.15879], [85.56861, 28.15903]]]}}, {"type": "Feature", "properties": {"km2": 0.081, "name": null, "near_source_5km": false}, "geometry": {"type": "Polygon", "coordinates": [[[85.58226, 28.15041], [85.58214, 28.15102], [85.58197, 28.15194], [85.58136, 28.15247], [85.58084, 28.15285], [85.58018, 28.15294], [85.57909, 28.15299], [85.57796, 28.15327], [85.57767, 28.15329], [85.57747, 28.15289], [85.57753, 28.15252], [85.57772, 28.15224], [85.57822, 28.15199], [85.57893, 28.15173], [85.57955, 28.15148], [85.58021, 28.15114], [85.58086, 28.15059], [85.58135, 28.15032], [85.58185, 28.15025], [85.58226, 28.15041]]]}}, {"type": "Feature", "properties": {"km2": 0.84, "name": null, "near_source_5km": false}, "geometry": {"type": "Polygon", "coordinates": [[[85.58323, 28.16134], [85.58197, 28.16295], [85.58187, 28.16398], [85.58161, 28.1658], [85.5814, 28.16712], [85.58095, 28.16792], [85.58042, 28.16832], [85.58016, 28.16857], [85.57998, 28.16898], [85.57996, 28.16944], [85.58005, 28.16985], [85.58058, 28.17029], [85.58077, 28.17066], [85.58099, 28.17086], [85.58126, 28.17118], [85.58124, 28.17145], [85.5811, 28.17175], [85.5809, 28.17192], [85.58064, 28.17199], [85.5804, 28.17197], [85.57996, 28.17177], [85.57922, 28.17135], [85.57884, 28.17118], [85.57864, 28.1711], [85.57826, 28.17102], [85.57787, 28.17102], [85.57752, 28.171], [85.57737, 28.17096], [85.57729, 28.17081], [85.57732, 28.17062], [85.57744, 28.16977], [85.5774, 28.1693], [85.57708, 28.16881], [85.57704, 28.16855], [85.57704, 28.16794], [85.57705, 28.16735], [85.57694, 28.16709], [85.57676, 28.16692], [85.5765, 28.16686], [85.57635, 28.16692], [85.57609, 28.16721], [85.57606, 28.1675], [85.57595, 28.16784], [85.57579, 28.16798], [85.57554, 28.1682], [85.5752, 28.16832], [85.57495, 28.16831], [85.57479, 28.16815], [85.57469, 28.16774], [85.57468, 28.16754], [85.57451, 28.16697], [85.57435, 28.16668], [85.57417, 28.1665], [85.57412, 28.16625], [85.57413, 28.16589], [85.5743, 28.16568], [85.5746, 28.16552], [85.57482, 28.16537], [85.57513, 28.1651], [85.57518, 28.16489], [85.57543, 28.16421], [85.57554, 28.16328], [85.57537, 28.16289], [85.5751, 28.16239], [85.57506, 28.16187], [85.57527, 28.16126], [85.5757, 28.1608], [85.57669, 28.15984], [85.57721, 28.15946], [85.57806, 28.15912], [85.57887, 28.15908], [85.57904, 28.15906], [85.57951, 28.15867], [85.57959, 28.15834], [85.57958, 28.15796], [85.57947, 28.15777], [85.57921, 28.15753], [85.57931, 28.15724], [85.57956, 28.15689], [85.57993, 28.15673], [85.58093, 28.15649], [85.58139, 28.15612], [85.58323, 28.16134]]]}}, {"type": "Feature", "properties": {"km2": 1.69, "name": null, "near_source_5km": false}, "geometry": {"type": "Polygon", "coordinates": [[[85.69211, 28.17201], [85.69169, 28.17211], [85.69119, 28.17246], [85.69086, 28.17248], [85.69031, 28.17239], [85.68974, 28.17139], [85.68963, 28.17061], [85.68962, 28.1695], [85.68957, 28.16811], [85.69006, 28.16749], [85.69057, 28.16707], [85.6908, 28.16658], [85.69059, 28.1661], [85.69031, 28.16559], [85.68979, 28.16506], [85.68919, 28.16459], [85.68887, 28.16435], [85.68862, 28.16418], [85.68704, 28.16329], [85.68614, 28.16302], [85.68518, 28.16294], [85.68443, 28.16283], [85.68381, 28.16279], [85.68323, 28.16248], [85.68275, 28.16159], [85.68241, 28.16094], [85.68242, 28.16032], [85.68233, 28.16002], [85.68216, 28.15957], [85.68232, 28.159], [85.68237, 28.15862], [85.68246, 28.15824], [85.6828, 28.15775], [85.68308, 28.15749], [85.68323, 28.15729], [85.68321, 28.15702], [85.6828, 28.15688], [85.68262, 28.15688], [85.68237, 28.15707], [85.68226, 28.15651], [85.68245, 28.15643], [85.68249, 28.15615], [85.68262, 28.15549], [85.68307, 28.15527], [85.68331, 28.15516], [85.68362, 28.15502], [85.68415, 28.15506], [85.68447, 28.15517], [85.68478, 28.15532], [85.68508, 28.15545], [85.6855, 28.15554], [85.68589, 28.1557], [85.68637, 28.15601], [85.68659, 28.15608], [85.68696, 28.15636], [85.68713, 28.15662], [85.68711, 28.1569], [85.68704, 28.15745], [85.68713, 28.1577], [85.68699, 28.15808], [85.68683, 28.15819], [85.68632, 28.15838], [85.68611, 28.1586], [85.68582, 28.15912], [85.68562, 28.15976], [85.68559, 28.15999], [85.68571, 28.16037], [85.68606, 28.16065], [85.68623, 28.16078], [85.68653, 28.16099], [85.68686, 28.16102], [85.68721, 28.16099], [85.68778, 28.16106], [85.68823, 28.16131], [85.68901, 28.16185], [85.68955, 28.16202], [85.68994, 28.16227], [85.69031, 28.16242], [85.69059, 28.16248], [85.69082, 28.16267], [85.69125, 28.1628], [85.69177, 28.16309], [85.69215, 28.16382], [85.69322, 28.16434], [85.69416, 28.16464], [85.695, 28.16497], [85.69562, 28.16611], [85.69632, 28.16622], [85.69682, 28.1658], [85.69742, 28.16563], [85.69803, 28.1654], [85.69852, 28.16517], [85.6989, 28.1648], [85.69916, 28.1644], [85.69912, 28.16407], [85.69877, 28.16404], [85.69759, 28.16391], [85.69704, 28.16356], [85.69691, 28.1631], [85.69719, 28.1624], [85.69791, 28.16218], [85.69879, 28.16192], [85.69966, 28.16178], [85.70033, 28.16191], [85.70066, 28.16218], [85.70104, 28.16234], [85.70137, 28.16237], [85.70163, 28.16246], [85.70172, 28.16263], [85.70175, 28.16276], [85.70188, 28.16292], [85.70197, 28.16296], [85.70211, 28.16306], [85.70224, 28.16321], [85.7023, 28.16328], [85.70233, 28.16336], [85.70244, 28.16348], [85.70269, 28.16352], [85.70285, 28.1634], [85.70313, 28.1632], [85.70343, 28.16314], [85.70375, 28.16311], [85.70399, 28.16314], [85.70418, 28.16311], [85.70424, 28.16308], [85.70432, 28.16294], [85.70448, 28.16282], [85.70477, 28.1627], [85.7067, 28.16213], [85.70685, 28.16247], [85.70697, 28.16265], [85.70707, 28.16299], [85.70711, 28.16339], [85.7073, 28.16344], [85.70733, 28.16381], [85.70749, 28.16394], [85.70795, 28.16391], [85.70824, 28.16409], [85.70841, 28.16429], [85.70854, 28.16434], [85.70856, 28.16457], [85.70875, 28.16461], [85.70882, 28.16496], [85.70888, 28.16526], [85.7091, 28.16583], [85.70972, 28.16582], [85.71017, 28.16596], [85.71035, 28.16628], [85.7099, 28.16682], [85.7082, 28.16727], [85.70732, 28.16744], [85.70639, 28.16754], [85.70536, 28.1675], [85.70405, 28.16734], [85.70287, 28.16757], [85.70171, 28.1679], [85.70102, 28.16825], [85.70045, 28.1688], [85.7, 28.16939], [85.69949, 28.17022], [85.69945, 28.17065], [85.69926, 28.17121], [85.69895, 28.17152], [85.69826, 28.17213], [85.69809, 28.17238], [85.69792, 28.17252], [85.69767, 28.17248], [85.69757, 28.1723], [85.69739, 28.17185], [85.69718, 28.17156], [85.69686, 28.17133], [85.69651, 28.1711], [85.69603, 28.17097], [85.69574, 28.17094], [85.69542, 28.17087], [85.69463, 28.1707], [85.69401, 28.17051], [85.69351, 28.17053], [85.69287, 28.17065], [85.6925, 28.17082], [85.69235, 28.17097], [85.69228, 28.17128], [85.69222, 28.17165], [85.69211, 28.17201]]]}}, {"type": "Feature", "properties": {"km2": 0.032, "name": null, "near_source_5km": false}, "geometry": {"type": "Polygon", "coordinates": [[[85.46797, 28.11608], [85.46746, 28.11606], [85.46682, 28.11577], [85.46644, 28.11511], [85.46658, 28.11467], [85.46679, 28.11446], [85.46721, 28.1143], [85.46806, 28.11439], [85.46838, 28.11455], [85.46861, 28.11489], [85.46861, 28.11535], [85.46837, 28.1158], [85.46797, 28.11608]]]}}, {"type": "Feature", "properties": {"km2": 0.043, "name": null, "near_source_5km": false}, "geometry": {"type": "Polygon", "coordinates": [[[85.48805, 28.10884], [85.48769, 28.10884], [85.48726, 28.10861], [85.48698, 28.10823], [85.48688, 28.10775], [85.48722, 28.10717], [85.48775, 28.10701], [85.48851, 28.10705], [85.48927, 28.10727], [85.48948, 28.10754], [85.48962, 28.10784], [85.48948, 28.10841], [85.48895, 28.10864], [85.48805, 28.10884]]]}}, {"type": "Feature", "properties": {"km2": 0.04, "name": null, "near_source_5km": false}, "geometry": {"type": "Polygon", "coordinates": [[[85.48415, 28.10681], [85.48374, 28.10675], [85.4835, 28.1065], [85.48328, 28.10586], [85.48329, 28.10551], [85.48353, 28.10513], [85.48384, 28.10505], [85.48439, 28.10505], [85.48487, 28.10504], [85.48545, 28.10494], [85.4857, 28.10496], [85.48597, 28.10522], [85.48601, 28.10547], [85.48578, 28.10588], [85.48547, 28.10609], [85.48524, 28.10624], [85.4847, 28.10666], [85.48415, 28.10681]]]}}, {"type": "Feature", "properties": {"km2": 0.217, "name": null, "near_source_5km": false}, "geometry": {"type": "Polygon", "coordinates": [[[85.47168, 28.10942], [85.471, 28.10932], [85.47061, 28.10909], [85.47033, 28.10869], [85.47007, 28.10763], [85.46974, 28.10709], [85.46999, 28.10637], [85.47031, 28.10608], [85.47102, 28.10564], [85.47169, 28.10531], [85.47234, 28.10516], [85.47318, 28.10519], [85.47403, 28.10531], [85.47466, 28.10571], [85.4749, 28.10636], [85.47512, 28.10698], [85.47546, 28.10746], [85.47547, 28.10807], [85.47499, 28.10885], [85.47439, 28.10933], [85.47353, 28.10969], [85.47288, 28.10973], [85.47168, 28.10942]]]}}, {"type": "Feature", "properties": {"km2": 0.158, "name": null, "near_source_5km": false}, "geometry": {"type": "Polygon", "coordinates": [[[85.46499, 28.10962], [85.46462, 28.11032], [85.4642, 28.11067], [85.46388, 28.11071], [85.46348, 28.1106], [85.46342, 28.11025], [85.46403, 28.10956], [85.46442, 28.10929], [85.4646, 28.10891], [85.46459, 28.10846], [85.46435, 28.10822], [85.46441, 28.10771], [85.46471, 28.10739], [85.4649, 28.10695], [85.4649, 28.1065], [85.46495, 28.10613], [85.46539, 28.10529], [85.46566, 28.105], [85.46593, 28.10448], [85.46633, 28.10378], [85.46681, 28.10339], [85.46745, 28.10337], [85.46793, 28.10342], [85.46876, 28.10362], [85.46909, 28.10407], [85.46913, 28.10448], [85.46889, 28.10499], [85.46818, 28.10586], [85.4671, 28.10691], [85.46591, 28.1078], [85.46528, 28.1087], [85.46499, 28.10962]]]}}, {"type": "Feature", "properties": {"km2": 0.325, "name": null, "near_source_5km": false}, "geometry": {"type": "Polygon", "coordinates": [[[85.48125, 28.10371], [85.48092, 28.10383], [85.48039, 28.10384], [85.47971, 28.1038], [85.47888, 28.10385], [85.47833, 28.10389], [85.47691, 28.10405], [85.47584, 28.10392], [85.4753, 28.1036], [85.47504, 28.1034], [85.47498, 28.10281], [85.47527, 28.10221], [85.47571, 28.10184], [85.47646, 28.10163], [85.47685, 28.10142], [85.47695, 28.1012], [85.47676, 28.10095], [85.47629, 28.10075], [85.47599, 28.10062], [85.47593, 28.10027], [85.47622, 28.10002], [85.47723, 28.09986], [85.47789, 28.09948], [85.4782, 28.09933], [85.47885, 28.09949], [85.47918, 28.09968], [85.47968, 28.0998], [85.48064, 28.0998], [85.48148, 28.09982], [85.48159, 28.1001], [85.48148, 28.10051], [85.48124, 28.10086], [85.48126, 28.10106], [85.48195, 28.10146], [85.48278, 28.10179], [85.48333, 28.10183], [85.48365, 28.10181], [85.48433, 28.10163], [85.48476, 28.10143], [85.48527, 28.10153], [85.48547, 28.10191], [85.48536, 28.10241], [85.48497, 28.10291], [85.48434, 28.10327], [85.48369, 28.1035], [85.48333, 28.10337], [85.48275, 28.1031], [85.48237, 28.10309], [85.48204, 28.10323], [85.48125, 28.10371]]]}}, {"type": "Feature", "properties": {"km2": 0.044, "name": null, "near_source_5km": false}, "geometry": {"type": "Polygon", "coordinates": [[[85.49521, 28.14084], [85.49461, 28.1409], [85.49382, 28.14086], [85.49338, 28.14047], [85.49335, 28.13999], [85.49353, 28.13986], [85.49441, 28.13985], [85.49487, 28.13986], [85.49613, 28.13963], [85.49695, 28.13963], [85.49744, 28.13974], [85.49756, 28.14011], [85.49733, 28.14037], [85.49675, 28.14065], [85.49521, 28.14084]]]}}, {"type": "Feature", "properties": {"km2": 0.044, "name": null, "near_source_5km": false}, "geometry": {"type": "Polygon", "coordinates": [[[85.4918, 28.13775], [85.49157, 28.13836], [85.49176, 28.13865], [85.49249, 28.13899], [85.49267, 28.13918], [85.49274, 28.13957], [85.49256, 28.13973], [85.49215, 28.13973], [85.4914, 28.1392], [85.49071, 28.13911], [85.49028, 28.1382], [85.4904, 28.13746], [85.49024, 28.13697], [85.4908, 28.13627], [85.49142, 28.13654], [85.49135, 28.13728], [85.4918, 28.13775]]]}}, {"type": "Feature", "properties": {"km2": 0.202, "name": null, "near_source_5km": false}, "geometry": {"type": "Polygon", "coordinates": [[[85.49668, 28.13753], [85.49586, 28.13776], [85.49528, 28.13778], [85.49463, 28.13756], [85.49397, 28.13723], [85.49343, 28.13665], [85.49335, 28.13626], [85.49342, 28.13532], [85.49388, 28.13499], [85.49443, 28.13497], [85.49538, 28.13486], [85.49594, 28.13457], [85.49658, 28.13457], [85.49712, 28.13458], [85.49815, 28.13442], [85.49859, 28.13454], [85.49974, 28.1352], [85.49999, 28.13567], [85.50023, 28.13591], [85.50061, 28.13624], [85.50059, 28.13672], [85.49985, 28.1374], [85.49913, 28.13756], [85.4985, 28.13752], [85.49781, 28.13743], [85.49668, 28.13753]]]}}, {"type": "Feature", "properties": {"km2": 0.232, "name": null, "near_source_5km": false}, "geometry": {"type": "Polygon", "coordinates": [[[85.4948, 28.14873], [85.49426, 28.14873], [85.4935, 28.14857], [85.49298, 28.14817], [85.49264, 28.14726], [85.49278, 28.14603], [85.49318, 28.14528], [85.49349, 28.1451], [85.49419, 28.14479], [85.49522, 28.14421], [85.49637, 28.14354], [85.49719, 28.14317], [85.49786, 28.14302], [85.49865, 28.14321], [85.49889, 28.14347], [85.49883, 28.14395], [85.49827, 28.14456], [85.49771, 28.14519], [85.49752, 28.14581], [85.49747, 28.14646], [85.49708, 28.14703], [85.49658, 28.14752], [85.49642, 28.14768], [85.49626, 28.14811], [85.49652, 28.14843], [85.49665, 28.14863], [85.49657, 28.14893], [85.49621, 28.14902], [85.49595, 28.14893], [85.49552, 28.14864], [85.49514, 28.14864], [85.4948, 28.14873]]]}}, {"type": "Feature", "properties": {"km2": 0.841, "name": null, "near_source_5km": false}, "geometry": {"type": "Polygon", "coordinates": [[[85.50274, 28.12534], [85.50181, 28.12535], [85.50098, 28.12529], [85.49994, 28.12504], [85.49896, 28.12439], [85.49841, 28.12349], [85.49825, 28.12245], [85.49845, 28.12126], [85.49929, 28.11955], [85.49952, 28.11914], [85.49966, 28.11885], [85.49994, 28.11822], [85.50031, 28.1175], [85.5007, 28.11734], [85.5017, 28.11716], [85.50279, 28.11746], [85.50334, 28.11791], [85.50374, 28.11877], [85.50425, 28.11957], [85.50582, 28.12088], [85.50721, 28.12157], [85.50865, 28.12184], [85.51096, 28.12239], [85.51215, 28.12286], [85.51277, 28.12349], [85.51289, 28.12443], [85.51254, 28.12504], [85.51198, 28.12615], [85.51122, 28.12666], [85.51057, 28.12674], [85.50897, 28.12649], [85.50774, 28.12617], [85.50631, 28.12568], [85.50469, 28.12537], [85.50274, 28.12534]]]}}, {"type": "Feature", "properties": {"km2": 0.513, "name": null, "near_source_5km": false}, "geometry": {"type": "Polygon", "coordinates": [[[85.50306, 28.13226], [85.50198, 28.13221], [85.501, 28.13191], [85.50023, 28.1318], [85.49934, 28.13162], [85.49729, 28.13129], [85.49683, 28.1311], [85.49628, 28.13096], [85.49582, 28.13097], [85.49529, 28.13117], [85.49485, 28.13146], [85.49426, 28.13164], [85.49339, 28.13161], [85.4928, 28.13148], [85.49262, 28.13132], [85.49262, 28.13091], [85.4929, 28.13048], [85.49348, 28.13], [85.49377, 28.12967], [85.49398, 28.12933], [85.49403, 28.1287], [85.4941, 28.12816], [85.49448, 28.12756], [85.49526, 28.12683], [85.49559, 28.12662], [85.49656, 28.12661], [85.49688, 28.12688], [85.49733, 28.12732], [85.4978, 28.128], [85.49854, 28.12842], [85.49954, 28.12869], [85.5006, 28.12876], [85.50193, 28.12878], [85.50275, 28.12865], [85.50358, 28.1284], [85.50466, 28.12847], [85.50535, 28.12881], [85.50568, 28.12927], [85.50617, 28.13042], [85.50642, 28.13067], [85.50688, 28.1309], [85.50709, 28.13135], [85.50707, 28.13191], [85.50688, 28.13219], [85.50607, 28.13237], [85.50537, 28.13242], [85.50306, 28.13226]]]}}, {"type": "Feature", "properties": {"km2": 0.788, "name": null, "near_source_5km": false}, "geometry": {"type": "Polygon", "coordinates": [[[85.4918, 28.14615], [85.49208, 28.14684], [85.49232, 28.14752], [85.49239, 28.14892], [85.49218, 28.15015], [85.49182, 28.15097], [85.49129, 28.15146], [85.49049, 28.15171], [85.48993, 28.15152], [85.48941, 28.15111], [85.4891, 28.15051], [85.48885, 28.14996], [85.48857, 28.14968], [85.48811, 28.1496], [85.4879, 28.1497], [85.48785, 28.15012], [85.48784, 28.15052], [85.48769, 28.151], [85.48715, 28.15133], [85.48671, 28.1514], [85.48625, 28.15133], [85.48559, 28.1509], [85.48513, 28.15032], [85.48487, 28.14935], [85.48487, 28.14861], [85.48518, 28.14773], [85.4853, 28.14731], [85.48533, 28.14688], [85.48526, 28.14648], [85.48451, 28.14591], [85.48412, 28.14549], [85.48384, 28.14512], [85.48381, 28.14435], [85.48363, 28.14353], [85.48332, 28.14307], [85.48282, 28.14268], [85.48233, 28.14226], [85.48232, 28.14135], [85.48248, 28.14096], [85.48273, 28.14066], [85.48337, 28.14066], [85.48395, 28.14054], [85.48427, 28.14067], [85.48448, 28.14117], [85.48541, 28.14093], [85.48613, 28.1414], [85.4868, 28.14125], [85.48725, 28.14183], [85.48802, 28.14196], [85.488, 28.14257], [85.48856, 28.14285], [85.48978, 28.14261], [85.48969, 28.14196], [85.49042, 28.14197], [85.49115, 28.14181], [85.49176, 28.14168], [85.49178, 28.14282], [85.49185, 28.14421], [85.4916, 28.14558], [85.4918, 28.14615]]]}}, {"type": "Feature", "properties": {"km2": 0.075, "name": null, "near_source_5km": false}, "geometry": {"type": "Polygon", "coordinates": [[[85.52355, 28.13814], [85.52292, 28.13804], [85.5221, 28.13788], [85.52156, 28.13759], [85.52133, 28.13717], [85.52151, 28.13678], [85.52198, 28.13648], [85.5229, 28.13638], [85.52419, 28.13632], [85.52559, 28.13644], [85.52618, 28.13671], [85.52619, 28.13709], [85.52586, 28.13754], [85.52541, 28.1378], [85.5246, 28.13804], [85.52355, 28.13814]]]}}, {"type": "Feature", "properties": {"km2": 0.112, "name": null, "near_source_5km": false}, "geometry": {"type": "Polygon", "coordinates": [[[85.55961, 28.17009], [85.55896, 28.17095], [85.55829, 28.1716], [85.55743, 28.17164], [85.55629, 28.17105], [85.55567, 28.17044], [85.55516, 28.17001], [85.5553, 28.16956], [85.55585, 28.16935], [85.55641, 28.16929], [85.55706, 28.16921], [85.55778, 28.16866], [85.55849, 28.16844], [85.55947, 28.1684], [85.56014, 28.16852], [85.56035, 28.16901], [85.56009, 28.16958], [85.55961, 28.17009]]]}}, {"type": "Feature", "properties": {"km2": 0.37, "name": null, "near_source_5km": false}, "geometry": {"type": "Polygon", "coordinates": [[[85.51529, 28.15088], [85.51486, 28.15101], [85.51448, 28.15088], [85.51412, 28.1506], [85.51386, 28.1502], [85.51363, 28.14985], [85.5135, 28.14916], [85.51362, 28.14865], [85.51396, 28.14832], [85.51453, 28.14809], [85.51539, 28.14793], [85.51665, 28.14738], [85.51725, 28.14704], [85.51788, 28.14693], [85.51881, 28.14682], [85.52053, 28.1465], [85.52112, 28.1462], [85.52225, 28.14592], [85.52287, 28.14574], [85.52343, 28.14587], [85.52366, 28.14613], [85.52366, 28.14662], [85.52318, 28.14734], [85.52241, 28.14803], [85.52159, 28.14878], [85.52043, 28.15034], [85.51997, 28.15118], [85.51953, 28.15141], [85.51896, 28.15143], [85.51845, 28.15156], [85.51807, 28.15166], [85.5174, 28.15166], [85.51663, 28.15138], [85.51617, 28.15114], [85.51529, 28.15088]]]}}, {"type": "Feature", "properties": {"km2": 0.234, "name": null, "near_source_5km": false}, "geometry": {"type": "Polygon", "coordinates": [[[85.54546, 28.14672], [85.54404, 28.14714], [85.54326, 28.14729], [85.54237, 28.14727], [85.54182, 28.14714], [85.54115, 28.14712], [85.54059, 28.14716], [85.54015, 28.14727], [85.53957, 28.14702], [85.53946, 28.14669], [85.53983, 28.14633], [85.54075, 28.14625], [85.54217, 28.14627], [85.54344, 28.1461], [85.54414, 28.14573], [85.54504, 28.14553], [85.54587, 28.14537], [85.54694, 28.14428], [85.54789, 28.14377], [85.54856, 28.14367], [85.54905, 28.144], [85.54944, 28.14445], [85.55083, 28.14449], [85.55183, 28.1442], [85.55294, 28.14377], [85.55359, 28.14361], [85.55374, 28.1442], [85.55344, 28.14501], [85.55297, 28.14557], [85.55198, 28.14622], [85.55108, 28.14622], [85.55017, 28.14606], [85.54868, 28.14609], [85.54746, 28.14621], [85.54546, 28.14672]]]}}, {"type": "Feature", "properties": {"km2": 0.265, "name": null, "near_source_5km": false}, "geometry": {"type": "Polygon", "coordinates": [[[85.52117, 28.15326], [85.52182, 28.1533], [85.52265, 28.15328], [85.5233, 28.15302], [85.52381, 28.15265], [85.52441, 28.1521], [85.52455, 28.15134], [85.52455, 28.151], [85.52497, 28.15047], [85.52571, 28.15038], [85.52666, 28.14998], [85.5271, 28.14902], [85.52735, 28.14842], [85.52752, 28.14765], [85.52735, 28.14714], [85.5267, 28.14699], [85.52587, 28.14724], [85.52525, 28.14754], [85.5245, 28.14844], [85.52379, 28.1492], [85.52281, 28.14973], [85.52202, 28.15024], [85.52108, 28.15122], [85.52075, 28.15175], [85.52036, 28.15224], [85.51867, 28.15261], [85.51785, 28.15296], [85.5174, 28.15323], [85.51704, 28.15373], [85.51706, 28.1541], [85.51745, 28.15443], [85.51777, 28.15452], [85.51857, 28.15424], [85.51914, 28.15385], [85.51987, 28.15357], [85.52117, 28.15326]]]}}, {"type": "Feature", "properties": {"km2": 0.538, "name": null, "near_source_5km": false}, "geometry": {"type": "Polygon", "coordinates": [[[85.53676, 28.1472], [85.53701, 28.1483], [85.53687, 28.14904], [85.53657, 28.14971], [85.53593, 28.15036], [85.53518, 28.15065], [85.53442, 28.15136], [85.53372, 28.152], [85.53275, 28.15251], [85.53176, 28.15292], [85.53097, 28.15351], [85.53027, 28.15412], [85.5293, 28.15478], [85.52772, 28.15551], [85.52698, 28.15614], [85.52599, 28.15657], [85.52448, 28.15663], [85.52348, 28.15653], [85.52277, 28.15627], [85.52242, 28.15563], [85.52237, 28.15494], [85.52284, 28.15443], [85.52397, 28.1533], [85.52497, 28.15226], [85.52578, 28.15192], [85.52691, 28.15177], [85.52893, 28.15136], [85.53108, 28.15067], [85.53176, 28.15028], [85.53289, 28.14953], [85.53342, 28.14897], [85.53426, 28.14769], [85.53486, 28.1472], [85.53532, 28.14701], [85.53581, 28.14701], [85.53641, 28.1471], [85.53676, 28.1472]]]}}, {"type": "Feature", "properties": {"km2": 0.536, "name": null, "near_source_5km": false}, "geometry": {"type": "Polygon", "coordinates": [[[85.54396, 28.16197], [85.54287, 28.16346], [85.54185, 28.16428], [85.53935, 28.16555], [85.53847, 28.1661], [85.53727, 28.16649], [85.53557, 28.1663], [85.53444, 28.16581], [85.53381, 28.16504], [85.534, 28.16404], [85.53497, 28.16304], [85.53588, 28.1624], [85.53583, 28.16218], [85.53618, 28.16189], [85.53664, 28.16175], [85.5372, 28.16142], [85.5375, 28.16105], [85.5374, 28.16083], [85.53784, 28.16013], [85.53835, 28.16011], [85.5394, 28.1603], [85.54042, 28.16065], [85.54127, 28.16067], [85.54185, 28.16063], [85.54225, 28.16024], [85.54228, 28.16008], [85.54286, 28.15955], [85.54367, 28.15941], [85.54443, 28.159], [85.54505, 28.15861], [85.54574, 28.15751], [85.54616, 28.15733], [85.54666, 28.15739], [85.54715, 28.15774], [85.54728, 28.15829], [85.54681, 28.15896], [85.54491, 28.16086], [85.54396, 28.16197]]]}}, {"type": "Feature", "properties": {"km2": 0.758, "name": null, "near_source_5km": false}, "geometry": {"type": "Polygon", "coordinates": [[[85.5514, 28.16462], [85.55017, 28.16501], [85.5496, 28.16529], [85.54874, 28.16548], [85.54774, 28.16546], [85.54693, 28.16527], [85.54644, 28.16482], [85.5464, 28.16423], [85.54663, 28.16374], [85.54665, 28.16343], [85.54644, 28.16286], [85.54647, 28.16235], [85.54688, 28.16196], [85.54746, 28.16166], [85.54827, 28.16129], [85.54927, 28.15976], [85.55017, 28.15945], [85.5518, 28.15929], [85.55309, 28.15917], [85.55458, 28.15937], [85.55546, 28.16013], [85.55648, 28.16094], [85.55773, 28.16158], [85.55958, 28.16166], [85.56078, 28.16151], [85.56147, 28.16185], [85.56168, 28.16234], [85.5603, 28.16325], [85.55909, 28.16366], [85.55854, 28.16415], [85.55824, 28.16495], [85.55754, 28.16597], [85.55657, 28.16658], [85.55536, 28.16705], [85.55446, 28.16721], [85.55364, 28.1669], [85.55347, 28.16656], [85.5535, 28.16607], [85.55345, 28.16552], [85.5533, 28.16501], [85.55293, 28.1646], [85.55233, 28.16443], [85.5514, 28.16462]]]}}, {"type": "Feature", "properties": {"km2": 0.305, "name": null, "near_source_5km": false}, "geometry": {"type": "Polygon", "coordinates": [[[85.52265, 28.14384], [85.52195, 28.14438], [85.5211, 28.14474], [85.52019, 28.14481], [85.51928, 28.145], [85.51872, 28.14522], [85.51803, 28.14565], [85.51736, 28.14608], [85.5168, 28.1462], [85.51623, 28.14617], [85.51525, 28.14598], [85.51464, 28.14545], [85.51454, 28.14478], [85.51464, 28.14416], [85.51541, 28.14302], [85.51618, 28.14227], [85.51707, 28.14184], [85.51795, 28.14116], [85.51862, 28.14067], [85.51942, 28.14049], [85.52006, 28.14071], [85.5201, 28.141], [85.51972, 28.14146], [85.51902, 28.1421], [85.51834, 28.14253], [85.51798, 28.14299], [85.5178, 28.14327], [85.51816, 28.14351], [85.51883, 28.14354], [85.51962, 28.14335], [85.5207, 28.14289], [85.52185, 28.1426], [85.52259, 28.14237], [85.52303, 28.14185], [85.52377, 28.1412], [85.52436, 28.1409], [85.52483, 28.14095], [85.5257, 28.14158], [85.52567, 28.14191], [85.52509, 28.14243], [85.52403, 28.14305], [85.52319, 28.14338], [85.52265, 28.14384]]]}}, {"type": "Feature", "properties": {"km2": 0.974, "name": null, "near_source_5km": false}, "geometry": {"type": "Polygon", "coordinates": [[[85.5374, 28.16083], [85.53701, 28.16093], [85.53641, 28.16127], [85.53622, 28.16153], [85.53618, 28.16189], [85.53583, 28.16218], [85.53512, 28.16247], [85.53434, 28.16277], [85.53377, 28.16271], [85.53327, 28.16257], [85.53268, 28.16257], [85.53216, 28.16252], [85.5318, 28.16239], [85.53163, 28.16218], [85.53163, 28.16174], [85.53188, 28.16137], [85.532, 28.161], [85.53216, 28.16054], [85.53205, 28.16027], [85.53163, 28.15991], [85.53062, 28.15929], [85.53015, 28.15881], [85.52964, 28.15865], [85.52919, 28.15833], [85.52885, 28.15721], [85.5289, 28.15628], [85.52948, 28.1553], [85.53021, 28.15488], [85.53154, 28.15425], [85.53321, 28.1537], [85.53478, 28.15364], [85.5368, 28.15386], [85.53739, 28.154], [85.53849, 28.15401], [85.5394, 28.15404], [85.54047, 28.15409], [85.54181, 28.15399], [85.54366, 28.15394], [85.54533, 28.15371], [85.54638, 28.1538], [85.54694, 28.15419], [85.54697, 28.15482], [85.54655, 28.15533], [85.54532, 28.15594], [85.54276, 28.15672], [85.54045, 28.15737], [85.53876, 28.15858], [85.53784, 28.16013], [85.5374, 28.16083]]]}}, {"type": "Feature", "properties": {"km2": 0.367, "name": null, "near_source_5km": false}, "geometry": {"type": "Polygon", "coordinates": [[[85.54016, 28.1532], [85.53978, 28.15326], [85.53927, 28.15311], [85.53888, 28.15303], [85.53841, 28.15316], [85.53797, 28.15331], [85.53744, 28.15334], [85.53674, 28.15332], [85.5363, 28.1531], [85.53618, 28.1528], [85.53624, 28.15238], [85.53672, 28.15195], [85.53689, 28.15179], [85.53713, 28.15112], [85.53732, 28.15076], [85.5376, 28.15038], [85.53769, 28.14994], [85.53776, 28.14924], [85.53784, 28.14854], [85.5381, 28.1483], [85.53887, 28.14823], [85.53946, 28.14822], [85.54006, 28.14823], [85.54064, 28.14849], [85.54156, 28.14897], [85.54217, 28.14907], [85.54323, 28.14911], [85.54423, 28.14925], [85.54488, 28.14936], [85.54529, 28.14936], [85.54627, 28.14934], [85.54675, 28.14944], [85.54692, 28.14974], [85.54668, 28.15013], [85.5465, 28.15052], [85.5465, 28.15107], [85.54696, 28.15138], [85.5474, 28.15179], [85.54749, 28.15215], [85.54722, 28.15248], [85.54666, 28.15248], [85.54624, 28.15195], [85.54562, 28.1516], [85.54522, 28.1515], [85.54481, 28.1513], [85.54441, 28.15113], [85.54353, 28.15097], [85.54272, 28.15111], [85.54214, 28.15171], [85.542, 28.15248], [85.5414, 28.15316], [85.54016, 28.1532]]]}}, {"type": "Feature", "properties": {"km2": 1.453, "name": null, "near_source_5km": false}, "geometry": {"type": "Polygon", "coordinates": [[[85.50974, 28.16211], [85.5091, 28.16172], [85.50819, 28.16019], [85.509, 28.16033], [85.50998, 28.16045], [85.51042, 28.16047], [85.51093, 28.16033], [85.5113, 28.15982], [85.51134, 28.1591], [85.51123, 28.15849], [85.50979, 28.15767], [85.50898, 28.15694], [85.50879, 28.15645], [85.50875, 28.1561], [85.50926, 28.15588], [85.50977, 28.15594], [85.51106, 28.15616], [85.51176, 28.15669], [85.51243, 28.15704], [85.51354, 28.15735], [85.51479, 28.15747], [85.5154, 28.15792], [85.51618, 28.15859], [85.51683, 28.15874], [85.51778, 28.15923], [85.51813, 28.15965], [85.51843, 28.16074], [85.5192, 28.16143], [85.52015, 28.1617], [85.5211, 28.16174], [85.52218, 28.16229], [85.52279, 28.16268], [85.52367, 28.16313], [85.52469, 28.16354], [85.5258, 28.16415], [85.52691, 28.16515], [85.52818, 28.16648], [85.52849, 28.16758], [85.52828, 28.1687], [85.52767, 28.16911], [85.52726, 28.16903], [85.5267, 28.16838], [85.52561, 28.16797], [85.52464, 28.16848], [85.52397, 28.16911], [85.52392, 28.16974], [85.52473, 28.17021], [85.52552, 28.17048], [85.52619, 28.17101], [85.52628, 28.17168], [85.52529, 28.17234], [85.52434, 28.1724], [85.52376, 28.17224], [85.52279, 28.17101], [85.52251, 28.16932], [85.52221, 28.16862], [85.52103, 28.16821], [85.52005, 28.16838], [85.51966, 28.1687], [85.51927, 28.16962], [85.51901, 28.17052], [85.51855, 28.17109], [85.51785, 28.17148], [85.51716, 28.17136], [85.51649, 28.17079], [85.51665, 28.17025], [85.51718, 28.16983], [85.51744, 28.16942], [85.51748, 28.16876], [85.51704, 28.16829], [85.51618, 28.16799], [85.51547, 28.16764], [85.51503, 28.16715], [85.51463, 28.16635], [85.51466, 28.1655], [85.51449, 28.16468], [85.51352, 28.16378], [85.51192, 28.16284], [85.50974, 28.16211]]]}}, {"type": "Feature", "properties": {"km2": 1.462, "name": null, "near_source_5km": false}, "geometry": {"type": "Polygon", "coordinates": [[[85.50659, 28.16158], [85.50759, 28.1617], [85.50803, 28.16167], [85.5091, 28.16172], [85.50819, 28.16019], [85.50804, 28.16034], [85.50777, 28.16039], [85.50683, 28.16036], [85.50526, 28.16012], [85.50434, 28.15947], [85.50388, 28.15914], [85.50279, 28.15884], [85.50179, 28.15863], [85.50063, 28.15861], [85.4994, 28.159], [85.49822, 28.15957], [85.4972, 28.16037], [85.49674, 28.16176], [85.49674, 28.16313], [85.49718, 28.16482], [85.49741, 28.16552], [85.49813, 28.1667], [85.49954, 28.16817], [85.50077, 28.16923], [85.50135, 28.16999], [85.50174, 28.17091], [85.50204, 28.17164], [85.50239, 28.17205], [85.50297, 28.17285], [85.50327, 28.17409], [85.5039, 28.17489], [85.50443, 28.1754], [85.50582, 28.17616], [85.50677, 28.17677], [85.50853, 28.17716], [85.50948, 28.17681], [85.50992, 28.17634], [85.50983, 28.17536], [85.51027, 28.17477], [85.51106, 28.17454], [85.51208, 28.17434], [85.51268, 28.17383], [85.51277, 28.17299], [85.51222, 28.17238], [85.51096, 28.1723], [85.50899, 28.17191], [85.50791, 28.1714], [85.50696, 28.1707], [85.50684, 28.16999], [85.50733, 28.1694], [85.50802, 28.16876], [85.50805, 28.16833], [85.50772, 28.16791], [85.50735, 28.16737], [85.50781, 28.16603], [85.5083, 28.16533], [85.50876, 28.16498], [85.50944, 28.16441], [85.50934, 28.16396], [85.50909, 28.16368], [85.50832, 28.16331], [85.50772, 28.16313], [85.50698, 28.16317], [85.50649, 28.16343], [85.50642, 28.16405], [85.50638, 28.16447], [85.50596, 28.16507], [85.50494, 28.16511], [85.50432, 28.16503], [85.50374, 28.16486], [85.50286, 28.16429], [85.50218, 28.16349], [85.50149, 28.163], [85.50082, 28.16215], [85.50082, 28.16168], [85.50112, 28.16125], [85.50188, 28.161], [85.50288, 28.16094], [85.50413, 28.16106], [85.50452, 28.16106], [85.50515, 28.16147], [85.50543, 28.16155], [85.506, 28.16155], [85.50659, 28.16158]]]}}, {"type": "Feature", "properties": {"km2": 0.035, "name": null, "near_source_5km": false}, "geometry": {"type": "Polygon", "coordinates": [[[85.4962, 28.17605], [85.49467, 28.17574], [85.49407, 28.17544], [85.49353, 28.17499], [85.4937, 28.17456], [85.49395, 28.17448], [85.49479, 28.1746], [85.49583, 28.17489], [85.4968, 28.17527], [85.49689, 28.17562], [85.49678, 28.17587], [85.4962, 28.17605]]]}}, {"type": "Feature", "properties": {"km2": 0.068, "name": null, "near_source_5km": false}, "geometry": {"type": "Polygon", "coordinates": [[[85.50671, 28.18029], [85.50625, 28.18084], [85.50555, 28.18106], [85.50504, 28.18092], [85.5046, 28.18035], [85.5043, 28.17912], [85.5046, 28.178], [85.50516, 28.17779], [85.50578, 28.17792], [85.50636, 28.17828], [85.50676, 28.17908], [85.50685, 28.17986], [85.50671, 28.18029]]]}}, {"type": "Feature", "properties": {"km2": 0.038, "name": null, "near_source_5km": false}, "geometry": {"type": "Polygon", "coordinates": [[[85.51007, 28.18153], [85.50868, 28.18147], [85.50785, 28.18098], [85.50766, 28.17998], [85.50792, 28.17939], [85.50838, 28.17935], [85.50877, 28.17963], [85.50898, 28.18008], [85.50924, 28.18037], [85.50975, 28.18063], [85.51035, 28.18088], [85.51051, 28.1812], [85.51035, 28.18145], [85.51007, 28.18153]]]}}, {"type": "Feature", "properties": {"km2": 0.122, "name": null, "near_source_5km": false}, "geometry": {"type": "Polygon", "coordinates": [[[85.53736, 28.17466], [85.53674, 28.17563], [85.5367, 28.17627], [85.53716, 28.17721], [85.53705, 28.1777], [85.53665, 28.17784], [85.53566, 28.17751], [85.53512, 28.17686], [85.53489, 28.17598], [85.53478, 28.17496], [85.53438, 28.17404], [85.53403, 28.17337], [85.53336, 28.17254], [85.53348, 28.1721], [85.5342, 28.17194], [85.53524, 28.17222], [85.53536, 28.17271], [85.53608, 28.17356], [85.53736, 28.17466]]]}}, {"type": "Feature", "properties": {"km2": 0.308, "name": null, "near_source_5km": false}, "geometry": {"type": "Polygon", "coordinates": [[[85.55172, 28.17633], [85.5507, 28.17586], [85.54989, 28.17519], [85.54922, 28.17445], [85.5485, 28.17353], [85.54813, 28.17225], [85.54808, 28.17149], [85.54834, 28.17051], [85.54848, 28.17029], [85.54913, 28.16988], [85.54996, 28.17004], [85.55068, 28.17051], [85.55149, 28.17157], [85.55188, 28.17245], [85.55195, 28.17323], [85.55207, 28.17411], [85.55274, 28.17515], [85.55411, 28.17551], [85.55492, 28.17574], [85.55536, 28.17641], [85.55559, 28.17735], [85.55552, 28.1785], [85.55484, 28.17958], [85.55441, 28.17963], [85.55327, 28.17945], [85.55261, 28.17859], [85.55276, 28.17787], [85.5532, 28.1775], [85.55337, 28.17722], [85.55345, 28.17687], [85.55332, 28.17657], [85.55284, 28.17632], [85.55172, 28.17633]]]}}, {"type": "Feature", "properties": {"km2": 0.326, "name": null, "near_source_5km": false}, "geometry": {"type": "Polygon", "coordinates": [[[85.53785, 28.1725], [85.53823, 28.17309], [85.53828, 28.1737], [85.53866, 28.17464], [85.53978, 28.17602], [85.53974, 28.17681], [85.54074, 28.17719], [85.54107, 28.17832], [85.54208, 28.17884], [85.54329, 28.17794], [85.54352, 28.17725], [85.54336, 28.17653], [85.54288, 28.17643], [85.5428, 28.17622], [85.54292, 28.17584], [85.54286, 28.17503], [85.54258, 28.17472], [85.54041, 28.1737], [85.53987, 28.17237], [85.53957, 28.17146], [85.53936, 28.17039], [85.53833, 28.16989], [85.53679, 28.16909], [85.53571, 28.16838], [85.53458, 28.1681], [85.53396, 28.1683], [85.53356, 28.16908], [85.53438, 28.16996], [85.53536, 28.17062], [85.53666, 28.17113], [85.53766, 28.17161], [85.53759, 28.17219], [85.53785, 28.1725]]]}}, {"type": "Feature", "properties": {"km2": 0.495, "name": null, "near_source_5km": false}, "geometry": {"type": "Polygon", "coordinates": [[[85.6239, 28.26939], [85.62361, 28.27072], [85.62304, 28.27128], [85.62363, 28.27148], [85.62463, 28.27138], [85.62526, 28.27142], [85.62583, 28.2715], [85.62674, 28.27143], [85.62893, 28.27113], [85.63044, 28.27084], [85.6304, 28.27023], [85.62905, 28.26927], [85.62887, 28.2688], [85.62782, 28.26761], [85.62716, 28.26702], [85.62659, 28.26674], [85.62604, 28.26632], [85.62682, 28.26594], [85.62677, 28.26557], [85.62674, 28.26542], [85.62668, 28.26527], [85.62663, 28.26517], [85.62655, 28.2651], [85.62646, 28.26503], [85.62635, 28.26495], [85.62613, 28.26485], [85.62587, 28.26477], [85.62573, 28.2647], [85.62554, 28.26459], [85.62527, 28.26437], [85.62493, 28.26419], [85.62476, 28.26412], [85.62446, 28.26403], [85.62426, 28.26398], [85.62402, 28.26395], [85.62361, 28.26393], [85.62305, 28.26393], [85.62271, 28.2639], [85.62259, 28.26386], [85.6223, 28.26364], [85.62192, 28.26333], [85.62155, 28.26307], [85.62113, 28.26278], [85.61873, 28.26188], [85.61914, 28.26269], [85.61968, 28.26334], [85.62015, 28.26366], [85.6201, 28.26378], [85.61955, 28.26365], [85.61947, 28.26379], [85.6196, 28.26398], [85.62037, 28.26452], [85.62011, 28.26481], [85.62029, 28.26506], [85.62005, 28.26517], [85.62036, 28.26566], [85.62075, 28.26565], [85.62105, 28.26538], [85.62158, 28.26608], [85.6219, 28.2665], [85.62123, 28.26649], [85.62109, 28.26658], [85.62154, 28.2668], [85.62189, 28.26709], [85.62234, 28.26772], [85.62264, 28.26806], [85.62335, 28.26852], [85.6239, 28.26939]]]}}, {"type": "Feature", "properties": {"km2": 1.588, "name": null, "near_source_5km": false}, "geometry": {"type": "Polygon", "coordinates": [[[85.62065, 28.26717], [85.62056, 28.26759], [85.62082, 28.26779], [85.62112, 28.26779], [85.62121, 28.26746], [85.62152, 28.26737], [85.62184, 28.26748], [85.62215, 28.26767], [85.62234, 28.26772], [85.62264, 28.26806], [85.62335, 28.26852], [85.6239, 28.26939], [85.62361, 28.27072], [85.62304, 28.27128], [85.62267, 28.27112], [85.62171, 28.27103], [85.62092, 28.27103], [85.61958, 28.2712], [85.61876, 28.27137], [85.61752, 28.27132], [85.61684, 28.27111], [85.61614, 28.27069], [85.61554, 28.27022], [85.61487, 28.26954], [85.61383, 28.26904], [85.61336, 28.26863], [85.61321, 28.26802], [85.61336, 28.26735], [85.61378, 28.26661], [85.61371, 28.26638], [85.6132, 28.2664], [85.61273, 28.2666], [85.61204, 28.26679], [85.61148, 28.2667], [85.61114, 28.26644], [85.61076, 28.26572], [85.61022, 28.26559], [85.61016, 28.26516], [85.61056, 28.26457], [85.60781, 28.26355], [85.60663, 28.26279], [85.60636, 28.26211], [85.60589, 28.26164], [85.60752, 28.2598], [85.60459, 28.25859], [85.59546, 28.25458], [85.59564, 28.25326], [85.59582, 28.25287], [85.59682, 28.25319], [85.59833, 28.25357], [85.5992, 28.25412], [85.60189, 28.2545], [85.60553, 28.25649], [85.60623, 28.25637], [85.60625, 28.25631], [85.6063, 28.25627], [85.60642, 28.25625], [85.60679, 28.25623], [85.60744, 28.25619], [85.60773, 28.2562], [85.60796, 28.25626], [85.60822, 28.25635], [85.60882, 28.25659], [85.60907, 28.25671], [85.60942, 28.2569], [85.6097, 28.25708], [85.61015, 28.25736], [85.61038, 28.25747], [85.61068, 28.25759], [85.61119, 28.25779], [85.61149, 28.25793], [85.61184, 28.25809], [85.6122, 28.25827], [85.6125, 28.25846], [85.61273, 28.2586], [85.61318, 28.25895], [85.61342, 28.2591], [85.61363, 28.25923], [85.61388, 28.25935], [85.61412, 28.25945], [85.6142, 28.25946], [85.61487, 28.2596], [85.61402, 28.25996], [85.61383, 28.26014], [85.61345, 28.26004], [85.61319, 28.26031], [85.61304, 28.26007], [85.61293, 28.2601], [85.61306, 28.26104], [85.61448, 28.26115], [85.61623, 28.26163], [85.61814, 28.2627], [85.61947, 28.26489], [85.61975, 28.26571], [85.62011, 28.26625], [85.62065, 28.26717]]]}}, {"type": "Feature", "properties": {"km2": 0.494, "name": null, "near_source_5km": false}, "geometry": {"type": "Polygon", "coordinates": [[[85.65149, 28.30622], [85.65201, 28.30645], [85.65262, 28.30674], [85.65279, 28.30718], [85.65302, 28.30793], [85.65344, 28.3088], [85.65379, 28.3096], [85.65429, 28.31052], [85.65446, 28.31148], [85.65437, 28.3122], [85.65409, 28.31284], [85.65371, 28.3139], [85.65331, 28.31446], [85.65273, 28.31484], [85.65191, 28.31485], [85.65146, 28.31469], [85.65088, 28.31415], [85.65051, 28.31351], [85.65, 28.31261], [85.6496, 28.31231], [85.64927, 28.31197], [85.64849, 28.31129], [85.64836, 28.31108], [85.64841, 28.3109], [85.64868, 28.31083], [85.6491, 28.31089], [85.64944, 28.31082], [85.64976, 28.31046], [85.64974, 28.31007], [85.6495, 28.30953], [85.64862, 28.30894], [85.64813, 28.30833], [85.64791, 28.3073], [85.64769, 28.3068], [85.64717, 28.30576], [85.64678, 28.30531], [85.64624, 28.30494], [85.64593, 28.30464], [85.64585, 28.30433], [85.64602, 28.304], [85.64634, 28.30384], [85.64685, 28.30381], [85.64798, 28.30396], [85.64858, 28.30426], [85.64963, 28.30488], [85.65052, 28.30578], [85.65149, 28.30622]]]}}, {"type": "Feature", "properties": {"km2": 0.22, "name": null, "near_source_5km": true}, "geometry": {"type": "Polygon", "coordinates": [[[85.53601, 28.30113], [85.53614, 28.30076], [85.53614, 28.3001], [85.53618, 28.29959], [85.53689, 28.29957], [85.53765, 28.29958], [85.53736, 28.30001], [85.53698, 28.29997], [85.53697, 28.30027], [85.53667, 28.30068], [85.53655, 28.30097], [85.53686, 28.30114], [85.53779, 28.30059], [85.53819, 28.3003], [85.53882, 28.29996], [85.53914, 28.29947], [85.53911, 28.29857], [85.53911, 28.29812], [85.53876, 28.29803], [85.53851, 28.29836], [85.53799, 28.29829], [85.53747, 28.29824], [85.53721, 28.29787], [85.53663, 28.29756], [85.53639, 28.29781], [85.53596, 28.29807], [85.53561, 28.29848], [85.53494, 28.29812], [85.53468, 28.29849], [85.53467, 28.29892], [85.53476, 28.29937], [85.53512, 28.29949], [85.53534, 28.29947], [85.53561, 28.29944], [85.53552, 28.29969], [85.53491, 28.30009], [85.53412, 28.30007], [85.53351, 28.30035], [85.53289, 28.30047], [85.53259, 28.30102], [85.53239, 28.30135], [85.53191, 28.30224], [85.53159, 28.30258], [85.53217, 28.30303], [85.53268, 28.30329], [85.53323, 28.3037], [85.53386, 28.30361], [85.53439, 28.30399], [85.53479, 28.30344], [85.53566, 28.30211], [85.53648, 28.30133], [85.53639, 28.30127], [85.53601, 28.30113]]]}}, {"type": "Feature", "properties": {"km2": 1.708, "name": null, "near_source_5km": true}, "geometry": {"type": "Polygon", "coordinates": [[[85.47514, 28.26709], [85.47489, 28.26649], [85.47486, 28.26584], [85.47514, 28.26469], [85.47526, 28.26342], [85.47548, 28.26284], [85.47581, 28.26221], [85.47639, 28.26178], [85.47717, 28.26142], [85.47776, 28.26105], [85.47798, 28.26081], [85.47831, 28.26003], [85.47854, 28.25944], [85.4786, 28.25916], [85.47866, 28.25878], [85.47878, 28.25831], [85.47878, 28.2576], [85.4789, 28.25693], [85.4793, 28.25636], [85.47963, 28.2559], [85.47975, 28.25535], [85.48022, 28.25489], [85.48054, 28.25484], [85.48097, 28.25499], [85.48198, 28.25535], [85.48247, 28.25593], [85.48255, 28.25664], [85.48247, 28.25695], [85.48231, 28.2576], [85.48182, 28.25847], [85.48114, 28.25915], [85.48047, 28.25975], [85.48002, 28.2607], [85.48004, 28.26189], [85.48018, 28.26257], [85.4801, 28.26374], [85.48031, 28.26463], [85.48048, 28.26537], [85.48118, 28.26569], [85.48152, 28.26564], [85.48177, 28.26546], [85.48215, 28.26472], [85.48288, 28.26366], [85.48379, 28.26354], [85.48469, 28.26365], [85.48535, 28.26409], [85.48542, 28.26482], [85.48527, 28.2652], [85.48466, 28.26616], [85.48453, 28.26736], [85.48422, 28.26863], [85.48407, 28.26839], [85.48347, 28.2695], [85.48301, 28.27039], [85.48227, 28.27104], [85.48146, 28.27131], [85.48017, 28.27189], [85.47766, 28.273], [85.47667, 28.27405], [85.47545, 28.27619], [85.47398, 28.27887], [85.47264, 28.28067], [85.47126, 28.28176], [85.47016, 28.28229], [85.46943, 28.28294], [85.46884, 28.28384], [85.46827, 28.28417], [85.46793, 28.28424], [85.46768, 28.28411], [85.46751, 28.28371], [85.46733, 28.28336], [85.46704, 28.28311], [85.46677, 28.28262], [85.46649, 28.28188], [85.46651, 28.28118], [85.46662, 28.28044], [85.46777, 28.27918], [85.46964, 28.27749], [85.46999, 28.27678], [85.47109, 28.27418], [85.47212, 28.27278], [85.47297, 28.27116], [85.4735, 28.27047], [85.47419, 28.26971], [85.47546, 28.26885], [85.47572, 28.2686], [85.47586, 28.26823], [85.47612, 28.26828], [85.47648, 28.26829], [85.47705, 28.26815], [85.47745, 28.26795], [85.47769, 28.26775], [85.47814, 28.26731], [85.47835, 28.26699], [85.47848, 28.26654], [85.47841, 28.26638], [85.47822, 28.26622], [85.47804, 28.26591], [85.47797, 28.26534], [85.47784, 28.26493], [85.47779, 28.26463], [85.47768, 28.2643], [85.47756, 28.26416], [85.47746, 28.26415], [85.47737, 28.26427], [85.47737, 28.26456], [85.47734, 28.26518], [85.47722, 28.26564], [85.47711, 28.26594], [85.4771, 28.26616], [85.47712, 28.2664], [85.4772, 28.26658], [85.47717, 28.26674], [85.47703, 28.26686], [85.47674, 28.26688], [85.47626, 28.2669], [85.4757, 28.26694], [85.47543, 28.26699], [85.47514, 28.26709]]]}}, {"type": "Feature", "properties": {"km2": 0.016, "name": null, "near_source_5km": false}, "geometry": {"type": "Polygon", "coordinates": [[[85.45341, 28.25295], [85.4535, 28.25277], [85.45397, 28.25224], [85.45421, 28.25214], [85.45474, 28.25207], [85.45491, 28.25216], [85.45506, 28.25246], [85.45481, 28.25283], [85.45446, 28.25326], [85.45409, 28.25342], [85.45377, 28.25342], [85.45357, 28.25333], [85.45341, 28.25295]]]}}, {"type": "Feature", "properties": {"km2": 0.081, "name": null, "near_source_5km": false}, "geometry": {"type": "Polygon", "coordinates": [[[85.47459, 28.25146], [85.47403, 28.25187], [85.47367, 28.25229], [85.47314, 28.25253], [85.4729, 28.25254], [85.47204, 28.25267], [85.47143, 28.25289], [85.47065, 28.25302], [85.47016, 28.2529], [85.47017, 28.25249], [85.47061, 28.25216], [85.47171, 28.25193], [85.47307, 28.25095], [85.47294, 28.24968], [85.47252, 28.24982], [85.47226, 28.24928], [85.47281, 28.2492], [85.47303, 28.24928], [85.47495, 28.24971], [85.47457, 28.25069], [85.47459, 28.25146]]]}}, {"type": "Feature", "properties": {"km2": 0.087, "name": null, "near_source_5km": false}, "geometry": {"type": "Polygon", "coordinates": [[[85.46523, 28.27172], [85.46477, 28.27187], [85.4643, 28.27189], [85.46382, 28.27173], [85.46364, 28.2714], [85.46356, 28.27085], [85.46366, 28.27018], [85.46391, 28.2697], [85.46474, 28.26855], [85.46478, 28.26802], [85.4648, 28.26736], [85.46505, 28.26706], [85.46555, 28.26684], [85.466, 28.26693], [85.46618, 28.26734], [85.46624, 28.2679], [85.46618, 28.26836], [85.46592, 28.26905], [85.46554, 28.26975], [85.46555, 28.27017], [85.4657, 28.27072], [85.46569, 28.27124], [85.46555, 28.27151], [85.46523, 28.27172]]]}}, {"type": "Feature", "properties": {"km2": 0.123, "name": null, "near_source_5km": false}, "geometry": {"type": "Polygon", "coordinates": [[[85.47495, 28.24971], [85.47514, 28.24976], [85.47562, 28.24987], [85.47587, 28.24986], [85.47656, 28.24951], [85.47781, 28.24997], [85.4784, 28.25074], [85.47858, 28.25182], [85.47821, 28.25218], [85.47786, 28.25239], [85.47769, 28.25285], [85.47759, 28.25331], [85.4773, 28.25385], [85.47713, 28.25402], [85.47671, 28.25413], [85.47651, 28.25408], [85.47623, 28.25365], [85.47626, 28.25334], [85.47628, 28.25311], [85.47623, 28.2527], [85.47606, 28.2523], [85.47578, 28.2523], [85.47553, 28.25237], [85.47519, 28.25226], [85.47504, 28.252], [85.47483, 28.25156], [85.47459, 28.25146], [85.47457, 28.25069], [85.47495, 28.24971]]]}}, {"type": "Feature", "properties": {"km2": 0.892, "name": null, "near_source_5km": false}, "geometry": {"type": "Polygon", "coordinates": [[[85.45668, 28.25491], [85.45819, 28.25379], [85.45919, 28.25341], [85.46051, 28.25321], [85.46118, 28.25261], [85.46221, 28.25257], [85.46311, 28.25296], [85.46374, 28.25298], [85.46463, 28.2532], [85.46526, 28.25351], [85.46539, 28.25373], [85.46555, 28.25426], [85.46557, 28.25481], [85.46595, 28.2551], [85.46613, 28.25543], [85.46617, 28.25575], [85.46615, 28.2562], [85.46628, 28.25669], [85.4662, 28.2571], [85.46571, 28.25767], [85.46537, 28.2578], [85.46467, 28.25773], [85.46402, 28.25771], [85.46369, 28.25788], [85.46336, 28.25824], [85.46285, 28.25849], [85.46221, 28.25865], [85.46162, 28.25893], [85.46101, 28.2595], [85.45971, 28.26022], [85.45743, 28.26215], [85.45666, 28.26235], [85.45568, 28.26239], [85.45512, 28.26236], [85.45436, 28.26226], [85.45375, 28.26217], [85.45338, 28.26211], [85.45284, 28.26172], [85.4521, 28.26096], [85.45179, 28.26033], [85.45167, 28.25969], [85.45182, 28.25909], [85.45262, 28.25812], [85.45448, 28.25688], [85.45584, 28.25566], [85.45668, 28.25491]]]}}, {"type": "Feature", "properties": {"km2": 0.259, "name": null, "near_source_5km": false}, "geometry": {"type": "Polygon", "coordinates": [[[85.45449, 28.23928], [85.45423, 28.23938], [85.45396, 28.2395], [85.4536, 28.23982], [85.45309, 28.24009], [85.45293, 28.24003], [85.45291, 28.23985], [85.45302, 28.2396], [85.4531, 28.23933], [85.45296, 28.23907], [85.45289, 28.23889], [85.45273, 28.23873], [85.45268, 28.23835], [85.45273, 28.23787], [85.45276, 28.23753], [85.45294, 28.23725], [85.45308, 28.23698], [85.45316, 28.2368], [85.45313, 28.23634], [85.45317, 28.23607], [85.45328, 28.23591], [85.45354, 28.23571], [85.45371, 28.23549], [85.4539, 28.2351], [85.45394, 28.23469], [85.4539, 28.23453], [85.45375, 28.23439], [85.45366, 28.23424], [85.45369, 28.23401], [85.45376, 28.23374], [85.45396, 28.23339], [85.45412, 28.23318], [85.45448, 28.23293], [85.45489, 28.23284], [85.45517, 28.23286], [85.45539, 28.23297], [85.45558, 28.2331], [85.45568, 28.23318], [85.4558, 28.23317], [85.45576, 28.233], [85.45569, 28.23276], [85.45556, 28.23265], [85.45549, 28.23248], [85.45547, 28.23214], [85.45557, 28.23188], [85.45574, 28.23168], [85.4561, 28.23168], [85.45646, 28.23174], [85.45675, 28.23192], [85.45704, 28.23195], [85.45737, 28.23201], [85.45753, 28.23209], [85.45762, 28.23235], [85.4576, 28.23261], [85.4577, 28.23308], [85.45791, 28.23408], [85.4579, 28.23504], [85.45762, 28.23563], [85.45698, 28.23639], [85.45654, 28.23665], [85.45593, 28.2367], [85.45533, 28.23687], [85.45491, 28.23714], [85.45483, 28.23743], [85.45491, 28.23764], [85.45511, 28.23779], [85.45544, 28.2379], [85.45554, 28.23798], [85.45556, 28.23818], [85.45549, 28.23829], [85.45546, 28.2385], [85.45549, 28.23861], [85.45539, 28.23883], [85.45512, 28.23908], [85.45491, 28.23916], [85.45449, 28.23928]]]}}, {"type": "Feature", "properties": {"km2": 0.387, "name": null, "near_source_5km": false}, "geometry": {"type": "Polygon", "coordinates": [[[85.45582, 28.24294], [85.45575, 28.24281], [85.45572, 28.24266], [85.45585, 28.24254], [85.45607, 28.24244], [85.45655, 28.24247], [85.45692, 28.24254], [85.45755, 28.24248], [85.45801, 28.24249], [85.45822, 28.24238], [85.45824, 28.24224], [85.45816, 28.24179], [85.45829, 28.24154], [85.45849, 28.24136], [85.45898, 28.24137], [85.45965, 28.24148], [85.46015, 28.24148], [85.4606, 28.2413], [85.46085, 28.24122], [85.4616, 28.2412], [85.46222, 28.24132], [85.46269, 28.2417], [85.46283, 28.24236], [85.46288, 28.24298], [85.46303, 28.24344], [85.46303, 28.2438], [85.46289, 28.24393], [85.46259, 28.24404], [85.46206, 28.24417], [85.46179, 28.24438], [85.46155, 28.24465], [85.4614, 28.245], [85.46143, 28.24528], [85.46173, 28.2456], [85.46185, 28.24587], [85.4619, 28.24626], [85.46185, 28.24657], [85.46158, 28.24683], [85.46125, 28.24691], [85.46096, 28.24691], [85.46079, 28.24682], [85.46066, 28.24668], [85.46037, 28.24652], [85.46, 28.24639], [85.45979, 28.24636], [85.45928, 28.24641], [85.45872, 28.2464], [85.45847, 28.24633], [85.45794, 28.24628], [85.45711, 28.2463], [85.45589, 28.24651], [85.45508, 28.24658], [85.45449, 28.24658], [85.45371, 28.2467], [85.45314, 28.24683], [85.45267, 28.24667], [85.45252, 28.2466], [85.45244, 28.24633], [85.4524, 28.246], [85.45255, 28.24565], [85.45298, 28.24546], [85.4535, 28.24522], [85.45379, 28.24496], [85.45402, 28.24471], [85.45442, 28.24442], [85.45501, 28.24427], [85.45579, 28.24426], [85.45615, 28.24421], [85.45635, 28.24413], [85.45671, 28.24405], [85.457, 28.24398], [85.45713, 28.24392], [85.45715, 28.24379], [85.45703, 28.24369], [85.45697, 28.24361], [85.45689, 28.2433], [85.45665, 28.24321], [85.45629, 28.24309], [85.45582, 28.24294]]]}}, {"type": "Feature", "properties": {"km2": 0.06, "name": null, "near_source_5km": true}, "geometry": {"type": "Polygon", "coordinates": [[[85.50132, 28.26455], [85.50075, 28.26451], [85.50029, 28.26446], [85.49971, 28.26413], [85.49946, 28.26397], [85.49919, 28.26368], [85.49905, 28.26332], [85.4991, 28.26307], [85.49925, 28.26287], [85.50025, 28.26273], [85.50077, 28.26288], [85.50179, 28.26331], [85.50206, 28.26347], [85.50338, 28.26406], [85.50344, 28.26434], [85.50348, 28.26458], [85.50316, 28.26477], [85.50252, 28.26478], [85.50132, 28.26455]]]}}, {"type": "Feature", "properties": {"km2": 0.201, "name": null, "near_source_5km": true}, "geometry": {"type": "Polygon", "coordinates": [[[85.51665, 28.25635], [85.51607, 28.25677], [85.51503, 28.25707], [85.51405, 28.25793], [85.51461, 28.25839], [85.51496, 28.25991], [85.51492, 28.26113], [85.51492, 28.2613], [85.51519, 28.26199], [85.51635, 28.26237], [85.51764, 28.26243], [85.51824, 28.26246], [85.51904, 28.26165], [85.51912, 28.26074], [85.51857, 28.25999], [85.51755, 28.259], [85.51719, 28.25809], [85.51752, 28.25715], [85.51665, 28.25635]]]}}, {"type": "Feature", "properties": {"km2": 0.07, "name": null, "near_source_5km": true}, "geometry": {"type": "Polygon", "coordinates": [[[85.51016, 28.26319], [85.50995, 28.26288], [85.50984, 28.2626], [85.50981, 28.26213], [85.50991, 28.26135], [85.50988, 28.26101], [85.50981, 28.26077], [85.50993, 28.2604], [85.51049, 28.26005], [85.51092, 28.25992], [85.5111, 28.26002], [85.5114, 28.26042], [85.51157, 28.26081], [85.51171, 28.26115], [85.51197, 28.26127], [85.51217, 28.26133], [85.51231, 28.26153], [85.51249, 28.26198], [85.51243, 28.26217], [85.51231, 28.26227], [85.51198, 28.26271], [85.51173, 28.26299], [85.51149, 28.26316], [85.51107, 28.26332], [85.51084, 28.26335], [85.5106, 28.26333], [85.51016, 28.26319]]]}}, {"type": "Feature", "properties": {"km2": 0.209, "name": null, "near_source_5km": true}, "geometry": {"type": "Polygon", "coordinates": [[[85.52287, 28.27073], [85.5225, 28.27073], [85.5218, 28.27062], [85.52156, 28.27034], [85.52156, 28.26996], [85.52182, 28.26964], [85.52244, 28.26951], [85.52291, 28.26921], [85.52334, 28.26897], [85.52424, 28.26863], [85.5251, 28.26856], [85.52568, 28.2684], [85.52646, 28.26845], [85.52718, 28.26808], [85.52812, 28.26796], [85.52847, 28.26817], [85.52862, 28.26857], [85.5287, 28.26878], [85.52883, 28.26913], [85.52914, 28.26948], [85.52919, 28.26977], [85.52896, 28.27018], [85.52877, 28.27046], [85.52864, 28.27092], [85.52853, 28.27127], [85.52837, 28.27146], [85.52808, 28.27166], [85.52756, 28.27176], [85.52706, 28.27201], [85.52672, 28.27229], [85.52639, 28.27246], [85.52597, 28.27239], [85.52582, 28.27202], [85.5258, 28.27168], [85.52539, 28.27117], [85.52501, 28.2711], [85.52437, 28.27083], [85.52378, 28.27079], [85.52287, 28.27073]]]}}, {"type": "Feature", "properties": {"km2": 0.708, "name": null, "near_source_5km": true}, "geometry": {"type": "Polygon", "coordinates": [[[85.50204, 28.2728], [85.50149, 28.27284], [85.50122, 28.27285], [85.50072, 28.27281], [85.50037, 28.27274], [85.50002, 28.27251], [85.49967, 28.27198], [85.49951, 28.27165], [85.49921, 28.27164], [85.49895, 28.2717], [85.4986, 28.27162], [85.49831, 28.27142], [85.49809, 28.27129], [85.49784, 28.27126], [85.49736, 28.2715], [85.49685, 28.27193], [85.4966, 28.27225], [85.49623, 28.27251], [85.49614, 28.27254], [85.49593, 28.27241], [85.49572, 28.27214], [85.49565, 28.27156], [85.49539, 28.27113], [85.49508, 28.27064], [85.49498, 28.27013], [85.49515, 28.26963], [85.49539, 28.26952], [85.49574, 28.26878], [85.49593, 28.26816], [85.49587, 28.26737], [85.49558, 28.26688], [85.4955, 28.26637], [85.49534, 28.26584], [85.49521, 28.26541], [85.4951, 28.26534], [85.49466, 28.2655], [85.49434, 28.26577], [85.49401, 28.26587], [85.49359, 28.26589], [85.49324, 28.26574], [85.49315, 28.26496], [85.49351, 28.26449], [85.49399, 28.26401], [85.49432, 28.26376], [85.49436, 28.26349], [85.49424, 28.26343], [85.49393, 28.26329], [85.49385, 28.26307], [85.49403, 28.26278], [85.49428, 28.2627], [85.49452, 28.26268], [85.49537, 28.26294], [85.49621, 28.26302], [85.49699, 28.26328], [85.49743, 28.26329], [85.49781, 28.26343], [85.49838, 28.26364], [85.49865, 28.26399], [85.49866, 28.26433], [85.49856, 28.26485], [85.49885, 28.26524], [85.49925, 28.26548], [85.49962, 28.26551], [85.50063, 28.26537], [85.50114, 28.26547], [85.50209, 28.26579], [85.50267, 28.2661], [85.50337, 28.26614], [85.50412, 28.266], [85.50462, 28.26612], [85.50495, 28.26649], [85.50525, 28.26718], [85.50531, 28.26788], [85.50489, 28.26821], [85.50454, 28.2683], [85.50378, 28.26835], [85.50253, 28.26802], [85.50202, 28.26796], [85.50177, 28.26803], [85.50141, 28.26838], [85.50138, 28.26881], [85.50195, 28.2695], [85.50246, 28.26996], [85.50312, 28.27052], [85.50347, 28.27087], [85.50364, 28.27152], [85.50348, 28.27211], [85.50316, 28.27258], [85.5025, 28.27282], [85.50204, 28.2728]]]}}, {"type": "Feature", "properties": {"km2": 0.032, "name": null, "near_source_5km": true}, "geometry": {"type": "Polygon", "coordinates": [[[85.51044, 28.26775], [85.51077, 28.26816], [85.51107, 28.26839], [85.51135, 28.26872], [85.51137, 28.26902], [85.51125, 28.26936], [85.51102, 28.26951], [85.51064, 28.2695], [85.51028, 28.26935], [85.50988, 28.26916], [85.50947, 28.26887], [85.50912, 28.26862], [85.50897, 28.26846], [85.50897, 28.26809], [85.5092, 28.26781], [85.50939, 28.26771], [85.50973, 28.26765], [85.51012, 28.26764], [85.51044, 28.26775]]]}}, {"type": "Feature", "properties": {"km2": 0.047, "name": null, "near_source_5km": true}, "geometry": {"type": "Polygon", "coordinates": [[[85.50679, 28.26989], [85.50678, 28.2694], [85.50684, 28.26903], [85.50685, 28.26863], [85.50696, 28.26825], [85.50721, 28.26801], [85.50746, 28.26795], [85.50766, 28.26795], [85.50785, 28.26803], [85.50786, 28.26843], [85.50785, 28.26849], [85.50781, 28.26908], [85.50787, 28.26928], [85.50798, 28.26956], [85.50813, 28.26981], [85.50838, 28.27032], [85.50874, 28.2708], [85.50869, 28.27107], [85.50857, 28.27118], [85.5081, 28.27119], [85.50783, 28.27122], [85.50764, 28.27137], [85.50759, 28.27149], [85.50743, 28.27157], [85.50731, 28.27154], [85.50723, 28.27135], [85.50708, 28.27118], [85.50697, 28.27102], [85.50676, 28.27053], [85.50674, 28.27036], [85.50679, 28.26989]]]}}, {"type": "Feature", "properties": {"km2": 0.342, "name": null, "near_source_5km": false}, "geometry": {"type": "Polygon", "coordinates": [[[85.63329, 28.33482], [85.63334, 28.33456], [85.63347, 28.3344], [85.63384, 28.33438], [85.63404, 28.33448], [85.63429, 28.33465], [85.63455, 28.33474], [85.63504, 28.33472], [85.63545, 28.33443], [85.6356, 28.33427], [85.63546, 28.33404], [85.63529, 28.33388], [85.63527, 28.33368], [85.63541, 28.33347], [85.63566, 28.33326], [85.63586, 28.33304], [85.63593, 28.33247], [85.63618, 28.33191], [85.63641, 28.33166], [85.63678, 28.33155], [85.63706, 28.3316], [85.63725, 28.33228], [85.63725, 28.33301], [85.63726, 28.33338], [85.63767, 28.33382], [85.63812, 28.3345], [85.6383, 28.33498], [85.6383, 28.33545], [85.63838, 28.33573], [85.63876, 28.33581], [85.6391, 28.33576], [85.63947, 28.3356], [85.63975, 28.33551], [85.63978, 28.33511], [85.63983, 28.33477], [85.63995, 28.33462], [85.64044, 28.33459], [85.64069, 28.33467], [85.64122, 28.33471], [85.64167, 28.33477], [85.64177, 28.3349], [85.64173, 28.33517], [85.64158, 28.33547], [85.64142, 28.3358], [85.64119, 28.3364], [85.64108, 28.33681], [85.64089, 28.33707], [85.64057, 28.33733], [85.64019, 28.3378], [85.63991, 28.33824], [85.63966, 28.33842], [85.63941, 28.33844], [85.63881, 28.33848], [85.63852, 28.3386], [85.63835, 28.33881], [85.63809, 28.33901], [85.63769, 28.33904], [85.63735, 28.33889], [85.63716, 28.3387], [85.63695, 28.33851], [85.6367, 28.33838], [85.63637, 28.33806], [85.63589, 28.33794], [85.63577, 28.33816], [85.63448, 28.33783], [85.63356, 28.33723], [85.63336, 28.33613], [85.63318, 28.33547], [85.63329, 28.33482]]]}}, {"type": "Feature", "properties": {"km2": 0.407, "name": null, "near_source_5km": false}, "geometry": {"type": "Polygon", "coordinates": [[[85.63094, 28.32699], [85.63125, 28.3272], [85.63127, 28.32737], [85.63144, 28.32746], [85.63163, 28.32746], [85.63179, 28.32738], [85.63188, 28.32715], [85.63182, 28.32663], [85.63178, 28.32618], [85.63177, 28.32593], [85.63192, 28.3256], [85.6321, 28.32545], [85.63239, 28.32541], [85.63267, 28.32549], [85.6331, 28.32564], [85.63354, 28.32568], [85.63392, 28.32583], [85.63442, 28.32592], [85.63461, 28.32622], [85.63466, 28.3266], [85.63457, 28.32697], [85.63437, 28.32729], [85.63409, 28.32728], [85.63391, 28.32716], [85.63369, 28.327], [85.63329, 28.32692], [85.633, 28.32694], [85.63261, 28.32709], [85.63236, 28.32716], [85.63225, 28.32729], [85.63223, 28.32743], [85.63226, 28.32753], [85.6324, 28.32761], [85.63291, 28.32779], [85.63315, 28.32784], [85.63334, 28.32797], [85.63326, 28.32822], [85.63319, 28.32833], [85.63298, 28.32854], [85.63293, 28.32874], [85.63308, 28.32884], [85.63327, 28.32885], [85.63365, 28.32872], [85.63409, 28.32862], [85.6344, 28.32868], [85.63456, 28.32886], [85.63462, 28.32906], [85.63456, 28.32937], [85.63439, 28.32963], [85.63428, 28.32981], [85.63431, 28.3301], [85.63473, 28.33066], [85.63501, 28.33082], [85.6355, 28.331], [85.63594, 28.33109], [85.63613, 28.33122], [85.63615, 28.33143], [85.63596, 28.33162], [85.63577, 28.33167], [85.6355, 28.33169], [85.63538, 28.33174], [85.63531, 28.3319], [85.63531, 28.33209], [85.63505, 28.3325], [85.63465, 28.33273], [85.63414, 28.33296], [85.63326, 28.33297], [85.633, 28.33276], [85.63282, 28.33241], [85.6328, 28.33214], [85.63279, 28.33182], [85.63266, 28.33157], [85.6324, 28.33161], [85.63223, 28.33183], [85.63216, 28.33225], [85.63215, 28.33282], [85.63226, 28.33304], [85.63235, 28.33337], [85.6323, 28.33364], [85.6321, 28.33395], [85.63193, 28.33425], [85.63158, 28.33485], [85.63124, 28.33517], [85.6308, 28.33539], [85.63048, 28.33546], [85.63009, 28.3354], [85.62981, 28.33521], [85.62962, 28.33501], [85.62952, 28.33477], [85.62947, 28.33448], [85.62931, 28.33426], [85.62906, 28.33405], [85.62904, 28.33393], [85.62911, 28.33382], [85.62913, 28.33358], [85.62903, 28.33308], [85.6288, 28.33284], [85.62867, 28.33256], [85.62869, 28.33225], [85.62882, 28.33187], [85.62885, 28.33168], [85.62886, 28.33122], [85.62929, 28.33062], [85.62965, 28.33014], [85.63002, 28.32999], [85.63032, 28.32984], [85.63052, 28.3295], [85.6306, 28.32928], [85.63057, 28.32898], [85.63027, 28.3286], [85.62989, 28.32834], [85.62964, 28.32833], [85.62951, 28.32818], [85.62949, 28.32801], [85.62964, 28.32761], [85.62989, 28.32732], [85.63049, 28.3269], [85.63094, 28.32699]]]}}, {"type": "Feature", "properties": {"km2": 0.422, "name": null, "near_source_5km": false}, "geometry": {"type": "Polygon", "coordinates": [[[85.6299, 28.32605], [85.6302, 28.32594], [85.6306, 28.32567], [85.63098, 28.32537], [85.63135, 28.32529], [85.63138, 28.32546], [85.63119, 28.32569], [85.63092, 28.32584], [85.63088, 28.32597], [85.631, 28.32604], [85.63114, 28.32618], [85.63049, 28.3269], [85.62989, 28.32732], [85.62964, 28.32761], [85.62943, 28.32747], [85.62928, 28.32742], [85.62906, 28.32753], [85.62891, 28.32776], [85.62865, 28.32781], [85.62793, 28.32778], [85.62761, 28.32762], [85.62742, 28.32726], [85.62708, 28.32715], [85.62677, 28.3272], [85.62654, 28.32748], [85.62645, 28.32784], [85.62653, 28.32814], [85.62683, 28.32837], [85.62744, 28.32847], [85.62787, 28.32874], [85.62791, 28.32916], [85.62781, 28.32988], [85.62746, 28.33032], [85.6271, 28.33053], [85.62589, 28.33082], [85.62488, 28.33089], [85.62445, 28.33072], [85.62401, 28.33027], [85.62395, 28.32992], [85.62411, 28.32959], [85.6242, 28.32917], [85.62371, 28.32845], [85.62298, 28.32781], [85.62262, 28.32754], [85.62237, 28.32724], [85.62229, 28.32678], [85.6224, 28.32645], [85.62259, 28.32604], [85.62261, 28.32559], [85.62278, 28.32516], [85.62312, 28.32499], [85.62339, 28.32488], [85.62345, 28.32464], [85.62362, 28.32428], [85.62387, 28.32403], [85.62398, 28.32365], [85.62417, 28.32344], [85.62456, 28.32328], [85.62484, 28.32329], [85.62521, 28.32345], [85.62537, 28.32379], [85.62536, 28.32409], [85.6255, 28.3244], [85.62576, 28.32446], [85.6263, 28.32398], [85.62644, 28.32371], [85.62677, 28.32338], [85.62705, 28.32336], [85.6272, 28.3235], [85.62746, 28.32393], [85.62742, 28.32425], [85.62728, 28.32468], [85.6273, 28.32493], [85.62752, 28.32534], [85.62776, 28.32537], [85.62788, 28.32485], [85.628, 28.32451], [85.62827, 28.32445], [85.6286, 28.32449], [85.62874, 28.32431], [85.62867, 28.32409], [85.62867, 28.32373], [85.62882, 28.32347], [85.62921, 28.32322], [85.62951, 28.32327], [85.62979, 28.32342], [85.63003, 28.3237], [85.6301, 28.32419], [85.63023, 28.32479], [85.63035, 28.3251], [85.63037, 28.32532], [85.63, 28.32573], [85.62943, 28.3261], [85.62917, 28.32642], [85.62893, 28.32692], [85.62897, 28.32705], [85.62925, 28.32698], [85.62955, 28.32663], [85.62974, 28.32631], [85.6299, 28.32605]]]}}, {"type": "Feature", "properties": {"km2": 0.08, "name": null, "near_source_5km": false}, "geometry": {"type": "Polygon", "coordinates": [[[85.61965, 28.31465], [85.61924, 28.31475], [85.61898, 28.31474], [85.61879, 28.31443], [85.61885, 28.31391], [85.61935, 28.31315], [85.62005, 28.31249], [85.62056, 28.3118], [85.62089, 28.31112], [85.62136, 28.31072], [85.62177, 28.3106], [85.62226, 28.31051], [85.62243, 28.3106], [85.62251, 28.31135], [85.62223, 28.3122], [85.62171, 28.31306], [85.62121, 28.31364], [85.62044, 28.31422], [85.61965, 28.31465]]]}}, {"type": "Feature", "properties": {"km2": 0.841, "name": null, "near_source_5km": false}, "geometry": {"type": "Polygon", "coordinates": [[[85.62008, 28.31829], [85.62021, 28.31725], [85.62043, 28.31669], [85.621, 28.3158], [85.62144, 28.31532], [85.62188, 28.31487], [85.62233, 28.31401], [85.62284, 28.3135], [85.62363, 28.31314], [85.6242, 28.31252], [85.62446, 28.31163], [85.62484, 28.31071], [85.62528, 28.31014], [85.62568, 28.31009], [85.62619, 28.30989], [85.62693, 28.30968], [85.62772, 28.30968], [85.62789, 28.30977], [85.6281, 28.31015], [85.62816, 28.31056], [85.62873, 28.31093], [85.62884, 28.31127], [85.62847, 28.31236], [85.62819, 28.31394], [85.62769, 28.31495], [85.62716, 28.31543], [85.62628, 28.31563], [85.62493, 28.31601], [85.6244, 28.31632], [85.62405, 28.31709], [85.62407, 28.31749], [85.62432, 28.31781], [85.62484, 28.31793], [85.625, 28.31805], [85.62515, 28.31833], [85.6254, 28.3187], [85.62576, 28.31894], [85.62582, 28.3194], [85.62561, 28.31996], [85.6253, 28.32024], [85.62489, 28.3203], [85.62461, 28.32042], [85.62447, 28.32057], [85.62446, 28.3208], [85.62478, 28.321], [85.62511, 28.32129], [85.62512, 28.32164], [85.62481, 28.32208], [85.62442, 28.32257], [85.62412, 28.32276], [85.62373, 28.32293], [85.6235, 28.32346], [85.62311, 28.32424], [85.62271, 28.32473], [85.62211, 28.32514], [85.62158, 28.3259], [85.62089, 28.32658], [85.62055, 28.32707], [85.62043, 28.3275], [85.62021, 28.32808], [85.62, 28.32823], [85.61972, 28.32811], [85.61937, 28.32775], [85.6192, 28.32712], [85.6192, 28.32652], [85.61886, 28.32498], [85.61881, 28.32377], [85.61897, 28.32273], [85.61921, 28.32217], [85.61977, 28.32134], [85.62004, 28.32092], [85.6202, 28.32012], [85.62008, 28.31829]]]}}, {"type": "Feature", "properties": {"km2": 0.075, "name": null, "near_source_5km": false}, "geometry": {"type": "Polygon", "coordinates": [[[85.61468, 28.30762], [85.61595, 28.30834], [85.61698, 28.30874], [85.61783, 28.3093], [85.61877, 28.30957], [85.62023, 28.30909], [85.62055, 28.30878], [85.62058, 28.30819], [85.62033, 28.30792], [85.61988, 28.30791], [85.61928, 28.3082], [85.61864, 28.30837], [85.61809, 28.30823], [85.61769, 28.3078], [85.61749, 28.30753], [85.61715, 28.30715], [85.61674, 28.30694], [85.61632, 28.30707], [85.61595, 28.30729], [85.61561, 28.30739], [85.61516, 28.30716], [85.61468, 28.30762]]]}}, {"type": "Feature", "properties": {"km2": 0.264, "name": null, "near_source_5km": false}, "geometry": {"type": "Polygon", "coordinates": [[[85.6176, 28.30408], [85.61696, 28.30384], [85.61649, 28.3035], [85.61641, 28.30308], [85.61634, 28.30279], [85.61616, 28.30254], [85.61608, 28.302], [85.61613, 28.30176], [85.61628, 28.30139], [85.61628, 28.30102], [85.61608, 28.30056], [85.61612, 28.29956], [85.61612, 28.29903], [85.61579, 28.2985], [85.61564, 28.2982], [85.61576, 28.29799], [85.61622, 28.29779], [85.61661, 28.29738], [85.6168, 28.29736], [85.61703, 28.29742], [85.61725, 28.29785], [85.61756, 28.29818], [85.61784, 28.29876], [85.61842, 28.29948], [85.6193, 28.30021], [85.61936, 28.3006], [85.61906, 28.30096], [85.61913, 28.3014], [85.61975, 28.30207], [85.62017, 28.30241], [85.62117, 28.30249], [85.62138, 28.30242], [85.62164, 28.3025], [85.62168, 28.30271], [85.62165, 28.30331], [85.6217, 28.30353], [85.62222, 28.30348], [85.62256, 28.30306], [85.62289, 28.30304], [85.62314, 28.30317], [85.62316, 28.30372], [85.62287, 28.30415], [85.62282, 28.30472], [85.62302, 28.30491], [85.62306, 28.30518], [85.62283, 28.30528], [85.62201, 28.30523], [85.62107, 28.30497], [85.6205, 28.30467], [85.62013, 28.30441], [85.62003, 28.30399], [85.62019, 28.30361], [85.62013, 28.30309], [85.61973, 28.30297], [85.61949, 28.30318], [85.61927, 28.30374], [85.61894, 28.30425], [85.61852, 28.30438], [85.61802, 28.30433], [85.6176, 28.30408]]]}}, {"type": "Feature", "properties": {"km2": 0.197, "name": null, "near_source_5km": false}, "geometry": {"type": "Polygon", "coordinates": [[[85.58613, 28.30216], [85.58658, 28.30236], [85.58698, 28.30261], [85.58732, 28.30299], [85.5875, 28.30376], [85.58785, 28.3041], [85.58832, 28.30443], [85.58851, 28.30496], [85.58841, 28.30548], [85.58804, 28.30585], [85.58728, 28.30604], [85.58608, 28.30594], [85.58504, 28.30566], [85.58446, 28.30537], [85.58396, 28.30461], [85.58361, 28.30432], [85.58341, 28.30388], [85.58333, 28.30343], [85.58331, 28.30302], [85.58332, 28.30267], [85.58326, 28.30227], [85.58305, 28.30207], [85.58278, 28.30191], [85.58263, 28.3017], [85.58263, 28.30147], [85.58266, 28.30133], [85.58285, 28.30122], [85.58334, 28.30116], [85.5839, 28.30099], [85.58422, 28.30086], [85.58458, 28.30093], [85.58496, 28.30108], [85.58556, 28.30143], [85.5858, 28.30178], [85.58613, 28.30216]]]}}, {"type": "Feature", "properties": {"km2": 0.427, "name": null, "near_source_5km": false}, "geometry": {"type": "Polygon", "coordinates": [[[85.5945, 28.29924], [85.59505, 28.30043], [85.59554, 28.30088], [85.5968, 28.30199], [85.59783, 28.30309], [85.59808, 28.30375], [85.5981, 28.30417], [85.59768, 28.30484], [85.59634, 28.30583], [85.59544, 28.3064], [85.59474, 28.30664], [85.59371, 28.30672], [85.59347, 28.30657], [85.59347, 28.30623], [85.59369, 28.30583], [85.59398, 28.30547], [85.59451, 28.30517], [85.59472, 28.30483], [85.59465, 28.30441], [85.59416, 28.30396], [85.5937, 28.3037], [85.59312, 28.30358], [85.59284, 28.30356], [85.59234, 28.30331], [85.59204, 28.30288], [85.59166, 28.30194], [85.59135, 28.30095], [85.59103, 28.30016], [85.5907, 28.29927], [85.59057, 28.29867], [85.59013, 28.29793], [85.58986, 28.29752], [85.58955, 28.29702], [85.58938, 28.29646], [85.58936, 28.29592], [85.58947, 28.29542], [85.58972, 28.29521], [85.59042, 28.29513], [85.59084, 28.2953], [85.59117, 28.29574], [85.59123, 28.2964], [85.59122, 28.29691], [85.59151, 28.29725], [85.59218, 28.29754], [85.59282, 28.29768], [85.59331, 28.29794], [85.59389, 28.29841], [85.5943, 28.29885], [85.5945, 28.29924]]]}}, {"type": "Feature", "properties": {"km2": 0.448, "name": null, "near_source_5km": false}, "geometry": {"type": "Polygon", "coordinates": [[[85.60018, 28.2989], [85.59988, 28.29856], [85.59958, 28.29837], [85.59911, 28.29826], [85.59878, 28.298], [85.59896, 28.29756], [85.59972, 28.29729], [85.60036, 28.29696], [85.60078, 28.29654], [85.60096, 28.29605], [85.60086, 28.29564], [85.60052, 28.29522], [85.60017, 28.29512], [85.60009, 28.29493], [85.60009, 28.29461], [85.6002, 28.29436], [85.60013, 28.29409], [85.5998, 28.29401], [85.59942, 28.29429], [85.59925, 28.29456], [85.59908, 28.29501], [85.59893, 28.29572], [85.59866, 28.29582], [85.59848, 28.29603], [85.59801, 28.29625], [85.59771, 28.2965], [85.59713, 28.29655], [85.59696, 28.29661], [85.59675, 28.29698], [85.59652, 28.29806], [85.59654, 28.29859], [85.59672, 28.29898], [85.59718, 28.29948], [85.5973, 28.29988], [85.59737, 28.30036], [85.59737, 28.30079], [85.59811, 28.30224], [85.5985, 28.30321], [85.59953, 28.30406], [85.60042, 28.304], [85.60183, 28.30432], [85.60295, 28.30439], [85.60383, 28.30426], [85.60421, 28.30385], [85.60433, 28.30312], [85.60425, 28.3026], [85.60364, 28.30187], [85.60316, 28.3012], [85.60302, 28.30036], [85.60293, 28.29955], [85.60251, 28.29905], [85.6017, 28.29875], [85.60132, 28.2987], [85.60107, 28.29877], [85.60078, 28.29892], [85.60018, 28.2989]]]}}, {"type": "Feature", "properties": {"km2": 0.018, "name": null, "near_source_5km": false}, "geometry": {"type": "Polygon", "coordinates": [[[85.6631, 28.39302], [85.66348, 28.39317], [85.66373, 28.39342], [85.66409, 28.39384], [85.66399, 28.39418], [85.66375, 28.39437], [85.66338, 28.39444], [85.6631, 28.39439], [85.66281, 28.39419], [85.66253, 28.39394], [85.66243, 28.39367], [85.66243, 28.39338], [85.66258, 28.39319], [85.66283, 28.39306], [85.6631, 28.39302]]]}}, {"type": "Feature", "properties": {"km2": 0.032, "name": null, "near_source_5km": false}, "geometry": {"type": "Polygon", "coordinates": [[[85.65866, 28.38781], [85.65837, 28.38776], [85.65787, 28.38758], [85.65756, 28.38733], [85.65746, 28.38712], [85.65741, 28.38687], [85.65743, 28.3867], [85.65752, 28.38669], [85.65798, 28.38674], [85.65853, 28.38686], [85.65895, 28.38692], [85.65938, 28.38692], [85.65973, 28.38702], [85.65992, 28.38712], [85.6601, 28.38734], [85.66009, 28.38772], [85.66004, 28.38793], [85.65983, 28.38825], [85.6596, 28.38843], [85.65925, 28.38852], [85.65899, 28.3885], [85.65888, 28.3884], [85.65879, 28.38822], [85.65878, 28.38809], [85.65874, 28.38796], [85.65866, 28.38781]]]}}, {"type": "Feature", "properties": {"km2": 0.502, "name": null, "near_source_5km": false}, "geometry": {"type": "Polygon", "coordinates": [[[85.24161, 28.34548], [85.24121, 28.34536], [85.24104, 28.3453], [85.24085, 28.34522], [85.2406, 28.34509], [85.24038, 28.34498], [85.24016, 28.34485], [85.23997, 28.34476], [85.23975, 28.34461], [85.2396, 28.34445], [85.2395, 28.34432], [85.23935, 28.34409], [85.23928, 28.3439], [85.23926, 28.34374], [85.2393, 28.3436], [85.23939, 28.34346], [85.23943, 28.34332], [85.23943, 28.34318], [85.23941, 28.34301], [85.23943, 28.34293], [85.23954, 28.3428], [85.23957, 28.34273], [85.23982, 28.34258], [85.23987, 28.34249], [85.23988, 28.34239], [85.23985, 28.34225], [85.23975, 28.34213], [85.23963, 28.34199], [85.23957, 28.34193], [85.23949, 28.34182], [85.23946, 28.34172], [85.23947, 28.34157], [85.23952, 28.34148], [85.23957, 28.3414], [85.23959, 28.34128], [85.23957, 28.34123], [85.23946, 28.34115], [85.23938, 28.34112], [85.23929, 28.34103], [85.23925, 28.34098], [85.23916, 28.34089], [85.23904, 28.34084], [85.23892, 28.3408], [85.23881, 28.34078], [85.23868, 28.34076], [85.23847, 28.34072], [85.23835, 28.34065], [85.2383, 28.3406], [85.2383, 28.34046], [85.2383, 28.34036], [85.2383, 28.34031], [85.23835, 28.34012], [85.23845, 28.34006], [85.23864, 28.34005], [85.23878, 28.34007], [85.23903, 28.34013], [85.23919, 28.34016], [85.23938, 28.34017], [85.23959, 28.34018], [85.23974, 28.34023], [85.23991, 28.34028], [85.24, 28.34033], [85.24019, 28.34042], [85.24033, 28.34052], [85.24046, 28.34062], [85.24054, 28.34071], [85.24062, 28.34078], [85.2407, 28.34084], [85.24081, 28.34095], [85.24087, 28.34098], [85.24097, 28.34105], [85.24109, 28.34112], [85.24119, 28.34118], [85.24132, 28.34125], [85.24143, 28.34133], [85.24156, 28.34142], [85.24176, 28.34154], [85.24193, 28.34159], [85.24212, 28.34162], [85.24239, 28.34162], [85.24262, 28.3416], [85.24285, 28.3416], [85.24308, 28.34168], [85.24331, 28.3418], [85.24344, 28.34193], [85.24347, 28.34209], [85.24349, 28.3422], [85.24349, 28.34245], [85.2435, 28.34255], [85.24354, 28.34282], [85.24365, 28.34299], [85.24386, 28.34316], [85.24402, 28.34323], [85.24436, 28.34323], [85.24458, 28.34312], [85.24474, 28.34304], [85.24489, 28.34292], [85.245, 28.34286], [85.24524, 28.34281], [85.24548, 28.34274], [85.24571, 28.34264], [85.24588, 28.34256], [85.24604, 28.34247], [85.24617, 28.34245], [85.24631, 28.34247], [85.24636, 28.34251], [85.24635, 28.34268], [85.24632, 28.34275], [85.24614, 28.34293], [85.2461, 28.34298], [85.24605, 28.34303], [85.24597, 28.34315], [85.24597, 28.34329], [85.24604, 28.34339], [85.24615, 28.34346], [85.24629, 28.34349], [85.24651, 28.34354], [85.24664, 28.34362], [85.24688, 28.34373], [85.24704, 28.34381], [85.2473, 28.34402], [85.24746, 28.34427], [85.24747, 28.34447], [85.24747, 28.3447], [85.24748, 28.34499], [85.24751, 28.34523], [85.24761, 28.34546], [85.24767, 28.34564], [85.24769, 28.34579], [85.24768, 28.34594], [85.24761, 28.34607], [85.24755, 28.34615], [85.24739, 28.34622], [85.24722, 28.34627], [85.24695, 28.34631], [85.24677, 28.34637], [85.24649, 28.34649], [85.24634, 28.34657], [85.24624, 28.34669], [85.24621, 28.34676], [85.24617, 28.34687], [85.24619, 28.34704], [85.2462, 28.34716], [85.2462, 28.34736], [85.24618, 28.34752], [85.24619, 28.34761], [85.24625, 28.34765], [85.24643, 28.34761], [85.24652, 28.34754], [85.24659, 28.34742], [85.24671, 28.34729], [85.24689, 28.34723], [85.24705, 28.34722], [85.24717, 28.34727], [85.24725, 28.34737], [85.2473, 28.34755], [85.24734, 28.34774], [85.24736, 28.34801], [85.24736, 28.34828], [85.24735, 28.34868], [85.24728, 28.34909], [85.24725, 28.34925], [85.24717, 28.34945], [85.24709, 28.34955], [85.24699, 28.3497], [85.24689, 28.34983], [85.24677, 28.34987], [85.24659, 28.34996], [85.24643, 28.35002], [85.24626, 28.35007], [85.246, 28.35008], [85.24573, 28.35002], [85.24544, 28.34988], [85.24518, 28.34973], [85.24499, 28.34961], [85.2448, 28.34952], [85.24468, 28.34949], [85.24457, 28.34948], [85.2444, 28.34944], [85.2443, 28.3494], [85.24423, 28.34935], [85.24411, 28.34927], [85.24409, 28.34916], [85.24409, 28.34903], [85.24411, 28.3488], [85.24415, 28.3487], [85.24419, 28.34856], [85.24419, 28.34843], [85.24414, 28.34833], [85.24408, 28.34831], [85.24393, 28.34833], [85.24383, 28.3484], [85.24377, 28.34848], [85.24377, 28.34856], [85.24378, 28.34865], [85.24385, 28.34878], [85.24387, 28.34891], [85.24388, 28.34899], [85.24383, 28.34907], [85.24371, 28.34909], [85.24358, 28.34909], [85.24344, 28.34911], [85.24329, 28.34916], [85.24321, 28.34922], [85.2431, 28.3493], [85.24302, 28.34944], [85.24293, 28.34956], [85.24279, 28.34966], [85.24266, 28.34974], [85.24252, 28.34978], [85.24246, 28.3498], [85.24238, 28.34986], [85.24228, 28.34992], [85.24217, 28.34996], [85.24208, 28.34998], [85.24203, 28.34999], [85.24197, 28.35001], [85.24191, 28.35002], [85.24186, 28.35004], [85.24178, 28.35005], [85.24168, 28.35007], [85.24161, 28.35008], [85.24154, 28.35008], [85.2415, 28.35004], [85.2415, 28.35001], [85.24151, 28.34995], [85.24154, 28.3499], [85.24162, 28.34985], [85.24167, 28.34984], [85.24172, 28.34984], [85.24182, 28.34984], [85.24186, 28.34983], [85.24193, 28.3498], [85.24198, 28.34977], [85.24205, 28.34967], [85.24207, 28.34959], [85.24209, 28.34952], [85.24211, 28.34942], [85.24213, 28.34935], [85.24214, 28.34929], [85.24219, 28.34921], [85.24224, 28.34913], [85.24229, 28.34908], [85.24235, 28.34902], [85.24238, 28.34899], [85.24243, 28.34892], [85.24244, 28.34882], [85.24241, 28.34877], [85.24239, 28.34873], [85.2424, 28.34869], [85.24244, 28.34859], [85.2425, 28.34852], [85.24253, 28.34847], [85.24257, 28.34834], [85.24257, 28.34824], [85.24251, 28.34814], [85.24247, 28.34808], [85.24238, 28.34799], [85.24231, 28.34791], [85.24226, 28.34785], [85.24221, 28.34778], [85.24213, 28.34761], [85.24209, 28.34746], [85.24207, 28.34728], [85.24209, 28.34711], [85.24212, 28.34696], [85.24221, 28.34677], [85.24234, 28.34652], [85.24239, 28.34641], [85.24249, 28.34619], [85.24251, 28.34613], [85.24252, 28.346], [85.24251, 28.3459], [85.24248, 28.34583], [85.24243, 28.34578], [85.24238, 28.34574], [85.24232, 28.34573], [85.24226, 28.34571], [85.24215, 28.34568], [85.24207, 28.34566], [85.24199, 28.34563], [85.24193, 28.3456], [85.24184, 28.34558], [85.24161, 28.34548]]]}}, {"type": "Feature", "properties": {"km2": 1.927, "name": null, "near_source_5km": false}, "geometry": {"type": "Polygon", "coordinates": [[[85.20352, 28.24585], [85.20311, 28.24579], [85.20283, 28.24578], [85.20256, 28.24579], [85.20218, 28.24587], [85.20188, 28.24599], [85.2016, 28.24605], [85.2012, 28.246], [85.20105, 28.24591], [85.20074, 28.24575], [85.20032, 28.24566], [85.19998, 28.24562], [85.19977, 28.24558], [85.19959, 28.24552], [85.19947, 28.24535], [85.19934, 28.24522], [85.1991, 28.2451], [85.19889, 28.24505], [85.19862, 28.24496], [85.19834, 28.24474], [85.19829, 28.2446], [85.19842, 28.24443], [85.19865, 28.24441], [85.19899, 28.24445], [85.19928, 28.24447], [85.19959, 28.24449], [85.19997, 28.24451], [85.20031, 28.24456], [85.20088, 28.24457], [85.2013, 28.24458], [85.20161, 28.24458], [85.20202, 28.24452], [85.20221, 28.24442], [85.20229, 28.24405], [85.20213, 28.24383], [85.20182, 28.24374], [85.20177, 28.24361], [85.20202, 28.24343], [85.20225, 28.2434], [85.20244, 28.2434], [85.20279, 28.24345], [85.20337, 28.24345], [85.2038, 28.24345], [85.20424, 28.24352], [85.20444, 28.24355], [85.20485, 28.24362], [85.20535, 28.24378], [85.20579, 28.24383], [85.20633, 28.24385], [85.20673, 28.24377], [85.20743, 28.24351], [85.2079, 28.24323], [85.20807, 28.243], [85.20822, 28.24264], [85.20825, 28.24238], [85.20827, 28.24206], [85.20836, 28.24171], [85.20882, 28.24122], [85.20905, 28.24089], [85.20939, 28.24041], [85.20959, 28.24023], [85.20979, 28.23994], [85.2101, 28.23958], [85.21043, 28.23931], [85.21065, 28.23919], [85.21091, 28.23911], [85.21117, 28.23903], [85.2115, 28.23899], [85.21182, 28.23898], [85.21211, 28.23901], [85.21246, 28.23914], [85.21265, 28.2393], [85.21305, 28.23949], [85.21327, 28.23969], [85.21334, 28.23986], [85.21337, 28.24028], [85.21316, 28.24062], [85.21279, 28.24106], [85.21255, 28.24129], [85.21227, 28.24144], [85.21181, 28.24173], [85.21153, 28.24194], [85.21141, 28.24221], [85.21138, 28.24238], [85.21136, 28.24262], [85.21134, 28.2428], [85.21131, 28.24307], [85.21124, 28.24352], [85.21114, 28.2438], [85.21102, 28.24395], [85.21088, 28.24411], [85.21078, 28.24431], [85.21071, 28.24458], [85.21066, 28.24484], [85.21064, 28.24502], [85.2105, 28.24517], [85.21033, 28.24527], [85.21027, 28.2454], [85.21028, 28.24566], [85.21045, 28.24581], [85.21075, 28.24595], [85.21109, 28.24595], [85.21138, 28.24587], [85.21161, 28.24583], [85.21182, 28.24571], [85.21197, 28.24552], [85.21225, 28.24521], [85.21228, 28.24505], [85.21227, 28.24475], [85.21217, 28.2446], [85.21219, 28.24435], [85.21226, 28.24413], [85.21239, 28.24398], [85.21264, 28.24373], [85.21288, 28.24348], [85.21309, 28.24333], [85.21332, 28.24335], [85.21339, 28.24343], [85.21345, 28.24372], [85.21331, 28.24395], [85.21317, 28.24424], [85.2131, 28.24444], [85.21305, 28.24466], [85.213, 28.24502], [85.213, 28.24524], [85.21291, 28.24567], [85.21288, 28.24583], [85.21285, 28.24639], [85.21294, 28.24667], [85.21314, 28.24691], [85.21334, 28.2471], [85.21365, 28.24741], [85.21387, 28.24776], [85.21411, 28.24811], [85.21424, 28.2483], [85.21436, 28.2486], [85.21438, 28.24888], [85.21431, 28.24905], [85.21411, 28.24928], [85.21387, 28.24937], [85.21342, 28.24937], [85.21288, 28.2494], [85.21232, 28.24947], [85.21219, 28.24951], [85.21199, 28.24969], [85.21175, 28.25008], [85.2116, 28.25035], [85.2114, 28.25072], [85.21116, 28.25123], [85.21108, 28.25164], [85.21069, 28.25226], [85.21048, 28.25245], [85.20983, 28.25306], [85.20964, 28.2533], [85.20938, 28.25398], [85.20936, 28.25432], [85.2094, 28.25478], [85.20936, 28.25512], [85.20932, 28.25536], [85.20925, 28.2557], [85.20915, 28.25614], [85.20894, 28.2566], [85.20873, 28.25708], [85.2086, 28.25729], [85.20841, 28.25758], [85.20819, 28.25779], [85.20793, 28.25809], [85.20786, 28.25841], [85.20776, 28.25873], [85.20774, 28.25885], [85.20767, 28.25931], [85.20757, 28.25961], [85.20746, 28.25978], [85.20724, 28.26002], [85.20696, 28.26018], [85.2066, 28.26032], [85.20638, 28.2606], [85.20626, 28.26082], [85.20604, 28.26114], [85.20571, 28.26139], [85.20547, 28.26152], [85.20526, 28.26161], [85.20503, 28.26175], [85.20489, 28.26191], [85.20471, 28.26208], [85.20442, 28.26224], [85.2042, 28.2626], [85.20411, 28.26282], [85.20393, 28.26322], [85.20378, 28.26369], [85.20365, 28.26409], [85.20352, 28.26432], [85.2033, 28.26447], [85.20296, 28.26451], [85.20273, 28.26451], [85.20259, 28.26448], [85.2024, 28.26444], [85.20221, 28.26436], [85.202, 28.26423], [85.20194, 28.26393], [85.20189, 28.26373], [85.20186, 28.26349], [85.20181, 28.26336], [85.2017, 28.26328], [85.20147, 28.26322], [85.20133, 28.26323], [85.20108, 28.26339], [85.20099, 28.26352], [85.20078, 28.26374], [85.20057, 28.26382], [85.20022, 28.26392], [85.19995, 28.26397], [85.19953, 28.26403], [85.19926, 28.26409], [85.19888, 28.26411], [85.1987, 28.26409], [85.19851, 28.26399], [85.19845, 28.26391], [85.19852, 28.2637], [85.1987, 28.26366], [85.19882, 28.26365], [85.19925, 28.26358], [85.19947, 28.26353], [85.19955, 28.26345], [85.19955, 28.26332], [85.19934, 28.26306], [85.19904, 28.26297], [85.19862, 28.26295], [85.19819, 28.26314], [85.19759, 28.2634], [85.19727, 28.26352], [85.19697, 28.26362], [85.19676, 28.26365], [85.1964, 28.26354], [85.19621, 28.2634], [85.19606, 28.26309], [85.19596, 28.26258], [85.19608, 28.26217], [85.19624, 28.26188], [85.19644, 28.26161], [85.19652, 28.26147], [85.19668, 28.26125], [85.19696, 28.26099], [85.19726, 28.26065], [85.19759, 28.26031], [85.19788, 28.26021], [85.19841, 28.26004], [85.19868, 28.25993], [85.19911, 28.25962], [85.1994, 28.2593], [85.19971, 28.25898], [85.19992, 28.25873], [85.20011, 28.25844], [85.20034, 28.25815], [85.20066, 28.25781], [85.20092, 28.25756], [85.20116, 28.25735], [85.20147, 28.25721], [85.20177, 28.25709], [85.20197, 28.25702], [85.20226, 28.25681], [85.20245, 28.25654], [85.20262, 28.25633], [85.20301, 28.25585], [85.20332, 28.2555], [85.20346, 28.25512], [85.20367, 28.25452], [85.20372, 28.2539], [85.20372, 28.25319], [85.20372, 28.25259], [85.20377, 28.25208], [85.20382, 28.25144], [85.20388, 28.25093], [85.20389, 28.25066], [85.204, 28.2503], [85.20408, 28.25013], [85.20416, 28.24986], [85.20419, 28.24966], [85.20417, 28.24945], [85.20414, 28.2493], [85.20399, 28.24921], [85.20389, 28.24912], [85.20378, 28.24893], [85.20377, 28.24882], [85.20403, 28.24869], [85.20431, 28.24868], [85.20456, 28.24873], [85.20503, 28.24874], [85.20533, 28.24873], [85.20572, 28.24864], [85.20594, 28.24852], [85.206, 28.24826], [85.20601, 28.2481], [85.20594, 28.24771], [85.20588, 28.24744], [85.2057, 28.24718], [85.2053, 28.24692], [85.20461, 28.24655], [85.20435, 28.24622], [85.20404, 28.24607], [85.2038, 28.24596], [85.20352, 28.24585]]]}}, {"type": "Feature", "properties": {"km2": 0.902, "name": null, "near_source_5km": false}, "geometry": {"type": "Polygon", "coordinates": [[[85.19119, 28.26573], [85.19139, 28.26594], [85.1915, 28.26606], [85.19166, 28.26634], [85.19177, 28.26663], [85.19188, 28.267], [85.19191, 28.26727], [85.1919, 28.26744], [85.19182, 28.26765], [85.19158, 28.26786], [85.19129, 28.26802], [85.19104, 28.26815], [85.19088, 28.26828], [85.19083, 28.26842], [85.19088, 28.26862], [85.19096, 28.26876], [85.19114, 28.26887], [85.19154, 28.26888], [85.1919, 28.26893], [85.19201, 28.26898], [85.19223, 28.26907], [85.19247, 28.26917], [85.19277, 28.26937], [85.19307, 28.26958], [85.19318, 28.26976], [85.1933, 28.27002], [85.19341, 28.27024], [85.19354, 28.27043], [85.19372, 28.2706], [85.19405, 28.27067], [85.19444, 28.27079], [85.19489, 28.27085], [85.19533, 28.27088], [85.19567, 28.27089], [85.19584, 28.27087], [85.19644, 28.27066], [85.19667, 28.27052], [85.19684, 28.27039], [85.19716, 28.27028], [85.19733, 28.27025], [85.19778, 28.27021], [85.19834, 28.27027], [85.1986, 28.27045], [85.19885, 28.27075], [85.19907, 28.27091], [85.1995, 28.27106], [85.19987, 28.27113], [85.2004, 28.27116], [85.20083, 28.27106], [85.20121, 28.27099], [85.20173, 28.27099], [85.2025, 28.27104], [85.20293, 28.27113], [85.20318, 28.27148], [85.20323, 28.27163], [85.20327, 28.27196], [85.20343, 28.27249], [85.20364, 28.27301], [85.20367, 28.27322], [85.20379, 28.27352], [85.20419, 28.27396], [85.20438, 28.27417], [85.20462, 28.27447], [85.20492, 28.27476], [85.20529, 28.275], [85.2055, 28.27509], [85.20583, 28.2754], [85.20587, 28.27561], [85.20572, 28.2758], [85.20547, 28.27603], [85.20496, 28.27623], [85.20447, 28.27644], [85.20415, 28.27642], [85.2038, 28.27618], [85.20366, 28.27605], [85.20335, 28.27583], [85.2025, 28.27536], [85.20198, 28.27513], [85.20154, 28.27507], [85.20065, 28.27485], [85.20017, 28.27473], [85.19947, 28.27471], [85.19881, 28.27478], [85.19836, 28.27489], [85.19792, 28.27492], [85.19744, 28.2749], [85.19697, 28.27469], [85.19679, 28.27458], [85.19656, 28.2743], [85.19652, 28.27406], [85.19669, 28.2738], [85.19682, 28.27367], [85.1969, 28.27345], [85.19674, 28.27326], [85.19643, 28.27321], [85.19575, 28.2733], [85.19539, 28.27347], [85.19487, 28.27363], [85.19428, 28.27371], [85.19369, 28.27372], [85.19276, 28.27379], [85.19237, 28.27388], [85.19205, 28.27399], [85.1918, 28.27422], [85.19149, 28.27424], [85.19104, 28.27425], [85.1905, 28.27427], [85.18996, 28.27448], [85.18964, 28.27484], [85.18933, 28.27501], [85.18881, 28.27505], [85.1883, 28.27498], [85.18785, 28.27481], [85.18756, 28.27471], [85.18718, 28.2745], [85.18683, 28.27433], [85.18666, 28.27412], [85.1866, 28.27387], [85.18658, 28.27344], [85.1866, 28.27309], [85.18679, 28.2725], [85.18697, 28.27218], [85.18721, 28.27182], [85.18747, 28.27138], [85.18771, 28.27119], [85.18807, 28.27088], [85.18849, 28.27068], [85.18871, 28.27055], [85.189, 28.27024], [85.18933, 28.26992], [85.18968, 28.26951], [85.1899, 28.26924], [85.18999, 28.26899], [85.18997, 28.26887], [85.18994, 28.26873], [85.18976, 28.26863], [85.1895, 28.26863], [85.18887, 28.26882], [85.18874, 28.26891], [85.18852, 28.26914], [85.18832, 28.26941], [85.18818, 28.2695], [85.18787, 28.26945], [85.18773, 28.26938], [85.18766, 28.26921], [85.18772, 28.26895], [85.18788, 28.2685], [85.1881, 28.26793], [85.18817, 28.26765], [85.18818, 28.26748], [85.1882, 28.26709], [85.18828, 28.26664], [85.18847, 28.26632], [85.18902, 28.26573], [85.18931, 28.2655], [85.1898, 28.26535], [85.18991, 28.26534], [85.19034, 28.26535], [85.19058, 28.2654], [85.19119, 28.26573]]]}}, {"type": "Feature", "properties": {"km2": 0.034, "name": null, "near_source_5km": false}, "geometry": {"type": "Polygon", "coordinates": [[[85.20936, 28.23885], [85.20896, 28.23897], [85.20876, 28.23911], [85.20859, 28.23933], [85.20849, 28.23956], [85.20836, 28.23977], [85.20806, 28.23996], [85.20778, 28.24008], [85.20755, 28.24021], [85.20735, 28.24041], [85.20695, 28.2406], [85.20647, 28.24067], [85.2062, 28.24068], [85.20592, 28.24051], [85.20589, 28.24039], [85.20608, 28.24018], [85.20626, 28.2401], [85.20645, 28.23988], [85.2066, 28.23965], [85.20674, 28.23952], [85.207, 28.23916], [85.20711, 28.23906], [85.20729, 28.23897], [85.20769, 28.23891], [85.20802, 28.23883], [85.20828, 28.23874], [85.20857, 28.23866], [85.20886, 28.23862], [85.20918, 28.23854], [85.20941, 28.23857], [85.20955, 28.2387], [85.20951, 28.2388], [85.20936, 28.23885]]]}}, {"type": "Feature", "properties": {"km2": 2.088, "name": null, "near_source_5km": false}, "geometry": {"type": "Polygon", "coordinates": [[[85.63522, 28.37153], [85.63526, 28.3721], [85.63502, 28.37242], [85.6348, 28.37244], [85.63441, 28.37244], [85.63392, 28.3721], [85.63364, 28.37155], [85.6332, 28.37015], [85.63327, 28.36954], [85.63339, 28.36908], [85.63328, 28.36871], [85.63308, 28.3685], [85.63278, 28.36759], [85.63329, 28.36603], [85.63397, 28.36484], [85.63403, 28.36423], [85.63414, 28.36321], [85.63475, 28.36111], [85.63535, 28.35964], [85.63569, 28.35912], [85.63604, 28.35881], [85.63611, 28.35862], [85.63595, 28.35823], [85.63553, 28.35776], [85.63535, 28.35711], [85.63522, 28.35457], [85.63529, 28.35386], [85.63546, 28.35289], [85.63541, 28.35235], [85.63549, 28.35173], [85.63586, 28.35089], [85.63619, 28.35057], [85.63638, 28.35039], [85.6364, 28.35028], [85.63625, 28.35024], [85.63606, 28.35026], [85.63567, 28.35031], [85.63522, 28.35035], [85.63493, 28.35035], [85.63469, 28.35032], [85.63456, 28.35026], [85.63447, 28.35014], [85.63447, 28.34999], [85.6346, 28.34977], [85.63488, 28.34961], [85.63527, 28.34944], [85.63573, 28.34938], [85.63696, 28.34937], [85.63755, 28.34952], [85.6381, 28.34954], [85.63876, 28.34953], [85.63934, 28.34963], [85.6397, 28.34968], [85.64043, 28.34955], [85.64079, 28.34948], [85.64111, 28.34943], [85.64165, 28.34925], [85.64178, 28.34924], [85.64192, 28.34937], [85.64197, 28.34958], [85.64189, 28.34989], [85.64155, 28.35017], [85.64118, 28.35039], [85.64056, 28.35068], [85.63984, 28.3509], [85.63981, 28.35108], [85.63991, 28.35132], [85.64021, 28.35143], [85.64059, 28.3514], [85.64136, 28.3514], [85.64176, 28.35151], [85.6421, 28.35187], [85.64219, 28.35252], [85.64252, 28.35295], [85.64285, 28.35323], [85.64329, 28.35323], [85.64451, 28.35308], [85.64531, 28.35311], [85.64604, 28.35334], [85.64648, 28.354], [85.64665, 28.35482], [85.64781, 28.35553], [85.64943, 28.35634], [85.65049, 28.3569], [85.65132, 28.35806], [85.65187, 28.3588], [85.65253, 28.35957], [85.65281, 28.35991], [85.65289, 28.36064], [85.6527, 28.36113], [85.65212, 28.36145], [85.65117, 28.3616], [85.64984, 28.36171], [85.64848, 28.36169], [85.64695, 28.36156], [85.64626, 28.3614], [85.64604, 28.3612], [85.64588, 28.36094], [85.6458, 28.3609], [85.64558, 28.3609], [85.64516, 28.36125], [85.6448, 28.36153], [85.64426, 28.36166], [85.64313, 28.36185], [85.64212, 28.36224], [85.64123, 28.36287], [85.63937, 28.364], [85.63856, 28.36542], [85.63661, 28.36803], [85.63582, 28.36961], [85.63522, 28.37153]]]}}, {"type": "Feature", "properties": {"km2": 0.038, "name": null, "near_source_5km": false}, "geometry": {"type": "Polygon", "coordinates": [[[85.64015, 28.34696], [85.63927, 28.34704], [85.63842, 28.3471], [85.63765, 28.34721], [85.63693, 28.34743], [85.63686, 28.34762], [85.63685, 28.34799], [85.63716, 28.34829], [85.63761, 28.34833], [85.63823, 28.34835], [85.63846, 28.3481], [85.63882, 28.34785], [85.63914, 28.34779], [85.63944, 28.34781], [85.64017, 28.34786], [85.64067, 28.34783], [85.64074, 28.34774], [85.6408, 28.34744], [85.64052, 28.3471], [85.64015, 28.34696]]]}}, {"type": "Feature", "properties": {"km2": 0.218, "name": null, "near_source_5km": false}, "geometry": {"type": "Polygon", "coordinates": [[[85.64861, 28.36641], [85.64824, 28.36744], [85.64799, 28.36817], [85.64781, 28.36841], [85.64729, 28.36888], [85.64636, 28.36951], [85.64593, 28.36992], [85.64551, 28.37049], [85.64521, 28.37081], [85.64491, 28.37101], [85.64454, 28.37105], [85.64412, 28.37098], [85.64373, 28.37087], [85.64353, 28.37075], [85.64334, 28.37051], [85.64322, 28.37016], [85.64321, 28.36994], [85.64333, 28.36948], [85.6437, 28.36885], [85.64411, 28.36812], [85.64452, 28.36741], [85.6448, 28.36685], [85.64482, 28.3664], [85.64477, 28.3661], [85.64469, 28.36566], [85.64475, 28.36512], [85.64497, 28.3649], [85.64546, 28.36486], [85.64593, 28.36473], [85.64649, 28.36477], [85.64693, 28.36481], [85.64747, 28.36502], [85.64781, 28.36523], [85.6479, 28.36549], [85.64802, 28.36573], [85.64821, 28.36586], [85.64836, 28.3659], [85.64849, 28.36602], [85.64855, 28.36615], [85.64861, 28.36641]]]}}, {"type": "Feature", "properties": {"km2": 1.376, "name": null, "near_source_5km": false}, "geometry": {"type": "Polygon", "coordinates": [[[85.62767, 28.33849], [85.62556, 28.33992], [85.62311, 28.34161], [85.62302, 28.34151], [85.62264, 28.34143], [85.62229, 28.34135], [85.62205, 28.34127], [85.62193, 28.34115], [85.62176, 28.341], [85.62166, 28.34085], [85.62158, 28.34082], [85.62117, 28.341], [85.62066, 28.34131], [85.62027, 28.34144], [85.61979, 28.34176], [85.61927, 28.34201], [85.61882, 28.34205], [85.61796, 28.34218], [85.61703, 28.34233], [85.61635, 28.34247], [85.61607, 28.34244], [85.61573, 28.34256], [85.61555, 28.34265], [85.6152, 28.34285], [85.61469, 28.343], [85.61435, 28.34322], [85.61405, 28.34361], [85.61365, 28.34392], [85.61284, 28.34434], [85.61244, 28.34454], [85.6121, 28.3446], [85.61185, 28.34458], [85.61173, 28.34446], [85.61165, 28.34414], [85.61163, 28.3437], [85.61196, 28.34226], [85.61214, 28.34179], [85.6126, 28.34122], [85.61266, 28.34106], [85.61252, 28.34104], [85.6121, 28.34116], [85.61179, 28.34119], [85.61132, 28.34117], [85.61105, 28.3411], [85.61089, 28.34102], [85.61062, 28.34065], [85.61072, 28.34038], [85.61083, 28.34025], [85.61124, 28.34009], [85.61197, 28.33989], [85.61244, 28.33964], [85.61282, 28.33917], [85.61302, 28.33879], [85.61343, 28.33841], [85.61366, 28.33817], [85.61382, 28.33808], [85.6142, 28.33797], [85.61492, 28.33789], [85.61585, 28.33768], [85.61675, 28.33761], [85.61739, 28.33752], [85.61835, 28.33762], [85.61867, 28.33779], [85.61898, 28.33803], [85.61927, 28.33811], [85.61955, 28.33822], [85.61984, 28.33822], [85.62004, 28.33816], [85.62023, 28.33779], [85.62023, 28.33748], [85.62038, 28.33697], [85.62019, 28.33677], [85.61992, 28.33657], [85.61992, 28.33634], [85.62001, 28.33623], [85.62014, 28.33598], [85.62016, 28.3357], [85.62005, 28.33545], [85.61967, 28.33533], [85.61936, 28.33547], [85.61902, 28.33567], [85.61875, 28.33575], [85.61809, 28.33587], [85.61779, 28.33588], [85.6173, 28.33584], [85.61697, 28.33563], [85.6166, 28.33539], [85.61645, 28.33533], [85.61614, 28.33539], [85.61585, 28.33562], [85.61561, 28.33587], [85.61549, 28.33616], [85.61492, 28.3365], [85.61419, 28.33689], [85.61367, 28.337], [85.61306, 28.33704], [85.61253, 28.33711], [85.61217, 28.33732], [85.61143, 28.33788], [85.61051, 28.33812], [85.61011, 28.33819], [85.60974, 28.33829], [85.60922, 28.3383], [85.60882, 28.33844], [85.6088, 28.33855], [85.60889, 28.33863], [85.60929, 28.33869], [85.6097, 28.33873], [85.61, 28.33889], [85.61005, 28.33916], [85.60981, 28.33956], [85.60944, 28.34004], [85.60903, 28.34009], [85.60883, 28.34007], [85.60858, 28.33994], [85.60841, 28.33962], [85.60827, 28.33958], [85.60807, 28.33958], [85.60798, 28.33959], [85.60775, 28.33951], [85.60738, 28.33913], [85.60735, 28.33888], [85.60751, 28.33805], [85.6079, 28.33761], [85.6082, 28.33723], [85.60848, 28.33708], [85.60881, 28.3369], [85.60897, 28.33677], [85.60912, 28.33658], [85.60926, 28.33602], [85.60958, 28.33516], [85.60998, 28.3345], [85.61064, 28.3339], [85.6112, 28.33328], [85.612, 28.33274], [85.61241, 28.3325], [85.61287, 28.33245], [85.61322, 28.33252], [85.61385, 28.33273], [85.61434, 28.33285], [85.61473, 28.33285], [85.61567, 28.33251], [85.61638, 28.3322], [85.6179, 28.33183], [85.61831, 28.33169], [85.61897, 28.33163], [85.62023, 28.33159], [85.62077, 28.33149], [85.62125, 28.33261], [85.62114, 28.33382], [85.62108, 28.33433], [85.62136, 28.33469], [85.62224, 28.3351], [85.62434, 28.33551], [85.62488, 28.33597], [85.62617, 28.33729], [85.62767, 28.33849]]]}}, {"type": "Feature", "properties": {"km2": 0.218, "name": null, "near_source_5km": false}, "geometry": {"type": "Polygon", "coordinates": [[[85.17777, 28.25815], [85.17754, 28.25798], [85.1773, 28.25792], [85.1766, 28.25777], [85.17615, 28.2577], [85.17575, 28.2576], [85.17545, 28.2574], [85.17531, 28.2571], [85.17526, 28.25694], [85.17525, 28.25675], [85.17538, 28.25651], [85.1757, 28.25639], [85.17604, 28.25637], [85.1763, 28.25637], [85.17654, 28.25638], [85.17753, 28.25638], [85.17777, 28.25641], [85.17809, 28.25644], [85.17853, 28.25652], [85.17883, 28.25656], [85.17939, 28.25686], [85.17969, 28.25701], [85.18012, 28.25728], [85.18044, 28.25747], [85.18078, 28.25769], [85.18128, 28.25806], [85.18158, 28.25838], [85.18185, 28.25881], [85.18206, 28.25913], [85.18231, 28.25946], [85.18272, 28.25993], [85.18291, 28.26014], [85.18312, 28.26043], [85.18337, 28.26088], [85.18375, 28.2614], [85.18389, 28.26175], [85.18391, 28.26209], [85.18362, 28.2624], [85.18291, 28.26251], [85.18267, 28.26251], [85.18227, 28.2623], [85.18189, 28.26207], [85.1815, 28.26177], [85.1812, 28.26156], [85.18067, 28.26108], [85.18013, 28.26073], [85.17988, 28.26049], [85.17961, 28.26014], [85.17931, 28.25977], [85.17906, 28.25938], [85.17875, 28.25894], [85.17829, 28.25861], [85.17796, 28.25833], [85.17777, 28.25815]]]}}, {"type": "Feature", "properties": {"km2": 0.674, "name": null, "near_source_5km": false}, "geometry": {"type": "Polygon", "coordinates": [[[85.17636, 28.26984], [85.17613, 28.26953], [85.17588, 28.26937], [85.17565, 28.26925], [85.17534, 28.26915], [85.17487, 28.26902], [85.17438, 28.26882], [85.17384, 28.26848], [85.1737, 28.26842], [85.1734, 28.26822], [85.17316, 28.26809], [85.17287, 28.26786], [85.17241, 28.2675], [85.17199, 28.26727], [85.17165, 28.26715], [85.17136, 28.26709], [85.1708, 28.26695], [85.17039, 28.2668], [85.17017, 28.26656], [85.1701, 28.26643], [85.17006, 28.26618], [85.16985, 28.26609], [85.16973, 28.26594], [85.16967, 28.26574], [85.16977, 28.26563], [85.16989, 28.26558], [85.17011, 28.26556], [85.17037, 28.26539], [85.17049, 28.26509], [85.17056, 28.26492], [85.17076, 28.26469], [85.17093, 28.2646], [85.17129, 28.26461], [85.17174, 28.2647], [85.17215, 28.26481], [85.17258, 28.26492], [85.17313, 28.26498], [85.17372, 28.26506], [85.17417, 28.26519], [85.1747, 28.26539], [85.175, 28.26569], [85.17531, 28.2659], [85.17573, 28.26608], [85.17606, 28.26619], [85.17659, 28.26634], [85.17715, 28.26655], [85.17761, 28.26666], [85.17871, 28.26684], [85.17893, 28.26699], [85.17932, 28.26735], [85.17972, 28.26779], [85.17996, 28.26816], [85.18042, 28.26871], [85.1808, 28.26907], [85.18115, 28.26938], [85.18165, 28.26959], [85.18203, 28.26964], [85.18267, 28.26974], [85.18316, 28.2699], [85.18364, 28.27021], [85.18404, 28.2705], [85.1842, 28.27088], [85.18428, 28.27115], [85.18424, 28.27197], [85.18403, 28.27243], [85.1838, 28.27278], [85.18336, 28.27319], [85.18266, 28.27384], [85.18229, 28.27417], [85.18208, 28.27469], [85.18196, 28.27503], [85.18186, 28.27538], [85.18156, 28.27558], [85.18115, 28.27575], [85.18074, 28.27601], [85.18027, 28.27619], [85.17997, 28.27623], [85.17954, 28.27616], [85.17941, 28.2761], [85.1788, 28.27568], [85.17854, 28.27542], [85.17817, 28.27485], [85.17807, 28.27441], [85.17807, 28.27412], [85.17826, 28.27377], [85.17845, 28.27352], [85.17863, 28.27319], [85.1787, 28.27281], [85.17859, 28.27237], [85.17846, 28.2721], [85.17817, 28.27173], [85.17795, 28.27148], [85.17762, 28.27117], [85.17732, 28.27087], [85.17697, 28.27054], [85.17664, 28.27021], [85.17636, 28.26984]]]}}, {"type": "Feature", "properties": {"km2": 0.541, "name": null, "near_source_5km": false}, "geometry": {"type": "Polygon", "coordinates": [[[85.19521, 28.25024], [85.19504, 28.25042], [85.19487, 28.25059], [85.19468, 28.25085], [85.1945, 28.25118], [85.19433, 28.25147], [85.19426, 28.25162], [85.19423, 28.25186], [85.19419, 28.25218], [85.1942, 28.25258], [85.19426, 28.2529], [85.19438, 28.2531], [85.19453, 28.25326], [85.19496, 28.25339], [85.1955, 28.25343], [85.19613, 28.25348], [85.19652, 28.2535], [85.19687, 28.25351], [85.1971, 28.25356], [85.19739, 28.25376], [85.1976, 28.25393], [85.19788, 28.25417], [85.19796, 28.25444], [85.19801, 28.25473], [85.19802, 28.25528], [85.19796, 28.25573], [85.19784, 28.25592], [85.19765, 28.25606], [85.19717, 28.25621], [85.19661, 28.25626], [85.19632, 28.2562], [85.19586, 28.25606], [85.19544, 28.25586], [85.19521, 28.2557], [85.19507, 28.25555], [85.19497, 28.25544], [85.19479, 28.25525], [85.19466, 28.25518], [85.1945, 28.25509], [85.19435, 28.255], [85.19417, 28.25494], [85.19396, 28.25486], [85.19372, 28.25468], [85.19358, 28.25462], [85.19305, 28.25445], [85.19278, 28.25443], [85.19258, 28.25442], [85.1923, 28.25447], [85.19201, 28.25469], [85.19181, 28.25502], [85.19159, 28.25549], [85.19137, 28.25574], [85.19108, 28.25589], [85.1908, 28.25612], [85.19062, 28.25641], [85.19051, 28.25683], [85.19051, 28.25709], [85.19043, 28.25738], [85.19053, 28.2579], [85.19071, 28.25817], [85.1908, 28.25846], [85.19078, 28.2588], [85.19061, 28.25917], [85.19041, 28.25951], [85.19008, 28.26011], [85.18995, 28.26041], [85.18964, 28.26108], [85.18943, 28.26133], [85.18907, 28.26148], [85.18865, 28.26145], [85.18833, 28.26122], [85.18811, 28.26091], [85.18803, 28.2606], [85.18801, 28.26033], [85.1879, 28.25975], [85.18783, 28.25949], [85.18781, 28.25922], [85.18787, 28.25879], [85.18798, 28.25836], [85.18808, 28.25817], [85.18854, 28.25749], [85.18876, 28.25705], [85.18904, 28.25646], [85.18922, 28.25602], [85.18946, 28.25551], [85.18976, 28.25508], [85.1901, 28.25448], [85.19027, 28.25431], [85.19048, 28.25399], [85.19057, 28.2535], [85.19057, 28.2532], [85.19057, 28.25293], [85.19057, 28.25262], [85.19046, 28.25235], [85.19013, 28.25189], [85.1901, 28.2516], [85.19019, 28.25124], [85.19038, 28.25068], [85.19053, 28.25027], [85.19068, 28.24985], [85.191, 28.24935], [85.19125, 28.24897], [85.19143, 28.24876], [85.19161, 28.24838], [85.19189, 28.2481], [85.19229, 28.24788], [85.19292, 28.24777], [85.19409, 28.24771], [85.1944, 28.24784], [85.19484, 28.24812], [85.19496, 28.2484], [85.19499, 28.24864], [85.19502, 28.24892], [85.19524, 28.24921], [85.19528, 28.24949], [85.19528, 28.24981], [85.19522, 28.25007], [85.19521, 28.25024]]]}}, {"type": "Feature", "properties": {"km2": 0.02, "name": null, "near_source_5km": false}, "geometry": {"type": "Polygon", "coordinates": [[[85.19914, 28.25249], [85.19934, 28.25249], [85.19955, 28.25251], [85.19975, 28.25255], [85.19984, 28.25267], [85.1999, 28.2528], [85.1999, 28.25298], [85.1999, 28.25319], [85.19983, 28.25338], [85.19975, 28.25354], [85.19961, 28.25364], [85.19946, 28.25366], [85.19926, 28.25361], [85.19912, 28.25352], [85.19888, 28.2534], [85.19865, 28.25332], [85.1984, 28.2532], [85.19815, 28.25303], [85.19801, 28.25287], [85.19794, 28.25281], [85.19785, 28.25263], [85.19784, 28.25246], [85.19788, 28.25234], [85.19808, 28.25224], [85.19827, 28.25224], [85.19848, 28.2523], [85.19866, 28.2524], [85.19884, 28.25249], [85.19896, 28.25252], [85.19914, 28.25249]]]}}, {"type": "Feature", "properties": {"km2": 3.488, "name": null, "near_source_5km": false}, "geometry": {"type": "Polygon", "coordinates": [[[85.61448, 28.43251], [85.61411, 28.4327], [85.61319, 28.4328], [85.61257, 28.43269], [85.61209, 28.43236], [85.61181, 28.43221], [85.61145, 28.43218], [85.6107, 28.43222], [85.61031, 28.43238], [85.61013, 28.43265], [85.61011, 28.43306], [85.61021, 28.43349], [85.61069, 28.43399], [85.61105, 28.43435], [85.61109, 28.43471], [85.61102, 28.43488], [85.61066, 28.43518], [85.61036, 28.43537], [85.6101, 28.43564], [85.60991, 28.43604], [85.60979, 28.43645], [85.60947, 28.43683], [85.60889, 28.43746], [85.60846, 28.43768], [85.60769, 28.43783], [85.60713, 28.43782], [85.60671, 28.43761], [85.60623, 28.43724], [85.60579, 28.43673], [85.60575, 28.43612], [85.60579, 28.4355], [85.60609, 28.43459], [85.60616, 28.43392], [85.60627, 28.43354], [85.60643, 28.4332], [85.60655, 28.433], [85.60654, 28.43277], [85.60626, 28.43254], [85.60593, 28.43246], [85.60458, 28.43262], [85.60362, 28.43269], [85.60281, 28.43264], [85.60217, 28.43234], [85.60188, 28.4322], [85.6016, 28.43171], [85.60107, 28.43132], [85.60074, 28.43121], [85.60038, 28.43121], [85.60028, 28.43113], [85.60029, 28.43095], [85.60026, 28.43079], [85.60016, 28.43072], [85.59999, 28.43099], [85.59982, 28.43121], [85.5995, 28.43151], [85.59919, 28.43182], [85.59897, 28.43201], [85.59882, 28.43226], [85.59856, 28.43253], [85.59815, 28.43294], [85.59761, 28.43306], [85.5973, 28.43301], [85.59707, 28.43265], [85.59693, 28.43227], [85.59682, 28.43179], [85.59682, 28.4313], [85.597, 28.43083], [85.59727, 28.43054], [85.59796, 28.42986], [85.59807, 28.42949], [85.5981, 28.42913], [85.59797, 28.42869], [85.59782, 28.42835], [85.59778, 28.42808], [85.59764, 28.42781], [85.59741, 28.42762], [85.59722, 28.42748], [85.59691, 28.42733], [85.59645, 28.42705], [85.59626, 28.4269], [85.59606, 28.42671], [85.59591, 28.42648], [85.59583, 28.42628], [85.59568, 28.42592], [85.59551, 28.42578], [85.59533, 28.42566], [85.59489, 28.4255], [85.59433, 28.42548], [85.59321, 28.42561], [85.59096, 28.42624], [85.5895, 28.42663], [85.58897, 28.42691], [85.58864, 28.42703], [85.58839, 28.42703], [85.58809, 28.42698], [85.58796, 28.42687], [85.58761, 28.42675], [85.58724, 28.42669], [85.58684, 28.42679], [85.5864, 28.4269], [85.5862, 28.4269], [85.586, 28.42684], [85.58574, 28.42667], [85.58572, 28.42649], [85.58575, 28.42615], [85.58603, 28.42584], [85.58628, 28.42553], [85.58682, 28.42462], [85.58722, 28.42379], [85.58742, 28.42365], [85.58754, 28.4235], [85.58782, 28.42293], [85.58784, 28.42266], [85.58777, 28.42237], [85.58768, 28.42214], [85.58744, 28.42197], [85.58707, 28.42183], [85.58681, 28.4218], [85.58605, 28.42228], [85.58524, 28.42269], [85.58492, 28.42282], [85.58459, 28.42282], [85.58446, 28.42281], [85.58437, 28.42274], [85.58432, 28.42259], [85.58439, 28.42238], [85.58449, 28.42218], [85.58471, 28.42189], [85.58473, 28.42172], [85.58472, 28.4215], [85.58444, 28.42127], [85.58423, 28.42126], [85.58377, 28.42119], [85.58346, 28.42119], [85.58281, 28.42129], [85.58217, 28.42142], [85.58163, 28.42147], [85.5815, 28.42144], [85.58129, 28.42136], [85.58101, 28.42122], [85.58062, 28.42115], [85.58033, 28.42112], [85.57985, 28.42118], [85.57929, 28.42143], [85.5783, 28.4216], [85.5774, 28.42158], [85.57655, 28.42141], [85.57614, 28.4211], [85.57609, 28.4208], [85.57616, 28.42059], [85.57654, 28.42031], [85.57716, 28.42005], [85.57837, 28.41963], [85.57955, 28.41937], [85.58044, 28.41918], [85.58115, 28.41916], [85.58163, 28.41916], [85.58256, 28.4193], [85.58286, 28.41935], [85.58305, 28.41936], [85.58362, 28.41932], [85.58434, 28.41919], [85.58514, 28.419], [85.58616, 28.4186], [85.58725, 28.41802], [85.58822, 28.41729], [85.58891, 28.41673], [85.58956, 28.41626], [85.59067, 28.41583], [85.59165, 28.41541], [85.59297, 28.41475], [85.59393, 28.41454], [85.59417, 28.41449], [85.59448, 28.41456], [85.59486, 28.41483], [85.59505, 28.41504], [85.59535, 28.41521], [85.5956, 28.41526], [85.59578, 28.41524], [85.59597, 28.41513], [85.59622, 28.41489], [85.59631, 28.41465], [85.59631, 28.41437], [85.59625, 28.4142], [85.59604, 28.41378], [85.59601, 28.4132], [85.59613, 28.41255], [85.59652, 28.41186], [85.59681, 28.41164], [85.59743, 28.4115], [85.59855, 28.41151], [85.59965, 28.41156], [85.60059, 28.41186], [85.60107, 28.412], [85.60132, 28.41217], [85.60147, 28.41262], [85.60144, 28.41299], [85.60138, 28.41339], [85.60153, 28.41383], [85.60209, 28.41439], [85.60266, 28.41506], [85.60298, 28.41594], [85.60301, 28.4164], [85.60296, 28.41691], [85.60267, 28.41743], [85.60244, 28.41763], [85.60215, 28.41768], [85.60183, 28.41769], [85.60155, 28.41758], [85.60116, 28.41745], [85.60073, 28.41749], [85.60027, 28.41778], [85.60007, 28.41795], [85.59987, 28.41838], [85.59986, 28.4187], [85.60002, 28.41902], [85.60042, 28.41945], [85.60063, 28.41956], [85.60075, 28.41972], [85.60092, 28.41978], [85.60132, 28.41978], [85.60169, 28.41988], [85.60209, 28.4201], [85.60234, 28.42051], [85.60307, 28.42154], [85.60377, 28.42221], [85.60433, 28.42263], [85.60484, 28.42294], [85.60569, 28.42324], [85.606, 28.42344], [85.60606, 28.42375], [85.60594, 28.42415], [85.60584, 28.42442], [85.60547, 28.42469], [85.60506, 28.42486], [85.60485, 28.42505], [85.60478, 28.42537], [85.60474, 28.42591], [85.60489, 28.42621], [85.60506, 28.42643], [85.60532, 28.42654], [85.60568, 28.42665], [85.60613, 28.42682], [85.60666, 28.42716], [85.60704, 28.42753], [85.60733, 28.42799], [85.60742, 28.42828], [85.60759, 28.42855], [85.60792, 28.42869], [85.60819, 28.42866], [85.60856, 28.42843], [85.60888, 28.42793], [85.60907, 28.42747], [85.60943, 28.42678], [85.61234, 28.43007], [85.61448, 28.43251]]]}}, {"type": "Feature", "properties": {"km2": 0.229, "name": null, "near_source_5km": false}, "geometry": {"type": "Polygon", "coordinates": [[[85.64549, 28.44589], [85.64567, 28.44546], [85.64583, 28.44505], [85.64583, 28.44398], [85.64602, 28.44335], [85.64679, 28.443], [85.64852, 28.44268], [85.6482, 28.44443], [85.64808, 28.44549], [85.64809, 28.44741], [85.64811, 28.4488], [85.64786, 28.44968], [85.64802, 28.45022], [85.64846, 28.45161], [85.64831, 28.45186], [85.64808, 28.45213], [85.64785, 28.45224], [85.64755, 28.45229], [85.64676, 28.4517], [85.64613, 28.45057], [85.64584, 28.45012], [85.64549, 28.44847], [85.64551, 28.44779], [85.64567, 28.44661], [85.64549, 28.44589]]]}}, {"type": "Feature", "properties": {"km2": 0.035, "name": null, "near_source_5km": false}, "geometry": {"type": "Polygon", "coordinates": [[[85.62023, 28.39602], [85.6203, 28.39655], [85.6202, 28.39704], [85.62003, 28.39755], [85.61966, 28.39788], [85.61923, 28.39795], [85.61888, 28.3979], [85.61858, 28.39772], [85.61848, 28.39747], [85.61843, 28.3971], [85.61845, 28.39676], [85.61885, 28.39629], [85.6191, 28.39613], [85.61937, 28.39598], [85.6196, 28.39574], [85.61978, 28.39533], [85.61991, 28.39529], [85.6201, 28.39542], [85.62013, 28.39567], [85.62023, 28.39602]]]}}, {"type": "Feature", "properties": {"km2": 0.349, "name": null, "near_source_5km": false}, "geometry": {"type": "Polygon", "coordinates": [[[85.62864, 28.39581], [85.62874, 28.39624], [85.62864, 28.3966], [85.62842, 28.39693], [85.62808, 28.39746], [85.62791, 28.39778], [85.62811, 28.39827], [85.62829, 28.39851], [85.62833, 28.39886], [85.62826, 28.39915], [85.62791, 28.3993], [85.62732, 28.39932], [85.62687, 28.39942], [85.62658, 28.39965], [85.62603, 28.40016], [85.62576, 28.40019], [85.62565, 28.40014], [85.62548, 28.39997], [85.62531, 28.39978], [85.62512, 28.39975], [85.6248, 28.39975], [85.6244, 28.39992], [85.62432, 28.40005], [85.62448, 28.40024], [85.62497, 28.40032], [85.6252, 28.40049], [85.62522, 28.40086], [85.62512, 28.40111], [85.62442, 28.40133], [85.62361, 28.40121], [85.62242, 28.40143], [85.62194, 28.40153], [85.62146, 28.40149], [85.62121, 28.40143], [85.6209, 28.40121], [85.62086, 28.40098], [85.62086, 28.40034], [85.62114, 28.39916], [85.62202, 28.39781], [85.62306, 28.3963], [85.62382, 28.39572], [85.62452, 28.39532], [85.62486, 28.3953], [85.62535, 28.39546], [85.62569, 28.39567], [85.62633, 28.3957], [85.62672, 28.3955], [85.62723, 28.39541], [85.62768, 28.39539], [85.62816, 28.39542], [85.62864, 28.39581]]]}}, {"type": "Feature", "properties": {"km2": 0.163, "name": null, "near_source_5km": false}, "geometry": {"type": "Polygon", "coordinates": [[[85.62161, 28.39278], [85.62099, 28.39268], [85.62071, 28.39266], [85.61995, 28.39252], [85.61965, 28.39247], [85.61919, 28.39232], [85.61891, 28.39213], [85.61853, 28.39208], [85.61769, 28.39201], [85.61671, 28.39205], [85.61617, 28.3922], [85.6158, 28.39234], [85.6156, 28.3924], [85.61532, 28.39238], [85.61512, 28.39232], [85.61476, 28.39214], [85.61454, 28.39201], [85.61431, 28.39191], [85.61435, 28.39183], [85.61443, 28.39176], [85.61447, 28.39175], [85.61451, 28.39177], [85.61456, 28.39177], [85.61461, 28.39177], [85.61468, 28.39173], [85.61479, 28.39172], [85.61487, 28.39168], [85.6149, 28.39163], [85.61491, 28.39158], [85.61519, 28.39147], [85.61538, 28.39142], [85.61556, 28.3914], [85.61569, 28.39132], [85.61586, 28.39113], [85.61614, 28.3908], [85.61647, 28.39061], [85.61661, 28.3906], [85.61686, 28.3906], [85.61781, 28.39055], [85.61841, 28.39066], [85.61895, 28.39089], [85.61931, 28.39108], [85.61959, 28.39117], [85.61967, 28.39092], [85.61989, 28.39081], [85.62018, 28.3908], [85.62038, 28.39095], [85.62072, 28.39124], [85.62106, 28.39138], [85.62154, 28.39136], [85.62186, 28.3913], [85.62228, 28.39117], [85.62265, 28.39116], [85.62312, 28.39123], [85.62376, 28.39137], [85.62418, 28.3917], [85.6242, 28.39195], [85.6242, 28.39247], [85.62403, 28.39303], [85.62368, 28.39362], [85.6233, 28.39391], [85.62313, 28.39395], [85.62287, 28.39392], [85.62271, 28.39376], [85.62249, 28.39359], [85.62214, 28.39332], [85.62161, 28.39278]]]}}, {"type": "Feature", "properties": {"km2": 0.858, "name": null, "near_source_5km": false}, "geometry": {"type": "Polygon", "coordinates": [[[85.61325, 28.41833], [85.6125, 28.41818], [85.61199, 28.41787], [85.61177, 28.41733], [85.61173, 28.4164], [85.612, 28.41516], [85.61229, 28.41346], [85.61261, 28.41296], [85.61282, 28.41268], [85.61283, 28.41231], [85.61238, 28.41102], [85.61205, 28.41014], [85.6114, 28.40969], [85.61085, 28.40957], [85.61027, 28.40963], [85.60971, 28.40997], [85.60914, 28.41052], [85.60843, 28.41114], [85.60798, 28.41132], [85.60755, 28.41134], [85.60663, 28.41128], [85.60613, 28.41128], [85.60542, 28.41134], [85.60476, 28.41153], [85.6044, 28.41193], [85.60406, 28.41254], [85.60392, 28.41343], [85.60412, 28.41397], [85.60457, 28.41471], [85.60497, 28.41605], [85.60551, 28.41714], [85.60623, 28.41786], [85.60706, 28.41822], [85.60774, 28.41836], [85.60807, 28.41871], [85.60836, 28.41889], [85.60875, 28.41889], [85.60905, 28.41879], [85.60934, 28.41871], [85.60981, 28.41874], [85.60979, 28.41896], [85.6095, 28.41929], [85.60873, 28.41967], [85.60809, 28.41971], [85.60719, 28.41969], [85.60653, 28.41972], [85.60626, 28.41962], [85.6062, 28.41938], [85.60602, 28.41909], [85.60562, 28.41891], [85.60512, 28.41896], [85.60486, 28.41934], [85.60479, 28.41983], [85.60499, 28.42074], [85.60533, 28.42116], [85.60568, 28.42151], [85.60655, 28.42189], [85.60723, 28.42228], [85.60795, 28.42272], [85.60817, 28.42308], [85.60836, 28.42337], [85.60861, 28.42346], [85.60874, 28.42338], [85.60886, 28.42302], [85.60921, 28.42234], [85.60957, 28.42184], [85.61034, 28.42137], [85.61082, 28.42134], [85.61118, 28.42142], [85.61148, 28.42165], [85.61325, 28.41833]]]}}, {"type": "Feature", "properties": {"km2": 0.53, "name": null, "near_source_5km": false}, "geometry": {"type": "Polygon", "coordinates": [[[85.60565, 28.40325], [85.60565, 28.40315], [85.60574, 28.40299], [85.60593, 28.40289], [85.6062, 28.40295], [85.60643, 28.40306], [85.60691, 28.4033], [85.6074, 28.40346], [85.60752, 28.40346], [85.60778, 28.40338], [85.60816, 28.40337], [85.60837, 28.40344], [85.60857, 28.40345], [85.60862, 28.40337], [85.60859, 28.40318], [85.60848, 28.40307], [85.6084, 28.40294], [85.60841, 28.40283], [85.60851, 28.40274], [85.60868, 28.40267], [85.60895, 28.4027], [85.60936, 28.40272], [85.60979, 28.40266], [85.61018, 28.40265], [85.61076, 28.40273], [85.61112, 28.4028], [85.61148, 28.40295], [85.61183, 28.40305], [85.61209, 28.40306], [85.61255, 28.4029], [85.61304, 28.40276], [85.6137, 28.40274], [85.61458, 28.40294], [85.61535, 28.40319], [85.61597, 28.40313], [85.61661, 28.40308], [85.61722, 28.40324], [85.61775, 28.40353], [85.61811, 28.40387], [85.61813, 28.40409], [85.61807, 28.40425], [85.61794, 28.40439], [85.61764, 28.40451], [85.61736, 28.40454], [85.61685, 28.40453], [85.61653, 28.40464], [85.61628, 28.40482], [85.61611, 28.40506], [85.6159, 28.40576], [85.6161, 28.4066], [85.6161, 28.4071], [85.61586, 28.4079], [85.61549, 28.40828], [85.6151, 28.40864], [85.61477, 28.40871], [85.61459, 28.40868], [85.6144, 28.40846], [85.61437, 28.4083], [85.6145, 28.40796], [85.61462, 28.40785], [85.6147, 28.40762], [85.61471, 28.40741], [85.61463, 28.4072], [85.6145, 28.40692], [85.61424, 28.40669], [85.61389, 28.4067], [85.61355, 28.40682], [85.61335, 28.40701], [85.61328, 28.40726], [85.61323, 28.40758], [85.61303, 28.4084], [85.61287, 28.40872], [85.61264, 28.40894], [85.61235, 28.409], [85.61185, 28.40872], [85.61162, 28.40859], [85.61123, 28.40844], [85.61097, 28.40837], [85.61077, 28.40826], [85.61047, 28.40813], [85.61005, 28.40818], [85.60952, 28.40826], [85.6091, 28.40827], [85.60883, 28.40821], [85.60839, 28.40799], [85.60743, 28.40733], [85.60682, 28.40694], [85.60564, 28.40594], [85.6051, 28.40548], [85.60469, 28.40518], [85.60459, 28.40506], [85.60455, 28.40499], [85.60455, 28.4049], [85.60456, 28.40485], [85.60459, 28.40481], [85.6046, 28.40476], [85.60456, 28.40467], [85.60454, 28.40456], [85.6045, 28.40443], [85.6045, 28.40438], [85.6045, 28.4043], [85.60452, 28.40428], [85.60456, 28.40426], [85.60463, 28.40428], [85.60472, 28.4043], [85.60482, 28.40433], [85.60488, 28.40433], [85.60499, 28.40433], [85.60504, 28.40432], [85.60511, 28.40434], [85.60519, 28.40435], [85.60529, 28.40435], [85.6054, 28.4043], [85.60548, 28.40423], [85.60553, 28.40421], [85.6056, 28.4042], [85.60574, 28.40417], [85.60595, 28.40408], [85.60609, 28.40398], [85.60628, 28.40399], [85.60639, 28.40407], [85.60652, 28.40418], [85.60666, 28.40441], [85.60708, 28.40465], [85.60735, 28.40478], [85.60776, 28.40489], [85.60805, 28.40516], [85.6083, 28.40546], [85.60874, 28.40581], [85.60975, 28.40605], [85.61084, 28.40614], [85.61133, 28.40612], [85.61152, 28.40604], [85.61153, 28.40586], [85.61144, 28.40569], [85.61101, 28.40543], [85.61039, 28.40507], [85.60997, 28.40475], [85.60888, 28.4041], [85.60869, 28.40398], [85.60864, 28.40383], [85.60856, 28.40377], [85.6084, 28.4038], [85.60838, 28.40396], [85.60836, 28.40409], [85.60821, 28.40423], [85.6081, 28.40426], [85.60782, 28.40424], [85.60736, 28.40422], [85.60694, 28.40403], [85.60661, 28.4038], [85.6063, 28.40353], [85.60615, 28.40348], [85.60608, 28.40349], [85.60594, 28.40332], [85.60586, 28.40328], [85.60574, 28.40325], [85.60565, 28.40325]]]}}, {"type": "Feature", "properties": {"km2": 0.023, "name": null, "near_source_5km": false}, "geometry": {"type": "Polygon", "coordinates": [[[85.61261, 28.40157], [85.61222, 28.40155], [85.61201, 28.40149], [85.61171, 28.40131], [85.61148, 28.40114], [85.61134, 28.40083], [85.61136, 28.40058], [85.61159, 28.40033], [85.61208, 28.40034], [85.61229, 28.40034], [85.61265, 28.40028], [85.61292, 28.40026], [85.61314, 28.40035], [85.61327, 28.40055], [85.61333, 28.40095], [85.61332, 28.40127], [85.61319, 28.40146], [85.61261, 28.40157]]]}}, {"type": "Feature", "properties": {"km2": 0.118, "name": null, "near_source_5km": false}, "geometry": {"type": "Polygon", "coordinates": [[[85.61629, 28.39737], [85.61656, 28.39822], [85.61698, 28.39934], [85.61735, 28.40051], [85.61795, 28.40172], [85.61833, 28.40209], [85.61844, 28.40245], [85.61845, 28.40267], [85.61838, 28.40283], [85.61804, 28.40284], [85.61747, 28.40268], [85.61691, 28.40251], [85.61648, 28.40223], [85.61623, 28.40191], [85.61591, 28.40109], [85.61561, 28.40013], [85.61512, 28.39902], [85.61457, 28.39794], [85.61429, 28.39769], [85.61356, 28.39746], [85.61297, 28.39742], [85.61297, 28.39734], [85.61298, 28.39725], [85.61317, 28.39701], [85.61376, 28.39696], [85.61414, 28.39689], [85.61478, 28.39689], [85.61503, 28.39702], [85.61537, 28.3971], [85.61563, 28.39701], [85.61581, 28.397], [85.61608, 28.39707], [85.61629, 28.39737]]]}}, {"type": "Feature", "properties": {"km2": 0.038, "name": null, "near_source_5km": false}, "geometry": {"type": "Polygon", "coordinates": [[[85.58448, 28.4002], [85.58463, 28.40047], [85.58474, 28.40065], [85.58497, 28.40099], [85.58521, 28.40128], [85.58525, 28.40147], [85.58512, 28.40163], [85.58488, 28.40171], [85.58473, 28.40167], [85.58452, 28.40159], [85.58422, 28.4016], [85.58412, 28.40161], [85.58404, 28.40154], [85.58401, 28.40141], [85.58401, 28.40112], [85.58393, 28.4008], [85.58375, 28.40065], [85.58352, 28.40061], [85.58322, 28.4007], [85.58299, 28.40092], [85.58274, 28.40105], [85.58259, 28.4011], [85.58242, 28.40105], [85.58227, 28.40094], [85.58225, 28.40077], [85.58227, 28.4004], [85.58238, 28.40015], [85.58265, 28.39983], [85.58308, 28.39959], [85.58324, 28.39954], [85.58396, 28.39949], [85.58418, 28.39961], [85.58429, 28.3998], [85.58435, 28.40002], [85.58448, 28.4002]]]}}, {"type": "Feature", "properties": {"km2": 0.246, "name": null, "near_source_5km": false}, "geometry": {"type": "Polygon", "coordinates": [[[85.57839, 28.41172], [85.57813, 28.41149], [85.57789, 28.41108], [85.5778, 28.41057], [85.57779, 28.41027], [85.57776, 28.40999], [85.5777, 28.40973], [85.5778, 28.4094], [85.57802, 28.40933], [85.57828, 28.40941], [85.57858, 28.40949], [85.57899, 28.40953], [85.57954, 28.40975], [85.5802, 28.40987], [85.58069, 28.4102], [85.58092, 28.41044], [85.58113, 28.41117], [85.5817, 28.41175], [85.58235, 28.41216], [85.58285, 28.41219], [85.58355, 28.41233], [85.58414, 28.4125], [85.58503, 28.41295], [85.58553, 28.41321], [85.58586, 28.41355], [85.58588, 28.41379], [85.5858, 28.41416], [85.58566, 28.41445], [85.58528, 28.41463], [85.58466, 28.41476], [85.58359, 28.41474], [85.58272, 28.41471], [85.58222, 28.41459], [85.58157, 28.41445], [85.58078, 28.41423], [85.58025, 28.41425], [85.57998, 28.41436], [85.57959, 28.41431], [85.57943, 28.41421], [85.5793, 28.41408], [85.57898, 28.41353], [85.57876, 28.41318], [85.57875, 28.41277], [85.5788, 28.4123], [85.57869, 28.41198], [85.57839, 28.41172]]]}}, {"type": "Feature", "properties": {"km2": 0.098, "name": null, "near_source_5km": false}, "geometry": {"type": "Polygon", "coordinates": [[[85.57686, 28.40866], [85.57714, 28.40867], [85.57752, 28.40869], [85.57778, 28.40876], [85.57786, 28.4089], [85.57784, 28.40902], [85.57767, 28.40919], [85.57749, 28.40931], [85.57687, 28.4094], [85.57664, 28.4093], [85.57647, 28.40915], [85.57644, 28.40885], [85.57633, 28.40861], [85.57622, 28.40851], [85.57581, 28.40846], [85.57541, 28.4085], [85.5751, 28.40868], [85.57503, 28.40895], [85.57507, 28.40938], [85.57513, 28.40985], [85.57513, 28.4101], [85.5751, 28.41023], [85.57496, 28.41044], [85.57459, 28.41058], [85.57426, 28.41063], [85.57395, 28.41055], [85.57371, 28.41034], [85.57354, 28.40993], [85.57347, 28.40947], [85.57356, 28.40911], [85.57359, 28.40882], [85.57366, 28.40811], [85.57401, 28.40755], [85.57449, 28.40714], [85.57496, 28.40683], [85.57558, 28.40658], [85.57625, 28.40633], [85.57659, 28.40632], [85.57701, 28.40636], [85.5771, 28.40651], [85.57706, 28.40673], [85.57683, 28.40694], [85.57668, 28.40713], [85.57663, 28.40741], [85.57649, 28.40796], [85.57652, 28.40826], [85.57662, 28.40854], [85.57686, 28.40866]]]}}, {"type": "Feature", "properties": {"km2": 0.162, "name": null, "near_source_5km": false}, "geometry": {"type": "Polygon", "coordinates": [[[85.58516, 28.40422], [85.58539, 28.40448], [85.58549, 28.40466], [85.58544, 28.40475], [85.58526, 28.40477], [85.58468, 28.40466], [85.58423, 28.40459], [85.58346, 28.40452], [85.58277, 28.40454], [85.58234, 28.40454], [85.58177, 28.4045], [85.5812, 28.40433], [85.58107, 28.4041], [85.58116, 28.40364], [85.58123, 28.40326], [85.58109, 28.40299], [85.5809, 28.40286], [85.58068, 28.40275], [85.58034, 28.40262], [85.58, 28.40269], [85.57937, 28.40284], [85.57903, 28.40317], [85.57867, 28.40331], [85.57846, 28.40335], [85.57815, 28.40329], [85.57792, 28.4031], [85.5778, 28.40279], [85.57789, 28.40231], [85.57816, 28.4019], [85.5785, 28.40146], [85.57893, 28.40136], [85.57947, 28.40134], [85.58011, 28.40111], [85.58043, 28.40111], [85.58099, 28.40115], [85.58171, 28.40137], [85.582, 28.40152], [85.58215, 28.40167], [85.58217, 28.40184], [85.58207, 28.40199], [85.58188, 28.40202], [85.58166, 28.40192], [85.58144, 28.40192], [85.58131, 28.40199], [85.5813, 28.40211], [85.58143, 28.40229], [85.58183, 28.40246], [85.5823, 28.40258], [85.58261, 28.40258], [85.58278, 28.40253], [85.58323, 28.40215], [85.58375, 28.40203], [85.58414, 28.40199], [85.58465, 28.40197], [85.58488, 28.40201], [85.58523, 28.40201], [85.58554, 28.40188], [85.58582, 28.40178], [85.58628, 28.40176], [85.58662, 28.40163], [85.58689, 28.40155], [85.5872, 28.40154], [85.58744, 28.40159], [85.58761, 28.40176], [85.58758, 28.40193], [85.58757, 28.40201], [85.58763, 28.40219], [85.58767, 28.40231], [85.5877, 28.40258], [85.58763, 28.40276], [85.58744, 28.40291], [85.58694, 28.4028], [85.58582, 28.40268], [85.58524, 28.4027], [85.5849, 28.40262], [85.5846, 28.40253], [85.58377, 28.40228], [85.58346, 28.4025], [85.58311, 28.40283], [85.58293, 28.40325], [85.58315, 28.40375], [85.58406, 28.40397], [85.58477, 28.40389], [85.58489, 28.404], [85.58504, 28.40412], [85.58516, 28.40422]]]}}, {"type": "Feature", "properties": {"km2": 0.135, "name": null, "near_source_5km": false}, "geometry": {"type": "Polygon", "coordinates": [[[85.57669, 28.39381], [85.57699, 28.39389], [85.57721, 28.39405], [85.57738, 28.39436], [85.57738, 28.39462], [85.57713, 28.39509], [85.57711, 28.39554], [85.57746, 28.39642], [85.57803, 28.39727], [85.57833, 28.39788], [85.57827, 28.39826], [85.57795, 28.39901], [85.57765, 28.39953], [85.57738, 28.39983], [85.577, 28.39996], [85.57657, 28.39994], [85.57616, 28.39966], [85.57574, 28.39905], [85.57567, 28.39845], [85.57574, 28.39808], [85.57584, 28.39769], [85.57558, 28.39721], [85.57528, 28.39661], [85.57527, 28.39603], [85.57514, 28.39561], [85.57505, 28.39534], [85.57505, 28.39502], [85.57534, 28.3946], [85.57583, 28.39434], [85.57634, 28.394], [85.57669, 28.39381]]]}}, {"type": "Feature", "properties": {"km2": 0.733, "name": null, "near_source_5km": false}, "geometry": {"type": "Polygon", "coordinates": [[[85.58955, 28.39039], [85.5901, 28.39018], [85.59056, 28.39019], [85.59103, 28.39029], [85.59096, 28.39062], [85.59076, 28.39082], [85.59004, 28.39121], [85.58901, 28.39156], [85.58814, 28.39171], [85.58763, 28.39186], [85.58732, 28.39213], [85.58723, 28.39256], [85.58713, 28.39319], [85.58699, 28.39384], [85.58642, 28.3942], [85.58599, 28.39428], [85.58509, 28.3942], [85.58439, 28.39409], [85.58362, 28.3939], [85.58304, 28.39363], [85.58202, 28.39311], [85.58129, 28.39262], [85.58089, 28.39235], [85.5804, 28.39203], [85.58036, 28.39184], [85.58041, 28.3915], [85.58046, 28.39127], [85.58043, 28.39099], [85.58023, 28.39097], [85.57975, 28.39085], [85.57928, 28.39093], [85.57882, 28.39124], [85.57825, 28.39159], [85.57772, 28.39167], [85.57707, 28.3916], [85.57679, 28.39141], [85.57677, 28.39094], [85.57732, 28.38961], [85.57832, 28.38862], [85.57927, 28.38785], [85.57969, 28.38753], [85.58067, 28.38692], [85.58132, 28.38667], [85.58249, 28.38651], [85.58311, 28.38646], [85.58361, 28.3863], [85.58386, 28.38608], [85.58401, 28.38586], [85.58444, 28.38565], [85.58524, 28.38561], [85.58565, 28.38574], [85.58598, 28.38597], [85.58622, 28.38599], [85.58638, 28.38591], [85.58628, 28.38558], [85.58623, 28.38541], [85.5863, 28.38531], [85.58651, 28.38528], [85.58677, 28.38528], [85.58705, 28.38534], [85.58711, 28.38551], [85.58711, 28.38575], [85.58723, 28.386], [85.58751, 28.38621], [85.58775, 28.38636], [85.58811, 28.38664], [85.58828, 28.387], [85.5882, 28.3873], [85.58814, 28.38761], [85.58801, 28.38808], [85.58776, 28.38873], [85.58757, 28.38922], [85.58757, 28.38976], [85.58771, 28.39018], [85.58775, 28.39056], [85.58791, 28.39073], [85.58812, 28.3908], [85.58847, 28.39073], [85.58955, 28.39039]]]}}, {"type": "Feature", "properties": {"km2": 0.827, "name": null, "near_source_5km": false}, "geometry": {"type": "Polygon", "coordinates": [[[85.56604, 28.38912], [85.56566, 28.38931], [85.56539, 28.38946], [85.56504, 28.38949], [85.56482, 28.38927], [85.56465, 28.38879], [85.56455, 28.38861], [85.5642, 28.38844], [85.56356, 28.38845], [85.56257, 28.38825], [85.56178, 28.38802], [85.56123, 28.38763], [85.56047, 28.38694], [85.56015, 28.38633], [85.55997, 28.38577], [85.56007, 28.38545], [85.5604, 28.38523], [85.56105, 28.38512], [85.56197, 28.38498], [85.56389, 28.38498], [85.56508, 28.38493], [85.56594, 28.3847], [85.56652, 28.38437], [85.56718, 28.38421], [85.56752, 28.38401], [85.5681, 28.38386], [85.56848, 28.38369], [85.56871, 28.38347], [85.56878, 28.38316], [85.56883, 28.38277], [85.56875, 28.38262], [85.56863, 28.38251], [85.56873, 28.38231], [85.56883, 28.38215], [85.56887, 28.38174], [85.56896, 28.38138], [85.56936, 28.38076], [85.56997, 28.38036], [85.57056, 28.38027], [85.57098, 28.38039], [85.57134, 28.38061], [85.57159, 28.38094], [85.57162, 28.3814], [85.57156, 28.38194], [85.57142, 28.38225], [85.57121, 28.38241], [85.57094, 28.38252], [85.57045, 28.38266], [85.57031, 28.38279], [85.57029, 28.383], [85.57037, 28.38315], [85.57053, 28.38338], [85.57046, 28.38366], [85.57027, 28.38379], [85.56997, 28.38403], [85.56978, 28.38421], [85.56971, 28.38461], [85.56995, 28.38507], [85.57028, 28.38534], [85.57112, 28.38544], [85.57186, 28.38538], [85.57299, 28.38521], [85.57372, 28.38497], [85.57438, 28.38479], [85.57505, 28.38478], [85.57558, 28.38476], [85.57618, 28.38456], [85.57675, 28.38439], [85.57692, 28.38438], [85.57723, 28.38443], [85.57739, 28.38457], [85.57738, 28.38479], [85.57731, 28.38507], [85.57703, 28.38526], [85.57663, 28.38533], [85.57595, 28.38537], [85.57549, 28.38555], [85.5749, 28.38582], [85.57461, 28.38594], [85.57435, 28.38598], [85.57415, 28.38593], [85.57408, 28.38584], [85.57402, 28.38575], [85.57383, 28.38572], [85.57368, 28.38582], [85.57363, 28.38597], [85.57364, 28.38613], [85.57368, 28.38648], [85.57383, 28.38705], [85.57404, 28.38744], [85.57432, 28.38773], [85.57454, 28.38786], [85.57473, 28.38786], [85.57503, 28.38778], [85.57547, 28.38776], [85.57608, 28.38801], [85.57659, 28.38842], [85.57678, 28.3887], [85.57675, 28.38899], [85.57625, 28.38937], [85.57575, 28.38955], [85.57496, 28.38976], [85.57402, 28.38984], [85.57328, 28.38981], [85.57282, 28.38963], [85.57234, 28.38951], [85.57214, 28.38949], [85.57195, 28.38958], [85.57187, 28.38978], [85.57106, 28.39014], [85.57012, 28.39023], [85.56888, 28.39031], [85.56814, 28.39031], [85.56758, 28.39026], [85.56731, 28.39012], [85.56718, 28.38982], [85.5671, 28.38963], [85.56707, 28.38956], [85.56703, 28.38949], [85.56692, 28.38935], [85.56671, 28.38921], [85.56641, 28.38913], [85.56604, 28.38912]]]}}, {"type": "Feature", "properties": {"km2": 2.055, "name": null, "near_source_5km": false}, "geometry": {"type": "Polygon", "coordinates": [[[85.55975, 28.36871], [85.55917, 28.36867], [85.55856, 28.36838], [85.5583, 28.3683], [85.55773, 28.36803], [85.55737, 28.36766], [85.55725, 28.36734], [85.55718, 28.36698], [85.55728, 28.36649], [85.55758, 28.3661], [85.55798, 28.36582], [85.55918, 28.36544], [85.56018, 28.36511], [85.56071, 28.36482], [85.56078, 28.36464], [85.56086, 28.36428], [85.56102, 28.36387], [85.56177, 28.36288], [85.56265, 28.36203], [85.56358, 28.36155], [85.56498, 28.36126], [85.56555, 28.36111], [85.56643, 28.36052], [85.56758, 28.36002], [85.568, 28.3599], [85.56863, 28.35996], [85.56934, 28.35959], [85.56964, 28.35948], [85.57018, 28.35947], [85.5707, 28.35948], [85.57122, 28.3595], [85.57197, 28.35981], [85.57228, 28.36018], [85.57228, 28.36048], [85.57218, 28.36073], [85.57175, 28.3612], [85.57101, 28.36176], [85.56991, 28.36207], [85.56902, 28.36232], [85.56789, 28.3629], [85.56663, 28.36362], [85.56439, 28.36474], [85.56295, 28.36534], [85.56264, 28.36553], [85.56243, 28.36557], [85.56205, 28.36557], [85.56155, 28.36542], [85.56145, 28.36551], [85.56145, 28.36564], [85.56161, 28.3658], [85.56224, 28.36617], [85.56287, 28.36636], [85.56314, 28.36635], [85.56357, 28.36621], [85.56461, 28.36547], [85.56538, 28.36528], [85.56598, 28.36528], [85.56665, 28.36538], [85.56723, 28.36557], [85.56786, 28.36544], [85.56858, 28.36517], [85.56971, 28.36466], [85.57115, 28.36452], [85.5727, 28.36429], [85.57374, 28.3641], [85.57474, 28.36398], [85.57547, 28.36406], [85.5761, 28.36441], [85.57732, 28.36501], [85.57896, 28.36598], [85.57939, 28.36649], [85.57948, 28.36692], [85.57944, 28.36721], [85.57911, 28.36743], [85.57867, 28.36751], [85.57779, 28.3676], [85.57721, 28.36775], [85.57606, 28.36832], [85.57505, 28.369], [85.57491, 28.36917], [85.57492, 28.36933], [85.57514, 28.36964], [85.5754, 28.36973], [85.57598, 28.36975], [85.57658, 28.36941], [85.57734, 28.36931], [85.57774, 28.36931], [85.57805, 28.3693], [85.57826, 28.36921], [85.57871, 28.36902], [85.5791, 28.36903], [85.57953, 28.36908], [85.57998, 28.36932], [85.58035, 28.36968], [85.58036, 28.37005], [85.58028, 28.37027], [85.58013, 28.37064], [85.57987, 28.37111], [85.57969, 28.37121], [85.57924, 28.37129], [85.5787, 28.37128], [85.57846, 28.3712], [85.5777, 28.37087], [85.57745, 28.37075], [85.57693, 28.37062], [85.57617, 28.37051], [85.57555, 28.37061], [85.57497, 28.37072], [85.57413, 28.371], [85.57337, 28.37145], [85.5732, 28.37175], [85.57313, 28.37201], [85.57313, 28.37242], [85.57288, 28.37292], [85.5722, 28.37327], [85.5722, 28.37355], [85.57241, 28.37384], [85.57317, 28.37433], [85.5744, 28.37445], [85.57584, 28.3751], [85.57662, 28.37603], [85.5773, 28.37741], [85.5779, 28.37823], [85.57816, 28.37927], [85.57807, 28.38001], [85.57759, 28.38085], [85.57676, 28.38149], [85.57627, 28.38219], [85.57574, 28.38272], [85.57501, 28.38296], [85.57411, 28.38275], [85.57358, 28.3825], [85.57305, 28.38172], [85.57275, 28.38095], [85.57205, 28.37991], [85.57171, 28.37861], [85.57111, 28.37764], [85.57111, 28.37711], [85.57117, 28.3763], [85.57117, 28.37564], [85.57137, 28.37475], [85.57134, 28.37412], [85.57103, 28.37373], [85.57048, 28.37353], [85.56962, 28.37326], [85.56935, 28.37304], [85.56888, 28.37272], [85.56861, 28.37246], [85.56796, 28.37206], [85.56751, 28.37165], [85.56742, 28.37149], [85.56741, 28.37118], [85.56741, 28.37087], [85.56749, 28.37046], [85.56745, 28.37016], [85.56721, 28.3699], [85.56689, 28.36946], [85.56651, 28.36901], [85.56575, 28.3688], [85.56482, 28.36858], [85.56445, 28.3685], [85.5637, 28.3685], [85.56306, 28.36879], [85.56254, 28.36893], [85.56216, 28.36898], [85.56191, 28.36919], [85.5616, 28.3694], [85.56128, 28.36942], [85.56109, 28.36932], [85.56094, 28.36912], [85.5608, 28.36901], [85.56042, 28.36878], [85.55975, 28.36871]]]}}, {"type": "Feature", "properties": {"km2": 0.041, "name": null, "near_source_5km": false}, "geometry": {"type": "Polygon", "coordinates": [[[85.56575, 28.38122], [85.56543, 28.38122], [85.565, 28.38115], [85.56477, 28.38104], [85.56458, 28.38088], [85.56456, 28.38068], [85.56474, 28.38037], [85.5652, 28.38032], [85.56573, 28.38027], [85.56597, 28.38002], [85.56622, 28.3796], [85.56661, 28.37929], [85.56691, 28.37924], [85.56741, 28.37938], [85.56753, 28.37967], [85.56755, 28.37998], [85.56748, 28.38042], [85.56723, 28.38086], [85.56698, 28.3811], [85.56669, 28.38125], [85.5664, 28.3813], [85.56575, 28.38122]]]}}, {"type": "Feature", "properties": {"km2": 0.214, "name": null, "near_source_5km": false}, "geometry": {"type": "Polygon", "coordinates": [[[85.56915, 28.39845], [85.56931, 28.39863], [85.56937, 28.3988], [85.56938, 28.39902], [85.56931, 28.39925], [85.56914, 28.39942], [85.56882, 28.39962], [85.56865, 28.39979], [85.56857, 28.40001], [85.56853, 28.40036], [85.56855, 28.40098], [85.56864, 28.40152], [85.56895, 28.40197], [85.5692, 28.40225], [85.56938, 28.40238], [85.57, 28.40261], [85.57071, 28.40283], [85.57116, 28.40287], [85.57135, 28.40268], [85.5714, 28.40237], [85.57137, 28.40199], [85.57118, 28.40152], [85.57089, 28.40115], [85.57056, 28.40083], [85.57034, 28.4005], [85.57031, 28.40016], [85.57038, 28.39984], [85.57059, 28.39954], [85.57078, 28.39944], [85.57115, 28.39952], [85.57146, 28.39971], [85.57208, 28.40003], [85.57268, 28.40025], [85.57303, 28.40023], [85.57339, 28.40018], [85.57352, 28.40001], [85.5735, 28.3996], [85.57323, 28.39939], [85.5729, 28.39928], [85.57238, 28.39902], [85.57214, 28.39876], [85.57205, 28.3986], [85.572, 28.39821], [85.5721, 28.39802], [85.57225, 28.398], [85.57277, 28.39782], [85.57315, 28.39752], [85.57326, 28.39746], [85.57338, 28.39746], [85.57398, 28.3975], [85.57433, 28.3975], [85.57457, 28.39738], [85.57462, 28.39724], [85.5745, 28.39699], [85.57431, 28.39674], [85.57382, 28.39626], [85.57346, 28.39599], [85.57302, 28.39601], [85.57246, 28.39601], [85.57205, 28.39586], [85.5719, 28.39578], [85.57149, 28.39572], [85.57124, 28.39575], [85.57098, 28.39601], [85.57086, 28.39634], [85.57073, 28.39654], [85.57056, 28.39672], [85.57037, 28.39683], [85.57021, 28.39685], [85.57004, 28.3969], [85.56982, 28.39702], [85.56976, 28.39711], [85.56984, 28.3972], [85.56999, 28.39737], [85.57003, 28.39747], [85.57005, 28.39766], [85.56996, 28.39787], [85.56974, 28.39817], [85.56944, 28.39831], [85.56915, 28.39845]]]}}, {"type": "Feature", "properties": {"km2": 0.066, "name": null, "near_source_5km": false}, "geometry": {"type": "Polygon", "coordinates": [[[85.5718, 28.3591], [85.57134, 28.35888], [85.57078, 28.35831], [85.57063, 28.35766], [85.57068, 28.35697], [85.5711, 28.35664], [85.57182, 28.35672], [85.57239, 28.35734], [85.57303, 28.35799], [85.57339, 28.35832], [85.57381, 28.35866], [85.57403, 28.35911], [85.57414, 28.35948], [85.57402, 28.35984], [85.57375, 28.36001], [85.57326, 28.35979], [85.5727, 28.35939], [85.57215, 28.35916], [85.5718, 28.3591]]]}}, {"type": "Feature", "properties": {"km2": 0.018, "name": null, "near_source_5km": false}, "geometry": {"type": "Polygon", "coordinates": [[[85.56759, 28.3412], [85.56747, 28.34143], [85.56745, 28.34162], [85.56737, 28.3418], [85.56726, 28.34189], [85.56702, 28.34194], [85.56672, 28.34192], [85.56648, 28.34181], [85.56631, 28.34164], [85.56628, 28.34142], [85.56649, 28.34101], [85.56663, 28.34084], [85.5669, 28.34062], [85.5672, 28.34034], [85.56734, 28.34029], [85.56758, 28.34028], [85.56772, 28.34038], [85.5678, 28.34055], [85.56774, 28.34084], [85.56759, 28.3412]]]}}, {"type": "Feature", "properties": {"km2": 0.051, "name": null, "near_source_5km": false}, "geometry": {"type": "Polygon", "coordinates": [[[85.55374, 28.33509], [85.55354, 28.33507], [85.55335, 28.33497], [85.55293, 28.3347], [85.55272, 28.33446], [85.55266, 28.33434], [85.55263, 28.33396], [85.55262, 28.3336], [85.55267, 28.33336], [85.55285, 28.33317], [85.55297, 28.33312], [85.55338, 28.33314], [85.55366, 28.33328], [85.55408, 28.33344], [85.55468, 28.33348], [85.55506, 28.3337], [85.55542, 28.33403], [85.55561, 28.33435], [85.55569, 28.33469], [85.5555, 28.33495], [85.55529, 28.33507], [85.55494, 28.33517], [85.55459, 28.3352], [85.55407, 28.33519], [85.55374, 28.33509]]]}}, {"type": "Feature", "properties": {"km2": 0.071, "name": null, "near_source_5km": false}, "geometry": {"type": "Polygon", "coordinates": [[[85.55159, 28.36172], [85.55172, 28.36165], [85.55206, 28.36157], [85.55249, 28.36162], [85.55272, 28.36172], [85.55298, 28.36211], [85.55298, 28.36248], [85.55297, 28.36272], [85.5529, 28.36333], [85.55259, 28.36353], [85.55227, 28.36363], [85.55178, 28.36361], [85.55144, 28.36365], [85.55111, 28.36386], [85.55084, 28.36405], [85.5504, 28.3641], [85.55008, 28.36397], [85.54991, 28.36366], [85.54983, 28.36337], [85.54968, 28.36313], [85.54945, 28.3629], [85.54936, 28.3628], [85.54931, 28.36239], [85.54939, 28.36215], [85.5497, 28.36199], [85.54991, 28.36198], [85.55054, 28.36196], [85.55091, 28.36193], [85.55159, 28.36172]]]}}, {"type": "Feature", "properties": {"km2": 0.155, "name": null, "near_source_5km": false}, "geometry": {"type": "Polygon", "coordinates": [[[85.55621, 28.33913], [85.55596, 28.33881], [85.55585, 28.33841], [85.55585, 28.33807], [85.55595, 28.33777], [85.55631, 28.33734], [85.55659, 28.33709], [85.55671, 28.33677], [85.55692, 28.33606], [85.55726, 28.33552], [85.55771, 28.33535], [85.55825, 28.33538], [85.55841, 28.33547], [85.55882, 28.33585], [85.55887, 28.33621], [85.55873, 28.3367], [85.5586, 28.33703], [85.55857, 28.33746], [85.55863, 28.33816], [85.55899, 28.33856], [85.5592, 28.33861], [85.55943, 28.33887], [85.55955, 28.33939], [85.55961, 28.33971], [85.5596, 28.34011], [85.55938, 28.3408], [85.5591, 28.34121], [85.55872, 28.34126], [85.55814, 28.34121], [85.5578, 28.34108], [85.55734, 28.34066], [85.55684, 28.34028], [85.55646, 28.33988], [85.55635, 28.33952], [85.55621, 28.33913]]]}}, {"type": "Feature", "properties": {"km2": 0.349, "name": null, "near_source_5km": false}, "geometry": {"type": "Polygon", "coordinates": [[[85.5522, 28.33542], [85.5524, 28.3354], [85.5528, 28.33541], [85.55316, 28.33553], [85.55324, 28.33569], [85.55324, 28.33602], [85.55317, 28.33647], [85.5532, 28.33678], [85.55339, 28.33708], [85.55363, 28.33719], [85.55399, 28.33731], [85.55442, 28.33741], [85.55475, 28.33774], [85.55496, 28.338], [85.55509, 28.33848], [85.55511, 28.33938], [85.55508, 28.34001], [85.55506, 28.34049], [85.55516, 28.34088], [85.55528, 28.3413], [85.55523, 28.34163], [85.55508, 28.34182], [85.55457, 28.34198], [85.55416, 28.34199], [85.55341, 28.34191], [85.55293, 28.34193], [85.55245, 28.34188], [85.55198, 28.34207], [85.55171, 28.34221], [85.5514, 28.34248], [85.55096, 28.34285], [85.55064, 28.34303], [85.55035, 28.34313], [85.54995, 28.34319], [85.54923, 28.34318], [85.54874, 28.34318], [85.54789, 28.34324], [85.54699, 28.34338], [85.54657, 28.34367], [85.54623, 28.34386], [85.54598, 28.3439], [85.54588, 28.34368], [85.54588, 28.34352], [85.54607, 28.34326], [85.54637, 28.34303], [85.54705, 28.34266], [85.54778, 28.34251], [85.54814, 28.34237], [85.54837, 28.3421], [85.54876, 28.34186], [85.54915, 28.34165], [85.54943, 28.34142], [85.54973, 28.34112], [85.54989, 28.34072], [85.54985, 28.34026], [85.54985, 28.33999], [85.54993, 28.33971], [85.55007, 28.33941], [85.55018, 28.3393], [85.55031, 28.33901], [85.55043, 28.33868], [85.55056, 28.33844], [85.55099, 28.33777], [85.55106, 28.33744], [85.5512, 28.33715], [85.5513, 28.33684], [85.5513, 28.33653], [85.55118, 28.33636], [85.55111, 28.33605], [85.55112, 28.33593], [85.55122, 28.33577], [85.55141, 28.33561], [85.55173, 28.3355], [85.5522, 28.33542]]]}}, {"type": "Feature", "properties": {"km2": 0.467, "name": null, "near_source_5km": false}, "geometry": {"type": "Polygon", "coordinates": [[[85.56919, 28.40451], [85.5699, 28.40495], [85.57038, 28.40532], [85.57079, 28.40617], [85.57081, 28.40679], [85.57081, 28.40717], [85.57076, 28.40794], [85.5705, 28.4084], [85.57031, 28.40855], [85.56987, 28.40856], [85.5694, 28.40848], [85.56889, 28.40821], [85.56852, 28.40796], [85.56803, 28.40756], [85.5668, 28.40713], [85.56603, 28.4068], [85.56537, 28.40651], [85.56458, 28.40612], [85.56408, 28.40583], [85.5624, 28.40485], [85.56153, 28.40442], [85.5606, 28.40399], [85.5603, 28.40374], [85.56008, 28.40334], [85.56001, 28.40309], [85.56002, 28.40298], [85.56011, 28.4028], [85.56028, 28.40265], [85.56075, 28.40237], [85.56114, 28.40223], [85.56148, 28.40214], [85.56183, 28.40209], [85.56265, 28.4021], [85.56277, 28.4021], [85.56292, 28.40206], [85.56297, 28.40197], [85.56295, 28.40184], [85.56286, 28.40175], [85.56263, 28.40169], [85.56218, 28.40149], [85.56198, 28.40129], [85.56186, 28.40109], [85.56184, 28.40085], [85.56197, 28.40042], [85.56211, 28.40026], [85.56232, 28.40007], [85.56271, 28.39996], [85.563, 28.40004], [85.56347, 28.40015], [85.56402, 28.40028], [85.5645, 28.40036], [85.56495, 28.40041], [85.56546, 28.40045], [85.5659, 28.40045], [85.56639, 28.40045], [85.56675, 28.40055], [85.56722, 28.40069], [85.56756, 28.4009], [85.56769, 28.40104], [85.56791, 28.40151], [85.56787, 28.40179], [85.56773, 28.40195], [85.56736, 28.40218], [85.56684, 28.40248], [85.56654, 28.40257], [85.56626, 28.4026], [85.56602, 28.4026], [85.56569, 28.40254], [85.5655, 28.40255], [85.5654, 28.40266], [85.56548, 28.40282], [85.56559, 28.40292], [85.56575, 28.40302], [85.56581, 28.40313], [85.56583, 28.40336], [85.56583, 28.40353], [85.56584, 28.40373], [85.56593, 28.40397], [85.56616, 28.40417], [85.56665, 28.40434], [85.56728, 28.40455], [85.56768, 28.40459], [85.56804, 28.40455], [85.56829, 28.40447], [85.56897, 28.40449], [85.56919, 28.40451]]]}}, {"type": "Feature", "properties": {"km2": 6.42, "name": "Toro Gompa Glacier", "near_source_5km": false}, "geometry": {"type": "Polygon", "coordinates": [[[85.0954, 28.37221], [85.09507, 28.37264], [85.09478, 28.37303], [85.09446, 28.37343], [85.09389, 28.37413], [85.09344, 28.37465], [85.093, 28.37507], [85.09262, 28.37562], [85.09229, 28.37608], [85.09199, 28.37651], [85.09175, 28.37681], [85.09158, 28.37718], [85.09127, 28.37782], [85.09105, 28.37834], [85.09071, 28.37905], [85.09044, 28.37963], [85.0901, 28.38025], [85.08959, 28.38097], [85.08929, 28.38142], [85.08903, 28.38198], [85.08874, 28.38266], [85.08855, 28.38325], [85.08836, 28.38373], [85.08832, 28.38421], [85.08833, 28.38469], [85.08845, 28.38535], [85.08853, 28.3859], [85.08862, 28.38636], [85.08896, 28.38704], [85.08914, 28.38762], [85.08934, 28.3882], [85.08939, 28.38876], [85.08945, 28.38932], [85.08951, 28.39002], [85.08955, 28.39079], [85.08957, 28.3914], [85.08956, 28.39218], [85.0896, 28.39293], [85.0896, 28.39408], [85.08958, 28.39463], [85.08956, 28.39523], [85.08954, 28.39576], [85.08952, 28.39613], [85.08952, 28.39647], [85.0895, 28.39689], [85.08953, 28.3972], [85.08959, 28.39754], [85.08974, 28.39774], [85.08984, 28.39797], [85.08978, 28.39829], [85.08968, 28.39858], [85.08959, 28.39892], [85.08951, 28.39929], [85.08933, 28.39994], [85.08911, 28.40055], [85.08905, 28.40108], [85.089, 28.40147], [85.08886, 28.40189], [85.08859, 28.40232], [85.08855, 28.40261], [85.08855, 28.40297], [85.08845, 28.40332], [85.08837, 28.40354], [85.08815, 28.40391], [85.08805, 28.40423], [85.08792, 28.40459], [85.08775, 28.405], [85.0875, 28.40553], [85.0872, 28.40604], [85.08696, 28.40649], [85.08684, 28.40693], [85.08665, 28.4073], [85.08656, 28.40758], [85.08649, 28.40796], [85.08646, 28.40816], [85.08634, 28.40844], [85.08624, 28.40883], [85.08613, 28.40914], [85.08604, 28.40963], [85.08599, 28.40995], [85.08594, 28.41021], [85.08581, 28.41048], [85.0857, 28.41091], [85.0857, 28.4112], [85.08569, 28.41154], [85.08564, 28.4118], [85.08561, 28.41212], [85.08554, 28.41239], [85.08544, 28.41267], [85.0853, 28.41295], [85.08523, 28.41323], [85.08517, 28.41354], [85.08507, 28.41389], [85.08499, 28.41422], [85.08484, 28.41443], [85.08457, 28.41485], [85.08443, 28.41516], [85.08423, 28.41566], [85.08397, 28.4163], [85.08366, 28.41684], [85.08349, 28.41724], [85.08337, 28.41758], [85.08321, 28.41795], [85.08303, 28.41834], [85.08289, 28.41865], [85.08267, 28.41895], [85.08248, 28.41929], [85.08234, 28.41954], [85.08216, 28.41976], [85.08196, 28.41994], [85.08177, 28.42007], [85.08161, 28.42024], [85.0812, 28.42068], [85.08083, 28.42107], [85.0805, 28.42146], [85.08024, 28.42181], [85.08001, 28.4221], [85.07965, 28.42231], [85.07936, 28.42254], [85.07907, 28.42281], [85.07881, 28.42298], [85.07855, 28.42325], [85.07813, 28.42345], [85.07784, 28.42359], [85.07746, 28.42373], [85.07715, 28.42387], [85.07686, 28.42406], [85.07655, 28.42427], [85.07641, 28.42442], [85.07619, 28.42462], [85.07597, 28.4248], [85.07576, 28.42498], [85.07554, 28.42525], [85.07522, 28.42555], [85.07488, 28.42584], [85.07458, 28.42623], [85.07435, 28.42644], [85.07414, 28.42681], [85.07385, 28.4273], [85.07362, 28.42758], [85.07336, 28.42793], [85.07299, 28.42849], [85.07265, 28.42897], [85.07247, 28.42938], [85.07237, 28.42963], [85.07228, 28.42983], [85.07213, 28.43005], [85.07196, 28.43023], [85.07171, 28.43042], [85.07153, 28.4305], [85.07131, 28.43054], [85.07119, 28.43048], [85.07119, 28.43035], [85.07112, 28.4302], [85.07101, 28.43009], [85.07085, 28.43], [85.07061, 28.42998], [85.07046, 28.42999], [85.07029, 28.42999], [85.07005, 28.42989], [85.0699, 28.4298], [85.06977, 28.42971], [85.06971, 28.42952], [85.06969, 28.42932], [85.0697, 28.42915], [85.06978, 28.42885], [85.0698, 28.42865], [85.06981, 28.42838], [85.06984, 28.42809], [85.06989, 28.42779], [85.06999, 28.42754], [85.07015, 28.42723], [85.07031, 28.42694], [85.07046, 28.4266], [85.07065, 28.42629], [85.07079, 28.42613], [85.07097, 28.42584], [85.07103, 28.42557], [85.0711, 28.42536], [85.07125, 28.42517], [85.07139, 28.42507], [85.07156, 28.42498], [85.07169, 28.42493], [85.07182, 28.42486], [85.07197, 28.42473], [85.07214, 28.4245], [85.07227, 28.42436], [85.0725, 28.42412], [85.0727, 28.42392], [85.07292, 28.42364], [85.0735, 28.42306], [85.07397, 28.42253], [85.07425, 28.42232], [85.07465, 28.4219], [85.07502, 28.42153], [85.0756, 28.421], [85.07593, 28.42076], [85.07652, 28.42035], [85.07695, 28.41986], [85.07751, 28.41936], [85.07778, 28.41907], [85.07811, 28.41883], [85.07836, 28.41867], [85.07852, 28.41851], [85.07862, 28.41827], [85.07877, 28.41807], [85.07896, 28.41786], [85.07936, 28.41724], [85.07963, 28.41692], [85.07986, 28.4165], [85.07993, 28.41626], [85.08004, 28.41592], [85.08018, 28.41562], [85.08038, 28.41522], [85.08052, 28.41492], [85.08066, 28.41468], [85.08075, 28.41445], [85.08084, 28.41418], [85.08085, 28.41399], [85.0809, 28.41374], [85.08097, 28.41347], [85.08106, 28.41327], [85.08113, 28.4131], [85.0813, 28.41281], [85.08142, 28.41244], [85.08142, 28.41221], [85.08135, 28.4119], [85.08132, 28.41155], [85.08137, 28.41132], [85.08142, 28.41114], [85.08139, 28.4109], [85.08131, 28.41064], [85.08123, 28.41045], [85.0812, 28.41027], [85.08123, 28.41001], [85.08126, 28.40982], [85.08127, 28.40952], [85.08122, 28.40932], [85.08112, 28.40911], [85.08107, 28.4089], [85.0811, 28.40861], [85.08105, 28.40843], [85.08104, 28.40826], [85.08106, 28.40786], [85.08102, 28.40769], [85.08094, 28.40753], [85.08087, 28.40735], [85.08088, 28.4071], [85.08095, 28.40696], [85.08111, 28.40683], [85.08133, 28.40664], [85.08151, 28.40648], [85.08169, 28.40632], [85.08194, 28.40604], [85.08209, 28.40583], [85.0822, 28.40554], [85.08228, 28.40523], [85.08234, 28.40469], [85.0824, 28.40444], [85.08244, 28.40417], [85.0826, 28.40357], [85.08281, 28.40301], [85.08296, 28.40252], [85.08309, 28.40209], [85.08318, 28.40173], [85.08338, 28.40109], [85.08349, 28.40076], [85.08361, 28.40056], [85.08365, 28.40032], [85.08367, 28.40011], [85.08371, 28.39985], [85.08371, 28.39964], [85.08371, 28.3993], [85.08373, 28.39901], [85.08379, 28.39851], [85.0838, 28.39823], [85.08377, 28.39783], [85.08366, 28.39768], [85.08353, 28.39753], [85.08344, 28.39737], [85.0834, 28.39724], [85.0834, 28.39711], [85.08348, 28.39696], [85.08362, 28.39677], [85.08378, 28.39657], [85.0839, 28.39643], [85.08399, 28.39629], [85.08403, 28.39612], [85.08403, 28.39594], [85.08401, 28.39561], [85.08399, 28.39533], [85.08395, 28.39508], [85.08392, 28.39477], [85.08389, 28.3945], [85.08389, 28.39417], [85.0839, 28.39378], [85.08392, 28.39357], [85.08395, 28.39326], [85.08406, 28.39284], [85.0841, 28.3926], [85.08412, 28.39243], [85.08414, 28.39221], [85.08413, 28.39197], [85.08412, 28.39172], [85.0841, 28.39151], [85.08403, 28.39117], [85.08395, 28.39089], [85.08389, 28.39072], [85.08382, 28.39051], [85.08377, 28.39033], [85.08369, 28.39012], [85.08365, 28.38986], [85.08366, 28.38964], [85.08366, 28.38944], [85.08362, 28.38931], [85.08345, 28.38909], [85.08322, 28.3888], [85.0831, 28.38865], [85.08299, 28.38847], [85.08288, 28.3883], [85.08272, 28.38811], [85.08258, 28.38802], [85.08238, 28.38792], [85.08219, 28.38788], [85.08197, 28.3879], [85.08178, 28.388], [85.08152, 28.38815], [85.08135, 28.38823], [85.08115, 28.38823], [85.08097, 28.38823], [85.08066, 28.38823], [85.0804, 28.38835], [85.08024, 28.38851], [85.08014, 28.38861], [85.07993, 28.38876], [85.07979, 28.38883], [85.07945, 28.38893], [85.07917, 28.38897], [85.07898, 28.38893], [85.07882, 28.38883], [85.07855, 28.38873], [85.07832, 28.38869], [85.07815, 28.38875], [85.07809, 28.38887], [85.07811, 28.38894], [85.07824, 28.38902], [85.07833, 28.38914], [85.07831, 28.38929], [85.07818, 28.38943], [85.07788, 28.38952], [85.07755, 28.38955], [85.0772, 28.3896], [85.07689, 28.38955], [85.07671, 28.38945], [85.07646, 28.38933], [85.07618, 28.38925], [85.07581, 28.38906], [85.07564, 28.38896], [85.07537, 28.38879], [85.07502, 28.3886], [85.07476, 28.38844], [85.07448, 28.38821], [85.07423, 28.38799], [85.07405, 28.38778], [85.07389, 28.38762], [85.0737, 28.38743], [85.07351, 28.38718], [85.07328, 28.38699], [85.07299, 28.38681], [85.07242, 28.38659], [85.07186, 28.38626], [85.07143, 28.38609], [85.07074, 28.3857], [85.07031, 28.38541], [85.06997, 28.38527], [85.06962, 28.38513], [85.06899, 28.38493], [85.0683, 28.3846], [85.06793, 28.38443], [85.06759, 28.38415], [85.0673, 28.38382], [85.06712, 28.3836], [85.06675, 28.38311], [85.06666, 28.38289], [85.06659, 28.38274], [85.06656, 28.38248], [85.06643, 28.38221], [85.06627, 28.38205], [85.06612, 28.38183], [85.06593, 28.38165], [85.06545, 28.3813], [85.06498, 28.38099], [85.06448, 28.38063], [85.06407, 28.38035], [85.06376, 28.3801], [85.0636, 28.37988], [85.06347, 28.37951], [85.06348, 28.37897], [85.06379, 28.37868], [85.06411, 28.37863], [85.06519, 28.37874], [85.06582, 28.37903], [85.06616, 28.37942], [85.06677, 28.37996], [85.06766, 28.38069], [85.06803, 28.38096], [85.06865, 28.38121], [85.06933, 28.38152], [85.06995, 28.38164], [85.07059, 28.3819], [85.0712, 28.38211], [85.07211, 28.38248], [85.07257, 28.38269], [85.0734, 28.38304], [85.07404, 28.38336], [85.07462, 28.3837], [85.07522, 28.38407], [85.0758, 28.38446], [85.07624, 28.38477], [85.07658, 28.38497], [85.07723, 28.3852], [85.07759, 28.38522], [85.07825, 28.38535], [85.079, 28.3854], [85.07951, 28.38544], [85.07983, 28.38545], [85.08009, 28.38541], [85.08043, 28.38535], [85.08069, 28.38531], [85.08108, 28.3852], [85.0814, 28.38513], [85.08156, 28.38503], [85.08177, 28.3848], [85.08187, 28.38457], [85.08189, 28.38434], [85.08188, 28.38417], [85.08187, 28.38398], [85.08187, 28.38366], [85.08179, 28.38307], [85.08182, 28.38273], [85.08175, 28.38247], [85.08168, 28.38225], [85.08157, 28.38193], [85.08147, 28.38173], [85.08139, 28.38151], [85.08129, 28.38126], [85.08119, 28.38108], [85.08101, 28.38085], [85.08067, 28.38051], [85.08031, 28.38033], [85.0799, 28.38016], [85.07933, 28.37983], [85.07884, 28.37955], [85.07831, 28.37929], [85.07808, 28.37913], [85.07781, 28.37897], [85.07745, 28.37875], [85.077, 28.37851], [85.07675, 28.3783], [85.07647, 28.3781], [85.07622, 28.37791], [85.07581, 28.37753], [85.07557, 28.37739], [85.07528, 28.37719], [85.0748, 28.37691], [85.07468, 28.3768], [85.07456, 28.37663], [85.07451, 28.37645], [85.07458, 28.37632], [85.07466, 28.37622], [85.07475, 28.37608], [85.07482, 28.37585], [85.07477, 28.37566], [85.0746, 28.37546], [85.07444, 28.37536], [85.07429, 28.37523], [85.07425, 28.37516], [85.07425, 28.37502], [85.07431, 28.37484], [85.07441, 28.37472], [85.07455, 28.37464], [85.07472, 28.37465], [85.07503, 28.37469], [85.07534, 28.37477], [85.07574, 28.37482], [85.0761, 28.37493], [85.07626, 28.37501], [85.07641, 28.37526], [85.0766, 28.37545], [85.07681, 28.37554], [85.07705, 28.37559], [85.07741, 28.37562], [85.07768, 28.37567], [85.07789, 28.3757], [85.07823, 28.37571], [85.07862, 28.37573], [85.07898, 28.37583], [85.07926, 28.37589], [85.0796, 28.37598], [85.07993, 28.376], [85.0802, 28.37597], [85.08051, 28.37599], [85.08083, 28.37602], [85.08138, 28.37607], [85.08169, 28.37617], [85.08192, 28.37626], [85.08209, 28.37634], [85.08233, 28.37639], [85.08251, 28.37637], [85.08265, 28.37638], [85.08281, 28.37641], [85.083, 28.37651], [85.08311, 28.37665], [85.08327, 28.37683], [85.08355, 28.37702], [85.08382, 28.37715], [85.08416, 28.37724], [85.08448, 28.37726], [85.08488, 28.37728], [85.085, 28.37722], [85.0851, 28.37702], [85.08524, 28.37684], [85.08541, 28.37651], [85.08552, 28.37633], [85.08581, 28.37573], [85.08597, 28.37536], [85.08607, 28.37508], [85.08618, 28.37481], [85.08625, 28.37458], [85.0863, 28.37442], [85.08637, 28.3743], [85.08642, 28.37404], [85.08644, 28.37389], [85.08645, 28.37376], [85.08646, 28.37342], [85.08623, 28.37326], [85.08604, 28.37315], [85.0858, 28.37303], [85.0855, 28.37284], [85.08522, 28.37269], [85.08504, 28.37258], [85.08464, 28.37235], [85.08442, 28.37218], [85.08432, 28.37206], [85.08398, 28.37173], [85.08368, 28.37147], [85.08342, 28.37131], [85.08289, 28.371], [85.08248, 28.37078], [85.08209, 28.37044], [85.08153, 28.37011], [85.08113, 28.36984], [85.08076, 28.3696], [85.08045, 28.36935], [85.08016, 28.3691], [85.07997, 28.36896], [85.07975, 28.36879], [85.07938, 28.36857], [85.07914, 28.3684], [85.07894, 28.36818], [85.07863, 28.36787], [85.07831, 28.36769], [85.07799, 28.36745], [85.07779, 28.36732], [85.07764, 28.36709], [85.07755, 28.3669], [85.0774, 28.36661], [85.07729, 28.36637], [85.0773, 28.36618], [85.07732, 28.36598], [85.07742, 28.3658], [85.07754, 28.36562], [85.07768, 28.36556], [85.07793, 28.36541], [85.07819, 28.36538], [85.07853, 28.3654], [85.07891, 28.36537], [85.0791, 28.36521], [85.07929, 28.36504], [85.07965, 28.36499], [85.07995, 28.36509], [85.0801, 28.36525], [85.08026, 28.36548], [85.08042, 28.36572], [85.08055, 28.36588], [85.08093, 28.36631], [85.08153, 28.36654], [85.08172, 28.36676], [85.0819, 28.36708], [85.0822, 28.36753], [85.08243, 28.36779], [85.08271, 28.36801], [85.08296, 28.36815], [85.08334, 28.36838], [85.08392, 28.36874], [85.08427, 28.36898], [85.08461, 28.3692], [85.08517, 28.36969], [85.0855, 28.37009], [85.08576, 28.37036], [85.08598, 28.37059], [85.08619, 28.37087], [85.08641, 28.37123], [85.08649, 28.3714], [85.08668, 28.37163], [85.08685, 28.37178], [85.08704, 28.37187], [85.08721, 28.37189], [85.08737, 28.37183], [85.08756, 28.37168], [85.08763, 28.37151], [85.08767, 28.37107], [85.0877, 28.37081], [85.08772, 28.37048], [85.08775, 28.37028], [85.08791, 28.36993], [85.08795, 28.3697], [85.08795, 28.36939], [85.08794, 28.36905], [85.08783, 28.36886], [85.08776, 28.36859], [85.08775, 28.36844], [85.08777, 28.3682], [85.08786, 28.36794], [85.08798, 28.36764], [85.08816, 28.36741], [85.08849, 28.36725], [85.0889, 28.36704], [85.08927, 28.36683], [85.08988, 28.36667], [85.09059, 28.36647], [85.09102, 28.36628], [85.09133, 28.36616], [85.09166, 28.36609], [85.09189, 28.36605], [85.09225, 28.36589], [85.09261, 28.36567], [85.09275, 28.36543], [85.09287, 28.3652], [85.09301, 28.3649], [85.09312, 28.36463], [85.09326, 28.36441], [85.09337, 28.3643], [85.09352, 28.36405], [85.09364, 28.36369], [85.09373, 28.36344], [85.09394, 28.36295], [85.09408, 28.36274], [85.09432, 28.36244], [85.09443, 28.36228], [85.09455, 28.36209], [85.09462, 28.36191], [85.09475, 28.36172], [85.09494, 28.36159], [85.09517, 28.36141], [85.09532, 28.36116], [85.09535, 28.361], [85.09534, 28.36085], [85.09524, 28.36077], [85.09515, 28.36067], [85.09502, 28.36052], [85.09482, 28.36025], [85.09466, 28.35995], [85.09453, 28.35975], [85.0945, 28.35957], [85.09457, 28.35934], [85.09462, 28.35919], [85.09465, 28.35907], [85.09466, 28.35887], [85.09462, 28.35851], [85.09446, 28.35826], [85.09427, 28.35803], [85.09407, 28.35787], [85.09388, 28.35778], [85.09363, 28.3577], [85.09311, 28.35765], [85.09284, 28.35761], [85.09241, 28.35745], [85.09206, 28.35732], [85.0917, 28.35719], [85.09139, 28.35706], [85.09118, 28.35691], [85.09103, 28.35675], [85.09083, 28.35652], [85.09072, 28.35635], [85.09062, 28.35618], [85.09048, 28.35597], [85.09038, 28.35582], [85.09003, 28.35542], [85.08987, 28.35508], [85.08982, 28.35477], [85.08993, 28.35457], [85.09009, 28.35449], [85.09045, 28.35447], [85.09081, 28.35446], [85.09114, 28.35459], [85.09147, 28.35474], [85.09176, 28.35493], [85.09211, 28.35517], [85.09238, 28.35536], [85.09258, 28.35548], [85.09282, 28.3556], [85.09316, 28.35567], [85.0934, 28.35572], [85.09369, 28.35578], [85.09397, 28.35588], [85.0942, 28.356], [85.09442, 28.35612], [85.09462, 28.35626], [85.09463, 28.35639], [85.09482, 28.35674], [85.09502, 28.35699], [85.09523, 28.3572], [85.0954, 28.35734], [85.09554, 28.35743], [85.09576, 28.3575], [85.09597, 28.35756], [85.09617, 28.35766], [85.09631, 28.35773], [85.0964, 28.35782], [85.09649, 28.3579], [85.09663, 28.35805], [85.09672, 28.35816], [85.09686, 28.35823], [85.09695, 28.35823], [85.09703, 28.3582], [85.09708, 28.35812], [85.0971, 28.35804], [85.09703, 28.35789], [85.09692, 28.35779], [85.0968, 28.35771], [85.09664, 28.35759], [85.09652, 28.35751], [85.09639, 28.35742], [85.09622, 28.35728], [85.09605, 28.35713], [85.09594, 28.35704], [85.09584, 28.35697], [85.0957, 28.35687], [85.09552, 28.35671], [85.09538, 28.3566], [85.09525, 28.35644], [85.09509, 28.35624], [85.09494, 28.35604], [85.09468, 28.35586], [85.09427, 28.3557], [85.0939, 28.35557], [85.09368, 28.3555], [85.09348, 28.35543], [85.09328, 28.35535], [85.0931, 28.3553], [85.09291, 28.35525], [85.09275, 28.35518], [85.09259, 28.35509], [85.09239, 28.35496], [85.09208, 28.35481], [85.09199, 28.35473], [85.09191, 28.35457], [85.09191, 28.35442], [85.092, 28.3543], [85.09214, 28.35424], [85.09239, 28.35422], [85.09261, 28.35423], [85.09285, 28.35429], [85.09305, 28.35439], [85.09324, 28.35446], [85.0935, 28.35456], [85.09378, 28.35466], [85.09405, 28.3547], [85.09416, 28.35471], [85.09465, 28.35472], [85.09509, 28.35472], [85.09521, 28.35465], [85.09518, 28.35455], [85.09512, 28.35445], [85.095, 28.35432], [85.09481, 28.35416], [85.09471, 28.354], [85.09463, 28.35387], [85.09462, 28.35374], [85.09464, 28.35354], [85.09467, 28.35346], [85.09477, 28.35332], [85.09497, 28.35328], [85.09516, 28.35329], [85.0954, 28.35332], [85.09552, 28.35337], [85.09568, 28.35349], [85.09584, 28.35369], [85.09598, 28.35397], [85.0961, 28.35415], [85.09618, 28.35423], [85.09631, 28.35432], [85.0966, 28.35446], [85.09673, 28.35452], [85.09685, 28.35459], [85.09695, 28.35466], [85.09713, 28.35484], [85.09717, 28.35497], [85.09725, 28.35517], [85.09726, 28.35531], [85.09729, 28.3554], [85.09738, 28.35559], [85.0975, 28.35575], [85.0976, 28.35588], [85.09783, 28.35605], [85.09795, 28.35616], [85.09811, 28.35627], [85.09843, 28.35637], [85.09878, 28.35648], [85.09916, 28.35651], [85.09948, 28.35645], [85.09971, 28.35633], [85.09982, 28.35612], [85.09992, 28.35579], [85.10009, 28.35551], [85.10038, 28.35531], [85.10064, 28.35538], [85.10091, 28.35557], [85.10102, 28.35573], [85.10115, 28.35593], [85.10132, 28.35622], [85.10145, 28.35642], [85.10166, 28.3567], [85.10183, 28.35693], [85.10192, 28.35711], [85.10195, 28.35733], [85.10199, 28.35756], [85.10199, 28.35778], [85.10199, 28.35806], [85.10191, 28.35831], [85.10174, 28.35865], [85.10155, 28.35891], [85.10137, 28.35914], [85.10118, 28.35945], [85.10096, 28.35976], [85.10073, 28.36015], [85.10068, 28.36045], [85.10068, 28.36069], [85.10073, 28.36105], [85.10077, 28.36134], [85.10084, 28.36172], [85.10078, 28.36226], [85.10072, 28.3625], [85.10062, 28.36283], [85.10057, 28.3632], [85.10051, 28.36368], [85.10028, 28.36404], [85.10005, 28.36437], [85.0999, 28.36466], [85.09967, 28.36507], [85.09954, 28.36553], [85.09945, 28.36585], [85.0994, 28.36636], [85.0994, 28.36677], [85.09941, 28.36699], [85.09936, 28.36747], [85.09928, 28.36767], [85.09907, 28.36809], [85.09881, 28.36826], [85.09862, 28.3684], [85.09836, 28.3686], [85.09809, 28.36897], [85.09799, 28.36926], [85.0979, 28.36952], [85.0978, 28.36986], [85.09773, 28.37009], [85.09762, 28.37037], [85.09745, 28.37063], [85.0972, 28.37087], [85.09684, 28.37111], [85.09652, 28.37123], [85.09625, 28.37148], [85.09574, 28.37184], [85.0954, 28.37221]]]}}, {"type": "Feature", "properties": {"km2": 6.057, "name": null, "near_source_5km": false}, "geometry": {"type": "Polygon", "coordinates": [[[85.06, 28.34212], [85.05988, 28.34225], [85.05975, 28.34263], [85.05963, 28.34291], [85.05953, 28.34318], [85.05952, 28.34336], [85.05956, 28.34349], [85.05969, 28.34355], [85.06, 28.34347], [85.06019, 28.34331], [85.0604, 28.34298], [85.06054, 28.34275], [85.0607, 28.34231], [85.06089, 28.342], [85.06117, 28.34173], [85.06165, 28.34136], [85.06214, 28.34102], [85.06243, 28.34085], [85.06283, 28.3408], [85.06305, 28.34081], [85.06331, 28.34089], [85.06345, 28.34101], [85.06352, 28.34118], [85.06358, 28.34154], [85.06358, 28.34189], [85.06354, 28.34223], [85.0635, 28.34254], [85.06341, 28.34287], [85.06328, 28.3433], [85.06307, 28.34358], [85.06294, 28.34386], [85.06298, 28.34405], [85.06312, 28.34417], [85.06331, 28.34412], [85.06345, 28.34395], [85.06357, 28.34372], [85.0638, 28.34333], [85.06415, 28.34295], [85.06462, 28.34251], [85.06491, 28.34226], [85.06536, 28.34188], [85.06578, 28.34165], [85.06619, 28.34145], [85.06643, 28.34134], [85.06667, 28.34113], [85.06681, 28.34099], [85.06688, 28.34079], [85.06697, 28.34062], [85.06735, 28.34035], [85.06761, 28.34026], [85.06788, 28.34026], [85.06803, 28.34027], [85.06834, 28.34035], [85.06872, 28.34065], [85.06918, 28.34137], [85.06935, 28.34165], [85.06933, 28.34206], [85.06925, 28.34227], [85.06898, 28.34255], [85.06859, 28.34281], [85.06835, 28.34294], [85.06803, 28.34331], [85.06769, 28.34369], [85.06727, 28.34384], [85.06689, 28.34384], [85.06661, 28.34367], [85.06644, 28.34341], [85.06645, 28.34325], [85.06657, 28.34301], [85.06678, 28.34277], [85.06701, 28.34256], [85.0669, 28.34238], [85.06673, 28.34231], [85.06637, 28.34242], [85.06598, 28.34263], [85.06545, 28.34298], [85.06515, 28.34319], [85.06495, 28.3434], [85.06494, 28.34357], [85.06496, 28.34386], [85.0651, 28.34415], [85.06529, 28.34434], [85.06545, 28.34442], [85.06578, 28.34464], [85.06598, 28.3447], [85.06626, 28.34479], [85.06652, 28.34486], [85.06684, 28.34488], [85.06715, 28.34487], [85.06743, 28.34484], [85.06775, 28.34475], [85.068, 28.34468], [85.06828, 28.34457], [85.06857, 28.34445], [85.06887, 28.34442], [85.06934, 28.34448], [85.06956, 28.34463], [85.0697, 28.34491], [85.06982, 28.34534], [85.0699, 28.34597], [85.06979, 28.34656], [85.06963, 28.34711], [85.0694, 28.3475], [85.06907, 28.34827], [85.06871, 28.34915], [85.06862, 28.34933], [85.06834, 28.34971], [85.06818, 28.34994], [85.06789, 28.35033], [85.06783, 28.35045], [85.06783, 28.35079], [85.06792, 28.35107], [85.06805, 28.35125], [85.06816, 28.35138], [85.06834, 28.35148], [85.06867, 28.35142], [85.06888, 28.35129], [85.06936, 28.35114], [85.06954, 28.35113], [85.0697, 28.35114], [85.06999, 28.35126], [85.0701, 28.35136], [85.07016, 28.35152], [85.07013, 28.35185], [85.07001, 28.35208], [85.06978, 28.3523], [85.06941, 28.35254], [85.06907, 28.35275], [85.06875, 28.35294], [85.06835, 28.3532], [85.06814, 28.3534], [85.06783, 28.35369], [85.0674, 28.35396], [85.06701, 28.35418], [85.06686, 28.35426], [85.06652, 28.3544], [85.06628, 28.3545], [85.0661, 28.35458], [85.06592, 28.35473], [85.06583, 28.35483], [85.06575, 28.35497], [85.06555, 28.35517], [85.06532, 28.35525], [85.06516, 28.35527], [85.06484, 28.35528], [85.06461, 28.35531], [85.06447, 28.35534], [85.06417, 28.35543], [85.06403, 28.3555], [85.06383, 28.3555], [85.06374, 28.35543], [85.06361, 28.35528], [85.0636, 28.35513], [85.06366, 28.35499], [85.0638, 28.35474], [85.06384, 28.35468], [85.06419, 28.3545], [85.06425, 28.35443], [85.06423, 28.35424], [85.06408, 28.35415], [85.06391, 28.35416], [85.06366, 28.35425], [85.06348, 28.35447], [85.06328, 28.35478], [85.06322, 28.35495], [85.0632, 28.35511], [85.06321, 28.35542], [85.06322, 28.35561], [85.06324, 28.35578], [85.06325, 28.35607], [85.06326, 28.35625], [85.06325, 28.35646], [85.06322, 28.35664], [85.06321, 28.35679], [85.06317, 28.35701], [85.06308, 28.35713], [85.06301, 28.35714], [85.06262, 28.35708], [85.0624, 28.35687], [85.0623, 28.35674], [85.06209, 28.35644], [85.06182, 28.35628], [85.06151, 28.35619], [85.06124, 28.35619], [85.06077, 28.35626], [85.06057, 28.35633], [85.06037, 28.35644], [85.06021, 28.35652], [85.06006, 28.35663], [85.06003, 28.35671], [85.06007, 28.35676], [85.06025, 28.35683], [85.06056, 28.35689], [85.0608, 28.35689], [85.0611, 28.3569], [85.06146, 28.35694], [85.06177, 28.35703], [85.06204, 28.35711], [85.06222, 28.35716], [85.06244, 28.35728], [85.06272, 28.35744], [85.06297, 28.35749], [85.06323, 28.35745], [85.06351, 28.35726], [85.06374, 28.35708], [85.06396, 28.3569], [85.06422, 28.35686], [85.0646, 28.35687], [85.06476, 28.35694], [85.06494, 28.357], [85.06528, 28.35703], [85.06559, 28.35704], [85.06589, 28.35711], [85.06606, 28.35721], [85.06616, 28.35738], [85.06628, 28.3575], [85.06658, 28.35786], [85.06671, 28.35793], [85.06714, 28.35793], [85.0674, 28.35791], [85.06765, 28.35786], [85.06795, 28.35787], [85.06837, 28.35797], [85.06879, 28.35805], [85.06906, 28.35805], [85.06927, 28.35802], [85.06947, 28.35791], [85.06951, 28.35765], [85.06943, 28.35749], [85.06934, 28.35737], [85.06921, 28.35721], [85.06921, 28.35703], [85.06938, 28.35688], [85.06962, 28.35681], [85.06983, 28.35681], [85.07019, 28.35681], [85.07042, 28.35682], [85.07071, 28.35684], [85.07113, 28.35694], [85.07141, 28.35705], [85.07163, 28.35721], [85.07174, 28.35739], [85.07174, 28.35762], [85.07169, 28.35818], [85.07171, 28.35831], [85.0717, 28.35847], [85.0717, 28.3588], [85.07168, 28.35914], [85.0716, 28.35937], [85.07148, 28.35971], [85.07123, 28.35988], [85.07087, 28.36004], [85.07034, 28.36011], [85.06972, 28.36011], [85.06908, 28.36004], [85.06842, 28.36004], [85.0682, 28.36006], [85.06794, 28.36011], [85.06772, 28.36015], [85.06734, 28.36017], [85.06711, 28.36017], [85.06677, 28.36012], [85.06658, 28.36007], [85.06619, 28.36003], [85.06588, 28.36002], [85.06562, 28.36004], [85.06537, 28.36009], [85.06508, 28.36012], [85.06473, 28.36015], [85.06415, 28.36013], [85.06376, 28.36014], [85.06344, 28.36016], [85.06319, 28.36024], [85.06297, 28.36037], [85.0626, 28.36055], [85.06232, 28.36063], [85.06205, 28.36069], [85.06185, 28.3607], [85.06119, 28.36083], [85.06077, 28.36093], [85.06061, 28.36096], [85.06036, 28.36097], [85.06012, 28.36094], [85.0599, 28.36087], [85.05962, 28.36082], [85.05941, 28.36082], [85.05923, 28.36082], [85.05895, 28.36082], [85.05887, 28.3608], [85.05858, 28.36066], [85.05836, 28.36049], [85.05812, 28.36029], [85.05798, 28.36], [85.0578, 28.35984], [85.05758, 28.3597], [85.05716, 28.35966], [85.05655, 28.35973], [85.0562, 28.35977], [85.05586, 28.35977], [85.05548, 28.35973], [85.05526, 28.3596], [85.05509, 28.35944], [85.05502, 28.35924], [85.05502, 28.35895], [85.05502, 28.35874], [85.05508, 28.35855], [85.05519, 28.35842], [85.05541, 28.35829], [85.05576, 28.35816], [85.05609, 28.35802], [85.05646, 28.35789], [85.05673, 28.35782], [85.05702, 28.35774], [85.05725, 28.3577], [85.05744, 28.35768], [85.05768, 28.35762], [85.05787, 28.35758], [85.05829, 28.35751], [85.05852, 28.35745], [85.05862, 28.35736], [85.05868, 28.35724], [85.05868, 28.35711], [85.05864, 28.35704], [85.05857, 28.35699], [85.05847, 28.35699], [85.0583, 28.357], [85.05819, 28.357], [85.05806, 28.35698], [85.05797, 28.35688], [85.05793, 28.35676], [85.05794, 28.3566], [85.05799, 28.35647], [85.05808, 28.35635], [85.05823, 28.3562], [85.05832, 28.35609], [85.05842, 28.35594], [85.05854, 28.35574], [85.05863, 28.3556], [85.0587, 28.35548], [85.05879, 28.35529], [85.05881, 28.35514], [85.05877, 28.35499], [85.05871, 28.35483], [85.05862, 28.35473], [85.05843, 28.35461], [85.05815, 28.3545], [85.05792, 28.35445], [85.05738, 28.35454], [85.0571, 28.3546], [85.05662, 28.35474], [85.05631, 28.35487], [85.05606, 28.35498], [85.05598, 28.35505], [85.05588, 28.35515], [85.05579, 28.35525], [85.05571, 28.35535], [85.05557, 28.35551], [85.05544, 28.35566], [85.0553, 28.35581], [85.05511, 28.35602], [85.05488, 28.35623], [85.05474, 28.35634], [85.05455, 28.35653], [85.05437, 28.35671], [85.05424, 28.35684], [85.05402, 28.35693], [85.05383, 28.357], [85.05362, 28.35705], [85.05339, 28.35705], [85.05319, 28.35704], [85.05276, 28.35705], [85.05253, 28.3571], [85.05226, 28.35715], [85.05208, 28.35726], [85.05189, 28.35736], [85.0516, 28.35758], [85.05136, 28.35774], [85.05108, 28.35792], [85.05076, 28.35802], [85.05054, 28.35806], [85.05036, 28.35811], [85.05002, 28.3582], [85.04972, 28.35828], [85.0496, 28.35828], [85.04944, 28.35827], [85.04931, 28.35821], [85.04923, 28.3581], [85.04923, 28.35798], [85.04924, 28.3579], [85.04928, 28.35782], [85.04932, 28.35771], [85.04938, 28.35759], [85.04944, 28.35755], [85.04958, 28.35742], [85.04976, 28.35725], [85.04989, 28.35699], [85.04997, 28.35684], [85.04997, 28.35674], [85.04997, 28.35665], [85.04994, 28.35658], [85.04984, 28.35654], [85.04975, 28.3565], [85.04964, 28.35646], [85.04958, 28.35638], [85.04951, 28.3562], [85.04945, 28.35601], [85.04945, 28.35587], [85.04952, 28.35567], [85.04959, 28.35553], [85.04966, 28.35543], [85.04974, 28.3553], [85.04987, 28.35516], [85.05001, 28.35501], [85.05017, 28.35485], [85.05033, 28.35462], [85.05044, 28.3544], [85.05058, 28.35418], [85.05075, 28.35397], [85.05098, 28.35372], [85.05122, 28.35347], [85.05141, 28.35331], [85.05155, 28.35323], [85.05171, 28.35313], [85.05175, 28.35306], [85.05174, 28.35294], [85.05166, 28.35285], [85.05156, 28.35284], [85.05147, 28.35288], [85.05134, 28.35297], [85.05109, 28.35315], [85.05092, 28.35327], [85.05072, 28.35338], [85.05051, 28.35351], [85.05032, 28.3536], [85.05016, 28.35366], [85.04988, 28.35386], [85.0497, 28.35407], [85.0496, 28.35425], [85.04946, 28.35441], [85.04929, 28.35457], [85.04918, 28.35469], [85.04906, 28.35483], [85.04895, 28.35489], [85.04886, 28.35487], [85.04875, 28.35475], [85.04875, 28.35457], [85.04875, 28.35448], [85.0488, 28.35434], [85.04886, 28.35394], [85.04887, 28.35385], [85.04893, 28.35359], [85.04898, 28.35343], [85.04911, 28.35327], [85.04933, 28.35313], [85.04954, 28.35299], [85.04976, 28.35278], [85.04988, 28.35265], [85.04995, 28.35247], [85.05008, 28.35225], [85.05025, 28.35204], [85.05037, 28.35189], [85.05061, 28.35162], [85.05088, 28.3514], [85.05117, 28.35115], [85.05131, 28.35101], [85.0515, 28.35083], [85.05157, 28.35073], [85.05157, 28.35063], [85.05152, 28.35052], [85.05142, 28.35043], [85.05135, 28.35043], [85.05121, 28.35048], [85.05108, 28.35059], [85.05098, 28.3507], [85.05079, 28.35088], [85.05062, 28.35102], [85.05052, 28.3511], [85.05027, 28.3513], [85.05009, 28.35139], [85.04991, 28.35149], [85.04973, 28.35159], [85.04951, 28.35171], [85.04937, 28.35172], [85.04929, 28.35168], [85.04924, 28.35153], [85.04928, 28.35137], [85.04933, 28.35124], [85.04948, 28.35103], [85.04958, 28.35097], [85.04979, 28.35089], [85.05006, 28.3508], [85.05024, 28.35068], [85.05044, 28.35051], [85.05079, 28.35017], [85.05091, 28.35001], [85.05111, 28.34976], [85.05132, 28.34957], [85.05156, 28.34936], [85.05185, 28.34912], [85.05203, 28.34898], [85.0522, 28.3488], [85.05234, 28.34865], [85.05248, 28.34845], [85.05249, 28.34831], [85.05216, 28.34809], [85.05187, 28.34807], [85.05154, 28.3481], [85.0513, 28.34818], [85.05108, 28.34831], [85.05068, 28.34866], [85.05052, 28.34888], [85.0504, 28.34908], [85.05023, 28.34931], [85.05013, 28.34948], [85.05002, 28.34972], [85.04995, 28.34993], [85.04987, 28.35006], [85.04976, 28.35017], [85.04946, 28.35038], [85.04932, 28.35051], [85.04915, 28.35061], [85.04888, 28.35063], [85.04864, 28.3506], [85.04846, 28.35052], [85.04832, 28.35029], [85.04817, 28.35018], [85.04796, 28.35013], [85.04777, 28.35013], [85.0476, 28.35018], [85.04741, 28.35026], [85.04714, 28.35037], [85.04698, 28.35043], [85.04651, 28.3505], [85.04622, 28.3506], [85.04594, 28.35082], [85.04558, 28.35115], [85.04518, 28.35153], [85.04499, 28.35178], [85.0448, 28.35212], [85.0446, 28.35254], [85.04445, 28.35283], [85.04424, 28.35305], [85.04404, 28.35319], [85.04371, 28.35347], [85.04335, 28.35363], [85.04297, 28.35376], [85.04269, 28.35383], [85.04247, 28.35385], [85.04232, 28.35388], [85.04203, 28.35387], [85.04173, 28.35381], [85.04143, 28.35374], [85.04114, 28.35371], [85.04087, 28.35365], [85.04053, 28.3536], [85.0403, 28.35356], [85.03995, 28.3535], [85.03965, 28.35341], [85.03943, 28.35326], [85.03934, 28.35309], [85.03939, 28.35291], [85.03959, 28.35263], [85.03982, 28.35232], [85.03995, 28.35213], [85.04013, 28.35166], [85.04027, 28.35143], [85.04062, 28.35118], [85.04109, 28.351], [85.04156, 28.35085], [85.04182, 28.35081], [85.04222, 28.35067], [85.04256, 28.35041], [85.04271, 28.35021], [85.04277, 28.35001], [85.04281, 28.34965], [85.04281, 28.34946], [85.04281, 28.34933], [85.04281, 28.34911], [85.04286, 28.34885], [85.04279, 28.34851], [85.04284, 28.34819], [85.04286, 28.34795], [85.04297, 28.34772], [85.04305, 28.34738], [85.04323, 28.34695], [85.04337, 28.34668], [85.04355, 28.34625], [85.04359, 28.34589], [85.0436, 28.34566], [85.04361, 28.34526], [85.04361, 28.34492], [85.04357, 28.34471], [85.04345, 28.34434], [85.04342, 28.34396], [85.04336, 28.34349], [85.04337, 28.34321], [85.04342, 28.34279], [85.04349, 28.34248], [85.04357, 28.34212], [85.04366, 28.34161], [85.04372, 28.34125], [85.04381, 28.341], [85.0439, 28.34085], [85.04405, 28.34054], [85.04423, 28.34021], [85.04451, 28.33992], [85.04474, 28.33972], [85.04507, 28.33953], [85.04555, 28.33939], [85.0459, 28.33935], [85.04617, 28.33936], [85.04659, 28.33942], [85.047, 28.33952], [85.04764, 28.33957], [85.048, 28.33952], [85.04833, 28.33941], [85.04859, 28.33927], [85.04889, 28.3389], [85.04909, 28.33847], [85.0491, 28.33801], [85.04904, 28.33775], [85.04884, 28.33748], [85.04861, 28.33724], [85.04842, 28.33696], [85.04815, 28.33654], [85.04805, 28.3363], [85.04793, 28.33597], [85.04782, 28.33557], [85.04769, 28.33529], [85.04747, 28.33492], [85.04723, 28.33459], [85.047, 28.33429], [85.0468, 28.33407], [85.0466, 28.33386], [85.04642, 28.33374], [85.04624, 28.33368], [85.04605, 28.33365], [85.04567, 28.33363], [85.04539, 28.33363], [85.04514, 28.33367], [85.04476, 28.33378], [85.04439, 28.33388], [85.04398, 28.33395], [85.04346, 28.33397], [85.04295, 28.33398], [85.04259, 28.33397], [85.04228, 28.33386], [85.04209, 28.33367], [85.04207, 28.33347], [85.04207, 28.33332], [85.04208, 28.33305], [85.04212, 28.33275], [85.04226, 28.33252], [85.04254, 28.33234], [85.04282, 28.33219], [85.04316, 28.33192], [85.04358, 28.33153], [85.04399, 28.33111], [85.04423, 28.33071], [85.04438, 28.33039], [85.04447, 28.33008], [85.04453, 28.32959], [85.0446, 28.32928], [85.04484, 28.32893], [85.04503, 28.32875], [85.04522, 28.32865], [85.04536, 28.32858], [85.04576, 28.32842], [85.04629, 28.32819], [85.04656, 28.32802], [85.04684, 28.32776], [85.04703, 28.3276], [85.04764, 28.32727], [85.04796, 28.32714], [85.04835, 28.32709], [85.04887, 28.32709], [85.0494, 28.32713], [85.04968, 28.32722], [85.05006, 28.32725], [85.05042, 28.32726], [85.05092, 28.32728], [85.0513, 28.32738], [85.05159, 28.3275], [85.05219, 28.32779], [85.05267, 28.32814], [85.05297, 28.32836], [85.05358, 28.32887], [85.05411, 28.32937], [85.0545, 28.32978], [85.05484, 28.33026], [85.05507, 28.33055], [85.05533, 28.331], [85.0555, 28.33153], [85.05578, 28.33202], [85.05626, 28.33258], [85.0565, 28.33299], [85.05683, 28.33357], [85.05718, 28.33421], [85.05734, 28.3347], [85.05745, 28.33505], [85.05764, 28.33565], [85.05782, 28.33617], [85.058, 28.3368], [85.05817, 28.33716], [85.05838, 28.33739], [85.05872, 28.33747], [85.05892, 28.33744], [85.05927, 28.33729], [85.05959, 28.33716], [85.0601, 28.33701], [85.06044, 28.33706], [85.06079, 28.33726], [85.06111, 28.33734], [85.06147, 28.33732], [85.06195, 28.33714], [85.06213, 28.3371], [85.06262, 28.33683], [85.06297, 28.33679], [85.06325, 28.3369], [85.06341, 28.33713], [85.06341, 28.3373], [85.06335, 28.33746], [85.06319, 28.33749], [85.06287, 28.33769], [85.06257, 28.33789], [85.06229, 28.33826], [85.06206, 28.33868], [85.06183, 28.33918], [85.06163, 28.33968], [85.06148, 28.34006], [85.06127, 28.34052], [85.06111, 28.34082], [85.06094, 28.34111], [85.06071, 28.34144], [85.06049, 28.34172], [85.06023, 28.34194], [85.06, 28.34212]]]}}, {"type": "Feature", "properties": {"km2": 0.186, "name": null, "near_source_5km": false}, "geometry": {"type": "Polygon", "coordinates": [[[85.21078, 28.26443], [85.21067, 28.26432], [85.21052, 28.26423], [85.21017, 28.26427], [85.20975, 28.26442], [85.20944, 28.26444], [85.20909, 28.26443], [85.20879, 28.2644], [85.20856, 28.26431], [85.20847, 28.26419], [85.20839, 28.26395], [85.20846, 28.26377], [85.20865, 28.26361], [85.20883, 28.26344], [85.20894, 28.26321], [85.20896, 28.26296], [85.20905, 28.26262], [85.20934, 28.26226], [85.20962, 28.26201], [85.20989, 28.26188], [85.21013, 28.26186], [85.21038, 28.26188], [85.21058, 28.26194], [85.21084, 28.26213], [85.21107, 28.2622], [85.21148, 28.26212], [85.21166, 28.26204], [85.21177, 28.26196], [85.21207, 28.26189], [85.21235, 28.26191], [85.21274, 28.26202], [85.21299, 28.26223], [85.21299, 28.26259], [85.213, 28.26284], [85.2131, 28.26304], [85.21326, 28.26326], [85.21343, 28.26345], [85.21343, 28.26363], [85.2132, 28.26408], [85.21312, 28.26429], [85.21309, 28.26447], [85.21285, 28.26475], [85.21262, 28.26481], [85.21242, 28.26484], [85.21218, 28.2649], [85.21207, 28.26505], [85.21206, 28.26524], [85.21218, 28.2655], [85.21224, 28.26568], [85.21235, 28.26597], [85.21256, 28.26633], [85.21272, 28.26666], [85.21278, 28.26684], [85.21278, 28.26711], [85.21272, 28.26741], [85.21258, 28.26766], [85.21248, 28.26776], [85.21226, 28.26794], [85.21206, 28.26806], [85.21179, 28.26809], [85.21155, 28.26804], [85.21137, 28.26786], [85.21125, 28.26759], [85.21108, 28.26724], [85.21088, 28.26684], [85.2107, 28.26662], [85.21048, 28.26648], [85.21019, 28.26639], [85.20994, 28.26628], [85.20988, 28.26616], [85.20983, 28.26591], [85.20983, 28.26576], [85.20993, 28.26564], [85.21009, 28.26548], [85.21025, 28.26535], [85.21035, 28.26527], [85.21053, 28.26514], [85.21063, 28.26503], [85.21075, 28.26487], [85.21082, 28.26467], [85.21084, 28.26453], [85.21078, 28.26443]]]}}, {"type": "Feature", "properties": {"km2": 0.097, "name": null, "near_source_5km": false}, "geometry": {"type": "Polygon", "coordinates": [[[85.19493, 28.26582], [85.19515, 28.26601], [85.1953, 28.26618], [85.19546, 28.2663], [85.19566, 28.26642], [85.19582, 28.2666], [85.19601, 28.26692], [85.19604, 28.26722], [85.19601, 28.26739], [85.19584, 28.26755], [85.19544, 28.26792], [85.19532, 28.26812], [85.19534, 28.26824], [85.19548, 28.26843], [85.19577, 28.26859], [85.19608, 28.26881], [85.1964, 28.26905], [85.19659, 28.26919], [85.19678, 28.26934], [85.19694, 28.26951], [85.19704, 28.26968], [85.19706, 28.2698], [85.19702, 28.26992], [85.19682, 28.27005], [85.19673, 28.27006], [85.19649, 28.27006], [85.1964, 28.27001], [85.19616, 28.2698], [85.19594, 28.26962], [85.1956, 28.26945], [85.19532, 28.26935], [85.19505, 28.2693], [85.19474, 28.26915], [85.19455, 28.26902], [85.19441, 28.26889], [85.19423, 28.26858], [85.19409, 28.2683], [85.19397, 28.26813], [85.19387, 28.26804], [85.1937, 28.26795], [85.1935, 28.26783], [85.19322, 28.26766], [85.19304, 28.26751], [85.19282, 28.26728], [85.19275, 28.26711], [85.19273, 28.26676], [85.19274, 28.26659], [85.19279, 28.26635], [85.1929, 28.26617], [85.19298, 28.26604], [85.19318, 28.26593], [85.19337, 28.26581], [85.19357, 28.26573], [85.19388, 28.26562], [85.19417, 28.26559], [85.19442, 28.26562], [85.19458, 28.26568], [85.19477, 28.26575], [85.19493, 28.26582]]]}}, {"type": "Feature", "properties": {"km2": 0.362, "name": null, "near_source_5km": false}, "geometry": {"type": "Polygon", "coordinates": [[[85.55425, 28.45171], [85.5543, 28.45198], [85.55435, 28.45222], [85.55443, 28.45252], [85.55448, 28.45274], [85.55444, 28.45293], [85.55436, 28.45304], [85.5542, 28.45311], [85.55406, 28.45315], [85.55399, 28.45321], [85.55395, 28.45332], [85.55387, 28.45375], [85.55381, 28.45409], [85.55386, 28.45432], [85.55393, 28.45474], [85.55391, 28.45501], [85.55386, 28.45512], [85.55378, 28.45523], [85.5536, 28.45532], [85.55342, 28.45547], [85.55321, 28.45562], [85.5531, 28.45576], [85.55282, 28.45584], [85.55259, 28.45581], [85.55241, 28.45573], [85.55219, 28.45561], [85.55204, 28.45553], [85.55187, 28.45549], [85.55166, 28.45547], [85.55143, 28.45539], [85.55119, 28.45524], [85.55105, 28.45513], [85.55088, 28.45505], [85.55059, 28.45498], [85.55037, 28.4549], [85.55021, 28.45477], [85.55007, 28.45451], [85.54992, 28.45407], [85.54989, 28.45384], [85.54991, 28.45362], [85.54991, 28.45331], [85.54991, 28.45303], [85.54984, 28.45266], [85.54979, 28.45237], [85.54976, 28.45213], [85.54981, 28.45176], [85.54987, 28.45151], [85.55, 28.45127], [85.55011, 28.45098], [85.55033, 28.45062], [85.55048, 28.45035], [85.5506, 28.45015], [85.55069, 28.44988], [85.55106, 28.44934], [85.55131, 28.44901], [85.55158, 28.44867], [85.55199, 28.4483], [85.55222, 28.44803], [85.55234, 28.44776], [85.55243, 28.44754], [85.55251, 28.4473], [85.55265, 28.44716], [85.55294, 28.44704], [85.55323, 28.44697], [85.55364, 28.44683], [85.55396, 28.44673], [85.55418, 28.44668], [85.55431, 28.44669], [85.55452, 28.44672], [85.55471, 28.44678], [85.55505, 28.4469], [85.5552, 28.44697], [85.55529, 28.44711], [85.55534, 28.44722], [85.55534, 28.44736], [85.55527, 28.4476], [85.55522, 28.44784], [85.55526, 28.4481], [85.55531, 28.44825], [85.55538, 28.44836], [85.55555, 28.4485], [85.55561, 28.44859], [85.55563, 28.44874], [85.55564, 28.44887], [85.55571, 28.44904], [85.55568, 28.44913], [85.55563, 28.4492], [85.55558, 28.44924], [85.55536, 28.44939], [85.55524, 28.44947], [85.55505, 28.44958], [85.55487, 28.44963], [85.55477, 28.4497], [85.55466, 28.4498], [85.55448, 28.45006], [85.55439, 28.45031], [85.55433, 28.45059], [85.55423, 28.45097], [85.55421, 28.45129], [85.55425, 28.45171]]]}}, {"type": "Feature", "properties": {"km2": 0.071, "name": null, "near_source_5km": false}, "geometry": {"type": "Polygon", "coordinates": [[[85.55992, 28.39503], [85.56005, 28.39474], [85.56019, 28.39455], [85.56045, 28.39444], [85.56081, 28.39429], [85.56099, 28.39417], [85.56112, 28.394], [85.56123, 28.39373], [85.5613, 28.39357], [85.56144, 28.39335], [85.56156, 28.39321], [85.56186, 28.39306], [85.56205, 28.3931], [85.56222, 28.39314], [85.56248, 28.39311], [85.56284, 28.39305], [85.56312, 28.39296], [85.56329, 28.39303], [85.56337, 28.39314], [85.56342, 28.39329], [85.56342, 28.39338], [85.56339, 28.39353], [85.56328, 28.39385], [85.56319, 28.39399], [85.5631, 28.39403], [85.56276, 28.39407], [85.56241, 28.39409], [85.56203, 28.39412], [85.56179, 28.39425], [85.5617, 28.39433], [85.56151, 28.39451], [85.56104, 28.39478], [85.56071, 28.39507], [85.56056, 28.39523], [85.56046, 28.39542], [85.5604, 28.39554], [85.5604, 28.39564], [85.56042, 28.39572], [85.56056, 28.39576], [85.56077, 28.39569], [85.56095, 28.39562], [85.56099, 28.39562], [85.5612, 28.39564], [85.56137, 28.39564], [85.56158, 28.39562], [85.56184, 28.39562], [85.56217, 28.39571], [85.56231, 28.39583], [85.56251, 28.3959], [85.56271, 28.39588], [85.56291, 28.3959], [85.56299, 28.39596], [85.56306, 28.39611], [85.56311, 28.39628], [85.5631, 28.39643], [85.56302, 28.39651], [85.56292, 28.39657], [85.56273, 28.39664], [85.56246, 28.39667], [85.56198, 28.39669], [85.56156, 28.39669], [85.56125, 28.39662], [85.56104, 28.39652], [85.56083, 28.39639], [85.56055, 28.39634], [85.56017, 28.39631], [85.55981, 28.39628], [85.55952, 28.39619], [85.55935, 28.39613], [85.55916, 28.39599], [85.55907, 28.39583], [85.55905, 28.39575], [85.55906, 28.3955], [85.55906, 28.3954], [85.55911, 28.39536], [85.55921, 28.39536], [85.5593, 28.39546], [85.55931, 28.39554], [85.55933, 28.39562], [85.5594, 28.39581], [85.55949, 28.3959], [85.55953, 28.39592], [85.55959, 28.39581], [85.55965, 28.39564], [85.5597, 28.39541], [85.55976, 28.39533], [85.55987, 28.39515], [85.55992, 28.39503]]]}}, {"type": "Feature", "properties": {"km2": 0.276, "name": null, "near_source_5km": false}, "geometry": {"type": "Polygon", "coordinates": [[[85.56976, 28.41179], [85.56926, 28.4117], [85.56898, 28.41164], [85.56852, 28.41166], [85.56793, 28.41171], [85.5668, 28.41178], [85.56633, 28.41189], [85.56593, 28.41203], [85.56553, 28.41223], [85.5652, 28.41249], [85.56488, 28.41268], [85.56441, 28.4128], [85.56372, 28.41288], [85.56314, 28.41313], [85.56284, 28.4134], [85.5627, 28.41364], [85.56267, 28.41377], [85.56266, 28.41402], [85.56276, 28.41417], [85.56306, 28.41423], [85.5633, 28.41423], [85.56367, 28.41422], [85.56397, 28.4142], [85.56422, 28.4142], [85.56449, 28.41424], [85.56504, 28.41444], [85.56529, 28.41443], [85.56554, 28.41427], [85.56585, 28.41418], [85.5662, 28.41418], [85.56654, 28.41435], [85.56684, 28.4145], [85.56739, 28.41452], [85.56805, 28.41452], [85.56845, 28.41449], [85.56865, 28.41449], [85.56878, 28.41463], [85.56878, 28.41475], [85.56871, 28.41487], [85.56849, 28.41511], [85.56842, 28.41534], [85.5684, 28.41548], [85.56838, 28.4157], [85.56842, 28.41584], [85.56863, 28.41585], [85.56873, 28.41579], [85.56883, 28.41572], [85.56895, 28.41564], [85.56929, 28.41534], [85.56969, 28.41509], [85.56992, 28.41493], [85.57028, 28.41481], [85.57054, 28.4149], [85.57067, 28.41497], [85.57089, 28.41502], [85.57106, 28.41502], [85.5712, 28.41507], [85.57141, 28.41521], [85.57191, 28.41565], [85.57202, 28.41573], [85.57232, 28.41579], [85.5726, 28.41578], [85.5728, 28.4157], [85.57299, 28.41565], [85.57326, 28.41565], [85.57341, 28.41574], [85.5736, 28.41583], [85.57378, 28.41591], [85.57402, 28.41598], [85.57419, 28.41596], [85.57436, 28.41581], [85.57456, 28.41561], [85.57473, 28.41538], [85.57477, 28.41502], [85.57465, 28.41478], [85.57445, 28.41461], [85.57401, 28.41434], [85.57375, 28.41422], [85.57362, 28.4142], [85.57335, 28.41427], [85.5731, 28.41444], [85.5728, 28.41457], [85.57249, 28.41464], [85.57231, 28.41461], [85.57222, 28.41457], [85.57204, 28.41434], [85.57197, 28.41401], [85.57195, 28.41378], [85.57182, 28.41356], [85.57159, 28.41333], [85.57127, 28.41312], [85.57108, 28.41298], [85.57093, 28.41283], [85.5708, 28.41252], [85.57072, 28.41227], [85.57047, 28.41206], [85.56976, 28.41179]]]}}, {"type": "Feature", "properties": {"km2": 0.717, "name": null, "near_source_5km": false}, "geometry": {"type": "Polygon", "coordinates": [[[85.54663, 28.44391], [85.54652, 28.4441], [85.54636, 28.44418], [85.54605, 28.4442], [85.5458, 28.44419], [85.54562, 28.44415], [85.54549, 28.44407], [85.54532, 28.444], [85.54513, 28.44396], [85.54492, 28.44389], [85.54435, 28.44369], [85.54386, 28.44348], [85.54326, 28.44313], [85.54308, 28.44299], [85.54277, 28.44278], [85.54267, 28.4426], [85.54262, 28.44222], [85.5426, 28.44204], [85.54262, 28.44187], [85.54273, 28.44159], [85.54279, 28.4414], [85.54282, 28.44124], [85.54284, 28.44114], [85.54292, 28.44097], [85.54307, 28.44079], [85.54328, 28.44062], [85.54359, 28.44042], [85.5438, 28.44025], [85.54397, 28.44006], [85.54425, 28.43969], [85.5446, 28.43928], [85.5452, 28.43882], [85.54589, 28.43836], [85.54626, 28.43814], [85.54646, 28.43799], [85.54663, 28.43783], [85.5469, 28.43761], [85.54733, 28.43742], [85.54793, 28.43733], [85.54841, 28.43726], [85.54865, 28.43725], [85.54909, 28.43706], [85.54959, 28.43674], [85.55, 28.43658], [85.55029, 28.4365], [85.55061, 28.43648], [85.55092, 28.43645], [85.55126, 28.43632], [85.55167, 28.43611], [85.55207, 28.43585], [85.55255, 28.43547], [85.55296, 28.43532], [85.55359, 28.43512], [85.55412, 28.43485], [85.5549, 28.43429], [85.5556, 28.43382], [85.55615, 28.43342], [85.55671, 28.43301], [85.55715, 28.43261], [85.55776, 28.43203], [85.55803, 28.43181], [85.55827, 28.43164], [85.55843, 28.43159], [85.5585, 28.43161], [85.55866, 28.43175], [85.55869, 28.43204], [85.55864, 28.43243], [85.55841, 28.43279], [85.55808, 28.43328], [85.55748, 28.43424], [85.55713, 28.43475], [85.55669, 28.43521], [85.55629, 28.43597], [85.55612, 28.43653], [85.55567, 28.43711], [85.55511, 28.43775], [85.55446, 28.43839], [85.55391, 28.4388], [85.5534, 28.43898], [85.55311, 28.43901], [85.55293, 28.43898], [85.55267, 28.43895], [85.55233, 28.43899], [85.55193, 28.43926], [85.55148, 28.43961], [85.55105, 28.44001], [85.55044, 28.44066], [85.55027, 28.44106], [85.55019, 28.44131], [85.55005, 28.44146], [85.54986, 28.4417], [85.54971, 28.44196], [85.54967, 28.44217], [85.54969, 28.44264], [85.54969, 28.4429], [85.54963, 28.44313], [85.54949, 28.44346], [85.54918, 28.4437], [85.54894, 28.44379], [85.54868, 28.44386], [85.54844, 28.44397], [85.54819, 28.44407], [85.54795, 28.44411], [85.54754, 28.44411], [85.54733, 28.44401], [85.54725, 28.44394], [85.5471, 28.44388], [85.54689, 28.44383], [85.54663, 28.44391]]]}}, {"type": "Feature", "properties": {"km2": 0.187, "name": null, "near_source_5km": false}, "geometry": {"type": "Polygon", "coordinates": [[[85.53563, 28.43867], [85.53558, 28.43863], [85.53553, 28.43859], [85.53548, 28.43853], [85.53546, 28.43848], [85.53547, 28.43838], [85.53551, 28.43831], [85.53559, 28.43816], [85.53571, 28.43803], [85.53578, 28.43797], [85.53589, 28.43795], [85.53606, 28.43791], [85.53621, 28.43786], [85.53641, 28.43779], [85.53656, 28.43769], [85.53667, 28.4376], [85.537, 28.4374], [85.53746, 28.43701], [85.53767, 28.43669], [85.53775, 28.43658], [85.53797, 28.43651], [85.53828, 28.43657], [85.5385, 28.43657], [85.53885, 28.43657], [85.53915, 28.43656], [85.53929, 28.43661], [85.53939, 28.43663], [85.53951, 28.43664], [85.53959, 28.43657], [85.53956, 28.43647], [85.53949, 28.4364], [85.53942, 28.43631], [85.53943, 28.43617], [85.53952, 28.43605], [85.53971, 28.43603], [85.53988, 28.43606], [85.54002, 28.43605], [85.54025, 28.43592], [85.54035, 28.43589], [85.54048, 28.43589], [85.54066, 28.43595], [85.54081, 28.43613], [85.54095, 28.43627], [85.5412, 28.43648], [85.54151, 28.43672], [85.54186, 28.43709], [85.54208, 28.43752], [85.54216, 28.43778], [85.54213, 28.43794], [85.54205, 28.43816], [85.54197, 28.43829], [85.54173, 28.43853], [85.54159, 28.43863], [85.54141, 28.43872], [85.54128, 28.43887], [85.54121, 28.43904], [85.54111, 28.43937], [85.54101, 28.43962], [85.54083, 28.43991], [85.54057, 28.44019], [85.54035, 28.44028], [85.53997, 28.44029], [85.53969, 28.44027], [85.53937, 28.44021], [85.53892, 28.43998], [85.53866, 28.43985], [85.53842, 28.43973], [85.53827, 28.43962], [85.53815, 28.4395], [85.53798, 28.43939], [85.53763, 28.43918], [85.53748, 28.43911], [85.53739, 28.43911], [85.53728, 28.43914], [85.53703, 28.43915], [85.5368, 28.43908], [85.53633, 28.43893], [85.53585, 28.43877], [85.53563, 28.43867]]]}}, {"type": "Feature", "properties": {"km2": 0.017, "name": null, "near_source_5km": false}, "geometry": {"type": "Polygon", "coordinates": [[[85.52351, 28.43715], [85.52349, 28.43682], [85.52351, 28.43651], [85.52363, 28.43631], [85.52377, 28.43622], [85.52415, 28.43615], [85.52476, 28.43633], [85.52493, 28.43644], [85.52501, 28.43661], [85.52499, 28.43679], [85.52482, 28.43713], [85.52471, 28.43723], [85.52454, 28.43738], [85.52447, 28.43741], [85.52416, 28.43746], [85.52384, 28.43741], [85.5236, 28.4373], [85.52351, 28.43715]]]}}, {"type": "Feature", "properties": {"km2": 0.255, "name": null, "near_source_5km": false}, "geometry": {"type": "Polygon", "coordinates": [[[85.20045, 28.265], [85.20056, 28.26495], [85.20073, 28.26487], [85.20094, 28.26478], [85.2011, 28.26477], [85.20131, 28.26477], [85.20149, 28.26483], [85.20166, 28.26497], [85.20177, 28.26513], [85.20188, 28.26538], [85.20201, 28.26565], [85.20216, 28.26583], [85.20248, 28.26616], [85.20277, 28.26643], [85.20308, 28.26666], [85.20334, 28.26685], [85.20356, 28.2671], [85.20397, 28.26745], [85.20431, 28.26768], [85.20473, 28.26786], [85.205, 28.26804], [85.2052, 28.26819], [85.20552, 28.26834], [85.20582, 28.26847], [85.20607, 28.26872], [85.20633, 28.269], [85.20652, 28.26919], [85.20674, 28.26945], [85.20681, 28.26963], [85.20691, 28.26982], [85.20691, 28.27003], [85.20687, 28.27023], [85.20664, 28.27043], [85.20642, 28.27067], [85.20625, 28.27094], [85.20621, 28.27109], [85.20625, 28.27136], [85.20639, 28.27167], [85.20648, 28.27191], [85.20654, 28.27212], [85.20658, 28.2723], [85.2066, 28.27252], [85.20659, 28.27279], [85.20658, 28.27312], [85.20663, 28.27339], [85.20672, 28.27357], [85.20675, 28.27378], [85.2067, 28.27398], [85.20658, 28.27405], [85.20635, 28.27402], [85.2061, 28.27386], [85.20595, 28.27363], [85.2058, 28.27319], [85.20578, 28.27285], [85.20578, 28.2725], [85.2057, 28.27223], [85.20557, 28.27207], [85.20547, 28.27193], [85.20535, 28.27166], [85.20529, 28.27149], [85.20523, 28.27137], [85.20505, 28.27107], [85.20478, 28.27094], [85.20449, 28.27075], [85.20418, 28.27058], [85.20388, 28.27036], [85.20366, 28.27003], [85.20358, 28.26976], [85.2036, 28.26952], [85.20355, 28.26927], [85.20346, 28.26892], [85.20329, 28.26874], [85.203, 28.26839], [85.20276, 28.26823], [85.20252, 28.26808], [85.20232, 28.26791], [85.20212, 28.26768], [85.20197, 28.26754], [85.20177, 28.26723], [85.20159, 28.26708], [85.20135, 28.26692], [85.20103, 28.26681], [85.20092, 28.26676], [85.20063, 28.26667], [85.20039, 28.26666], [85.19998, 28.26677], [85.19959, 28.2669], [85.19934, 28.26693], [85.19914, 28.26697], [85.19887, 28.26698], [85.19856, 28.26705], [85.19814, 28.26713], [85.19778, 28.26717], [85.19733, 28.2671], [85.1971, 28.26701], [85.19694, 28.2667], [85.19696, 28.26656], [85.19708, 28.26632], [85.19717, 28.26622], [85.19727, 28.26602], [85.1974, 28.26565], [85.19752, 28.26551], [85.1977, 28.2653], [85.19811, 28.26504], [85.19837, 28.26492], [85.19859, 28.26484], [85.19908, 28.26477], [85.1994, 28.2648], [85.19962, 28.26484], [85.19985, 28.26492], [85.19999, 28.26495], [85.20022, 28.26497], [85.20045, 28.265]]]}}, {"type": "Feature", "properties": {"km2": 0.389, "name": null, "near_source_5km": false}, "geometry": {"type": "Polygon", "coordinates": [[[85.19105, 28.32445], [85.19077, 28.32455], [85.19056, 28.32457], [85.19005, 28.32459], [85.18948, 28.32457], [85.18914, 28.32457], [85.18899, 28.32464], [85.18879, 28.32466], [85.18862, 28.32465], [85.18837, 28.3246], [85.18819, 28.32452], [85.18805, 28.32438], [85.18789, 28.32411], [85.18781, 28.32385], [85.1878, 28.32361], [85.18783, 28.32321], [85.1879, 28.32294], [85.18806, 28.32265], [85.18829, 28.32242], [85.18867, 28.32219], [85.18922, 28.322], [85.18961, 28.32191], [85.19003, 28.32174], [85.19053, 28.3216], [85.19098, 28.3214], [85.19138, 28.32123], [85.19168, 28.32123], [85.19195, 28.32124], [85.1922, 28.32134], [85.1923, 28.3215], [85.19245, 28.32168], [85.19255, 28.3219], [85.19264, 28.32217], [85.1927, 28.32237], [85.19263, 28.32248], [85.19247, 28.32259], [85.19231, 28.32265], [85.19219, 28.32275], [85.19211, 28.32295], [85.19206, 28.3231], [85.19195, 28.32326], [85.19175, 28.32337], [85.19163, 28.32347], [85.19158, 28.32364], [85.19163, 28.32378], [85.19177, 28.32387], [85.19204, 28.32392], [85.1922, 28.32399], [85.19248, 28.32409], [85.19272, 28.32418], [85.19289, 28.32426], [85.19317, 28.3244], [85.19329, 28.32454], [85.19341, 28.32469], [85.19357, 28.32488], [85.19376, 28.32502], [85.19392, 28.32512], [85.19416, 28.32534], [85.19426, 28.32546], [85.19438, 28.32562], [85.19448, 28.32572], [85.19462, 28.32582], [85.19486, 28.32587], [85.1954, 28.326], [85.19558, 28.32612], [85.19576, 28.32618], [85.19599, 28.32619], [85.19606, 28.32617], [85.19608, 28.32612], [85.19607, 28.32603], [85.19601, 28.32591], [85.19601, 28.32581], [85.19608, 28.32571], [85.19622, 28.32565], [85.19643, 28.32561], [85.19681, 28.32552], [85.19731, 28.32545], [85.1975, 28.3255], [85.19772, 28.32565], [85.19789, 28.32578], [85.19803, 28.32592], [85.19825, 28.32612], [85.19847, 28.32626], [85.19874, 28.32638], [85.19891, 28.32644], [85.1992, 28.32659], [85.19951, 28.32672], [85.19967, 28.3269], [85.1998, 28.32708], [85.19999, 28.32729], [85.20022, 28.32761], [85.20047, 28.32791], [85.20075, 28.32816], [85.20117, 28.32846], [85.20143, 28.3288], [85.20145, 28.32908], [85.20143, 28.32931], [85.20113, 28.32953], [85.20079, 28.32962], [85.20031, 28.32962], [85.19972, 28.32961], [85.19915, 28.32957], [85.19882, 28.32949], [85.19851, 28.3293], [85.19827, 28.32917], [85.19804, 28.3291], [85.1977, 28.32908], [85.19739, 28.32907], [85.19691, 28.32893], [85.19658, 28.32885], [85.19607, 28.32863], [85.19563, 28.32843], [85.19535, 28.32837], [85.19495, 28.32824], [85.19472, 28.32811], [85.19443, 28.32778], [85.19412, 28.32764], [85.19382, 28.32755], [85.1936, 28.32742], [85.19344, 28.32737], [85.19325, 28.32729], [85.19309, 28.32724], [85.19293, 28.32718], [85.19269, 28.32707], [85.19257, 28.32694], [85.19254, 28.32682], [85.19254, 28.32666], [85.19252, 28.32644], [85.19254, 28.32608], [85.19251, 28.32576], [85.19244, 28.32531], [85.19227, 28.32504], [85.19207, 28.32484], [85.19187, 28.32472], [85.19165, 28.32461], [85.19139, 28.32453], [85.19105, 28.32445]]]}}, {"type": "Feature", "properties": {"km2": 1.03, "name": null, "near_source_5km": false}, "geometry": {"type": "Polygon", "coordinates": [[[85.18032, 28.31561], [85.18026, 28.31594], [85.18035, 28.31619], [85.18047, 28.3164], [85.18089, 28.31666], [85.18114, 28.31674], [85.18174, 28.31705], [85.18202, 28.31724], [85.18226, 28.31745], [85.18241, 28.3177], [85.18239, 28.31827], [85.18231, 28.31872], [85.18226, 28.319], [85.18213, 28.31941], [85.18193, 28.31973], [85.18164, 28.32005], [85.18126, 28.32053], [85.18089, 28.32092], [85.1803, 28.32144], [85.1798, 28.32178], [85.17927, 28.32209], [85.17874, 28.32236], [85.17822, 28.32257], [85.17784, 28.32273], [85.17752, 28.32286], [85.17709, 28.32287], [85.17679, 28.32273], [85.17656, 28.32238], [85.17656, 28.32211], [85.17673, 28.3217], [85.17707, 28.32138], [85.17725, 28.3211], [85.17755, 28.32073], [85.17789, 28.32029], [85.17813, 28.32004], [85.17836, 28.31964], [85.17866, 28.31908], [85.1788, 28.31892], [85.17908, 28.31834], [85.17948, 28.31795], [85.17973, 28.31766], [85.17979, 28.31735], [85.17976, 28.31701], [85.17948, 28.31687], [85.17895, 28.31683], [85.17844, 28.31708], [85.17809, 28.31727], [85.17775, 28.3175], [85.17751, 28.31772], [85.17717, 28.3181], [85.17678, 28.31848], [85.17636, 28.3188], [85.17611, 28.31901], [85.17588, 28.31922], [85.17575, 28.31948], [85.17577, 28.31968], [85.17604, 28.32011], [85.1761, 28.3204], [85.17609, 28.32081], [85.17598, 28.32125], [85.17571, 28.32158], [85.17548, 28.32181], [85.17505, 28.32214], [85.17436, 28.32252], [85.17411, 28.32264], [85.17373, 28.32296], [85.17355, 28.32321], [85.17327, 28.32364], [85.17295, 28.32396], [85.17265, 28.32432], [85.17245, 28.32458], [85.17226, 28.32491], [85.17217, 28.32514], [85.17207, 28.32544], [85.17179, 28.32585], [85.17153, 28.32598], [85.17115, 28.32603], [85.17059, 28.32593], [85.17036, 28.32579], [85.17018, 28.32556], [85.17003, 28.32532], [85.16987, 28.32518], [85.16957, 28.32491], [85.16912, 28.32471], [85.16876, 28.32452], [85.16844, 28.3243], [85.16831, 28.32414], [85.16824, 28.32377], [85.16823, 28.3235], [85.16823, 28.3232], [85.16829, 28.32278], [85.16842, 28.32253], [85.16869, 28.32231], [85.16901, 28.32219], [85.16941, 28.32209], [85.16994, 28.32175], [85.17031, 28.32127], [85.17043, 28.32088], [85.17048, 28.32071], [85.17061, 28.32024], [85.17063, 28.31984], [85.17059, 28.31939], [85.1706, 28.31906], [85.17064, 28.3188], [85.17073, 28.31838], [85.17084, 28.31802], [85.17099, 28.31763], [85.17143, 28.31682], [85.17148, 28.31615], [85.17167, 28.31567], [85.17184, 28.31537], [85.17202, 28.31511], [85.17227, 28.31487], [85.17259, 28.31465], [85.173, 28.31449], [85.17353, 28.31447], [85.17394, 28.31449], [85.17443, 28.31453], [85.17495, 28.31454], [85.17535, 28.31453], [85.17586, 28.31411], [85.17636, 28.31379], [85.17679, 28.31356], [85.17722, 28.31334], [85.17771, 28.3131], [85.17788, 28.31295], [85.17807, 28.31269], [85.17824, 28.31245], [85.17845, 28.31221], [85.17866, 28.31206], [85.17904, 28.31208], [85.17944, 28.31218], [85.17975, 28.3123], [85.18001, 28.31239], [85.1803, 28.31244], [85.18056, 28.31233], [85.18074, 28.3123], [85.18107, 28.3124], [85.18123, 28.31256], [85.18129, 28.3128], [85.18129, 28.31313], [85.18127, 28.31332], [85.1811, 28.31368], [85.18097, 28.31416], [85.18089, 28.31466], [85.18072, 28.31504], [85.18054, 28.31533], [85.18032, 28.31561]]]}}, {"type": "Feature", "properties": {"km2": 0.168, "name": null, "near_source_5km": false}, "geometry": {"type": "Polygon", "coordinates": [[[85.03098, 28.38826], [85.03143, 28.38828], [85.03176, 28.38826], [85.03189, 28.38826], [85.03202, 28.3883], [85.03211, 28.38835], [85.03219, 28.38841], [85.03236, 28.38872], [85.03246, 28.38896], [85.03242, 28.38917], [85.0324, 28.38934], [85.03241, 28.38953], [85.03247, 28.3897], [85.03261, 28.38998], [85.03267, 28.39032], [85.03268, 28.39049], [85.03255, 28.3906], [85.03223, 28.39076], [85.03185, 28.39082], [85.03156, 28.39078], [85.03123, 28.39069], [85.03104, 28.39057], [85.03085, 28.3904], [85.0307, 28.39034], [85.03035, 28.39029], [85.03009, 28.3902], [85.02991, 28.3901], [85.02975, 28.38988], [85.02968, 28.38977], [85.0296, 28.38967], [85.02952, 28.38954], [85.0293, 28.38933], [85.02884, 28.38913], [85.02854, 28.38914], [85.02842, 28.38919], [85.02832, 28.38925], [85.02823, 28.38939], [85.02817, 28.38963], [85.02808, 28.3899], [85.02808, 28.39009], [85.02808, 28.39031], [85.02817, 28.39048], [85.02836, 28.39078], [85.02853, 28.39105], [85.02865, 28.3913], [85.02884, 28.39164], [85.02902, 28.39198], [85.02915, 28.39226], [85.02916, 28.3927], [85.02913, 28.39284], [85.02913, 28.39317], [85.0291, 28.39342], [85.02909, 28.39368], [85.02898, 28.3939], [85.0288, 28.39401], [85.02848, 28.39411], [85.02817, 28.39414], [85.02781, 28.39401], [85.02733, 28.39393], [85.02706, 28.39384], [85.02688, 28.39374], [85.02679, 28.39368], [85.0267, 28.39354], [85.02664, 28.39324], [85.02662, 28.39295], [85.02661, 28.39262], [85.02665, 28.39246], [85.02672, 28.39214], [85.02681, 28.39194], [85.02696, 28.39172], [85.02714, 28.3916], [85.02726, 28.39153], [85.02742, 28.39143], [85.02751, 28.39136], [85.02754, 28.39124], [85.02749, 28.39113], [85.02744, 28.39108], [85.02731, 28.39097], [85.02722, 28.39085], [85.0272, 28.39066], [85.02724, 28.39056], [85.02735, 28.39043], [85.02737, 28.39029], [85.02737, 28.39014], [85.02737, 28.38999], [85.02738, 28.38985], [85.02742, 28.38942], [85.02748, 28.38921], [85.02758, 28.38907], [85.02767, 28.38901], [85.02782, 28.38894], [85.02803, 28.38884], [85.02826, 28.38876], [85.02866, 28.38861], [85.02907, 28.38845], [85.02941, 28.38835], [85.02966, 28.38829], [85.02996, 28.38824], [85.03025, 28.38822], [85.03046, 28.3882], [85.03076, 28.38821], [85.03098, 28.38826]]]}}, {"type": "Feature", "properties": {"km2": 0.303, "name": null, "near_source_5km": false}, "geometry": {"type": "Polygon", "coordinates": [[[85.16016, 28.33392], [85.15994, 28.33341], [85.16003, 28.33307], [85.16018, 28.3327], [85.16063, 28.33239], [85.1614, 28.33232], [85.16241, 28.33232], [85.16335, 28.33258], [85.16413, 28.33298], [85.16503, 28.33368], [85.16541, 28.33417], [85.16582, 28.3347], [85.16608, 28.33519], [85.1661, 28.33585], [85.16565, 28.33606], [85.16488, 28.3361], [85.16432, 28.33634], [85.16404, 28.33679], [85.16374, 28.33723], [85.16359, 28.33783], [85.16372, 28.33825], [85.16417, 28.33863], [85.16481, 28.33906], [85.16526, 28.33948], [85.16539, 28.33997], [85.16507, 28.34036], [85.16469, 28.34038], [85.16434, 28.34031], [85.16398, 28.34016], [85.16357, 28.34012], [85.16316, 28.34027], [85.16293, 28.34059], [85.16245, 28.34112], [85.16202, 28.34127], [85.16162, 28.34127], [85.16136, 28.34101], [85.16151, 28.34069], [85.16175, 28.34042], [85.16205, 28.34025], [85.16228, 28.33987], [85.16241, 28.3395], [85.1622, 28.33897], [85.16198, 28.33853], [85.16187, 28.33814], [85.1619, 28.33761], [85.16187, 28.33695], [85.16177, 28.33634], [85.1614, 28.33557], [85.16108, 28.335], [85.16067, 28.33442], [85.16016, 28.33392]]]}}, {"type": "Feature", "properties": {"km2": 0.349, "name": null, "near_source_5km": false}, "geometry": {"type": "Polygon", "coordinates": [[[85.16623, 28.35561], [85.16485, 28.35429], [85.16372, 28.35231], [85.16356, 28.35198], [85.16362, 28.35055], [85.1629, 28.3497], [85.16252, 28.34908], [85.16255, 28.34837], [85.16285, 28.34734], [85.16367, 28.34613], [85.164, 28.34593], [85.16439, 28.34589], [85.16477, 28.34602], [85.16544, 28.34644], [85.16597, 28.34697], [85.16624, 28.34766], [85.16637, 28.34906], [85.16781, 28.35124], [85.16843, 28.3526], [85.16832, 28.3533], [85.16757, 28.35366], [85.16733, 28.35433], [85.16723, 28.35502], [85.16659, 28.35555], [85.16623, 28.35561]]]}}, {"type": "Feature", "properties": {"km2": 0.459, "name": null, "near_source_5km": false}, "geometry": {"type": "Polygon", "coordinates": [[[85.13233, 28.34692], [85.1322, 28.34653], [85.13218, 28.34611], [85.13232, 28.34578], [85.13258, 28.34557], [85.133, 28.3453], [85.13367, 28.34509], [85.13435, 28.34505], [85.13466, 28.34514], [85.13498, 28.34543], [85.135, 28.34575], [85.13503, 28.34608], [85.13515, 28.34637], [85.1354, 28.34661], [85.13584, 28.34672], [85.13622, 28.34676], [85.13663, 28.34676], [85.13697, 28.34685], [85.13748, 28.34705], [85.13788, 28.34729], [85.13827, 28.34743], [85.13847, 28.34758], [85.13876, 28.34789], [85.13888, 28.34819], [85.13893, 28.34853], [85.13895, 28.34876], [85.13888, 28.34899], [85.1386, 28.3491], [85.13843, 28.34908], [85.1381, 28.34891], [85.13769, 28.34869], [85.13743, 28.34848], [85.13719, 28.34822], [85.13691, 28.34799], [85.13668, 28.34783], [85.13647, 28.34774], [85.13623, 28.34772], [85.13605, 28.3479], [85.13596, 28.3482], [85.13577, 28.34852], [85.13552, 28.34875], [85.13525, 28.34899], [85.13498, 28.34932], [85.13473, 28.3495], [85.13453, 28.34972], [85.13445, 28.34999], [85.13452, 28.35028], [85.13478, 28.35055], [85.13515, 28.35085], [85.13551, 28.35114], [85.13581, 28.35138], [85.13614, 28.35163], [85.13684, 28.35193], [85.13721, 28.35212], [85.13761, 28.35231], [85.13784, 28.35254], [85.1381, 28.3528], [85.13842, 28.35322], [85.13876, 28.35366], [85.1391, 28.35421], [85.13955, 28.35452], [85.13979, 28.35462], [85.14022, 28.35488], [85.14125, 28.35549], [85.14184, 28.35588], [85.14254, 28.35622], [85.14301, 28.35637], [85.13952, 28.35795], [85.13943, 28.35752], [85.13933, 28.35722], [85.1392, 28.35687], [85.13912, 28.35672], [85.13895, 28.35652], [85.1388, 28.35637], [85.13855, 28.35624], [85.13824, 28.35609], [85.13807, 28.35599], [85.13773, 28.35579], [85.13747, 28.35562], [85.13722, 28.35533], [85.13696, 28.35494], [85.13665, 28.35459], [85.13639, 28.35435], [85.1359, 28.35398], [85.13547, 28.35373], [85.13505, 28.35352], [85.13481, 28.35338], [85.13454, 28.35322], [85.13429, 28.35305], [85.13403, 28.35284], [85.13396, 28.35263], [85.13385, 28.35247], [85.1336, 28.35209], [85.13345, 28.35187], [85.13317, 28.35155], [85.13285, 28.35132], [85.13255, 28.35107], [85.1324, 28.35089], [85.13231, 28.35056], [85.13231, 28.35033], [85.13243, 28.34991], [85.13262, 28.34971], [85.13291, 28.34926], [85.13302, 28.34906], [85.133, 28.34883], [85.13287, 28.34863], [85.13275, 28.34845], [85.13255, 28.34818], [85.13241, 28.34797], [85.13228, 28.34776], [85.13223, 28.34754], [85.13223, 28.3473], [85.13233, 28.34692]]]}}, {"type": "Feature", "properties": {"km2": 0.111, "name": null, "near_source_5km": false}, "geometry": {"type": "Polygon", "coordinates": [[[85.11668, 28.38868], [85.11603, 28.38842], [85.11578, 28.38827], [85.11549, 28.3881], [85.11525, 28.38789], [85.11516, 28.38757], [85.11529, 28.38731], [85.11552, 28.3872], [85.1158, 28.38715], [85.11624, 28.38718], [85.11664, 28.38723], [85.11698, 28.38734], [85.11747, 28.38758], [85.11794, 28.38779], [85.11843, 28.38762], [85.11868, 28.38753], [85.11895, 28.3876], [85.11929, 28.38775], [85.11948, 28.38799], [85.11969, 28.3883], [85.11977, 28.38854], [85.11981, 28.38882], [85.11975, 28.38908], [85.11957, 28.38931], [85.11948, 28.38952], [85.1193, 28.39007], [85.11906, 28.39044], [85.11882, 28.39064], [85.11849, 28.39084], [85.11812, 28.39129], [85.11783, 28.39163], [85.11745, 28.39161], [85.11715, 28.39119], [85.11715, 28.39089], [85.11723, 28.39052], [85.11729, 28.39035], [85.11734, 28.39007], [85.11733, 28.38971], [85.11725, 28.3894], [85.11717, 28.38918], [85.11702, 28.38901], [85.11686, 28.3888], [85.11668, 28.38868]]]}}, {"type": "Feature", "properties": {"km2": 1.221, "name": null, "near_source_5km": false}, "geometry": {"type": "Polygon", "coordinates": [[[85.16566, 28.38929], [85.16581, 28.38916], [85.166, 28.38891], [85.16614, 28.38882], [85.16631, 28.38866], [85.16636, 28.38849], [85.16635, 28.38834], [85.16636, 28.38818], [85.16647, 28.38795], [85.16657, 28.38777], [85.16673, 28.38754], [85.16688, 28.38734], [85.167, 28.38721], [85.16715, 28.38704], [85.16722, 28.38684], [85.16726, 28.38665], [85.16725, 28.38646], [85.16726, 28.38635], [85.16733, 28.38627], [85.16745, 28.38622], [85.16759, 28.38623], [85.16774, 28.38629], [85.16782, 28.38636], [85.16782, 28.38643], [85.16779, 28.38649], [85.16774, 28.38653], [85.16764, 28.38653], [85.16756, 28.38653], [85.16751, 28.38662], [85.16756, 28.38671], [85.16765, 28.38675], [85.1678, 28.38678], [85.16789, 28.38681], [85.16803, 28.38684], [85.16815, 28.38687], [85.16827, 28.3869], [85.16841, 28.38695], [85.16865, 28.38703], [85.16893, 28.38701], [85.16915, 28.38692], [85.16931, 28.38685], [85.16942, 28.38671], [85.16949, 28.38646], [85.16943, 28.38613], [85.16935, 28.38594], [85.16927, 28.38573], [85.16933, 28.38542], [85.16949, 28.38518], [85.16965, 28.38498], [85.16981, 28.38476], [85.16995, 28.38465], [85.17008, 28.38463], [85.17018, 28.38466], [85.17027, 28.38474], [85.17028, 28.38488], [85.17027, 28.38503], [85.17025, 28.38513], [85.17019, 28.38526], [85.17017, 28.38547], [85.17015, 28.38557], [85.17015, 28.38568], [85.17022, 28.38572], [85.17039, 28.38576], [85.17052, 28.38575], [85.17071, 28.38565], [85.17087, 28.3854], [85.17095, 28.38513], [85.17093, 28.38491], [85.17089, 28.38473], [85.17073, 28.38443], [85.17057, 28.38431], [85.17046, 28.38423], [85.17029, 28.38404], [85.17003, 28.38359], [85.16989, 28.38339], [85.16979, 28.38321], [85.16965, 28.38284], [85.16956, 28.38263], [85.16955, 28.38248], [85.16958, 28.38226], [85.16968, 28.3821], [85.1699, 28.38192], [85.17018, 28.3818], [85.17046, 28.38172], [85.17078, 28.38173], [85.17105, 28.38178], [85.17136, 28.38179], [85.17183, 28.38173], [85.17217, 28.38163], [85.17258, 28.38142], [85.17281, 28.38125], [85.17294, 28.38112], [85.17309, 28.38091], [85.1732, 28.38072], [85.17335, 28.38045], [85.17344, 28.38019], [85.17354, 28.37989], [85.1737, 28.37971], [85.17394, 28.37959], [85.17424, 28.3795], [85.17452, 28.37936], [85.1747, 28.37922], [85.17488, 28.37906], [85.17505, 28.37896], [85.1753, 28.3789], [85.17546, 28.37891], [85.17569, 28.379], [85.17586, 28.37909], [85.17604, 28.37911], [85.17623, 28.37903], [85.1765, 28.37892], [85.17676, 28.37888], [85.17694, 28.37891], [85.17714, 28.37893], [85.17733, 28.37897], [85.17755, 28.37909], [85.17771, 28.37921], [85.17792, 28.37935], [85.17807, 28.37955], [85.1782, 28.37974], [85.17827, 28.38], [85.17831, 28.3803], [85.17831, 28.38051], [85.17829, 28.38074], [85.17827, 28.38098], [85.17822, 28.38123], [85.17817, 28.3815], [85.17807, 28.38184], [85.17804, 28.38206], [85.17803, 28.38228], [85.17803, 28.38262], [85.17809, 28.38296], [85.17822, 28.38323], [85.17845, 28.38346], [85.17872, 28.38362], [85.17902, 28.38373], [85.1793, 28.38387], [85.17946, 28.38399], [85.17968, 28.38406], [85.17988, 28.38404], [85.1801, 28.38394], [85.18061, 28.38375], [85.18095, 28.38374], [85.18113, 28.38376], [85.18142, 28.38383], [85.18165, 28.38391], [85.18183, 28.38401], [85.18194, 28.38419], [85.18192, 28.38442], [85.1818, 28.38461], [85.18164, 28.38467], [85.1813, 28.38464], [85.18104, 28.3846], [85.18075, 28.3846], [85.18055, 28.38467], [85.18039, 28.38475], [85.18025, 28.3849], [85.18024, 28.3851], [85.18026, 28.38532], [85.18032, 28.3855], [85.18033, 28.38566], [85.1802, 28.38583], [85.17995, 28.38589], [85.1798, 28.38587], [85.17954, 28.38577], [85.17932, 28.38564], [85.17919, 28.38554], [85.17899, 28.3854], [85.17887, 28.38534], [85.17871, 28.38525], [85.17856, 28.38517], [85.17844, 28.38507], [85.17821, 28.38497], [85.17801, 28.38494], [85.1778, 28.38494], [85.17761, 28.38495], [85.17733, 28.38493], [85.17701, 28.38487], [85.17682, 28.38481], [85.17666, 28.3848], [85.1765, 28.3848], [85.17637, 28.38487], [85.17632, 28.38498], [85.17638, 28.38515], [85.17648, 28.38527], [85.17662, 28.38538], [85.17688, 28.38551], [85.17717, 28.38563], [85.17732, 28.38575], [85.1775, 28.386], [85.17759, 28.38618], [85.17762, 28.38631], [85.1777, 28.38652], [85.17775, 28.38678], [85.17776, 28.38719], [85.17769, 28.38747], [85.17757, 28.38767], [85.17738, 28.38791], [85.17722, 28.38804], [85.17698, 28.3882], [85.17665, 28.38836], [85.17651, 28.38851], [85.17636, 28.38877], [85.1763, 28.38901], [85.17629, 28.38922], [85.17618, 28.38958], [85.17601, 28.38988], [85.17584, 28.3901], [85.17562, 28.39023], [85.1754, 28.39029], [85.17516, 28.39027], [85.17496, 28.39024], [85.1747, 28.39019], [85.17436, 28.39015], [85.17412, 28.39015], [85.17392, 28.39015], [85.17373, 28.39019], [85.17364, 28.39019], [85.17361, 28.39033], [85.1737, 28.39051], [85.17374, 28.39063], [85.17371, 28.39087], [85.17358, 28.39107], [85.17335, 28.3912], [85.17305, 28.39124], [85.17273, 28.39121], [85.17252, 28.39115], [85.17217, 28.39101], [85.17193, 28.39084], [85.17167, 28.39072], [85.17137, 28.39059], [85.1711, 28.39057], [85.17074, 28.39057], [85.17034, 28.39058], [85.17014, 28.39062], [85.16994, 28.39065], [85.1697, 28.39065], [85.16943, 28.39058], [85.16913, 28.39045], [85.16876, 28.39041], [85.1685, 28.39043], [85.16816, 28.39048], [85.16781, 28.39058], [85.16764, 28.39067], [85.16751, 28.39082], [85.16739, 28.39096], [85.16739, 28.39115], [85.16746, 28.39134], [85.16766, 28.39154], [85.16789, 28.39177], [85.16831, 28.39236], [85.16848, 28.39272], [85.16865, 28.39305], [85.16869, 28.39343], [85.16852, 28.39385], [85.16791, 28.39432], [85.16743, 28.39447], [85.16667, 28.39461], [85.16592, 28.39461], [85.16549, 28.39461], [85.16487, 28.39458], [85.16445, 28.39445], [85.164, 28.39425], [85.16373, 28.39392], [85.16363, 28.39352], [85.16362, 28.39323], [85.16369, 28.39302], [85.16379, 28.39276], [85.16406, 28.39259], [85.16436, 28.39242], [85.1647, 28.39223], [85.16514, 28.39201], [85.16561, 28.39184], [85.16608, 28.39165], [85.16626, 28.3914], [85.16633, 28.39119], [85.16623, 28.3909], [85.16587, 28.39071], [85.16548, 28.39069], [85.1652, 28.39078], [85.16495, 28.39084], [85.16456, 28.39077], [85.16434, 28.39054], [85.16441, 28.39035], [85.16456, 28.39017], [85.16474, 28.39004], [85.16503, 28.38985], [85.16524, 28.38965], [85.1655, 28.38943], [85.16566, 28.38929]]]}}, {"type": "Feature", "properties": {"km2": 0.396, "name": null, "near_source_5km": false}, "geometry": {"type": "Polygon", "coordinates": [[[85.16296, 28.38859], [85.16274, 28.38884], [85.16246, 28.38914], [85.16222, 28.38951], [85.16194, 28.38996], [85.16173, 28.39036], [85.16156, 28.39057], [85.16134, 28.39065], [85.16113, 28.39072], [85.16075, 28.39074], [85.1601, 28.39079], [85.15973, 28.39089], [85.15932, 28.39109], [85.1586, 28.39137], [85.15828, 28.39164], [85.15799, 28.39183], [85.15765, 28.39201], [85.15739, 28.39214], [85.15713, 28.39226], [85.15685, 28.39223], [85.15651, 28.39203], [85.15636, 28.39169], [85.15636, 28.39134], [85.1566, 28.39087], [85.1569, 28.39054], [85.15735, 28.3903], [85.15781, 28.39008], [85.15822, 28.38989], [85.15858, 28.38968], [85.15897, 28.38949], [85.15948, 28.38926], [85.15993, 28.38902], [85.16032, 28.38881], [85.16068, 28.38851], [85.16095, 28.3883], [85.16111, 28.38803], [85.16129, 28.38774], [85.16147, 28.38742], [85.1616, 28.3871], [85.16177, 28.38679], [85.1619, 28.38648], [85.16198, 28.38625], [85.16213, 28.38602], [85.16227, 28.38586], [85.16243, 28.38561], [85.16262, 28.38532], [85.16278, 28.38496], [85.16309, 28.38446], [85.16326, 28.38415], [85.16338, 28.38395], [85.16349, 28.38372], [85.16361, 28.38351], [85.1637, 28.38319], [85.16379, 28.38296], [85.16388, 28.38283], [85.16398, 28.38271], [85.16408, 28.38241], [85.16408, 28.3822], [85.16407, 28.38204], [85.16403, 28.38189], [85.16396, 28.3818], [85.1639, 28.3817], [85.16381, 28.38155], [85.16376, 28.38144], [85.16372, 28.38134], [85.16371, 28.3811], [85.16369, 28.38099], [85.16364, 28.38086], [85.16361, 28.3807], [85.16356, 28.38052], [85.16356, 28.38038], [85.16356, 28.38022], [85.16362, 28.38016], [85.16371, 28.38014], [85.16399, 28.38015], [85.16421, 28.38012], [85.16433, 28.38009], [85.1646, 28.3801], [85.16482, 28.3802], [85.1649, 28.38031], [85.16494, 28.38043], [85.16505, 28.38058], [85.16516, 28.38068], [85.16535, 28.38077], [85.16548, 28.38077], [85.16562, 28.38073], [85.16578, 28.38068], [85.16594, 28.38064], [85.16616, 28.38062], [85.16638, 28.38064], [85.16649, 28.38068], [85.16662, 28.38081], [85.16673, 28.38097], [85.16691, 28.38103], [85.16708, 28.38106], [85.16723, 28.38108], [85.16744, 28.38115], [85.16766, 28.38117], [85.16781, 28.38117], [85.168, 28.38114], [85.1681, 28.38112], [85.16825, 28.3811], [85.1685, 28.38116], [85.16862, 28.38126], [85.16872, 28.38143], [85.16877, 28.38163], [85.16869, 28.38179], [85.16853, 28.38194], [85.16833, 28.38211], [85.16821, 28.38226], [85.16809, 28.38244], [85.16795, 28.38268], [85.16779, 28.3829], [85.16751, 28.38311], [85.16721, 28.38327], [85.16695, 28.38341], [85.16673, 28.38357], [85.16649, 28.38383], [85.16628, 28.38408], [85.16606, 28.38446], [85.16585, 28.38469], [85.16562, 28.385], [85.16547, 28.38518], [85.1652, 28.38558], [85.16493, 28.38597], [85.16464, 28.38639], [85.16441, 28.38669], [85.16405, 28.38704], [85.16386, 28.38734], [85.16359, 28.38778], [85.16339, 28.38803], [85.16317, 28.38828], [85.16296, 28.38859]]]}}, {"type": "Feature", "properties": {"km2": 0.231, "name": null, "near_source_5km": false}, "geometry": {"type": "Polygon", "coordinates": [[[85.20695, 28.36354], [85.20682, 28.36349], [85.20671, 28.36342], [85.2066, 28.36335], [85.20647, 28.36327], [85.20635, 28.36318], [85.20621, 28.36302], [85.20609, 28.36288], [85.20596, 28.36273], [85.20585, 28.36256], [85.20573, 28.36236], [85.20567, 28.36227], [85.20562, 28.36216], [85.20558, 28.36201], [85.20558, 28.36181], [85.20558, 28.3617], [85.2055, 28.36148], [85.2054, 28.3613], [85.20533, 28.3612], [85.20526, 28.36106], [85.20524, 28.36091], [85.20526, 28.36078], [85.20526, 28.36058], [85.2053, 28.36033], [85.20535, 28.36016], [85.20537, 28.36001], [85.20536, 28.35989], [85.2053, 28.35977], [85.20521, 28.35965], [85.20514, 28.35956], [85.20513, 28.35944], [85.20518, 28.35931], [85.20527, 28.35923], [85.20536, 28.35922], [85.20579, 28.35918], [85.20591, 28.35914], [85.20614, 28.35913], [85.20639, 28.35915], [85.20653, 28.35923], [85.20669, 28.35935], [85.20684, 28.35947], [85.20703, 28.35965], [85.20717, 28.35978], [85.20736, 28.35993], [85.20748, 28.36007], [85.20764, 28.36025], [85.20786, 28.3604], [85.20805, 28.36044], [85.20819, 28.36032], [85.20828, 28.36021], [85.20847, 28.36015], [85.20866, 28.36016], [85.2088, 28.3602], [85.20898, 28.36028], [85.20908, 28.36035], [85.2092, 28.36049], [85.20942, 28.36071], [85.20953, 28.36096], [85.20962, 28.36114], [85.20969, 28.36125], [85.2098, 28.36141], [85.20993, 28.3615], [85.21009, 28.36152], [85.21029, 28.36155], [85.21049, 28.36163], [85.21068, 28.36175], [85.21096, 28.36196], [85.21122, 28.36219], [85.21147, 28.36248], [85.21162, 28.3627], [85.2117, 28.36301], [85.21169, 28.36324], [85.21158, 28.36355], [85.21152, 28.36386], [85.21141, 28.3641], [85.21125, 28.36432], [85.21112, 28.36453], [85.21113, 28.36472], [85.21114, 28.36487], [85.21103, 28.36507], [85.2109, 28.36515], [85.21078, 28.36516], [85.21065, 28.36507], [85.21052, 28.36495], [85.2104, 28.3648], [85.21025, 28.36469], [85.21008, 28.36462], [85.2099, 28.36459], [85.20972, 28.36454], [85.20948, 28.36442], [85.20933, 28.36426], [85.20921, 28.36411], [85.20904, 28.36387], [85.20893, 28.36377], [85.20873, 28.3637], [85.20857, 28.36369], [85.20843, 28.3637], [85.20829, 28.36377], [85.20817, 28.36387], [85.20802, 28.36395], [85.20783, 28.36395], [85.20772, 28.3639], [85.20758, 28.36384], [85.20737, 28.36376], [85.20719, 28.36368], [85.20695, 28.36354]]]}}, {"type": "Feature", "properties": {"km2": 0.035, "name": null, "near_source_5km": false}, "geometry": {"type": "Polygon", "coordinates": [[[85.20852, 28.37283], [85.20842, 28.37297], [85.20825, 28.3732], [85.20815, 28.37337], [85.20803, 28.37353], [85.20795, 28.37361], [85.20781, 28.37373], [85.20758, 28.37375], [85.20743, 28.37368], [85.20733, 28.37357], [85.20726, 28.37348], [85.20718, 28.37337], [85.20713, 28.3731], [85.20716, 28.37286], [85.20723, 28.37255], [85.20732, 28.37236], [85.20739, 28.37208], [85.20743, 28.37183], [85.2075, 28.37163], [85.20779, 28.37128], [85.20793, 28.3712], [85.20816, 28.37121], [85.20834, 28.37129], [85.20852, 28.37147], [85.20861, 28.37158], [85.20886, 28.3717], [85.20907, 28.37182], [85.20916, 28.37192], [85.20923, 28.37203], [85.20924, 28.37221], [85.20913, 28.37244], [85.20895, 28.37264], [85.20873, 28.37268], [85.20852, 28.37283]]]}}, {"type": "Feature", "properties": {"km2": 0.186, "name": null, "near_source_5km": false}, "geometry": {"type": "Polygon", "coordinates": [[[85.2015, 28.36724], [85.20139, 28.36713], [85.20122, 28.36697], [85.20113, 28.36689], [85.20096, 28.36674], [85.20084, 28.36662], [85.20065, 28.36647], [85.20049, 28.36638], [85.20032, 28.36629], [85.20018, 28.36616], [85.20005, 28.366], [85.19995, 28.36584], [85.19991, 28.36573], [85.1999, 28.36565], [85.19987, 28.36551], [85.19979, 28.36541], [85.19969, 28.36534], [85.1995, 28.3652], [85.19935, 28.36496], [85.19925, 28.36474], [85.19917, 28.36461], [85.19912, 28.3645], [85.19908, 28.36437], [85.19911, 28.36422], [85.19918, 28.36413], [85.19929, 28.36408], [85.19942, 28.36404], [85.19954, 28.364], [85.19968, 28.36393], [85.19989, 28.36384], [85.20007, 28.36376], [85.20022, 28.36369], [85.20037, 28.36365], [85.20062, 28.36364], [85.20081, 28.36364], [85.201, 28.3637], [85.20109, 28.36383], [85.20124, 28.36404], [85.20135, 28.36419], [85.20158, 28.3645], [85.20175, 28.36472], [85.20193, 28.36483], [85.20213, 28.36505], [85.20227, 28.36525], [85.20235, 28.36535], [85.20257, 28.36548], [85.20283, 28.36558], [85.20301, 28.3656], [85.20314, 28.3655], [85.20318, 28.36538], [85.20326, 28.36529], [85.20341, 28.36511], [85.20362, 28.36498], [85.20386, 28.36493], [85.20404, 28.36493], [85.20421, 28.36497], [85.20434, 28.36507], [85.20446, 28.3652], [85.20461, 28.36534], [85.20482, 28.36544], [85.205, 28.36559], [85.20517, 28.36582], [85.20525, 28.36608], [85.20541, 28.36618], [85.20562, 28.36625], [85.20588, 28.36633], [85.20609, 28.3664], [85.2063, 28.36654], [85.20647, 28.36673], [85.20654, 28.36693], [85.20655, 28.36722], [85.20653, 28.36736], [85.20641, 28.36753], [85.20628, 28.36764], [85.20603, 28.36768], [85.2058, 28.36772], [85.20557, 28.36787], [85.20534, 28.36801], [85.20517, 28.36811], [85.20493, 28.36818], [85.20461, 28.36819], [85.20416, 28.36817], [85.20387, 28.36811], [85.20359, 28.36802], [85.20328, 28.36791], [85.20299, 28.36783], [85.20266, 28.36775], [85.20243, 28.36767], [85.20218, 28.36758], [85.20195, 28.36748], [85.20167, 28.36737], [85.2015, 28.36724]]]}}, {"type": "Feature", "properties": {"km2": 0.056, "name": null, "near_source_5km": false}, "geometry": {"type": "Polygon", "coordinates": [[[85.18797, 28.38228], [85.18783, 28.38215], [85.18751, 28.38194], [85.18731, 28.3818], [85.18725, 28.38168], [85.18725, 28.38149], [85.18737, 28.38116], [85.18745, 28.38092], [85.18758, 28.38059], [85.18767, 28.38039], [85.18783, 28.38033], [85.18804, 28.38033], [85.18832, 28.38046], [85.18881, 28.38068], [85.18907, 28.38084], [85.18927, 28.38105], [85.18947, 28.38124], [85.1896, 28.38144], [85.18979, 28.38171], [85.18994, 28.38204], [85.19005, 28.3823], [85.19006, 28.38248], [85.18999, 28.38274], [85.18966, 28.383], [85.18936, 28.38314], [85.18901, 28.38322], [85.18867, 28.38321], [85.18845, 28.38313], [85.1883, 28.383], [85.18824, 28.38287], [85.18822, 28.38268], [85.18817, 28.38255], [85.18808, 28.38241], [85.18797, 28.38228]]]}}, {"type": "Feature", "properties": {"km2": 1.324, "name": null, "near_source_5km": false}, "geometry": {"type": "Polygon", "coordinates": [[[85.23467, 28.3648], [85.2344, 28.36496], [85.23418, 28.36505], [85.23387, 28.36515], [85.23334, 28.36532], [85.23289, 28.36554], [85.23266, 28.36567], [85.23233, 28.3659], [85.2321, 28.36616], [85.23198, 28.36634], [85.23177, 28.36668], [85.23165, 28.36696], [85.23131, 28.3675], [85.23111, 28.36782], [85.23074, 28.36828], [85.23049, 28.36854], [85.23018, 28.36878], [85.22984, 28.36907], [85.22967, 28.36921], [85.2295, 28.36938], [85.22914, 28.36977], [85.22889, 28.37014], [85.22865, 28.37046], [85.2284, 28.37079], [85.22816, 28.37111], [85.22787, 28.37146], [85.22748, 28.37178], [85.22712, 28.37202], [85.2267, 28.37227], [85.22639, 28.37247], [85.22595, 28.37269], [85.2256, 28.37289], [85.22533, 28.37312], [85.22522, 28.3733], [85.22497, 28.37348], [85.22458, 28.37361], [85.22434, 28.37366], [85.22398, 28.37386], [85.22372, 28.37408], [85.2234, 28.37445], [85.22302, 28.37486], [85.2227, 28.37517], [85.22236, 28.37539], [85.22204, 28.37556], [85.22175, 28.37576], [85.22155, 28.37599], [85.22144, 28.37618], [85.22125, 28.37643], [85.22086, 28.3767], [85.22064, 28.37685], [85.22044, 28.37699], [85.22029, 28.37717], [85.22019, 28.37738], [85.22005, 28.37761], [85.21962, 28.37829], [85.21925, 28.37869], [85.21891, 28.37894], [85.21873, 28.37901], [85.21848, 28.37903], [85.21821, 28.37906], [85.21789, 28.37919], [85.21764, 28.37932], [85.2175, 28.37942], [85.21739, 28.37954], [85.21722, 28.37963], [85.21698, 28.3797], [85.21673, 28.37974], [85.21641, 28.37984], [85.21614, 28.37994], [85.21589, 28.38005], [85.21556, 28.38017], [85.21519, 28.38034], [85.21482, 28.38056], [85.21449, 28.38073], [85.21406, 28.38091], [85.21372, 28.38108], [85.2135, 28.38123], [85.21328, 28.38139], [85.21305, 28.38155], [85.2128, 28.38184], [85.21256, 28.38204], [85.21231, 28.38224], [85.21204, 28.38241], [85.21178, 28.38253], [85.21144, 28.38265], [85.21092, 28.38274], [85.2105, 28.38277], [85.21015, 28.38278], [85.20983, 28.38277], [85.20952, 28.38274], [85.20926, 28.38261], [85.20912, 28.38254], [85.209, 28.38241], [85.20884, 28.38223], [85.20871, 28.38203], [85.20861, 28.38186], [85.20852, 28.38172], [85.20832, 28.38154], [85.20812, 28.38138], [85.20797, 28.38116], [85.20782, 28.38089], [85.20763, 28.38071], [85.20743, 28.38057], [85.20722, 28.38039], [85.20705, 28.38018], [85.20686, 28.37988], [85.2068, 28.37971], [85.20685, 28.37947], [85.20702, 28.37925], [85.20728, 28.37912], [85.20748, 28.37904], [85.20764, 28.37897], [85.20798, 28.37892], [85.20822, 28.37888], [85.20844, 28.37889], [85.20867, 28.37891], [85.20892, 28.37894], [85.2091, 28.37901], [85.20934, 28.37908], [85.20975, 28.37928], [85.21017, 28.37944], [85.21044, 28.37954], [85.21078, 28.37962], [85.21109, 28.37956], [85.21132, 28.37946], [85.21167, 28.37923], [85.21189, 28.37911], [85.21229, 28.37894], [85.21244, 28.37888], [85.21269, 28.37875], [85.21286, 28.37859], [85.21295, 28.37847], [85.21296, 28.37818], [85.21301, 28.37786], [85.21305, 28.37777], [85.2132, 28.37756], [85.21334, 28.3774], [85.21351, 28.37725], [85.21364, 28.37708], [85.21386, 28.3769], [85.21406, 28.37677], [85.21421, 28.37654], [85.21418, 28.37631], [85.21416, 28.37614], [85.21415, 28.37588], [85.21421, 28.37569], [85.21434, 28.37558], [85.2147, 28.3754], [85.21484, 28.37534], [85.21487, 28.37525], [85.21489, 28.37517], [85.21484, 28.37505], [85.21477, 28.37482], [85.21472, 28.37468], [85.21466, 28.37452], [85.21462, 28.37434], [85.21457, 28.37419], [85.2145, 28.37407], [85.21443, 28.37392], [85.21442, 28.37366], [85.21441, 28.3734], [85.21439, 28.37323], [85.21453, 28.37272], [85.21441, 28.37213], [85.21433, 28.37204], [85.21417, 28.37188], [85.21403, 28.37169], [85.21391, 28.37154], [85.2138, 28.37138], [85.21363, 28.37118], [85.21353, 28.37097], [85.21336, 28.37081], [85.21318, 28.37069], [85.21304, 28.37056], [85.21278, 28.37032], [85.21264, 28.37021], [85.21246, 28.37013], [85.21224, 28.3701], [85.21199, 28.3701], [85.2118, 28.37012], [85.21164, 28.37014], [85.2115, 28.37019], [85.21138, 28.3703], [85.21137, 28.37055], [85.2114, 28.37073], [85.21151, 28.371], [85.21154, 28.37111], [85.21155, 28.37121], [85.21152, 28.37138], [85.21141, 28.3715], [85.21124, 28.37158], [85.211, 28.37158], [85.21079, 28.37155], [85.21066, 28.37148], [85.2106, 28.37134], [85.21064, 28.37108], [85.21069, 28.37095], [85.21071, 28.3708], [85.21067, 28.37062], [85.21058, 28.37048], [85.21043, 28.37028], [85.21023, 28.3701], [85.21003, 28.36996], [85.20978, 28.36976], [85.20967, 28.36954], [85.2096, 28.36931], [85.2096, 28.3691], [85.20962, 28.36893], [85.20977, 28.36868], [85.20993, 28.36849], [85.21021, 28.36835], [85.21048, 28.36827], [85.2108, 28.36823], [85.21111, 28.36822], [85.21137, 28.36828], [85.21168, 28.36834], [85.21214, 28.36849], [85.21242, 28.36859], [85.21278, 28.36875], [85.21307, 28.36884], [85.21339, 28.3689], [85.21374, 28.36897], [85.21393, 28.36906], [85.21407, 28.36931], [85.21414, 28.36961], [85.21424, 28.36979], [85.21437, 28.36996], [85.21444, 28.37011], [85.21462, 28.37037], [85.21472, 28.37077], [85.21481, 28.37103], [85.21485, 28.37123], [85.21495, 28.3716], [85.21499, 28.37168], [85.21518, 28.37194], [85.21542, 28.37233], [85.21558, 28.37253], [85.21576, 28.37268], [85.21597, 28.37319], [85.21615, 28.37348], [85.21645, 28.37371], [85.21666, 28.37382], [85.21706, 28.37389], [85.21733, 28.37388], [85.21768, 28.3739], [85.218, 28.37394], [85.21838, 28.37389], [85.21861, 28.37382], [85.21883, 28.37372], [85.21909, 28.37362], [85.21935, 28.37351], [85.21959, 28.37343], [85.21985, 28.37322], [85.21995, 28.37311], [85.22033, 28.37287], [85.22067, 28.3727], [85.22105, 28.37249], [85.22128, 28.37234], [85.22155, 28.37215], [85.22184, 28.37192], [85.2223, 28.37172], [85.22266, 28.37157], [85.22296, 28.37139], [85.22323, 28.37125], [85.2235, 28.3711], [85.22366, 28.371], [85.22385, 28.3709], [85.22425, 28.37065], [85.22468, 28.3704], [85.22499, 28.37023], [85.22551, 28.36998], [85.22586, 28.36977], [85.22611, 28.36962], [85.22648, 28.36934], [85.22687, 28.369], [85.22731, 28.36873], [85.22754, 28.36856], [85.22773, 28.36831], [85.22782, 28.36817], [85.2278, 28.36798], [85.2277, 28.36783], [85.22761, 28.36771], [85.22747, 28.36744], [85.22742, 28.36723], [85.22726, 28.36706], [85.22712, 28.36698], [85.22703, 28.36682], [85.22707, 28.36669], [85.22715, 28.36662], [85.22732, 28.36653], [85.22744, 28.36645], [85.22766, 28.36634], [85.22789, 28.36625], [85.22815, 28.36618], [85.22849, 28.36599], [85.22886, 28.36583], [85.22949, 28.36544], [85.22972, 28.36528], [85.23009, 28.36505], [85.23043, 28.36487], [85.23077, 28.36463], [85.23095, 28.36434], [85.2311, 28.36402], [85.2313, 28.36362], [85.23163, 28.36328], [85.23198, 28.36304], [85.23236, 28.36286], [85.23302, 28.36268], [85.23332, 28.36267], [85.23375, 28.36271], [85.23401, 28.36277], [85.23436, 28.36285], [85.23472, 28.3629], [85.23485, 28.36298], [85.23501, 28.36311], [85.23536, 28.36328], [85.23555, 28.36337], [85.23573, 28.36344], [85.23595, 28.36356], [85.23603, 28.36369], [85.23606, 28.36385], [85.23598, 28.364], [85.23582, 28.36412], [85.23556, 28.36434], [85.23524, 28.36448], [85.23502, 28.36454], [85.23489, 28.3646], [85.23467, 28.3648]]]}}, {"type": "Feature", "properties": {"km2": 0.415, "name": null, "near_source_5km": false}, "geometry": {"type": "Polygon", "coordinates": [[[85.22212, 28.38387], [85.2221, 28.38399], [85.2222, 28.38411], [85.22238, 28.38421], [85.22253, 28.3843], [85.2226, 28.38443], [85.22255, 28.38465], [85.22248, 28.38483], [85.22248, 28.38513], [85.22256, 28.38534], [85.2228, 28.3855], [85.22296, 28.38559], [85.2232, 28.38569], [85.22339, 28.38585], [85.22356, 28.38608], [85.22369, 28.38638], [85.22369, 28.38651], [85.2237, 28.38683], [85.22369, 28.3871], [85.22363, 28.38721], [85.22359, 28.3876], [85.22359, 28.38782], [85.22363, 28.38804], [85.22378, 28.38811], [85.22396, 28.38812], [85.2241, 28.38805], [85.22426, 28.38793], [85.22433, 28.38785], [85.22441, 28.38771], [85.22446, 28.38752], [85.22451, 28.38723], [85.22456, 28.38699], [85.22461, 28.38678], [85.22471, 28.38661], [85.22483, 28.38648], [85.22493, 28.38645], [85.22514, 28.38644], [85.2254, 28.38646], [85.22568, 28.38649], [85.22593, 28.38653], [85.2261, 28.38654], [85.22625, 28.38653], [85.22631, 28.38645], [85.22623, 28.38638], [85.22604, 28.38626], [85.22583, 28.38616], [85.22564, 28.38604], [85.22541, 28.38593], [85.22528, 28.38586], [85.22522, 28.38579], [85.22522, 28.38567], [85.22529, 28.38561], [85.22548, 28.38556], [85.22568, 28.38554], [85.2259, 28.38557], [85.22603, 28.38563], [85.22616, 28.38572], [85.22624, 28.38582], [85.22633, 28.38596], [85.22647, 28.38613], [85.22661, 28.38628], [85.22671, 28.38636], [85.22682, 28.38646], [85.22691, 28.38656], [85.22708, 28.38666], [85.22722, 28.38671], [85.22749, 28.38678], [85.22782, 28.38692], [85.22797, 28.38703], [85.22816, 28.38715], [85.22833, 28.38724], [85.22852, 28.38729], [85.2288, 28.38737], [85.22911, 28.38746], [85.22921, 28.38754], [85.22934, 28.38762], [85.22946, 28.38772], [85.22959, 28.38786], [85.22962, 28.38798], [85.22957, 28.38806], [85.22941, 28.38813], [85.22902, 28.38817], [85.22886, 28.38821], [85.22861, 28.38824], [85.22837, 28.38824], [85.22819, 28.38823], [85.22778, 28.3882], [85.22743, 28.38817], [85.22708, 28.38812], [85.22687, 28.38805], [85.22664, 28.38789], [85.22645, 28.38782], [85.22624, 28.38778], [85.22615, 28.38787], [85.22614, 28.388], [85.22609, 28.38821], [85.22603, 28.3884], [85.22592, 28.3886], [85.22579, 28.38875], [85.22565, 28.38877], [85.22553, 28.38871], [85.22537, 28.38855], [85.22531, 28.38847], [85.22515, 28.38835], [85.22501, 28.38832], [85.22492, 28.38843], [85.22473, 28.38841], [85.22468, 28.38835], [85.22456, 28.38822], [85.22443, 28.38818], [85.22434, 28.38834], [85.22431, 28.38851], [85.22426, 28.3887], [85.22415, 28.38883], [85.22404, 28.38899], [85.22396, 28.38921], [85.22387, 28.38943], [85.22381, 28.38965], [85.22374, 28.38993], [85.22367, 28.39015], [85.22359, 28.39025], [85.22348, 28.39043], [85.22332, 28.39068], [85.22324, 28.39076], [85.22316, 28.39087], [85.22301, 28.39097], [85.22286, 28.39082], [85.22278, 28.39074], [85.22266, 28.39066], [85.22245, 28.39065], [85.2223, 28.39069], [85.22218, 28.39081], [85.22209, 28.39089], [85.22199, 28.39105], [85.22186, 28.39121], [85.22169, 28.3912], [85.22155, 28.3911], [85.22145, 28.39097], [85.22138, 28.39071], [85.22133, 28.39044], [85.22125, 28.39016], [85.2211, 28.38997], [85.22088, 28.3899], [85.22068, 28.38988], [85.22057, 28.38984], [85.22053, 28.38966], [85.22052, 28.38945], [85.22057, 28.3893], [85.22047, 28.38911], [85.2203, 28.38889], [85.21986, 28.38865], [85.21958, 28.38852], [85.21935, 28.38836], [85.21913, 28.38807], [85.21898, 28.38751], [85.21898, 28.38701], [85.21911, 28.38669], [85.2193, 28.38639], [85.21954, 28.38614], [85.21965, 28.3859], [85.21967, 28.38562], [85.21955, 28.38525], [85.21941, 28.38502], [85.21927, 28.38486], [85.21909, 28.38477], [85.21889, 28.38471], [85.21873, 28.38468], [85.21852, 28.38468], [85.21825, 28.38473], [85.21802, 28.38476], [85.21777, 28.38476], [85.21755, 28.38468], [85.21741, 28.38452], [85.21733, 28.38427], [85.21732, 28.384], [85.21739, 28.38366], [85.21754, 28.38343], [85.21766, 28.38329], [85.21779, 28.383], [85.21781, 28.38277], [85.2197, 28.38303], [85.22212, 28.38387]]]}}, {"type": "Feature", "properties": {"km2": 0.32, "name": null, "near_source_5km": false}, "geometry": {"type": "Polygon", "coordinates": [[[85.21586, 28.39197], [85.21545, 28.39195], [85.21527, 28.39191], [85.21509, 28.39188], [85.21487, 28.39175], [85.21475, 28.39161], [85.21467, 28.39135], [85.21467, 28.3912], [85.21465, 28.39092], [85.21467, 28.3907], [85.2147, 28.39056], [85.21471, 28.3903], [85.21477, 28.38998], [85.21484, 28.38967], [85.21498, 28.38951], [85.21514, 28.38947], [85.21549, 28.38948], [85.21569, 28.38954], [85.21596, 28.38967], [85.21623, 28.38978], [85.21657, 28.38987], [85.21692, 28.38993], [85.21751, 28.39016], [85.21795, 28.39045], [85.21826, 28.39069], [85.21849, 28.39085], [85.21864, 28.39101], [85.2188, 28.39123], [85.2189, 28.39154], [85.21898, 28.39187], [85.21899, 28.39223], [85.21908, 28.39252], [85.21926, 28.39278], [85.21945, 28.39299], [85.21963, 28.39317], [85.21991, 28.39343], [85.2202, 28.39371], [85.22045, 28.39396], [85.22073, 28.39429], [85.22089, 28.39451], [85.22126, 28.39499], [85.22146, 28.39543], [85.22156, 28.39576], [85.22156, 28.3959], [85.22162, 28.39614], [85.22166, 28.39665], [85.22163, 28.39693], [85.22164, 28.39724], [85.2216, 28.39762], [85.22152, 28.39798], [85.22136, 28.39836], [85.22118, 28.39857], [85.22086, 28.39875], [85.22045, 28.39876], [85.22008, 28.39865], [85.21979, 28.39852], [85.21961, 28.39831], [85.21943, 28.398], [85.21933, 28.39784], [85.2192, 28.3977], [85.2191, 28.39756], [85.21898, 28.39748], [85.21879, 28.39737], [85.2186, 28.39728], [85.21835, 28.39712], [85.21809, 28.39683], [85.21791, 28.39647], [85.21779, 28.39621], [85.21767, 28.3959], [85.21755, 28.39564], [85.21744, 28.39545], [85.21735, 28.39527], [85.2173, 28.39508], [85.21716, 28.39479], [85.21714, 28.39469], [85.21709, 28.39453], [85.21711, 28.39435], [85.21711, 28.39416], [85.21707, 28.39397], [85.21695, 28.39368], [85.21677, 28.39345], [85.2166, 28.39328], [85.21649, 28.39315], [85.21639, 28.393], [85.21632, 28.39286], [85.21631, 28.3927], [85.21629, 28.39253], [85.21624, 28.39233], [85.21616, 28.39221], [85.21607, 28.39209], [85.21586, 28.39197]]]}}, {"type": "Feature", "properties": {"km2": 0.106, "name": null, "near_source_5km": false}, "geometry": {"type": "Polygon", "coordinates": [[[85.19418, 28.38726], [85.19402, 28.38743], [85.19385, 28.38761], [85.19355, 28.38772], [85.19326, 28.38769], [85.19293, 28.38744], [85.19282, 28.38729], [85.1927, 28.3871], [85.19262, 28.38694], [85.19258, 28.38674], [85.19256, 28.38634], [85.19264, 28.38617], [85.19271, 28.38598], [85.19273, 28.38577], [85.19274, 28.38544], [85.1926, 28.38512], [85.19257, 28.3849], [85.19263, 28.38454], [85.19282, 28.38438], [85.19311, 28.38424], [85.1935, 28.38419], [85.19384, 28.38416], [85.19448, 28.38401], [85.1949, 28.38392], [85.19536, 28.38383], [85.1957, 28.38384], [85.19592, 28.38396], [85.19609, 28.38418], [85.19613, 28.38456], [85.19611, 28.38497], [85.19603, 28.38527], [85.19588, 28.38544], [85.19555, 28.38571], [85.19536, 28.38585], [85.19512, 28.38611], [85.19507, 28.38621], [85.1951, 28.3864], [85.19519, 28.38666], [85.19527, 28.38686], [85.19534, 28.38706], [85.19539, 28.38726], [85.19542, 28.38745], [85.19536, 28.38762], [85.19525, 28.38765], [85.19518, 28.38762], [85.19513, 28.38754], [85.19506, 28.38742], [85.19498, 28.38718], [85.19495, 28.38702], [85.1949, 28.3869], [85.19482, 28.38676], [85.19475, 28.38668], [85.19465, 28.38664], [85.19458, 28.38666], [85.19449, 28.38673], [85.19442, 28.38687], [85.1943, 28.3871], [85.19418, 28.38726]]]}}, {"type": "Feature", "properties": {"km2": 0.272, "name": null, "near_source_5km": false}, "geometry": {"type": "Polygon", "coordinates": [[[85.18847, 28.40699], [85.18866, 28.40692], [85.18892, 28.40686], [85.18925, 28.40686], [85.18947, 28.40688], [85.1897, 28.40699], [85.18976, 28.4071], [85.18982, 28.40728], [85.18983, 28.40749], [85.18986, 28.40773], [85.18991, 28.40791], [85.19003, 28.40807], [85.19014, 28.40814], [85.1903, 28.40817], [85.19046, 28.40818], [85.1906, 28.40823], [85.19071, 28.40829], [85.19087, 28.40843], [85.19098, 28.40859], [85.19108, 28.40874], [85.19114, 28.40893], [85.19114, 28.40909], [85.19108, 28.40926], [85.19099, 28.40934], [85.19089, 28.40941], [85.19072, 28.40954], [85.1906, 28.40971], [85.19055, 28.40986], [85.19045, 28.40997], [85.19033, 28.41008], [85.19022, 28.41021], [85.19009, 28.41031], [85.18997, 28.41047], [85.18986, 28.41067], [85.1898, 28.41089], [85.18969, 28.41114], [85.18969, 28.41133], [85.18969, 28.41146], [85.18963, 28.41162], [85.18955, 28.41181], [85.18954, 28.41198], [85.18955, 28.41208], [85.18958, 28.41221], [85.18948, 28.41243], [85.1894, 28.41257], [85.18933, 28.41277], [85.18932, 28.41306], [85.18927, 28.41327], [85.18911, 28.41352], [85.18898, 28.41363], [85.1888, 28.41378], [85.18861, 28.4139], [85.18846, 28.41404], [85.18831, 28.41418], [85.18819, 28.41434], [85.18799, 28.41446], [85.18784, 28.41447], [85.1877, 28.41449], [85.18758, 28.41455], [85.18747, 28.4147], [85.18744, 28.41483], [85.18739, 28.41497], [85.18733, 28.4151], [85.18723, 28.41518], [85.18712, 28.41529], [85.18701, 28.41541], [85.18685, 28.41564], [85.18668, 28.41587], [85.18663, 28.41604], [85.18656, 28.41629], [85.1865, 28.41644], [85.18646, 28.41657], [85.18645, 28.41668], [85.18645, 28.41682], [85.18644, 28.41703], [85.18641, 28.41722], [85.18638, 28.41737], [85.18624, 28.41753], [85.18605, 28.41763], [85.18577, 28.41766], [85.18551, 28.41769], [85.18519, 28.41763], [85.18501, 28.41753], [85.18489, 28.41745], [85.1848, 28.41729], [85.18478, 28.417], [85.18478, 28.41675], [85.18476, 28.41653], [85.18473, 28.41635], [85.18471, 28.41609], [85.18475, 28.41577], [85.1848, 28.41542], [85.18487, 28.41516], [85.18497, 28.41481], [85.1853, 28.41426], [85.18549, 28.41402], [85.18569, 28.41381], [85.18588, 28.41357], [85.18609, 28.4133], [85.18634, 28.41304], [85.18653, 28.41286], [85.18673, 28.41264], [85.1869, 28.41234], [85.18702, 28.41208], [85.18717, 28.41179], [85.18734, 28.41141], [85.1875, 28.41103], [85.18753, 28.41044], [85.18755, 28.41024], [85.18757, 28.41008], [85.1876, 28.40989], [85.18765, 28.4097], [85.18768, 28.40954], [85.18782, 28.40934], [85.18796, 28.4092], [85.18806, 28.40913], [85.18822, 28.40906], [85.18839, 28.40901], [85.18855, 28.40892], [85.18864, 28.40879], [85.18867, 28.40869], [85.18866, 28.40857], [85.18863, 28.40841], [85.18858, 28.40829], [85.18851, 28.40809], [85.18844, 28.4079], [85.18836, 28.40769], [85.18828, 28.40749], [85.18825, 28.40732], [85.18826, 28.4072], [85.18836, 28.40708], [85.18847, 28.40699]]]}}, {"type": "Feature", "properties": {"km2": 2.192, "name": "Rama Glacier", "near_source_5km": false}, "geometry": {"type": "Polygon", "coordinates": [[[85.16978, 28.40434], [85.16999, 28.40468], [85.17009, 28.40486], [85.17012, 28.40505], [85.1702, 28.40524], [85.17033, 28.40549], [85.17052, 28.4057], [85.17068, 28.40579], [85.17088, 28.40584], [85.17106, 28.40573], [85.17124, 28.40539], [85.17134, 28.40518], [85.1715, 28.40506], [85.17175, 28.40492], [85.17199, 28.40484], [85.17227, 28.40475], [85.17242, 28.40467], [85.17255, 28.40447], [85.17266, 28.40427], [85.17276, 28.40402], [85.17285, 28.40383], [85.17302, 28.40375], [85.17317, 28.40375], [85.17328, 28.40379], [85.17337, 28.40398], [85.1734, 28.4042], [85.17341, 28.40436], [85.17338, 28.40465], [85.17333, 28.40487], [85.17333, 28.4051], [85.17336, 28.40521], [85.17352, 28.40541], [85.17387, 28.40569], [85.17407, 28.40586], [85.17421, 28.40603], [85.17431, 28.40617], [85.17446, 28.40637], [85.17475, 28.40669], [85.1751, 28.40689], [85.17538, 28.40715], [85.17565, 28.40731], [85.17591, 28.40753], [85.17603, 28.40774], [85.17614, 28.40798], [85.1762, 28.40828], [85.1764, 28.40865], [85.17645, 28.40886], [85.17645, 28.40903], [85.17638, 28.40935], [85.17618, 28.40955], [85.17597, 28.40967], [85.1757, 28.4097], [85.17544, 28.40967], [85.17511, 28.4097], [85.17481, 28.40975], [85.17433, 28.4099], [85.17417, 28.41], [85.17402, 28.41015], [85.17385, 28.41037], [85.17368, 28.41058], [85.17351, 28.4107], [85.17326, 28.41073], [85.17309, 28.41078], [85.17302, 28.41088], [85.17301, 28.41107], [85.17305, 28.41125], [85.17316, 28.41142], [85.17323, 28.41156], [85.17331, 28.41175], [85.1734, 28.41202], [85.17348, 28.41217], [85.17362, 28.41242], [85.17371, 28.41267], [85.17384, 28.41291], [85.17397, 28.41314], [85.17412, 28.41338], [85.17434, 28.41365], [85.17456, 28.41395], [85.17479, 28.41427], [85.17505, 28.41461], [85.17539, 28.41487], [85.17563, 28.41503], [85.17584, 28.41512], [85.17598, 28.41517], [85.17622, 28.41529], [85.17644, 28.41546], [85.17659, 28.41567], [85.17678, 28.41586], [85.17705, 28.4161], [85.1774, 28.41633], [85.17774, 28.41647], [85.17797, 28.41662], [85.17822, 28.41682], [85.17865, 28.41707], [85.179, 28.4172], [85.17929, 28.41734], [85.17952, 28.41747], [85.17972, 28.41764], [85.17992, 28.41786], [85.18005, 28.41804], [85.18031, 28.41838], [85.18045, 28.41857], [85.1807, 28.41881], [85.18078, 28.41902], [85.18081, 28.41909], [85.18082, 28.41921], [85.18079, 28.4194], [85.18079, 28.41967], [85.18084, 28.41997], [85.18098, 28.42032], [85.18109, 28.42055], [85.18127, 28.42071], [85.18142, 28.42093], [85.1815, 28.42113], [85.18151, 28.42132], [85.18148, 28.4215], [85.1814, 28.42178], [85.18134, 28.42196], [85.1812, 28.4221], [85.18099, 28.42216], [85.18061, 28.42214], [85.18029, 28.42201], [85.18005, 28.42189], [85.17981, 28.42164], [85.17957, 28.42154], [85.17935, 28.42147], [85.17899, 28.42143], [85.17847, 28.42144], [85.17812, 28.4215], [85.17772, 28.42153], [85.17746, 28.42153], [85.17695, 28.42139], [85.1764, 28.4212], [85.17589, 28.421], [85.17538, 28.4208], [85.17487, 28.42054], [85.17451, 28.42031], [85.17407, 28.41994], [85.17378, 28.41958], [85.1736, 28.41928], [85.17339, 28.41888], [85.1733, 28.41873], [85.17305, 28.41836], [85.17286, 28.41823], [85.17274, 28.41812], [85.17261, 28.41793], [85.17253, 28.41777], [85.1724, 28.4175], [85.17224, 28.41727], [85.17214, 28.41711], [85.17208, 28.41692], [85.17199, 28.41671], [85.17191, 28.41653], [85.17188, 28.41624], [85.17182, 28.41602], [85.17179, 28.41578], [85.17176, 28.41563], [85.17166, 28.41545], [85.17146, 28.41522], [85.17139, 28.41514], [85.17125, 28.41493], [85.17115, 28.41477], [85.17104, 28.41459], [85.17095, 28.41444], [85.17082, 28.41429], [85.17071, 28.41416], [85.1706, 28.41401], [85.17052, 28.41385], [85.17039, 28.41361], [85.17027, 28.41341], [85.17016, 28.41323], [85.17003, 28.41302], [85.16988, 28.41273], [85.16982, 28.41256], [85.16975, 28.41241], [85.16965, 28.41219], [85.1695, 28.41194], [85.16937, 28.41175], [85.16925, 28.41158], [85.16912, 28.41141], [85.16897, 28.41129], [85.16883, 28.4112], [85.16862, 28.41111], [85.16845, 28.41103], [85.16825, 28.41093], [85.16809, 28.41083], [85.16792, 28.41076], [85.16767, 28.41069], [85.16736, 28.41067], [85.16713, 28.41067], [85.16684, 28.41067], [85.16646, 28.41066], [85.16615, 28.4106], [85.16595, 28.41053], [85.16572, 28.41049], [85.16544, 28.41048], [85.16515, 28.41049], [85.16488, 28.41047], [85.16463, 28.4104], [85.16435, 28.41028], [85.16403, 28.41019], [85.16369, 28.41012], [85.16337, 28.41004], [85.16298, 28.40988], [85.16278, 28.40975], [85.16231, 28.40938], [85.16222, 28.40927], [85.16202, 28.40898], [85.16192, 28.4088], [85.16173, 28.40855], [85.16162, 28.40839], [85.16144, 28.4081], [85.16135, 28.40789], [85.1612, 28.4076], [85.16107, 28.4074], [85.16106, 28.40728], [85.1611, 28.40708], [85.16113, 28.40686], [85.1611, 28.40669], [85.16098, 28.40646], [85.16086, 28.40626], [85.16071, 28.40595], [85.16054, 28.40576], [85.16037, 28.40562], [85.16032, 28.40553], [85.16033, 28.40538], [85.16043, 28.4052], [85.16058, 28.40511], [85.16079, 28.40494], [85.16101, 28.40473], [85.16105, 28.40466], [85.16114, 28.40443], [85.16118, 28.40423], [85.16114, 28.40402], [85.161, 28.40388], [85.16077, 28.40369], [85.16059, 28.40353], [85.16039, 28.40341], [85.16019, 28.40329], [85.16, 28.4032], [85.15975, 28.40297], [85.15956, 28.40269], [85.15937, 28.40243], [85.15908, 28.40218], [85.15895, 28.40198], [85.15882, 28.40165], [85.15876, 28.40141], [85.15871, 28.40113], [85.1587, 28.40098], [85.15864, 28.40085], [85.15862, 28.40068], [85.15858, 28.40057], [85.15855, 28.40041], [85.15848, 28.40025], [85.15839, 28.40006], [85.15836, 28.39988], [85.15837, 28.39971], [85.15844, 28.39955], [85.15859, 28.3993], [85.15871, 28.39901], [85.15875, 28.39883], [85.15879, 28.39848], [85.15884, 28.39818], [85.15889, 28.39802], [85.15906, 28.39753], [85.15915, 28.39735], [85.15931, 28.39704], [85.15955, 28.39692], [85.15982, 28.39685], [85.16014, 28.3969], [85.16039, 28.39698], [85.1606, 28.39711], [85.16072, 28.39723], [85.16082, 28.39743], [85.16097, 28.39766], [85.16111, 28.39792], [85.16126, 28.3982], [85.16151, 28.3986], [85.16174, 28.39875], [85.16198, 28.3988], [85.16222, 28.39878], [85.16246, 28.3987], [85.16268, 28.39847], [85.16283, 28.39833], [85.16307, 28.39812], [85.16324, 28.39799], [85.16357, 28.39789], [85.16376, 28.3979], [85.16402, 28.39783], [85.16423, 28.3978], [85.16449, 28.39785], [85.16475, 28.39796], [85.16492, 28.39809], [85.16511, 28.39834], [85.16532, 28.39864], [85.16547, 28.3988], [85.16571, 28.39895], [85.16628, 28.39912], [85.16653, 28.39919], [85.16677, 28.3993], [85.1672, 28.39943], [85.16759, 28.39947], [85.16818, 28.39949], [85.16854, 28.39955], [85.16897, 28.39976], [85.16929, 28.39997], [85.16942, 28.4002], [85.1695, 28.40047], [85.16959, 28.40081], [85.16966, 28.40116], [85.16966, 28.4014], [85.16957, 28.40183], [85.16952, 28.40208], [85.1695, 28.40244], [85.16953, 28.40266], [85.16967, 28.40295], [85.16971, 28.40315], [85.16976, 28.40343], [85.16972, 28.40369], [85.16971, 28.40399], [85.16971, 28.40418], [85.16978, 28.40434]]]}}, {"type": "Feature", "properties": {"km2": 4.373, "name": null, "near_source_5km": false}, "geometry": {"type": "Polygon", "coordinates": [[[85.12486, 28.38864], [85.12428, 28.38829], [85.12392, 28.38778], [85.12344, 28.38721], [85.12286, 28.38687], [85.12194, 28.38662], [85.12147, 28.38636], [85.12076, 28.38594], [85.12027, 28.38555], [85.11986, 28.3853], [85.11911, 28.385], [85.11868, 28.38468], [85.11847, 28.38432], [85.11855, 28.38396], [85.11877, 28.38364], [85.1187, 28.383], [85.11859, 28.38249], [85.11849, 28.38185], [85.11849, 28.38109], [85.11866, 28.38055], [85.11874, 28.37985], [85.11877, 28.37913], [85.11853, 28.37849], [85.11806, 28.37794], [85.1175, 28.37754], [85.11673, 28.37724], [85.11611, 28.37702], [85.1154, 28.37688], [85.11482, 28.37677], [85.11405, 28.37662], [85.11362, 28.37635], [85.1134, 28.37584], [85.11366, 28.37541], [85.11415, 28.3752], [85.11462, 28.37515], [85.11518, 28.37515], [85.1157, 28.37526], [85.11608, 28.37549], [85.11656, 28.37571], [85.11701, 28.37573], [85.11731, 28.37562], [85.11732, 28.37524], [85.11707, 28.37471], [85.11701, 28.37431], [85.11721, 28.37384], [85.11757, 28.37346], [85.11789, 28.37322], [85.11823, 28.37286], [85.11844, 28.37262], [85.11856, 28.37219], [85.11854, 28.37175], [85.1184, 28.37157], [85.11821, 28.3714], [85.11798, 28.37114], [85.11795, 28.37094], [85.11803, 28.37072], [85.11797, 28.37042], [85.11773, 28.37027], [85.11734, 28.37011], [85.11674, 28.36983], [85.1163, 28.36964], [85.116, 28.36941], [85.11586, 28.36913], [85.11584, 28.36879], [85.11588, 28.36834], [85.11599, 28.36778], [85.11611, 28.36722], [85.11642, 28.36673], [85.11675, 28.36623], [85.11701, 28.36598], [85.1173, 28.36579], [85.11766, 28.36559], [85.11785, 28.36548], [85.11814, 28.36535], [85.11865, 28.36529], [85.11903, 28.3651], [85.11917, 28.36494], [85.11913, 28.36477], [85.11889, 28.36457], [85.11858, 28.36452], [85.11814, 28.36445], [85.11775, 28.36444], [85.11735, 28.36439], [85.11688, 28.36423], [85.11646, 28.36405], [85.11621, 28.36389], [85.11571, 28.36346], [85.11545, 28.36313], [85.11521, 28.36276], [85.11502, 28.3624], [85.11489, 28.36214], [85.11484, 28.36166], [85.11484, 28.3614], [85.1149, 28.36099], [85.11506, 28.36059], [85.11528, 28.36015], [85.11561, 28.35986], [85.11572, 28.35972], [85.11606, 28.35932], [85.11622, 28.35914], [85.11855, 28.36071], [85.12224, 28.36321], [85.12197, 28.36356], [85.12177, 28.36384], [85.12158, 28.36424], [85.12147, 28.36452], [85.12146, 28.36471], [85.1215, 28.36483], [85.12174, 28.36496], [85.12193, 28.3649], [85.12216, 28.36462], [85.12245, 28.36438], [85.12265, 28.36418], [85.12284, 28.36404], [85.12299, 28.36389], [85.12318, 28.36373], [85.12336, 28.3636], [85.12347, 28.36357], [85.12368, 28.36355], [85.12392, 28.36352], [85.1241, 28.36353], [85.12438, 28.36359], [85.12466, 28.3637], [85.12488, 28.36386], [85.12504, 28.36405], [85.12512, 28.36425], [85.12513, 28.36449], [85.1252, 28.3647], [85.12527, 28.36484], [85.12537, 28.36496], [85.12559, 28.3651], [85.12587, 28.36522], [85.12614, 28.36529], [85.12625, 28.36538], [85.12637, 28.36554], [85.12653, 28.36577], [85.12665, 28.36596], [85.12684, 28.36609], [85.1271, 28.36621], [85.12736, 28.36626], [85.12755, 28.36626], [85.12775, 28.36621], [85.12796, 28.36614], [85.12818, 28.36595], [85.12837, 28.36585], [85.12864, 28.36574], [85.12897, 28.36563], [85.12925, 28.36556], [85.12948, 28.3655], [85.12959, 28.36541], [85.12975, 28.3652], [85.12997, 28.36501], [85.1304, 28.36466], [85.13052, 28.36454], [85.13096, 28.36427], [85.13158, 28.36397], [85.13191, 28.36384], [85.13242, 28.36364], [85.13264, 28.36362], [85.13298, 28.36359], [85.13337, 28.36353], [85.13364, 28.36354], [85.13391, 28.36361], [85.1341, 28.36373], [85.13421, 28.36378], [85.1344, 28.36382], [85.1346, 28.36379], [85.13486, 28.36374], [85.13513, 28.36369], [85.13571, 28.36362], [85.13596, 28.36362], [85.13615, 28.36366], [85.13619, 28.36376], [85.13618, 28.36383], [85.13621, 28.3639], [85.13641, 28.36402], [85.13658, 28.36409], [85.13675, 28.36422], [85.13688, 28.36428], [85.13697, 28.3644], [85.13693, 28.36445], [85.13675, 28.3645], [85.13653, 28.36452], [85.13618, 28.36455], [85.13589, 28.36455], [85.13565, 28.36454], [85.13556, 28.36457], [85.13554, 28.36469], [85.1356, 28.36481], [85.13574, 28.3649], [85.13592, 28.36497], [85.13612, 28.36509], [85.13631, 28.36523], [85.13646, 28.36531], [85.13679, 28.3654], [85.13697, 28.36541], [85.13713, 28.36537], [85.13755, 28.36532], [85.13769, 28.36538], [85.13792, 28.36547], [85.13825, 28.36549], [85.13852, 28.3654], [85.13882, 28.36535], [85.13913, 28.3653], [85.13938, 28.36526], [85.13955, 28.36526], [85.13977, 28.36528], [85.14001, 28.36534], [85.14014, 28.36546], [85.14023, 28.36556], [85.14043, 28.36582], [85.14053, 28.36598], [85.14066, 28.3661], [85.14092, 28.36623], [85.14109, 28.36633], [85.14115, 28.3665], [85.14112, 28.36667], [85.14101, 28.36683], [85.14088, 28.36705], [85.14059, 28.36746], [85.14047, 28.3676], [85.14042, 28.36781], [85.14033, 28.36801], [85.14009, 28.36835], [85.13985, 28.36862], [85.13962, 28.36882], [85.13938, 28.36902], [85.13916, 28.36918], [85.13889, 28.36937], [85.13868, 28.36953], [85.13859, 28.36965], [85.13859, 28.36978], [85.13869, 28.36991], [85.13889, 28.36994], [85.13908, 28.36994], [85.13936, 28.36997], [85.13957, 28.36997], [85.1397, 28.3699], [85.13986, 28.3697], [85.14001, 28.3695], [85.14022, 28.36934], [85.14039, 28.36932], [85.1406, 28.36933], [85.14074, 28.36938], [85.14078, 28.36946], [85.14074, 28.3696], [85.14066, 28.36976], [85.14057, 28.36989], [85.14044, 28.37007], [85.14033, 28.3703], [85.14029, 28.37058], [85.14029, 28.37078], [85.14058, 28.37146], [85.14071, 28.37203], [85.14068, 28.37234], [85.14063, 28.37264], [85.14048, 28.37314], [85.14026, 28.37354], [85.13992, 28.37407], [85.1397, 28.37436], [85.1395, 28.37475], [85.13934, 28.3751], [85.13919, 28.37551], [85.13889, 28.3758], [85.13847, 28.37616], [85.13787, 28.37649], [85.13752, 28.37659], [85.13718, 28.37662], [85.13674, 28.37648], [85.13639, 28.37629], [85.13614, 28.37608], [85.13582, 28.37585], [85.13551, 28.37552], [85.13532, 28.37515], [85.13523, 28.37495], [85.13511, 28.37469], [85.13498, 28.37448], [85.13477, 28.37419], [85.13449, 28.37399], [85.13426, 28.37384], [85.13402, 28.37363], [85.13385, 28.3734], [85.13383, 28.3731], [85.13383, 28.37278], [85.13383, 28.37251], [85.13387, 28.37213], [85.13395, 28.37171], [85.13411, 28.37135], [85.13439, 28.37087], [85.13456, 28.37073], [85.13485, 28.37068], [85.1352, 28.37073], [85.13533, 28.37095], [85.13533, 28.3712], [85.1354, 28.37138], [85.13571, 28.37163], [85.13604, 28.37179], [85.13638, 28.37189], [85.13666, 28.37188], [85.13685, 28.37166], [85.13693, 28.37144], [85.13693, 28.37123], [85.13684, 28.37099], [85.1366, 28.37065], [85.13644, 28.37051], [85.13634, 28.37028], [85.13626, 28.36997], [85.13623, 28.36961], [85.13607, 28.36939], [85.13584, 28.36919], [85.13543, 28.36891], [85.13486, 28.36874], [85.13443, 28.36864], [85.13407, 28.36862], [85.1336, 28.36861], [85.13284, 28.36866], [85.13251, 28.36864], [85.13222, 28.36856], [85.13191, 28.36844], [85.13148, 28.36837], [85.13109, 28.36838], [85.13076, 28.36846], [85.13042, 28.36852], [85.13013, 28.36842], [85.12987, 28.36826], [85.12952, 28.36812], [85.12918, 28.36809], [85.1288, 28.36806], [85.12845, 28.36816], [85.12819, 28.36829], [85.12789, 28.36844], [85.12771, 28.36858], [85.12751, 28.36885], [85.12728, 28.36931], [85.12707, 28.3696], [85.12677, 28.37], [85.1265, 28.37037], [85.12624, 28.37085], [85.12605, 28.37097], [85.12576, 28.37105], [85.12552, 28.37105], [85.12534, 28.3711], [85.12527, 28.37123], [85.12529, 28.37145], [85.12547, 28.3716], [85.12573, 28.37165], [85.12608, 28.37167], [85.12654, 28.37172], [85.12695, 28.3717], [85.12736, 28.37159], [85.12763, 28.37145], [85.12795, 28.37129], [85.12824, 28.37115], [85.12852, 28.37095], [85.12874, 28.37071], [85.12899, 28.3706], [85.12926, 28.37059], [85.12962, 28.37068], [85.12991, 28.37087], [85.13003, 28.37112], [85.13001, 28.37148], [85.12981, 28.37175], [85.12952, 28.37197], [85.12925, 28.37218], [85.12915, 28.37251], [85.1292, 28.3727], [85.12932, 28.373], [85.12932, 28.37326], [85.12924, 28.37353], [85.12913, 28.37376], [85.12889, 28.37432], [85.12871, 28.37457], [85.12844, 28.37479], [85.12808, 28.37505], [85.12785, 28.3753], [85.12782, 28.37559], [85.12784, 28.37577], [85.12801, 28.37591], [85.12844, 28.37601], [85.12875, 28.37606], [85.12897, 28.37616], [85.12915, 28.37635], [85.12925, 28.37654], [85.12942, 28.37681], [85.12956, 28.37706], [85.12964, 28.37731], [85.12964, 28.37756], [85.12968, 28.37783], [85.12977, 28.37803], [85.12987, 28.37813], [85.13007, 28.37819], [85.13055, 28.37804], [85.13091, 28.3779], [85.13135, 28.37765], [85.13165, 28.37744], [85.13195, 28.37747], [85.13225, 28.37751], [85.13282, 28.37768], [85.13325, 28.37778], [85.13345, 28.37794], [85.13358, 28.3782], [85.1334, 28.37865], [85.13317, 28.37906], [85.13309, 28.37943], [85.13305, 28.37982], [85.13313, 28.38006], [85.1333, 28.38021], [85.1336, 28.38024], [85.13385, 28.3801], [85.13407, 28.3796], [85.13419, 28.37926], [85.1344, 28.37904], [85.13468, 28.37894], [85.13492, 28.37891], [85.13526, 28.37895], [85.13579, 28.37901], [85.13624, 28.37918], [85.13641, 28.37933], [85.1366, 28.37966], [85.1366, 28.38006], [85.13653, 28.38051], [85.13634, 28.38081], [85.13607, 28.38119], [85.1359, 28.38143], [85.1355, 28.38188], [85.13538, 28.38207], [85.13163, 28.38765], [85.13093, 28.38698], [85.13055, 28.38672], [85.13025, 28.3863], [85.12975, 28.38598], [85.12898, 28.38589], [85.12827, 28.38602], [85.12763, 28.38642], [85.12735, 28.38683], [85.12705, 28.38753], [85.12677, 28.38806], [85.1264, 28.38849], [85.12576, 28.38868], [85.12486, 28.38864]]]}}, {"type": "Feature", "properties": {"km2": 1.539, "name": null, "near_source_5km": false}, "geometry": {"type": "Polygon", "coordinates": [[[85.06597, 28.39447], [85.06634, 28.39489], [85.06641, 28.39515], [85.06623, 28.39542], [85.066, 28.39544], [85.06568, 28.39525], [85.06529, 28.39492], [85.06505, 28.39467], [85.06485, 28.39451], [85.06462, 28.39433], [85.06437, 28.39415], [85.06408, 28.39398], [85.06371, 28.39368], [85.06339, 28.39344], [85.06314, 28.39331], [85.06285, 28.39323], [85.06255, 28.39329], [85.06233, 28.39357], [85.06226, 28.39399], [85.06227, 28.39451], [85.06238, 28.39516], [85.06269, 28.39567], [85.06295, 28.396], [85.06353, 28.39636], [85.06395, 28.39668], [85.06437, 28.39694], [85.0648, 28.39735], [85.06527, 28.39786], [85.06554, 28.39841], [85.06598, 28.39903], [85.06632, 28.39951], [85.06658, 28.39987], [85.06698, 28.40046], [85.06721, 28.40086], [85.06755, 28.40134], [85.06801, 28.40208], [85.06861, 28.40251], [85.06909, 28.40315], [85.06949, 28.40362], [85.06998, 28.40419], [85.07031, 28.40469], [85.07074, 28.40526], [85.0709, 28.4055], [85.071, 28.40581], [85.07098, 28.40621], [85.07081, 28.40633], [85.07041, 28.40611], [85.06989, 28.40579], [85.06931, 28.40544], [85.0688, 28.40515], [85.06832, 28.40485], [85.06761, 28.40442], [85.0669, 28.40381], [85.06662, 28.40358], [85.06633, 28.40328], [85.06602, 28.4029], [85.06569, 28.40255], [85.06498, 28.40165], [85.06441, 28.40113], [85.06379, 28.40042], [85.0633, 28.40003], [85.06268, 28.39937], [85.06233, 28.39888], [85.06187, 28.39837], [85.06143, 28.39781], [85.06088, 28.3972], [85.06064, 28.3969], [85.06049, 28.3967], [85.06036, 28.39635], [85.06022, 28.39577], [85.05995, 28.39527], [85.05969, 28.39511], [85.05938, 28.39519], [85.0591, 28.39536], [85.05878, 28.39555], [85.05801, 28.39579], [85.05723, 28.39599], [85.05651, 28.39628], [85.0558, 28.39665], [85.05524, 28.39685], [85.05469, 28.39712], [85.05427, 28.39713], [85.05389, 28.39727], [85.05344, 28.39751], [85.05312, 28.39775], [85.05269, 28.39831], [85.05232, 28.39905], [85.05187, 28.3998], [85.05138, 28.40036], [85.05078, 28.40078], [85.05023, 28.40106], [85.0497, 28.40117], [85.04911, 28.4011], [85.04882, 28.40087], [85.04877, 28.4005], [85.04886, 28.40022], [85.04908, 28.40004], [85.0495, 28.39995], [85.04991, 28.39979], [85.05032, 28.39952], [85.05075, 28.39905], [85.05105, 28.39865], [85.05132, 28.39805], [85.05155, 28.39754], [85.05184, 28.39687], [85.05219, 28.3964], [85.05269, 28.39603], [85.05319, 28.39573], [85.05392, 28.39547], [85.05513, 28.39515], [85.05573, 28.39503], [85.0564, 28.39486], [85.05726, 28.39459], [85.05785, 28.39435], [85.05859, 28.39403], [85.05894, 28.39377], [85.05918, 28.39347], [85.05923, 28.39317], [85.05913, 28.39291], [85.05882, 28.3926], [85.05872, 28.39233], [85.05862, 28.392], [85.05859, 28.39153], [85.05874, 28.39117], [85.05895, 28.39082], [85.05909, 28.39037], [85.05907, 28.39005], [85.05892, 28.38977], [85.05861, 28.3896], [85.05819, 28.3895], [85.058, 28.38952], [85.0576, 28.38958], [85.05711, 28.38964], [85.05635, 28.38964], [85.05571, 28.38943], [85.05534, 28.38921], [85.05505, 28.38882], [85.0549, 28.38856], [85.05475, 28.38821], [85.05458, 28.38777], [85.05438, 28.38748], [85.05409, 28.3871], [85.05367, 28.3866], [85.05359, 28.38651], [85.05333, 28.38613], [85.05332, 28.38583], [85.05334, 28.38538], [85.05359, 28.38485], [85.05365, 28.38426], [85.05371, 28.38373], [85.05367, 28.38335], [85.05356, 28.38304], [85.05351, 28.38242], [85.05366, 28.38187], [85.05453, 28.38146], [85.05526, 28.38139], [85.05578, 28.38149], [85.05642, 28.38163], [85.05718, 28.38169], [85.05778, 28.38193], [85.05821, 28.38236], [85.05849, 28.38296], [85.05868, 28.38339], [85.05903, 28.38401], [85.05964, 28.38499], [85.06035, 28.38594], [85.06114, 28.38628], [85.0618, 28.38661], [85.06247, 28.38701], [85.06372, 28.38788], [85.06468, 28.38865], [85.06534, 28.3892], [85.06587, 28.38959], [85.06628, 28.39019], [85.06647, 28.39059], [85.0663, 28.39121], [85.06585, 28.39212], [85.06559, 28.39268], [85.06553, 28.39316], [85.06566, 28.3937], [85.06597, 28.39447]]]}}, {"type": "Feature", "properties": {"km2": 4.045, "name": "Pawu Glacier", "near_source_5km": false}, "geometry": {"type": "Polygon", "coordinates": [[[85.14554, 28.41281], [85.14571, 28.41296], [85.14603, 28.41307], [85.14644, 28.41303], [85.14674, 28.41287], [85.14706, 28.4127], [85.14735, 28.41269], [85.14753, 28.41279], [85.14754, 28.41296], [85.14751, 28.41335], [85.14749, 28.41353], [85.14752, 28.41414], [85.14771, 28.41441], [85.14806, 28.41482], [85.14822, 28.4152], [85.14833, 28.4156], [85.14835, 28.41603], [85.14838, 28.41658], [85.14835, 28.41698], [85.14824, 28.41752], [85.14823, 28.41799], [85.14822, 28.41852], [85.14821, 28.41899], [85.14818, 28.41952], [85.14815, 28.42002], [85.14808, 28.42039], [85.14793, 28.42086], [85.14772, 28.42122], [85.14742, 28.42164], [85.14717, 28.42205], [85.1469, 28.42244], [85.14662, 28.4232], [85.14646, 28.42354], [85.14623, 28.42417], [85.14585, 28.42472], [85.1455, 28.42517], [85.14497, 28.42567], [85.14463, 28.42608], [85.14438, 28.42651], [85.14403, 28.42715], [85.14389, 28.42776], [85.14369, 28.42838], [85.14352, 28.42905], [85.14328, 28.42987], [85.1432, 28.43063], [85.14316, 28.43141], [85.14321, 28.43215], [85.1434, 28.4326], [85.14365, 28.43298], [85.14394, 28.43326], [85.14414, 28.43357], [85.14426, 28.43384], [85.1444, 28.43421], [85.14457, 28.43475], [85.14474, 28.43565], [85.14494, 28.43638], [85.14543, 28.43743], [85.14571, 28.43815], [85.14605, 28.43904], [85.14646, 28.43984], [85.14694, 28.44072], [85.14734, 28.44141], [85.14782, 28.44226], [85.14824, 28.44288], [85.14862, 28.44331], [85.14918, 28.44393], [85.14964, 28.44453], [85.15, 28.44515], [85.15033, 28.44582], [85.15075, 28.44639], [85.15117, 28.44691], [85.15159, 28.44727], [85.15224, 28.44778], [85.15299, 28.44813], [85.15393, 28.44853], [85.15455, 28.44879], [85.1553, 28.44901], [85.15553, 28.44917], [85.15563, 28.44937], [85.15563, 28.44969], [85.15547, 28.44989], [85.15517, 28.45007], [85.15486, 28.45023], [85.15437, 28.45025], [85.15375, 28.45028], [85.15301, 28.45022], [85.15253, 28.45002], [85.15209, 28.44981], [85.15156, 28.44959], [85.15105, 28.44945], [85.15039, 28.44923], [85.14982, 28.44907], [85.14928, 28.4489], [85.14889, 28.4487], [85.14848, 28.44847], [85.14804, 28.4482], [85.14766, 28.44789], [85.14726, 28.44758], [85.14648, 28.44686], [85.14601, 28.44633], [85.14567, 28.44593], [85.14534, 28.44548], [85.14488, 28.44493], [85.14446, 28.44443], [85.14411, 28.44402], [85.1436, 28.44335], [85.14325, 28.44283], [85.14302, 28.44251], [85.14281, 28.44206], [85.14252, 28.44159], [85.14237, 28.44114], [85.1423, 28.44075], [85.14224, 28.44049], [85.1421, 28.44016], [85.14182, 28.43962], [85.14156, 28.43926], [85.14129, 28.43903], [85.14109, 28.43876], [85.14099, 28.43838], [85.14099, 28.43801], [85.14099, 28.43777], [85.14097, 28.4374], [85.14089, 28.43708], [85.14053, 28.4366], [85.14027, 28.4364], [85.13992, 28.43609], [85.13968, 28.43578], [85.1396, 28.43548], [85.13941, 28.43496], [85.13929, 28.43423], [85.13904, 28.43377], [85.13875, 28.43335], [85.13846, 28.43274], [85.13828, 28.43205], [85.13825, 28.43148], [85.1382, 28.43111], [85.13809, 28.43069], [85.13801, 28.43027], [85.13795, 28.42985], [85.13786, 28.4294], [85.13783, 28.42899], [85.13783, 28.42855], [85.13779, 28.42761], [85.13765, 28.42731], [85.13738, 28.42688], [85.13724, 28.42669], [85.13695, 28.4263], [85.13666, 28.4261], [85.13632, 28.42591], [85.13599, 28.42577], [85.13535, 28.42536], [85.1349, 28.42491], [85.13463, 28.42455], [85.13444, 28.42421], [85.13417, 28.42381], [85.1339, 28.4232], [85.13365, 28.42271], [85.13354, 28.42239], [85.13345, 28.42189], [85.13317, 28.42107], [85.13291, 28.42055], [85.13273, 28.42019], [85.1325, 28.4198], [85.13228, 28.41953], [85.13213, 28.41941], [85.13178, 28.41907], [85.13142, 28.41887], [85.13116, 28.41859], [85.13087, 28.4182], [85.13057, 28.41782], [85.13034, 28.41752], [85.12972, 28.41688], [85.12934, 28.41654], [85.12907, 28.41626], [85.12883, 28.41605], [85.12863, 28.41581], [85.12842, 28.41554], [85.12815, 28.41519], [85.12804, 28.41505], [85.12785, 28.41489], [85.12767, 28.4147], [85.12763, 28.41451], [85.12767, 28.41427], [85.12787, 28.41415], [85.12836, 28.41413], [85.12881, 28.41405], [85.12918, 28.41401], [85.12975, 28.41399], [85.13015, 28.41395], [85.13051, 28.41386], [85.13088, 28.41382], [85.13126, 28.41387], [85.13149, 28.41389], [85.13173, 28.41371], [85.13191, 28.41346], [85.13204, 28.41318], [85.13213, 28.41281], [85.13219, 28.41253], [85.13209, 28.41196], [85.13188, 28.41159], [85.13145, 28.411], [85.13101, 28.41062], [85.13072, 28.41045], [85.13043, 28.41031], [85.13008, 28.41016], [85.12982, 28.41015], [85.12947, 28.41021], [85.12913, 28.41009], [85.12882, 28.40995], [85.12858, 28.40984], [85.1281, 28.40945], [85.12776, 28.40928], [85.12741, 28.40903], [85.12716, 28.40873], [85.12692, 28.40855], [85.12661, 28.40852], [85.1263, 28.40866], [85.12601, 28.40885], [85.12572, 28.4091], [85.12542, 28.40935], [85.125, 28.40945], [85.12427, 28.40944], [85.1238, 28.40944], [85.1232, 28.40939], [85.1225, 28.40914], [85.12236, 28.40892], [85.12239, 28.40872], [85.12266, 28.40838], [85.12298, 28.40824], [85.12348, 28.40801], [85.12409, 28.40788], [85.12448, 28.40777], [85.12482, 28.40758], [85.12532, 28.40738], [85.12578, 28.40724], [85.12632, 28.407], [85.12668, 28.40678], [85.12696, 28.4066], [85.1274, 28.40633], [85.12776, 28.40616], [85.12825, 28.40599], [85.12882, 28.40595], [85.12952, 28.40605], [85.12991, 28.40637], [85.1301, 28.40668], [85.13035, 28.40711], [85.13075, 28.40764], [85.13117, 28.40792], [85.13167, 28.40807], [85.13208, 28.40819], [85.13242, 28.40838], [85.13245, 28.40855], [85.13229, 28.40869], [85.13212, 28.40884], [85.13208, 28.40906], [85.13226, 28.40937], [85.13263, 28.40959], [85.13313, 28.40978], [85.13363, 28.40989], [85.13398, 28.40996], [85.1343, 28.40997], [85.13463, 28.41029], [85.13502, 28.41052], [85.13554, 28.41084], [85.13604, 28.41117], [85.13641, 28.41141], [85.13666, 28.41142], [85.13676, 28.41132], [85.13665, 28.41114], [85.13643, 28.411], [85.13613, 28.41083], [85.13586, 28.4107], [85.13566, 28.41059], [85.13544, 28.41043], [85.1352, 28.41025], [85.13501, 28.41], [85.13482, 28.40961], [85.13484, 28.4094], [85.135, 28.40925], [85.13522, 28.40908], [85.13549, 28.40899], [85.13584, 28.40898], [85.13625, 28.40898], [85.13668, 28.40915], [85.13682, 28.40928], [85.13724, 28.40956], [85.13755, 28.4097], [85.13787, 28.40992], [85.13806, 28.41007], [85.13828, 28.4104], [85.1384, 28.41066], [85.13843, 28.4109], [85.13851, 28.4112], [85.13864, 28.41162], [85.13874, 28.41195], [85.13886, 28.41219], [85.13904, 28.41246], [85.13929, 28.41287], [85.13961, 28.41313], [85.1399, 28.41329], [85.14017, 28.41332], [85.14038, 28.41327], [85.14065, 28.41309], [85.14078, 28.41289], [85.141, 28.41281], [85.1413, 28.41281], [85.14161, 28.41294], [85.14179, 28.41315], [85.14198, 28.41334], [85.14238, 28.41352], [85.14264, 28.41356], [85.14285, 28.41349], [85.14306, 28.41334], [85.1432, 28.41316], [85.14324, 28.41293], [85.14335, 28.41264], [85.14352, 28.41241], [85.14371, 28.41219], [85.14399, 28.41206], [85.14434, 28.41209], [85.14476, 28.41219], [85.14505, 28.41234], [85.14539, 28.41259], [85.14554, 28.41281]]]}}, {"type": "Feature", "properties": {"km2": 0.412, "name": null, "near_source_5km": false}, "geometry": {"type": "Polygon", "coordinates": [[[85.12063, 28.41409], [85.12017, 28.41403], [85.12001, 28.41394], [85.1198, 28.4138], [85.11967, 28.41368], [85.11947, 28.41352], [85.1193, 28.41345], [85.11914, 28.41338], [85.119, 28.4133], [85.11889, 28.41316], [85.11886, 28.41295], [85.1189, 28.41279], [85.11898, 28.41262], [85.11921, 28.41243], [85.11946, 28.41236], [85.11986, 28.41234], [85.12044, 28.41227], [85.12094, 28.41222], [85.12118, 28.4123], [85.12135, 28.41242], [85.12156, 28.41251], [85.1219, 28.41254], [85.12221, 28.41264], [85.12253, 28.41288], [85.12267, 28.41305], [85.12277, 28.41318], [85.12294, 28.41331], [85.12311, 28.41342], [85.12318, 28.41364], [85.1232, 28.41384], [85.12334, 28.41405], [85.12357, 28.41423], [85.12377, 28.41436], [85.12401, 28.41448], [85.12424, 28.41467], [85.12435, 28.41491], [85.12437, 28.41502], [85.1244, 28.41514], [85.12449, 28.41528], [85.1247, 28.41548], [85.12503, 28.41567], [85.12517, 28.41584], [85.12524, 28.41606], [85.12528, 28.41626], [85.1252, 28.41649], [85.12504, 28.41665], [85.12484, 28.41674], [85.12463, 28.41693], [85.12451, 28.41712], [85.12448, 28.41731], [85.12448, 28.41751], [85.12453, 28.41771], [85.12458, 28.41795], [85.12465, 28.41823], [85.12469, 28.41844], [85.12474, 28.41866], [85.12474, 28.41894], [85.12485, 28.4192], [85.12505, 28.41946], [85.12529, 28.41967], [85.12576, 28.41991], [85.12616, 28.42013], [85.12652, 28.42044], [85.12686, 28.42072], [85.12703, 28.42091], [85.12749, 28.42127], [85.1277, 28.42142], [85.12812, 28.4217], [85.12846, 28.42189], [85.12914, 28.42222], [85.12944, 28.42237], [85.12976, 28.42262], [85.13, 28.42291], [85.13026, 28.42315], [85.13044, 28.42342], [85.13045, 28.4236], [85.13039, 28.4239], [85.13025, 28.4241], [85.13008, 28.42434], [85.1299, 28.4245], [85.12977, 28.42454], [85.12951, 28.42457], [85.12908, 28.42456], [85.12857, 28.42452], [85.12814, 28.42445], [85.12782, 28.42431], [85.12754, 28.42416], [85.12738, 28.42421], [85.12728, 28.4243], [85.12719, 28.42441], [85.12698, 28.42446], [85.1268, 28.42443], [85.12664, 28.42431], [85.12648, 28.4241], [85.12635, 28.42399], [85.12604, 28.4238], [85.12565, 28.42359], [85.1254, 28.4235], [85.12513, 28.42336], [85.12487, 28.42325], [85.1246, 28.42313], [85.1244, 28.42299], [85.12425, 28.42275], [85.12419, 28.42262], [85.12406, 28.42246], [85.12389, 28.42232], [85.12348, 28.42205], [85.12341, 28.422], [85.12335, 28.42187], [85.12334, 28.42174], [85.12335, 28.42164], [85.12344, 28.42148], [85.12356, 28.42129], [85.1238, 28.42114], [85.12392, 28.42098], [85.12397, 28.42086], [85.12399, 28.42067], [85.12398, 28.42048], [85.12395, 28.42037], [85.1239, 28.42016], [85.1239, 28.42], [85.12392, 28.41982], [85.12389, 28.41966], [85.12383, 28.4195], [85.12366, 28.41926], [85.12351, 28.41913], [85.1234, 28.41903], [85.12327, 28.4189], [85.12306, 28.41874], [85.12285, 28.41864], [85.12275, 28.41856], [85.12272, 28.41843], [85.12271, 28.41836], [85.12271, 28.41821], [85.12262, 28.41806], [85.1226, 28.41792], [85.12261, 28.41784], [85.12262, 28.41772], [85.1226, 28.41756], [85.12251, 28.41737], [85.12241, 28.41715], [85.12232, 28.41686], [85.12219, 28.41665], [85.12208, 28.41652], [85.12191, 28.41632], [85.12175, 28.41613], [85.12167, 28.41596], [85.12164, 28.41574], [85.12167, 28.41553], [85.12177, 28.41539], [85.12188, 28.41522], [85.12201, 28.415], [85.12212, 28.41486], [85.12218, 28.41467], [85.12216, 28.41451], [85.12219, 28.41435], [85.12225, 28.41417], [85.12234, 28.41402], [85.12246, 28.41383], [85.12253, 28.41373], [85.12257, 28.41363], [85.12257, 28.41355], [85.12248, 28.41349], [85.1224, 28.41349], [85.12232, 28.41355], [85.12222, 28.41367], [85.12213, 28.41378], [85.12204, 28.41391], [85.12194, 28.41403], [85.12174, 28.41411], [85.12154, 28.41417], [85.1212, 28.4142], [85.1209, 28.41414], [85.12063, 28.41409]]]}}, {"type": "Feature", "properties": {"km2": 2.221, "name": null, "near_source_5km": false}, "geometry": {"type": "Polygon", "coordinates": [[[85.11742, 28.41574], [85.11746, 28.41603], [85.11745, 28.41625], [85.11741, 28.41654], [85.11732, 28.41675], [85.11717, 28.41696], [85.11705, 28.41714], [85.1169, 28.41734], [85.11675, 28.41764], [85.11663, 28.41792], [85.11645, 28.41826], [85.11628, 28.41854], [85.11615, 28.41879], [85.11606, 28.41902], [85.11597, 28.41923], [85.1158, 28.41945], [85.11568, 28.41959], [85.11552, 28.41976], [85.11538, 28.4199], [85.11511, 28.42019], [85.11487, 28.4206], [85.1148, 28.42092], [85.11464, 28.4212], [85.11445, 28.4215], [85.11431, 28.42171], [85.11427, 28.42193], [85.1142, 28.42216], [85.11414, 28.42234], [85.11405, 28.42257], [85.11406, 28.42286], [85.11402, 28.42323], [85.11402, 28.42349], [85.11402, 28.42363], [85.11404, 28.42384], [85.11403, 28.42402], [85.11402, 28.42416], [85.11395, 28.42431], [85.11384, 28.42448], [85.11363, 28.4247], [85.1135, 28.42487], [85.11321, 28.42525], [85.11302, 28.42557], [85.11286, 28.42584], [85.1128, 28.42599], [85.11272, 28.42623], [85.11255, 28.42649], [85.11242, 28.42663], [85.11225, 28.42671], [85.11204, 28.42687], [85.11182, 28.427], [85.11168, 28.42709], [85.11159, 28.42725], [85.11158, 28.42739], [85.11163, 28.4275], [85.11177, 28.42749], [85.11194, 28.42738], [85.11204, 28.42725], [85.11218, 28.42714], [85.11232, 28.42703], [85.11246, 28.42697], [85.11262, 28.42687], [85.1128, 28.42674], [85.11297, 28.42662], [85.1131, 28.42651], [85.11325, 28.42637], [85.11342, 28.4263], [85.11352, 28.42632], [85.11378, 28.42643], [85.11383, 28.42665], [85.11381, 28.42679], [85.11378, 28.42696], [85.11375, 28.42715], [85.11369, 28.42735], [85.1136, 28.4275], [85.1135, 28.42776], [85.11328, 28.42801], [85.11304, 28.4281], [85.11285, 28.42821], [85.11267, 28.42834], [85.11259, 28.42843], [85.11251, 28.42855], [85.11246, 28.42868], [85.1124, 28.4288], [85.11231, 28.42901], [85.11225, 28.42915], [85.11211, 28.42931], [85.11191, 28.42944], [85.11178, 28.42951], [85.1116, 28.42958], [85.11145, 28.42969], [85.11135, 28.42979], [85.11123, 28.42992], [85.11114, 28.43004], [85.11098, 28.43019], [85.11082, 28.4304], [85.11067, 28.43054], [85.11046, 28.43065], [85.1102, 28.4307], [85.11005, 28.43071], [85.10991, 28.43067], [85.1097, 28.43059], [85.10945, 28.43058], [85.10921, 28.43061], [85.10895, 28.43071], [85.10875, 28.43083], [85.10853, 28.43101], [85.10834, 28.43114], [85.10805, 28.43123], [85.10765, 28.43134], [85.10743, 28.4314], [85.10701, 28.43154], [85.10631, 28.43197], [85.10596, 28.43224], [85.1057, 28.43239], [85.10539, 28.43257], [85.10511, 28.43274], [85.10476, 28.43292], [85.10436, 28.4331], [85.10404, 28.43315], [85.1037, 28.4332], [85.10338, 28.4333], [85.10281, 28.43352], [85.10199, 28.4339], [85.10162, 28.43407], [85.10119, 28.43426], [85.10073, 28.43441], [85.10023, 28.43459], [85.09997, 28.4347], [85.09967, 28.43479], [85.09934, 28.43486], [85.09902, 28.43491], [85.09857, 28.43498], [85.09824, 28.43504], [85.09806, 28.43508], [85.09787, 28.43507], [85.09779, 28.43502], [85.0977, 28.43491], [85.09758, 28.43472], [85.09753, 28.43459], [85.0975, 28.43444], [85.09745, 28.43434], [85.09737, 28.43424], [85.09724, 28.43415], [85.09716, 28.43409], [85.09707, 28.43402], [85.097, 28.43387], [85.09694, 28.43377], [85.0968, 28.4337], [85.09661, 28.43367], [85.09642, 28.43367], [85.09622, 28.4337], [85.09596, 28.43376], [85.09572, 28.43381], [85.09548, 28.43382], [85.09539, 28.43377], [85.09539, 28.4337], [85.09544, 28.43364], [85.09558, 28.43347], [85.09577, 28.43333], [85.09604, 28.43312], [85.09651, 28.43289], [85.09707, 28.43256], [85.09732, 28.43236], [85.09757, 28.43226], [85.09771, 28.43218], [85.09789, 28.43193], [85.09801, 28.43177], [85.09825, 28.43154], [85.09848, 28.43139], [85.09875, 28.43119], [85.09898, 28.43098], [85.09918, 28.43074], [85.09942, 28.43046], [85.09978, 28.43016], [85.09999, 28.43001], [85.10012, 28.42986], [85.10016, 28.42965], [85.10017, 28.42943], [85.10019, 28.42923], [85.10025, 28.42906], [85.10038, 28.42883], [85.10054, 28.42868], [85.10068, 28.42855], [85.10075, 28.42843], [85.10074, 28.42823], [85.10069, 28.42813], [85.10064, 28.42804], [85.10063, 28.42791], [85.10068, 28.42772], [85.10076, 28.42754], [85.10085, 28.42735], [85.10097, 28.42719], [85.10119, 28.427], [85.10138, 28.42689], [85.10174, 28.4267], [85.102, 28.42649], [85.1022, 28.42636], [85.10244, 28.42607], [85.10256, 28.42585], [85.10264, 28.4256], [85.10272, 28.42533], [85.10287, 28.42506], [85.10299, 28.42487], [85.1031, 28.42474], [85.10329, 28.4245], [85.10345, 28.4243], [85.10364, 28.42411], [85.1038, 28.42385], [85.10391, 28.42367], [85.10404, 28.42345], [85.10424, 28.42325], [85.1045, 28.42292], [85.1048, 28.4226], [85.10491, 28.4224], [85.10498, 28.42225], [85.10501, 28.42206], [85.10511, 28.42185], [85.10518, 28.42174], [85.10526, 28.42162], [85.10528, 28.42148], [85.10526, 28.42139], [85.1052, 28.42129], [85.10514, 28.4212], [85.10503, 28.421], [85.10494, 28.42086], [85.10494, 28.42072], [85.10493, 28.4206], [85.10493, 28.42043], [85.10498, 28.42019], [85.10507, 28.42], [85.10522, 28.41989], [85.10544, 28.41979], [85.10572, 28.41976], [85.10593, 28.41981], [85.10613, 28.41989], [85.10629, 28.41996], [85.10645, 28.41999], [85.10662, 28.41997], [85.1068, 28.42001], [85.10699, 28.42011], [85.10721, 28.42021], [85.10739, 28.42022], [85.10755, 28.42015], [85.10765, 28.42004], [85.10775, 28.41993], [85.10788, 28.41977], [85.10801, 28.41969], [85.10819, 28.41958], [85.10829, 28.4195], [85.10842, 28.41937], [85.10856, 28.41924], [85.10872, 28.41903], [85.10892, 28.41866], [85.10898, 28.41852], [85.10905, 28.41834], [85.1091, 28.41821], [85.10918, 28.41799], [85.10925, 28.41781], [85.10933, 28.41764], [85.10946, 28.41748], [85.1096, 28.4173], [85.10971, 28.41713], [85.1098, 28.41696], [85.10981, 28.41682], [85.10981, 28.41672], [85.10975, 28.41665], [85.10962, 28.41664], [85.10953, 28.41675], [85.10952, 28.41687], [85.1095, 28.41705], [85.10934, 28.41722], [85.10921, 28.41732], [85.10911, 28.41745], [85.109, 28.41756], [85.10885, 28.41768], [85.10869, 28.41779], [85.10854, 28.41793], [85.10838, 28.41806], [85.10828, 28.41813], [85.10809, 28.41821], [85.10789, 28.41823], [85.10783, 28.41811], [85.10783, 28.41804], [85.10785, 28.4179], [85.10789, 28.41772], [85.10797, 28.41742], [85.10805, 28.41731], [85.10812, 28.41718], [85.10822, 28.41696], [85.10826, 28.41677], [85.10835, 28.41661], [85.10846, 28.41649], [85.10862, 28.4164], [85.10885, 28.41633], [85.10902, 28.41621], [85.1091, 28.41613], [85.10921, 28.41598], [85.10933, 28.41584], [85.10943, 28.4157], [85.10947, 28.41556], [85.10949, 28.41544], [85.10951, 28.41525], [85.10949, 28.4151], [85.1095, 28.41492], [85.10953, 28.41469], [85.10964, 28.41448], [85.10989, 28.41436], [85.11012, 28.41431], [85.11027, 28.41435], [85.11038, 28.41443], [85.11041, 28.41456], [85.11038, 28.41473], [85.11034, 28.41489], [85.11032, 28.41514], [85.1103, 28.41537], [85.11032, 28.41555], [85.1104, 28.41568], [85.11053, 28.41575], [85.11072, 28.41579], [85.11086, 28.41577], [85.11101, 28.4157], [85.11115, 28.41554], [85.11126, 28.41546], [85.11136, 28.4154], [85.11153, 28.41531], [85.11173, 28.41519], [85.11197, 28.41505], [85.11222, 28.41494], [85.11255, 28.41481], [85.11265, 28.41473], [85.11275, 28.41463], [85.11286, 28.41442], [85.11289, 28.41435], [85.11297, 28.41414], [85.1131, 28.41403], [85.11325, 28.41394], [85.11349, 28.41392], [85.11371, 28.4139], [85.11408, 28.41385], [85.11437, 28.4138], [85.11469, 28.41372], [85.11495, 28.4136], [85.11516, 28.41349], [85.1154, 28.41336], [85.11559, 28.41322], [85.11573, 28.41304], [85.11583, 28.41288], [85.11589, 28.41273], [85.11596, 28.41259], [85.116, 28.41244], [85.11594, 28.41235], [85.11584, 28.41228], [85.11565, 28.41223], [85.11533, 28.41221], [85.11506, 28.41223], [85.1149, 28.41231], [85.11467, 28.41238], [85.11431, 28.41237], [85.1141, 28.41229], [85.11399, 28.41216], [85.11389, 28.41199], [85.1137, 28.41192], [85.11348, 28.41194], [85.11329, 28.41201], [85.11305, 28.41208], [85.11274, 28.4121], [85.11241, 28.41212], [85.112, 28.41213], [85.11179, 28.41212], [85.11157, 28.41208], [85.11142, 28.412], [85.11135, 28.41192], [85.11136, 28.41183], [85.11139, 28.41174], [85.11146, 28.41154], [85.11154, 28.41137], [85.1116, 28.4112], [85.11162, 28.41104], [85.11168, 28.41087], [85.11173, 28.41074], [85.1118, 28.41062], [85.11192, 28.41043], [85.11219, 28.41004], [85.11235, 28.40989], [85.11258, 28.40982], [85.11278, 28.40982], [85.11297, 28.40984], [85.11315, 28.40983], [85.11346, 28.40986], [85.11379, 28.40984], [85.11395, 28.40978], [85.11411, 28.40968], [85.11424, 28.40953], [85.11445, 28.40942], [85.1147, 28.40939], [85.115, 28.40937], [85.11521, 28.40939], [85.11541, 28.40951], [85.11552, 28.40964], [85.11561, 28.40981], [85.11574, 28.41001], [85.11594, 28.41023], [85.11617, 28.41041], [85.1163, 28.41054], [85.11638, 28.41066], [85.11647, 28.4108], [85.11657, 28.41099], [85.11665, 28.41116], [85.11695, 28.41151], [85.1171, 28.4119], [85.11715, 28.41213], [85.11715, 28.41237], [85.11725, 28.41292], [85.11733, 28.4138], [85.11734, 28.41419], [85.11736, 28.4146], [85.11742, 28.41503], [85.11744, 28.41531], [85.11742, 28.41574]]]}}, {"type": "Feature", "properties": {"km2": 0.604, "name": null, "near_source_5km": false}, "geometry": {"type": "Polygon", "coordinates": [[[85.12724, 28.30502], [85.12699, 28.30503], [85.1268, 28.30507], [85.12661, 28.30515], [85.12655, 28.30527], [85.12658, 28.30533], [85.12666, 28.30541], [85.12683, 28.30554], [85.12695, 28.30572], [85.12695, 28.30592], [85.12695, 28.30612], [85.1269, 28.30638], [85.12677, 28.30653], [85.12659, 28.30664], [85.12644, 28.30665], [85.12627, 28.30666], [85.12617, 28.30669], [85.12616, 28.30687], [85.12617, 28.30701], [85.12617, 28.30716], [85.12612, 28.3072], [85.12601, 28.30725], [85.12579, 28.30725], [85.12557, 28.30722], [85.12537, 28.30716], [85.12513, 28.30709], [85.12486, 28.30704], [85.12468, 28.30702], [85.12431, 28.307], [85.12394, 28.307], [85.12378, 28.307], [85.12352, 28.307], [85.12336, 28.30696], [85.12327, 28.30686], [85.12326, 28.30678], [85.12331, 28.30656], [85.1234, 28.30644], [85.12357, 28.30626], [85.12369, 28.30613], [85.12375, 28.30604], [85.1238, 28.30591], [85.12383, 28.30565], [85.12382, 28.30554], [85.12386, 28.30535], [85.12393, 28.30523], [85.12407, 28.30508], [85.12422, 28.30499], [85.12443, 28.30482], [85.12454, 28.30476], [85.12469, 28.30465], [85.12483, 28.30447], [85.1249, 28.30414], [85.12491, 28.30389], [85.12483, 28.30372], [85.12462, 28.30349], [85.12444, 28.30349], [85.12428, 28.30354], [85.1241, 28.30369], [85.124, 28.30378], [85.1238, 28.30391], [85.12353, 28.30404], [85.1232, 28.30419], [85.12292, 28.3043], [85.12261, 28.30442], [85.12246, 28.30446], [85.1221, 28.30462], [85.12193, 28.30469], [85.12165, 28.30473], [85.1213, 28.3048], [85.12104, 28.30482], [85.12088, 28.30486], [85.12064, 28.30493], [85.12041, 28.30503], [85.12023, 28.30514], [85.1201, 28.30525], [85.11994, 28.30538], [85.11982, 28.30545], [85.11969, 28.30551], [85.11949, 28.3056], [85.11932, 28.30567], [85.11909, 28.30569], [85.11887, 28.30569], [85.11872, 28.30568], [85.11847, 28.30563], [85.11831, 28.30559], [85.11817, 28.30553], [85.11804, 28.30547], [85.11792, 28.30536], [85.11784, 28.30525], [85.11782, 28.30511], [85.11782, 28.30504], [85.11789, 28.30495], [85.11796, 28.30488], [85.11803, 28.30482], [85.11808, 28.30475], [85.11823, 28.30467], [85.11843, 28.30462], [85.11859, 28.30462], [85.11874, 28.30466], [85.11891, 28.3047], [85.1191, 28.30472], [85.11932, 28.3047], [85.11951, 28.30462], [85.11965, 28.30456], [85.11985, 28.30442], [85.12004, 28.30425], [85.12031, 28.30406], [85.12058, 28.30395], [85.12083, 28.30388], [85.12113, 28.30378], [85.12124, 28.30373], [85.12142, 28.30363], [85.12151, 28.30345], [85.12157, 28.30331], [85.12162, 28.3032], [85.12174, 28.30291], [85.12178, 28.30283], [85.12188, 28.30272], [85.12199, 28.30263], [85.12212, 28.30253], [85.12232, 28.30241], [85.1225, 28.30229], [85.12261, 28.30221], [85.12271, 28.30211], [85.12285, 28.30185], [85.12297, 28.30173], [85.12315, 28.30159], [85.12334, 28.30149], [85.12349, 28.30141], [85.12365, 28.30133], [85.12368, 28.30124], [85.12371, 28.30115], [85.12381, 28.30103], [85.12394, 28.30091], [85.12403, 28.30079], [85.12412, 28.30064], [85.12413, 28.30051], [85.12413, 28.30039], [85.12411, 28.30029], [85.12407, 28.30023], [85.12395, 28.30021], [85.1238, 28.30022], [85.12354, 28.30034], [85.12343, 28.30052], [85.1233, 28.3007], [85.12319, 28.30081], [85.12306, 28.30088], [85.12286, 28.301], [85.12271, 28.30114], [85.12262, 28.30124], [85.12252, 28.30128], [85.12238, 28.3013], [85.12229, 28.30128], [85.12223, 28.30122], [85.12217, 28.30111], [85.12215, 28.30094], [85.12218, 28.30075], [85.12232, 28.30056], [85.12237, 28.30047], [85.12242, 28.30032], [85.12249, 28.30015], [85.12253, 28.29999], [85.12257, 28.29979], [85.12264, 28.29963], [85.12276, 28.29947], [85.12289, 28.29934], [85.12307, 28.29922], [85.12327, 28.29914], [85.12343, 28.29907], [85.12356, 28.29902], [85.12371, 28.29897], [85.12389, 28.29892], [85.12406, 28.29884], [85.12412, 28.29875], [85.12425, 28.29856], [85.12429, 28.29849], [85.12437, 28.2983], [85.12448, 28.29812], [85.12467, 28.29794], [85.12484, 28.29784], [85.12511, 28.29775], [85.12525, 28.29773], [85.12549, 28.29774], [85.1259, 28.29789], [85.12606, 28.29799], [85.12617, 28.29804], [85.12632, 28.29807], [85.12649, 28.29809], [85.12664, 28.29817], [85.12687, 28.29821], [85.12706, 28.29826], [85.1272, 28.29835], [85.12735, 28.29847], [85.12749, 28.29857], [85.12767, 28.29873], [85.12771, 28.29888], [85.12774, 28.29911], [85.12785, 28.29925], [85.12805, 28.29939], [85.12825, 28.2995], [85.12843, 28.29951], [85.12856, 28.29947], [85.12865, 28.29932], [85.12853, 28.29912], [85.12837, 28.29902], [85.12833, 28.29886], [85.12836, 28.29876], [85.12858, 28.29871], [85.12886, 28.29884], [85.12899, 28.29895], [85.12922, 28.29917], [85.12946, 28.2993], [85.12971, 28.2994], [85.12997, 28.29953], [85.13028, 28.29967], [85.13058, 28.29986], [85.13075, 28.30004], [85.13086, 28.30021], [85.13102, 28.30045], [85.13129, 28.30064], [85.13145, 28.30072], [85.13158, 28.30082], [85.13167, 28.30095], [85.13168, 28.30116], [85.13157, 28.30129], [85.13143, 28.30145], [85.13137, 28.30167], [85.13139, 28.30183], [85.13143, 28.30203], [85.13138, 28.30227], [85.1312, 28.30234], [85.13085, 28.30237], [85.13066, 28.30231], [85.13046, 28.30213], [85.13026, 28.30206], [85.12985, 28.30205], [85.12963, 28.30214], [85.12955, 28.30229], [85.12959, 28.30246], [85.12967, 28.30259], [85.1297, 28.30277], [85.12969, 28.30304], [85.12963, 28.30323], [85.12951, 28.30334], [85.12914, 28.30351], [85.12883, 28.30358], [85.12854, 28.30366], [85.12815, 28.30383], [85.12802, 28.30393], [85.12795, 28.30401], [85.12786, 28.3042], [85.1279, 28.30447], [85.12794, 28.30464], [85.1279, 28.30486], [85.12772, 28.30497], [85.12724, 28.30502]]]}}, {"type": "Feature", "properties": {"km2": 0.272, "name": null, "near_source_5km": false}, "geometry": {"type": "Polygon", "coordinates": [[[85.094, 28.44968], [85.09355, 28.44984], [85.09331, 28.45], [85.09297, 28.45014], [85.09258, 28.45016], [85.09205, 28.45023], [85.09155, 28.45037], [85.09126, 28.45043], [85.09103, 28.45043], [85.09082, 28.45029], [85.09077, 28.44998], [85.0907, 28.44964], [85.09072, 28.44948], [85.09091, 28.44925], [85.09115, 28.44908], [85.09143, 28.44902], [85.09188, 28.44882], [85.09212, 28.44857], [85.09224, 28.44819], [85.09229, 28.44805], [85.0925, 28.44784], [85.09272, 28.44777], [85.09291, 28.4476], [85.09304, 28.44745], [85.09351, 28.44737], [85.09375, 28.44732], [85.09409, 28.44736], [85.09433, 28.44752], [85.09448, 28.44762], [85.0947, 28.44783], [85.09512, 28.44813], [85.09547, 28.44845], [85.09578, 28.44869], [85.09605, 28.44889], [85.09641, 28.44924], [85.09662, 28.44956], [85.09687, 28.44982], [85.09719, 28.44999], [85.09754, 28.45023], [85.0978, 28.45038], [85.09816, 28.45046], [85.09854, 28.4504], [85.09892, 28.45007], [85.09931, 28.44969], [85.09965, 28.44927], [85.10009, 28.44908], [85.10064, 28.44888], [85.10104, 28.44891], [85.10131, 28.44915], [85.10128, 28.44956], [85.10119, 28.45], [85.10119, 28.4504], [85.1012, 28.45089], [85.10121, 28.45123], [85.10092, 28.45158], [85.10076, 28.45179], [85.1001, 28.45224], [85.09978, 28.45246], [85.09924, 28.45276], [85.09846, 28.4527], [85.09802, 28.45254], [85.09761, 28.45226], [85.09743, 28.45227], [85.09696, 28.45224], [85.09676, 28.45236], [85.09656, 28.45247], [85.09634, 28.45244], [85.09618, 28.45217], [85.09615, 28.45196], [85.09611, 28.45165], [85.09586, 28.45132], [85.09559, 28.45105], [85.09536, 28.45072], [85.09515, 28.45047], [85.09493, 28.45017], [85.09479, 28.45002], [85.09449, 28.44989], [85.09425, 28.44982], [85.094, 28.44968]]]}}, {"type": "Feature", "properties": {"km2": 0.196, "name": null, "near_source_5km": false}, "geometry": {"type": "Polygon", "coordinates": [[[85.1092, 28.43835], [85.10897, 28.43836], [85.10869, 28.43832], [85.10844, 28.43823], [85.10814, 28.43812], [85.10796, 28.43803], [85.1077, 28.43787], [85.10735, 28.4377], [85.10706, 28.43763], [85.10682, 28.43756], [85.10663, 28.43755], [85.1064, 28.43754], [85.10615, 28.43752], [85.10589, 28.43748], [85.1056, 28.43727], [85.10544, 28.43714], [85.10531, 28.43701], [85.10519, 28.43668], [85.10516, 28.43655], [85.10521, 28.43634], [85.10535, 28.43604], [85.10553, 28.43573], [85.10579, 28.43536], [85.10604, 28.43492], [85.10622, 28.43469], [85.10645, 28.43448], [85.10674, 28.43432], [85.10704, 28.43415], [85.10729, 28.43402], [85.10762, 28.43379], [85.10799, 28.43367], [85.10833, 28.43368], [85.10856, 28.43373], [85.10873, 28.43375], [85.10902, 28.43382], [85.1093, 28.43385], [85.10954, 28.43386], [85.10971, 28.43397], [85.10986, 28.43417], [85.10995, 28.43445], [85.10995, 28.43491], [85.10993, 28.43508], [85.10988, 28.4353], [85.10992, 28.43543], [85.11007, 28.43556], [85.11018, 28.43561], [85.11045, 28.43572], [85.1106, 28.43595], [85.11068, 28.43611], [85.11075, 28.43634], [85.11078, 28.43656], [85.11075, 28.43688], [85.1107, 28.43709], [85.11063, 28.43716], [85.11048, 28.43732], [85.11033, 28.43745], [85.11011, 28.43757], [85.10995, 28.43769], [85.10982, 28.43782], [85.10969, 28.43798], [85.10954, 28.43817], [85.10941, 28.43825], [85.1092, 28.43835]]]}}, {"type": "Feature", "properties": {"km2": 0.044, "name": null, "near_source_5km": false}, "geometry": {"type": "Polygon", "coordinates": [[[85.49923, 28.43638], [85.499, 28.4365], [85.49873, 28.43665], [85.49851, 28.4368], [85.49832, 28.43698], [85.49817, 28.43716], [85.49796, 28.43725], [85.49767, 28.43721], [85.49755, 28.4371], [85.49755, 28.43696], [85.4976, 28.4368], [85.4977, 28.43661], [85.49782, 28.4365], [85.49804, 28.43629], [85.49834, 28.436], [85.49863, 28.43559], [85.49887, 28.43519], [85.49902, 28.4349], [85.49919, 28.43452], [85.49932, 28.43426], [85.49951, 28.43405], [85.4997, 28.43388], [85.49985, 28.43383], [85.50008, 28.43383], [85.50022, 28.43391], [85.50035, 28.43409], [85.5004, 28.43433], [85.50042, 28.43461], [85.50042, 28.43489], [85.50034, 28.43524], [85.50019, 28.43553], [85.50004, 28.43579], [85.49988, 28.43598], [85.49963, 28.43612], [85.49945, 28.43624], [85.49923, 28.43638]]]}}, {"type": "Feature", "properties": {"km2": 1.687, "name": null, "near_source_5km": false}, "geometry": {"type": "Polygon", "coordinates": [[[85.5028, 28.44336], [85.50262, 28.44344], [85.50248, 28.44353], [85.50227, 28.44361], [85.50206, 28.44375], [85.50185, 28.44385], [85.50168, 28.44391], [85.50148, 28.44396], [85.50112, 28.44406], [85.50092, 28.44408], [85.50079, 28.44407], [85.50065, 28.44402], [85.50055, 28.44394], [85.50047, 28.4437], [85.50048, 28.4436], [85.50058, 28.44344], [85.5007, 28.44336], [85.50091, 28.44327], [85.50099, 28.44316], [85.50109, 28.44294], [85.5011, 28.44266], [85.50107, 28.44242], [85.50103, 28.44219], [85.50103, 28.44187], [85.50108, 28.44164], [85.50114, 28.44136], [85.50131, 28.44086], [85.50153, 28.44025], [85.50159, 28.44011], [85.50159, 28.4399], [85.50144, 28.43954], [85.5013, 28.43929], [85.50114, 28.43894], [85.50118, 28.43848], [85.5014, 28.43781], [85.5015, 28.43767], [85.50168, 28.43739], [85.50196, 28.43715], [85.50212, 28.437], [85.50227, 28.43679], [85.50241, 28.43657], [85.5026, 28.43633], [85.50291, 28.43616], [85.50317, 28.43599], [85.50336, 28.4358], [85.50359, 28.43549], [85.50379, 28.43532], [85.50409, 28.43518], [85.50438, 28.43508], [85.5046, 28.43497], [85.50475, 28.43479], [85.50483, 28.4345], [85.50484, 28.43413], [85.50485, 28.4338], [85.50491, 28.43349], [85.50492, 28.4333], [85.50513, 28.43297], [85.5053, 28.43274], [85.50562, 28.43245], [85.50608, 28.43214], [85.50653, 28.43191], [85.50694, 28.43173], [85.50735, 28.43159], [85.50773, 28.43145], [85.50805, 28.43139], [85.50841, 28.43131], [85.5087, 28.43116], [85.50907, 28.431], [85.50952, 28.4308], [85.50988, 28.43063], [85.51012, 28.4305], [85.51021, 28.43033], [85.51025, 28.43014], [85.51024, 28.4299], [85.51022, 28.42965], [85.51015, 28.4294], [85.51011, 28.42918], [85.51014, 28.4289], [85.51029, 28.4287], [85.51058, 28.42852], [85.51081, 28.42824], [85.51099, 28.42795], [85.51111, 28.42768], [85.51111, 28.4275], [85.51102, 28.42735], [85.51089, 28.42729], [85.51076, 28.42716], [85.51062, 28.42697], [85.51053, 28.42669], [85.51051, 28.4264], [85.5105, 28.4262], [85.51041, 28.42609], [85.51026, 28.42604], [85.51018, 28.42604], [85.50998, 28.42605], [85.50992, 28.42602], [85.50987, 28.4259], [85.50988, 28.42572], [85.5099, 28.42563], [85.50992, 28.42544], [85.50996, 28.42524], [85.51007, 28.42507], [85.51025, 28.42477], [85.5104, 28.42449], [85.51055, 28.42429], [85.51071, 28.42395], [85.51093, 28.42362], [85.51108, 28.42347], [85.5114, 28.42322], [85.512, 28.42279], [85.51228, 28.4225], [85.51246, 28.4223], [85.5127, 28.42205], [85.51306, 28.42169], [85.51345, 28.4214], [85.51372, 28.42119], [85.51403, 28.42091], [85.51424, 28.42057], [85.51445, 28.42034], [85.51464, 28.42008], [85.51495, 28.41999], [85.51521, 28.42003], [85.51556, 28.4203], [85.51579, 28.42046], [85.51597, 28.42056], [85.51608, 28.42058], [85.5164, 28.42066], [85.51669, 28.42085], [85.51688, 28.42099], [85.51705, 28.42123], [85.51732, 28.42168], [85.51737, 28.42183], [85.5174, 28.42211], [85.51739, 28.42227], [85.51721, 28.42268], [85.51692, 28.42287], [85.5166, 28.42311], [85.51638, 28.42341], [85.51614, 28.42375], [85.51601, 28.42405], [85.51586, 28.42443], [85.51575, 28.42476], [85.5156, 28.42512], [85.51535, 28.42544], [85.51515, 28.4256], [85.51472, 28.42597], [85.51452, 28.42618], [85.51424, 28.42643], [85.51395, 28.42664], [85.51375, 28.42677], [85.51362, 28.42691], [85.51353, 28.42706], [85.51346, 28.42725], [85.51339, 28.42747], [85.51331, 28.42769], [85.51325, 28.4279], [85.51314, 28.42797], [85.51303, 28.4281], [85.51294, 28.42831], [85.51293, 28.4285], [85.51306, 28.4287], [85.51325, 28.42876], [85.51343, 28.42876], [85.51359, 28.42876], [85.51387, 28.42876], [85.51409, 28.42876], [85.5145, 28.42876], [85.51464, 28.42875], [85.51474, 28.42863], [85.51477, 28.42846], [85.51479, 28.42829], [85.51485, 28.42808], [85.51494, 28.42789], [85.51508, 28.42781], [85.51531, 28.42771], [85.5155, 28.42765], [85.51574, 28.4277], [85.51584, 28.42782], [85.51586, 28.42816], [85.51581, 28.42837], [85.5158, 28.42854], [85.5158, 28.4288], [85.5158, 28.42905], [85.51582, 28.42919], [85.51596, 28.42938], [85.51617, 28.42956], [85.5164, 28.42969], [85.51667, 28.42988], [85.51698, 28.4302], [85.51715, 28.43057], [85.51732, 28.43078], [85.51763, 28.43124], [85.51763, 28.43173], [85.51756, 28.432], [85.51737, 28.43228], [85.51703, 28.43259], [85.51675, 28.43279], [85.51652, 28.43294], [85.51637, 28.4331], [85.51616, 28.43349], [85.51605, 28.43363], [85.51598, 28.43372], [85.51575, 28.43394], [85.51539, 28.43438], [85.51509, 28.43459], [85.51486, 28.43475], [85.5146, 28.43489], [85.51414, 28.43504], [85.51352, 28.43516], [85.51306, 28.43524], [85.51261, 28.43529], [85.51228, 28.43537], [85.51192, 28.43542], [85.51156, 28.4355], [85.511, 28.43561], [85.51063, 28.43565], [85.51041, 28.43569], [85.50981, 28.43581], [85.50932, 28.43585], [85.50875, 28.43589], [85.50822, 28.43589], [85.50771, 28.43591], [85.50731, 28.43595], [85.50617, 28.43636], [85.50591, 28.43653], [85.50571, 28.43675], [85.50541, 28.43704], [85.50523, 28.4372], [85.50506, 28.43741], [85.50493, 28.43754], [85.50475, 28.43778], [85.50452, 28.4381], [85.50425, 28.43838], [85.50409, 28.43851], [85.50401, 28.43872], [85.50402, 28.43891], [85.50412, 28.43912], [85.50417, 28.43925], [85.50449, 28.43951], [85.50471, 28.43961], [85.50541, 28.43976], [85.50562, 28.43974], [85.50574, 28.43971], [85.50583, 28.43962], [85.50587, 28.43942], [85.50584, 28.43903], [85.50585, 28.43887], [85.50599, 28.43857], [85.50624, 28.43836], [85.50641, 28.43812], [85.50663, 28.43783], [85.50684, 28.43762], [85.50703, 28.43748], [85.50722, 28.43745], [85.50737, 28.43746], [85.50768, 28.43753], [85.50833, 28.43754], [85.50854, 28.43759], [85.50913, 28.43768], [85.50963, 28.43776], [85.50997, 28.43782], [85.51058, 28.43794], [85.51111, 28.43804], [85.51154, 28.43811], [85.51206, 28.43824], [85.51231, 28.43834], [85.51268, 28.43839], [85.51302, 28.43842], [85.51354, 28.43849], [85.51399, 28.43858], [85.51439, 28.43874], [85.51453, 28.43896], [85.5146, 28.43925], [85.51473, 28.43945], [85.51504, 28.4396], [85.51537, 28.43966], [85.51556, 28.43968], [85.51585, 28.43969], [85.51611, 28.43972], [85.51628, 28.43985], [85.51647, 28.44006], [85.51665, 28.44047], [85.51674, 28.44076], [85.51684, 28.44114], [85.51693, 28.44149], [85.51704, 28.44178], [85.51706, 28.44198], [85.51707, 28.44224], [85.51697, 28.44254], [85.51682, 28.44274], [85.51653, 28.44275], [85.5163, 28.44274], [85.51587, 28.4426], [85.5156, 28.44246], [85.51538, 28.4423], [85.51526, 28.44216], [85.51505, 28.44197], [85.51477, 28.44183], [85.51458, 28.44164], [85.51441, 28.44145], [85.51428, 28.4413], [85.51405, 28.44109], [85.51378, 28.44087], [85.51358, 28.44074], [85.51338, 28.4406], [85.51328, 28.44046], [85.51305, 28.44033], [85.51278, 28.44028], [85.51269, 28.44034], [85.51261, 28.44052], [85.51258, 28.44073], [85.51257, 28.44089], [85.51253, 28.44103], [85.51244, 28.44117], [85.51223, 28.44127], [85.51204, 28.44128], [85.51186, 28.44123], [85.51134, 28.44112], [85.51093, 28.44099], [85.51062, 28.44088], [85.51023, 28.4408], [85.5097, 28.44069], [85.50922, 28.4406], [85.50861, 28.44045], [85.50798, 28.44046], [85.50747, 28.44056], [85.50695, 28.44065], [85.50646, 28.44073], [85.50591, 28.44086], [85.50532, 28.44094], [85.5048, 28.44103], [85.50444, 28.44119], [85.50411, 28.44134], [85.50388, 28.44156], [85.50369, 28.44177], [85.50346, 28.44211], [85.50324, 28.44249], [85.50314, 28.44286], [85.50297, 28.44313], [85.5028, 28.44336]]]}}, {"type": "Feature", "properties": {"km2": 0.569, "name": null, "near_source_5km": false}, "geometry": {"type": "Polygon", "coordinates": [[[85.50491, 28.44455], [85.50522, 28.44472], [85.50544, 28.44491], [85.50618, 28.44501], [85.50667, 28.44505], [85.50715, 28.44515], [85.5075, 28.44526], [85.50775, 28.44538], [85.50826, 28.44565], [85.50877, 28.44593], [85.50896, 28.44608], [85.50934, 28.44626], [85.5098, 28.44644], [85.51007, 28.4466], [85.5103, 28.44678], [85.51054, 28.44708], [85.51071, 28.44731], [85.51103, 28.44755], [85.51131, 28.44763], [85.51184, 28.44793], [85.51203, 28.44811], [85.51215, 28.44827], [85.51236, 28.44857], [85.51263, 28.44893], [85.51281, 28.44916], [85.51308, 28.44939], [85.51347, 28.44956], [85.51381, 28.4497], [85.51406, 28.44982], [85.51438, 28.45004], [85.51461, 28.4503], [85.51474, 28.45061], [85.51485, 28.45086], [85.51494, 28.4511], [85.51497, 28.4514], [85.51498, 28.45169], [85.51494, 28.45201], [85.51483, 28.45226], [85.51465, 28.45242], [85.51421, 28.4527], [85.51384, 28.45284], [85.51361, 28.45287], [85.51331, 28.45286], [85.51299, 28.4528], [85.51257, 28.45267], [85.51203, 28.4525], [85.5116, 28.45228], [85.51127, 28.45214], [85.51079, 28.45205], [85.51048, 28.45205], [85.51019, 28.45205], [85.50992, 28.45202], [85.5097, 28.45199], [85.50942, 28.45187], [85.50919, 28.45174], [85.50871, 28.4515], [85.50829, 28.45128], [85.5079, 28.45108], [85.50744, 28.45089], [85.50703, 28.45077], [85.50665, 28.45066], [85.50626, 28.45052], [85.50604, 28.4504], [85.50572, 28.45005], [85.50553, 28.44979], [85.50542, 28.44951], [85.50528, 28.44924], [85.50518, 28.44882], [85.50494, 28.44844], [85.50471, 28.44804], [85.50445, 28.44766], [85.50424, 28.44742], [85.50395, 28.44708], [85.50371, 28.44679], [85.50353, 28.4466], [85.5032, 28.44623], [85.50282, 28.44604], [85.50217, 28.44579], [85.50203, 28.44564], [85.50193, 28.44547], [85.50194, 28.44534], [85.50204, 28.44515], [85.50235, 28.44499], [85.50261, 28.4448], [85.50295, 28.44467], [85.50334, 28.44451], [85.50375, 28.44444], [85.50393, 28.44444], [85.50422, 28.44445], [85.50453, 28.44447], [85.50491, 28.44455]]]}}, {"type": "Feature", "properties": {"km2": 0.043, "name": null, "near_source_5km": false}, "geometry": {"type": "Polygon", "coordinates": [[[85.51876, 28.42745], [85.51839, 28.42721], [85.5181, 28.42704], [85.51788, 28.42694], [85.51768, 28.42675], [85.51757, 28.42657], [85.51754, 28.4264], [85.51755, 28.42616], [85.51764, 28.426], [85.51783, 28.42587], [85.51811, 28.42583], [85.51839, 28.42583], [85.51854, 28.42584], [85.51873, 28.42589], [85.51891, 28.42605], [85.51899, 28.42618], [85.51909, 28.42632], [85.51922, 28.42642], [85.51938, 28.42645], [85.51953, 28.4264], [85.51963, 28.42634], [85.51977, 28.42634], [85.52, 28.42642], [85.52012, 28.42649], [85.52028, 28.42661], [85.52042, 28.42673], [85.52061, 28.42696], [85.52066, 28.42714], [85.52068, 28.42736], [85.52066, 28.42749], [85.52051, 28.42762], [85.52031, 28.42772], [85.52012, 28.42781], [85.51993, 28.42788], [85.51971, 28.4279], [85.51951, 28.42788], [85.51935, 28.42786], [85.51915, 28.42777], [85.51901, 28.42767], [85.51876, 28.42745]]]}}, {"type": "Feature", "properties": {"km2": 0.514, "name": null, "near_source_5km": false}, "geometry": {"type": "Polygon", "coordinates": [[[85.52642, 28.42899], [85.52614, 28.42911], [85.52586, 28.42926], [85.52568, 28.4294], [85.52544, 28.42959], [85.5251, 28.42977], [85.52491, 28.42992], [85.5248, 28.43011], [85.52477, 28.43025], [85.52478, 28.43053], [85.52485, 28.43068], [85.52499, 28.43093], [85.52517, 28.43106], [85.52521, 28.43122], [85.52517, 28.4314], [85.52506, 28.43157], [85.52472, 28.43162], [85.52442, 28.43167], [85.52412, 28.43181], [85.52381, 28.43205], [85.52354, 28.43235], [85.52329, 28.43257], [85.52303, 28.43272], [85.52274, 28.43289], [85.52237, 28.43313], [85.52211, 28.43332], [85.5219, 28.43362], [85.52165, 28.4341], [85.52153, 28.43435], [85.52138, 28.43462], [85.52123, 28.43486], [85.52104, 28.43505], [85.52094, 28.43514], [85.52066, 28.43531], [85.52039, 28.43545], [85.5202, 28.43549], [85.51997, 28.43544], [85.51981, 28.43535], [85.51965, 28.43527], [85.51941, 28.43518], [85.51914, 28.43507], [85.51888, 28.43494], [85.51863, 28.43482], [85.51842, 28.4347], [85.51819, 28.43457], [85.51805, 28.43442], [85.51799, 28.43425], [85.518, 28.43402], [85.51808, 28.43384], [85.51824, 28.43367], [85.51843, 28.4335], [85.51872, 28.43328], [85.51891, 28.43316], [85.51918, 28.43284], [85.51941, 28.43249], [85.51965, 28.43216], [85.51993, 28.43187], [85.52, 28.43169], [85.52002, 28.43152], [85.52001, 28.43129], [85.51993, 28.43113], [85.51977, 28.43098], [85.51965, 28.43082], [85.51952, 28.4306], [85.5195, 28.43026], [85.51958, 28.43004], [85.51983, 28.42967], [85.51996, 28.42959], [85.52024, 28.42945], [85.52047, 28.42938], [85.52078, 28.42938], [85.5211, 28.4294], [85.52146, 28.42943], [85.52178, 28.42943], [85.522, 28.42944], [85.52229, 28.42944], [85.52289, 28.42942], [85.52326, 28.42938], [85.52373, 28.42929], [85.52409, 28.42915], [85.52448, 28.42895], [85.52474, 28.42879], [85.52488, 28.42869], [85.52522, 28.42833], [85.52549, 28.42803], [85.52571, 28.42777], [85.52595, 28.4275], [85.52613, 28.42723], [85.52625, 28.42685], [85.52629, 28.42661], [85.52628, 28.42638], [85.52618, 28.4262], [85.52608, 28.42614], [85.52589, 28.4261], [85.52573, 28.42617], [85.52565, 28.4263], [85.52546, 28.42655], [85.52527, 28.42685], [85.52513, 28.42712], [85.52502, 28.42743], [85.52494, 28.42767], [85.52482, 28.42788], [85.5247, 28.42808], [85.52459, 28.42819], [85.52439, 28.42829], [85.52417, 28.42833], [85.52386, 28.4284], [85.52348, 28.42844], [85.52323, 28.42838], [85.52309, 28.42824], [85.52308, 28.42801], [85.52309, 28.42781], [85.52316, 28.42765], [85.52327, 28.42741], [85.52337, 28.42719], [85.52351, 28.4268], [85.5236, 28.42654], [85.52381, 28.42613], [85.52394, 28.42591], [85.52408, 28.42575], [85.52438, 28.42549], [85.52473, 28.42522], [85.52501, 28.42506], [85.52525, 28.42483], [85.52559, 28.42442], [85.5258, 28.42414], [85.52592, 28.424], [85.52621, 28.42367], [85.52653, 28.42339], [85.52678, 28.4232], [85.52691, 28.42309], [85.52708, 28.42303], [85.52716, 28.42308], [85.52731, 28.42326], [85.52734, 28.42342], [85.52727, 28.42377], [85.52729, 28.42397], [85.52735, 28.4241], [85.52746, 28.42417], [85.52767, 28.42419], [85.52797, 28.42412], [85.52812, 28.42401], [85.52836, 28.42384], [85.52851, 28.42371], [85.52865, 28.42363], [85.52882, 28.42364], [85.52894, 28.42374], [85.529, 28.42389], [85.52913, 28.42413], [85.52922, 28.42434], [85.52922, 28.42462], [85.52915, 28.42497], [85.52912, 28.42525], [85.52912, 28.42586], [85.52912, 28.42622], [85.52914, 28.42656], [85.52915, 28.42677], [85.5291, 28.42717], [85.52898, 28.42751], [85.52883, 28.42768], [85.52866, 28.42782], [85.52857, 28.4279], [85.52841, 28.42806], [85.52827, 28.42827], [85.52814, 28.42837], [85.52794, 28.42846], [85.52772, 28.42857], [85.5275, 28.42858], [85.52723, 28.4286], [85.52704, 28.42861], [85.52676, 28.42869], [85.52656, 28.42879], [85.52642, 28.42899]]]}}, {"type": "Feature", "properties": {"km2": 0.645, "name": null, "near_source_5km": false}, "geometry": {"type": "Polygon", "coordinates": [[[85.53082, 28.44549], [85.53087, 28.44562], [85.53094, 28.44574], [85.53105, 28.44585], [85.53125, 28.44597], [85.53147, 28.44597], [85.53161, 28.44581], [85.53169, 28.44561], [85.53178, 28.44547], [85.53193, 28.44533], [85.53204, 28.44532], [85.53214, 28.44538], [85.53226, 28.44544], [85.53236, 28.4455], [85.53251, 28.4456], [85.5326, 28.44569], [85.53265, 28.4458], [85.53263, 28.44591], [85.53253, 28.44598], [85.53241, 28.4462], [85.53224, 28.44642], [85.53216, 28.44654], [85.53212, 28.44663], [85.53211, 28.44702], [85.53212, 28.4473], [85.53209, 28.4476], [85.53205, 28.44782], [85.53197, 28.4482], [85.53185, 28.4484], [85.53169, 28.44859], [85.53157, 28.44873], [85.53134, 28.44899], [85.53118, 28.44927], [85.53109, 28.44961], [85.53094, 28.44987], [85.53084, 28.45006], [85.53074, 28.45033], [85.53066, 28.45064], [85.53046, 28.45099], [85.53036, 28.4512], [85.53025, 28.45148], [85.53014, 28.45181], [85.53005, 28.45209], [85.52981, 28.45232], [85.52956, 28.45246], [85.52927, 28.45253], [85.52906, 28.45258], [85.52883, 28.45266], [85.52862, 28.45291], [85.52851, 28.45315], [85.52838, 28.45361], [85.52838, 28.45381], [85.5285, 28.45419], [85.5285, 28.45472], [85.52856, 28.45511], [85.52861, 28.4556], [85.52863, 28.45614], [85.52863, 28.45656], [85.52856, 28.45711], [85.52846, 28.45767], [85.52838, 28.45816], [85.52816, 28.45877], [85.52797, 28.45904], [85.52765, 28.45933], [85.52716, 28.45966], [85.52663, 28.45994], [85.52623, 28.46028], [85.52582, 28.46055], [85.52541, 28.46095], [85.5251, 28.46121], [85.52485, 28.46176], [85.52465, 28.46221], [85.52452, 28.46273], [85.52442, 28.46296], [85.52429, 28.46311], [85.52409, 28.46328], [85.52393, 28.46344], [85.52369, 28.46366], [85.52357, 28.46382], [85.52337, 28.46391], [85.52315, 28.46392], [85.52295, 28.46389], [85.52273, 28.46378], [85.52262, 28.46361], [85.52257, 28.46337], [85.52256, 28.46318], [85.52247, 28.46293], [85.52236, 28.46276], [85.52223, 28.46262], [85.52204, 28.46254], [85.52185, 28.46242], [85.5217, 28.46224], [85.52164, 28.46201], [85.52171, 28.46178], [85.52198, 28.46131], [85.52212, 28.46105], [85.52236, 28.46053], [85.52261, 28.46005], [85.52275, 28.4598], [85.52316, 28.45933], [85.5234, 28.4591], [85.52376, 28.45892], [85.52404, 28.45872], [85.52441, 28.45845], [85.52461, 28.45818], [85.52481, 28.45792], [85.52508, 28.45754], [85.52529, 28.45705], [85.52533, 28.45677], [85.52525, 28.45638], [85.52517, 28.45618], [85.52503, 28.45594], [85.52492, 28.45579], [85.52469, 28.4556], [85.5246, 28.45546], [85.52454, 28.45527], [85.52455, 28.45501], [85.5247, 28.45462], [85.52481, 28.45435], [85.52492, 28.45407], [85.52499, 28.45369], [85.52505, 28.45337], [85.52509, 28.45302], [85.52527, 28.45269], [85.52541, 28.45252], [85.52558, 28.45239], [85.52578, 28.45226], [85.52593, 28.45216], [85.5261, 28.45199], [85.52616, 28.45184], [85.52618, 28.4516], [85.52629, 28.45141], [85.52645, 28.45121], [85.52656, 28.45113], [85.52683, 28.45107], [85.52711, 28.45106], [85.52758, 28.45096], [85.52786, 28.45089], [85.52816, 28.45066], [85.52839, 28.4504], [85.5286, 28.45008], [85.52894, 28.44972], [85.52908, 28.44947], [85.52914, 28.44919], [85.52926, 28.44891], [85.52939, 28.44859], [85.52951, 28.44831], [85.52963, 28.44808], [85.5297, 28.44787], [85.52977, 28.44769], [85.52988, 28.44745], [85.52991, 28.44726], [85.52991, 28.44702], [85.52985, 28.44684], [85.52978, 28.44671], [85.52952, 28.44658], [85.5293, 28.44651], [85.52919, 28.44642], [85.52915, 28.44621], [85.5292, 28.44605], [85.52927, 28.44602], [85.52941, 28.44597], [85.52964, 28.44588], [85.52986, 28.4458], [85.53003, 28.44567], [85.53016, 28.44552], [85.53029, 28.4454], [85.53039, 28.44539], [85.53042, 28.44535], [85.53043, 28.44529], [85.53043, 28.44523], [85.53039, 28.44512], [85.53035, 28.44501], [85.53033, 28.44489], [85.53034, 28.44465], [85.53042, 28.44447], [85.53048, 28.44435], [85.53058, 28.44413], [85.53061, 28.444], [85.53069, 28.44383], [85.53072, 28.44373], [85.53074, 28.44356], [85.53075, 28.44346], [85.53084, 28.44327], [85.53091, 28.44316], [85.531, 28.44305], [85.53112, 28.44285], [85.53122, 28.44272], [85.53133, 28.4426], [85.53147, 28.44249], [85.53165, 28.44244], [85.53192, 28.44243], [85.5323, 28.4425], [85.53238, 28.44256], [85.53245, 28.44266], [85.53245, 28.44277], [85.53235, 28.44296], [85.53218, 28.44314], [85.53183, 28.44332], [85.53157, 28.44347], [85.53131, 28.4436], [85.53119, 28.4437], [85.53102, 28.44389], [85.53096, 28.44403], [85.53093, 28.44419], [85.5309, 28.44444], [85.53091, 28.44472], [85.53091, 28.44494], [85.5309, 28.44503], [85.53085, 28.44516], [85.53081, 28.4453], [85.5308, 28.4454], [85.53082, 28.44549]]]}}, {"type": "Feature", "properties": {"km2": 0.014, "name": null, "near_source_5km": false}, "geometry": {"type": "Polygon", "coordinates": [[[85.53669, 28.44278], [85.53688, 28.44298], [85.53701, 28.4432], [85.53702, 28.44345], [85.53684, 28.44365], [85.53661, 28.44359], [85.53644, 28.44347], [85.53624, 28.44335], [85.53591, 28.44334], [85.53572, 28.44343], [85.53561, 28.44356], [85.53546, 28.44352], [85.53538, 28.44344], [85.53531, 28.44329], [85.5353, 28.44313], [85.53535, 28.44292], [85.5354, 28.44282], [85.53553, 28.44269], [85.53568, 28.44261], [85.53607, 28.44257], [85.53649, 28.44262], [85.53669, 28.44278]]]}}, {"type": "Feature", "properties": {"km2": 0.574, "name": null, "near_source_5km": false}, "geometry": {"type": "Polygon", "coordinates": [[[85.53811, 28.44619], [85.53849, 28.44584], [85.53874, 28.44559], [85.53911, 28.44538], [85.5395, 28.44514], [85.54009, 28.44488], [85.5406, 28.44462], [85.54115, 28.44435], [85.54152, 28.44417], [85.54196, 28.44407], [85.54228, 28.44402], [85.54272, 28.44397], [85.54299, 28.44396], [85.54358, 28.44407], [85.54404, 28.44421], [85.54424, 28.4444], [85.54435, 28.44463], [85.54437, 28.4449], [85.54435, 28.44544], [85.54426, 28.44594], [85.5441, 28.44621], [85.54391, 28.44651], [85.54373, 28.44671], [85.54353, 28.44688], [85.54333, 28.44707], [85.54311, 28.44727], [85.54281, 28.44747], [85.54258, 28.44765], [85.54238, 28.44782], [85.54205, 28.44794], [85.5417, 28.44801], [85.54104, 28.44807], [85.54054, 28.44816], [85.54036, 28.4483], [85.54027, 28.44852], [85.54019, 28.44872], [85.54011, 28.44894], [85.53996, 28.44921], [85.53976, 28.44943], [85.5397, 28.4496], [85.53956, 28.44986], [85.53934, 28.45007], [85.53916, 28.45017], [85.53894, 28.45026], [85.53881, 28.45035], [85.53875, 28.45045], [85.53877, 28.45058], [85.53892, 28.45069], [85.53915, 28.45069], [85.53938, 28.45065], [85.53977, 28.45065], [85.54014, 28.4506], [85.54027, 28.45056], [85.54031, 28.45044], [85.54023, 28.45035], [85.54009, 28.45028], [85.53991, 28.45023], [85.53988, 28.45006], [85.53996, 28.44997], [85.54013, 28.44996], [85.54042, 28.45003], [85.54073, 28.45007], [85.54107, 28.45009], [85.5414, 28.45013], [85.54157, 28.45021], [85.54179, 28.45044], [85.54189, 28.45061], [85.54208, 28.45084], [85.54252, 28.4513], [85.54261, 28.45148], [85.54267, 28.45169], [85.54262, 28.45202], [85.54253, 28.45221], [85.54237, 28.4524], [85.54215, 28.45252], [85.54185, 28.45253], [85.54137, 28.45242], [85.54111, 28.45226], [85.54053, 28.45188], [85.5403, 28.45177], [85.5401, 28.45162], [85.53967, 28.45152], [85.53942, 28.45148], [85.539, 28.45147], [85.53866, 28.45151], [85.53838, 28.45157], [85.53812, 28.45169], [85.53784, 28.45173], [85.53765, 28.45172], [85.53746, 28.45172], [85.53719, 28.45177], [85.537, 28.45178], [85.53683, 28.45176], [85.53675, 28.45157], [85.53679, 28.45143], [85.53684, 28.45131], [85.53696, 28.45115], [85.53712, 28.45099], [85.53729, 28.45085], [85.5376, 28.45069], [85.53778, 28.45062], [85.53799, 28.45052], [85.53822, 28.45037], [85.53838, 28.45026], [85.53855, 28.45006], [85.53861, 28.44994], [85.53854, 28.44977], [85.53832, 28.44967], [85.53812, 28.4496], [85.53787, 28.44957], [85.53758, 28.44958], [85.53724, 28.44969], [85.53699, 28.44972], [85.53662, 28.44976], [85.53627, 28.44985], [85.53603, 28.44999], [85.53567, 28.45019], [85.53528, 28.45041], [85.53503, 28.45064], [85.53471, 28.45095], [85.53432, 28.45127], [85.53397, 28.45158], [85.53369, 28.45185], [85.5334, 28.45219], [85.5329, 28.45273], [85.53259, 28.45306], [85.53234, 28.45342], [85.53221, 28.45385], [85.53212, 28.45413], [85.53204, 28.4544], [85.53191, 28.45469], [85.53176, 28.45492], [85.53161, 28.45512], [85.53146, 28.4553], [85.53114, 28.45543], [85.53099, 28.45543], [85.53081, 28.45535], [85.53057, 28.4553], [85.53033, 28.45531], [85.53007, 28.45526], [85.52988, 28.4552], [85.52979, 28.45502], [85.52979, 28.45484], [85.52988, 28.45473], [85.53, 28.45454], [85.53022, 28.45426], [85.53041, 28.45403], [85.53051, 28.45378], [85.53053, 28.45363], [85.53065, 28.45325], [85.53073, 28.45278], [85.53082, 28.45253], [85.53091, 28.45216], [85.53101, 28.45195], [85.53118, 28.45173], [85.53135, 28.45157], [85.5317, 28.45127], [85.53189, 28.45101], [85.53204, 28.45082], [85.53213, 28.45064], [85.53227, 28.45043], [85.53248, 28.45024], [85.53271, 28.44994], [85.53285, 28.44967], [85.53303, 28.44937], [85.53325, 28.44917], [85.53356, 28.44901], [85.53384, 28.4489], [85.5341, 28.44878], [85.53429, 28.44872], [85.53457, 28.4487], [85.53492, 28.44865], [85.53507, 28.4486], [85.53518, 28.44855], [85.53532, 28.44845], [85.53534, 28.44829], [85.53539, 28.4481], [85.53545, 28.44796], [85.5356, 28.44778], [85.53594, 28.44762], [85.53635, 28.44748], [85.5366, 28.44744], [85.53686, 28.4474], [85.53721, 28.44725], [85.53744, 28.44705], [85.5376, 28.44685], [85.53772, 28.4467], [85.5379, 28.44645], [85.53811, 28.44619]]]}}, {"type": "Feature", "properties": {"km2": 0.034, "name": null, "near_source_5km": false}, "geometry": {"type": "Polygon", "coordinates": [[[85.55627, 28.39266], [85.55604, 28.39248], [85.55577, 28.39237], [85.55546, 28.39236], [85.55535, 28.39235], [85.55521, 28.39233], [85.55516, 28.39227], [85.55515, 28.39216], [85.55521, 28.39195], [85.55525, 28.39181], [85.55527, 28.39157], [85.55532, 28.39133], [85.5554, 28.39113], [85.55558, 28.391], [85.55579, 28.391], [85.55612, 28.39106], [85.55651, 28.39116], [85.55678, 28.39136], [85.557, 28.39157], [85.55724, 28.3918], [85.5574, 28.392], [85.55753, 28.39242], [85.55754, 28.39265], [85.55748, 28.39281], [85.55735, 28.39291], [85.55715, 28.39298], [85.55693, 28.39298], [85.55666, 28.3929], [85.55646, 28.3928], [85.55627, 28.39266]]]}}, {"type": "Feature", "properties": {"km2": 0.037, "name": null, "near_source_5km": false}, "geometry": {"type": "Polygon", "coordinates": [[[85.51396, 28.37931], [85.51386, 28.3795], [85.51381, 28.37971], [85.51374, 28.37989], [85.51362, 28.38], [85.51343, 28.38009], [85.51314, 28.38011], [85.51295, 28.38009], [85.51264, 28.37993], [85.51251, 28.37974], [85.51248, 28.37952], [85.51248, 28.37931], [85.51271, 28.37874], [85.51286, 28.37856], [85.51313, 28.37829], [85.51339, 28.37802], [85.5137, 28.37768], [85.51381, 28.37763], [85.51409, 28.37768], [85.5143, 28.3778], [85.5145, 28.378], [85.51464, 28.3781], [85.51477, 28.37823], [85.51482, 28.37838], [85.51478, 28.37859], [85.5147, 28.37871], [85.51447, 28.37884], [85.51418, 28.37903], [85.51408, 28.37914], [85.51396, 28.37931]]]}}, {"type": "Feature", "properties": {"km2": 0.031, "name": null, "near_source_5km": false}, "geometry": {"type": "Polygon", "coordinates": [[[85.51066, 28.37773], [85.51035, 28.37766], [85.51019, 28.37765], [85.51003, 28.37764], [85.50979, 28.3776], [85.50959, 28.37753], [85.50947, 28.37743], [85.50946, 28.37731], [85.50952, 28.37721], [85.50976, 28.37717], [85.51012, 28.37717], [85.51026, 28.37717], [85.51052, 28.37708], [85.5107, 28.37702], [85.51104, 28.37702], [85.51127, 28.37709], [85.51148, 28.37718], [85.51164, 28.37729], [85.51181, 28.37758], [85.51188, 28.37778], [85.51193, 28.37795], [85.512, 28.37818], [85.51205, 28.37848], [85.51203, 28.37871], [85.51196, 28.37887], [85.51178, 28.37903], [85.51163, 28.37912], [85.51138, 28.37918], [85.51122, 28.37915], [85.51096, 28.37902], [85.5108, 28.37879], [85.51077, 28.37854], [85.51077, 28.37835], [85.51077, 28.37824], [85.51077, 28.378], [85.51074, 28.37791], [85.51066, 28.37773]]]}}, {"type": "Feature", "properties": {"km2": 0.033, "name": null, "near_source_5km": false}, "geometry": {"type": "Polygon", "coordinates": [[[85.50886, 28.38261], [85.50838, 28.3826], [85.50813, 28.38256], [85.50788, 28.38248], [85.50776, 28.38242], [85.50766, 28.38232], [85.50764, 28.38216], [85.5077, 28.38196], [85.5078, 28.38176], [85.50786, 28.3816], [85.50795, 28.38147], [85.50809, 28.38137], [85.50825, 28.38127], [85.50844, 28.38112], [85.50863, 28.38098], [85.50879, 28.38095], [85.5091, 28.38095], [85.5093, 28.38101], [85.50958, 28.38113], [85.50967, 28.38125], [85.50973, 28.3814], [85.50973, 28.38157], [85.50971, 28.38177], [85.50968, 28.382], [85.5097, 28.38216], [85.50979, 28.3823], [85.50989, 28.38235], [85.50999, 28.38242], [85.51007, 28.38255], [85.51008, 28.38267], [85.51001, 28.3828], [85.50987, 28.38286], [85.50983, 28.38285], [85.5096, 28.38275], [85.50941, 28.38267], [85.50921, 28.38266], [85.50886, 28.38261]]]}}, {"type": "Feature", "properties": {"km2": 0.274, "name": null, "near_source_5km": false}, "geometry": {"type": "Polygon", "coordinates": [[[85.50898, 28.39039], [85.50883, 28.39012], [85.50879, 28.39005], [85.50879, 28.38974], [85.50881, 28.38954], [85.50881, 28.38941], [85.50882, 28.38919], [85.50882, 28.3889], [85.5088, 28.38875], [85.5088, 28.3885], [85.50881, 28.38817], [85.50886, 28.38794], [85.50902, 28.38771], [85.5093, 28.38761], [85.50963, 28.38759], [85.51, 28.38762], [85.51039, 28.3876], [85.51066, 28.38757], [85.5108, 28.38752], [85.51101, 28.38736], [85.51097, 28.3872], [85.51103, 28.38707], [85.51111, 28.38701], [85.51123, 28.38691], [85.51125, 28.38675], [85.51119, 28.38666], [85.51111, 28.38657], [85.51112, 28.38646], [85.51119, 28.3864], [85.51145, 28.38632], [85.51156, 28.38631], [85.5119, 28.38633], [85.51213, 28.38639], [85.51236, 28.3865], [85.51251, 28.38661], [85.51281, 28.38679], [85.51312, 28.38696], [85.51335, 28.38712], [85.5135, 28.38728], [85.51354, 28.38753], [85.51348, 28.3877], [85.51332, 28.38792], [85.51331, 28.38814], [85.51338, 28.38832], [85.51346, 28.38842], [85.51365, 28.38882], [85.51367, 28.3891], [85.51366, 28.38947], [85.51363, 28.38989], [85.51365, 28.39028], [85.51362, 28.39055], [85.51346, 28.391], [85.51323, 28.39139], [85.51307, 28.39161], [85.51286, 28.39193], [85.51251, 28.39227], [85.5121, 28.39253], [85.51185, 28.39267], [85.51153, 28.3928], [85.51121, 28.39294], [85.51088, 28.393], [85.51062, 28.39302], [85.51012, 28.39289], [85.50979, 28.39274], [85.50956, 28.3926], [85.50935, 28.39233], [85.50915, 28.39209], [85.50895, 28.3918], [85.50883, 28.39157], [85.50878, 28.3914], [85.50878, 28.39122], [85.50886, 28.39102], [85.50895, 28.39084], [85.50903, 28.39066], [85.50898, 28.39039]]]}}, {"type": "Feature", "properties": {"km2": 0.014, "name": null, "near_source_5km": false}, "geometry": {"type": "Polygon", "coordinates": [[[85.50895, 28.3972], [85.50868, 28.39707], [85.50859, 28.39703], [85.50842, 28.39693], [85.50836, 28.39689], [85.50835, 28.39676], [85.50842, 28.39667], [85.5085, 28.39661], [85.50864, 28.39646], [85.50877, 28.39628], [85.50889, 28.39625], [85.50906, 28.39629], [85.5092, 28.39636], [85.50939, 28.39646], [85.50957, 28.39653], [85.50975, 28.39664], [85.50987, 28.39674], [85.50999, 28.39687], [85.51004, 28.39695], [85.51005, 28.3971], [85.51002, 28.39723], [85.50992, 28.39732], [85.5097, 28.39741], [85.50944, 28.39743], [85.50921, 28.39741], [85.5091, 28.39736], [85.50895, 28.3972]]]}}, {"type": "Feature", "properties": {"km2": 0.021, "name": null, "near_source_5km": false}, "geometry": {"type": "Polygon", "coordinates": [[[85.50555, 28.39816], [85.50532, 28.39808], [85.50509, 28.39806], [85.50493, 28.39801], [85.50486, 28.39787], [85.50492, 28.39767], [85.50497, 28.39747], [85.50505, 28.39735], [85.50519, 28.39712], [85.50531, 28.39702], [85.50545, 28.39695], [85.50558, 28.39693], [85.50585, 28.39693], [85.50613, 28.39696], [85.50636, 28.39703], [85.50661, 28.39714], [85.50678, 28.3973], [85.50683, 28.39738], [85.5068, 28.39759], [85.50669, 28.39778], [85.50658, 28.39789], [85.50639, 28.39803], [85.5062, 28.39812], [85.50599, 28.39818], [85.50575, 28.39819], [85.50555, 28.39816]]]}}, {"type": "Feature", "properties": {"km2": 0.024, "name": null, "near_source_5km": false}, "geometry": {"type": "Polygon", "coordinates": [[[85.50478, 28.39666], [85.50464, 28.39697], [85.5046, 28.39714], [85.50454, 28.3973], [85.50444, 28.39746], [85.50426, 28.3976], [85.50405, 28.39773], [85.50387, 28.39775], [85.5037, 28.39775], [85.50355, 28.39766], [85.5035, 28.39753], [85.50357, 28.39723], [85.50367, 28.3971], [85.5038, 28.39689], [85.50389, 28.39656], [85.50393, 28.3964], [85.50402, 28.39621], [85.50411, 28.39605], [85.50423, 28.39585], [85.50432, 28.39566], [85.50437, 28.39546], [85.50447, 28.39533], [85.50461, 28.39519], [85.50483, 28.39519], [85.50503, 28.39524], [85.50513, 28.39532], [85.50523, 28.3955], [85.50523, 28.39573], [85.50515, 28.39598], [85.50508, 28.39612], [85.50486, 28.39639], [85.50478, 28.39666]]]}}, {"type": "Feature", "properties": {"km2": 0.077, "name": null, "near_source_5km": false}, "geometry": {"type": "Polygon", "coordinates": [[[85.50079, 28.39833], [85.50071, 28.39815], [85.50065, 28.39807], [85.50058, 28.39791], [85.50054, 28.39777], [85.5005, 28.39767], [85.5005, 28.39752], [85.50059, 28.3973], [85.5007, 28.39713], [85.50083, 28.39685], [85.50095, 28.39656], [85.501, 28.39642], [85.50109, 28.39616], [85.50118, 28.39591], [85.50132, 28.39565], [85.50142, 28.39542], [85.50147, 28.39541], [85.50155, 28.39543], [85.5016, 28.3955], [85.5016, 28.39562], [85.50158, 28.39581], [85.50153, 28.39607], [85.50142, 28.39633], [85.50136, 28.39654], [85.50136, 28.39679], [85.50136, 28.39708], [85.50137, 28.3973], [85.50144, 28.39747], [85.5016, 28.39766], [85.50179, 28.39779], [85.50193, 28.39804], [85.50191, 28.39826], [85.50192, 28.39863], [85.50197, 28.3988], [85.50211, 28.39894], [85.50226, 28.39895], [85.50245, 28.39888], [85.50264, 28.39869], [85.50277, 28.39859], [85.5029, 28.39852], [85.50305, 28.39851], [85.50327, 28.39862], [85.50335, 28.39869], [85.50346, 28.39886], [85.50351, 28.39904], [85.50358, 28.39923], [85.50371, 28.39939], [85.50396, 28.39954], [85.50414, 28.39956], [85.50446, 28.39959], [85.50466, 28.39966], [85.50476, 28.39979], [85.50489, 28.40005], [85.50492, 28.40029], [85.5049, 28.40049], [85.50475, 28.40077], [85.50455, 28.40092], [85.50441, 28.40098], [85.50413, 28.40098], [85.50379, 28.40096], [85.50361, 28.40089], [85.50346, 28.40078], [85.50342, 28.40069], [85.50329, 28.40047], [85.50314, 28.40028], [85.5028, 28.40009], [85.50247, 28.3999], [85.50217, 28.39983], [85.50195, 28.39978], [85.50176, 28.39968], [85.5014, 28.39945], [85.50125, 28.39926], [85.50107, 28.39899], [85.501, 28.39879], [85.50088, 28.39856], [85.50079, 28.39833]]]}}, {"type": "Feature", "properties": {"km2": 0.247, "name": null, "near_source_5km": false}, "geometry": {"type": "Polygon", "coordinates": [[[85.51073, 28.41832], [85.51018, 28.41843], [85.50981, 28.41855], [85.50925, 28.41866], [85.50896, 28.41872], [85.50858, 28.41877], [85.50818, 28.41884], [85.5078, 28.41888], [85.50743, 28.41889], [85.50719, 28.41886], [85.50697, 28.41878], [85.5069, 28.41865], [85.50695, 28.41842], [85.50703, 28.41823], [85.5071, 28.41812], [85.50714, 28.41798], [85.50715, 28.41778], [85.50719, 28.41755], [85.5073, 28.4173], [85.50743, 28.41704], [85.50759, 28.41673], [85.50766, 28.4166], [85.50773, 28.41634], [85.50783, 28.41599], [85.50791, 28.41578], [85.50802, 28.4156], [85.50827, 28.41518], [85.50845, 28.41493], [85.50882, 28.41461], [85.50924, 28.41444], [85.51014, 28.41419], [85.51044, 28.41417], [85.51096, 28.41419], [85.51134, 28.4145], [85.51149, 28.41458], [85.5119, 28.41464], [85.51239, 28.41467], [85.51273, 28.41477], [85.513, 28.41485], [85.51337, 28.41513], [85.51377, 28.41549], [85.51389, 28.41571], [85.51401, 28.41606], [85.51406, 28.41647], [85.51397, 28.41687], [85.51379, 28.41705], [85.51338, 28.41723], [85.51317, 28.41731], [85.5129, 28.41749], [85.51261, 28.41762], [85.51208, 28.41782], [85.51168, 28.41804], [85.51143, 28.41817], [85.51114, 28.41829], [85.51073, 28.41832]]]}}, {"type": "Feature", "properties": {"km2": 0.165, "name": null, "near_source_5km": false}, "geometry": {"type": "Polygon", "coordinates": [[[85.49763, 28.40407], [85.49747, 28.40391], [85.49733, 28.40362], [85.49718, 28.40334], [85.49707, 28.40316], [85.49689, 28.40297], [85.49669, 28.40289], [85.4963, 28.40275], [85.49598, 28.40264], [85.49591, 28.4026], [85.49584, 28.40244], [85.49592, 28.40222], [85.49607, 28.40211], [85.49644, 28.40187], [85.49672, 28.40152], [85.49688, 28.40136], [85.49715, 28.40122], [85.49756, 28.40123], [85.49791, 28.40131], [85.49833, 28.40147], [85.4986, 28.40164], [85.499, 28.40228], [85.49911, 28.40252], [85.49925, 28.40273], [85.4994, 28.40286], [85.49962, 28.40296], [85.50002, 28.40308], [85.50036, 28.40309], [85.50088, 28.40312], [85.50132, 28.4032], [85.5018, 28.4034], [85.50223, 28.40375], [85.50254, 28.40407], [85.50265, 28.40443], [85.50265, 28.40487], [85.50256, 28.4051], [85.50234, 28.40518], [85.50212, 28.40519], [85.50176, 28.40513], [85.50145, 28.40509], [85.50111, 28.40508], [85.50054, 28.40505], [85.50019, 28.40504], [85.49972, 28.40506], [85.49933, 28.40511], [85.49909, 28.40529], [85.49901, 28.40545], [85.49893, 28.40558], [85.49873, 28.40574], [85.49848, 28.40578], [85.49814, 28.40575], [85.49783, 28.40572], [85.49749, 28.40564], [85.49726, 28.40552], [85.49712, 28.40534], [85.49712, 28.40519], [85.49719, 28.40513], [85.49741, 28.40507], [85.49761, 28.40499], [85.49785, 28.40487], [85.49802, 28.40462], [85.49804, 28.40453], [85.49792, 28.40427], [85.49769, 28.40408], [85.49763, 28.40407]]]}}, {"type": "Feature", "properties": {"km2": 0.711, "name": null, "near_source_5km": false}, "geometry": {"type": "Polygon", "coordinates": [[[85.50559, 28.40766], [85.5057, 28.40756], [85.5058, 28.40732], [85.50598, 28.40703], [85.50609, 28.40685], [85.50609, 28.40675], [85.50597, 28.40664], [85.50577, 28.40662], [85.50565, 28.40656], [85.50558, 28.40643], [85.5056, 28.4062], [85.50573, 28.40586], [85.50586, 28.40526], [85.50599, 28.40494], [85.50629, 28.40449], [85.50661, 28.40421], [85.50685, 28.40401], [85.50716, 28.4037], [85.5074, 28.40341], [85.50769, 28.4031], [85.50811, 28.40286], [85.50872, 28.40247], [85.50924, 28.40207], [85.51007, 28.40161], [85.51042, 28.40143], [85.51071, 28.40124], [85.51101, 28.40097], [85.5114, 28.40065], [85.51185, 28.40022], [85.51221, 28.39996], [85.51255, 28.39974], [85.51294, 28.39958], [85.51322, 28.39947], [85.51348, 28.39939], [85.51377, 28.39937], [85.514, 28.39938], [85.51441, 28.39938], [85.51464, 28.39937], [85.51484, 28.3993], [85.51505, 28.39926], [85.5152, 28.39925], [85.51546, 28.39932], [85.51564, 28.39932], [85.51587, 28.39933], [85.516, 28.39937], [85.51619, 28.39949], [85.5162, 28.39966], [85.51615, 28.39984], [85.51605, 28.39997], [85.5158, 28.40011], [85.51535, 28.40024], [85.51512, 28.40034], [85.51488, 28.40043], [85.51461, 28.40048], [85.51448, 28.40058], [85.51425, 28.40093], [85.51397, 28.40124], [85.51376, 28.40143], [85.5133, 28.40194], [85.51313, 28.40218], [85.51281, 28.40262], [85.51258, 28.40292], [85.51244, 28.40323], [85.51215, 28.40359], [85.51189, 28.40385], [85.51165, 28.40426], [85.51127, 28.40477], [85.51096, 28.40517], [85.51065, 28.40566], [85.51033, 28.40612], [85.50995, 28.4067], [85.50979, 28.40706], [85.50951, 28.40763], [85.50934, 28.40802], [85.50918, 28.40844], [85.50905, 28.40879], [85.509, 28.40902], [85.50894, 28.40942], [85.50869, 28.40994], [85.50853, 28.41014], [85.50838, 28.41035], [85.50828, 28.41061], [85.50822, 28.41088], [85.5081, 28.41124], [85.50817, 28.41154], [85.50821, 28.41167], [85.50825, 28.41185], [85.50825, 28.41205], [85.50822, 28.41228], [85.50814, 28.41244], [85.50802, 28.41254], [85.50778, 28.41265], [85.50764, 28.4128], [85.5075, 28.41296], [85.50735, 28.41322], [85.50724, 28.41351], [85.50707, 28.41423], [85.50704, 28.41449], [85.50704, 28.41472], [85.50704, 28.41498], [85.50701, 28.41527], [85.50688, 28.41546], [85.50668, 28.41562], [85.5062, 28.41597], [85.50608, 28.41607], [85.50588, 28.41631], [85.50581, 28.41642], [85.50562, 28.41675], [85.50547, 28.41705], [85.50533, 28.41736], [85.50517, 28.41755], [85.50506, 28.41773], [85.50476, 28.41789], [85.50457, 28.41792], [85.50439, 28.4179], [85.50418, 28.41777], [85.50403, 28.41768], [85.50385, 28.41759], [85.5035, 28.41752], [85.50303, 28.41744], [85.50269, 28.41736], [85.50235, 28.41725], [85.50208, 28.41719], [85.50192, 28.41703], [85.50189, 28.41689], [85.50195, 28.41664], [85.50201, 28.41651], [85.5021, 28.41634], [85.50219, 28.41597], [85.50232, 28.41579], [85.50258, 28.41567], [85.50282, 28.41547], [85.50303, 28.41531], [85.50331, 28.41505], [85.50341, 28.41488], [85.50346, 28.41459], [85.50344, 28.41438], [85.50341, 28.41423], [85.50342, 28.41401], [85.50349, 28.41385], [85.50358, 28.41372], [85.50368, 28.41362], [85.50388, 28.41346], [85.50402, 28.41339], [85.50414, 28.41333], [85.50429, 28.41339], [85.50437, 28.41346], [85.50444, 28.41364], [85.50447, 28.41382], [85.50455, 28.41407], [85.50468, 28.41422], [85.50486, 28.41428], [85.50515, 28.4142], [85.50533, 28.41401], [85.50553, 28.4138], [85.50566, 28.41363], [85.50591, 28.4133], [85.50595, 28.41297], [85.50594, 28.41284], [85.50587, 28.41268], [85.50577, 28.41253], [85.50565, 28.41235], [85.50561, 28.4121], [85.50566, 28.41195], [85.50582, 28.41174], [85.50606, 28.41144], [85.50618, 28.41129], [85.50647, 28.41094], [85.50661, 28.41068], [85.50674, 28.41035], [85.50679, 28.40999], [85.50682, 28.40964], [85.50678, 28.40949], [85.50667, 28.40938], [85.50646, 28.40936], [85.50622, 28.40933], [85.50588, 28.40928], [85.50544, 28.40912], [85.50515, 28.409], [85.50495, 28.40879], [85.5048, 28.40855], [85.5047, 28.40835], [85.50459, 28.40812], [85.50439, 28.40794], [85.50426, 28.4079], [85.50417, 28.40794], [85.5041, 28.408], [85.50401, 28.40807], [85.50383, 28.40808], [85.50358, 28.40804], [85.50348, 28.40796], [85.50345, 28.40778], [85.50345, 28.40767], [85.50353, 28.40749], [85.50361, 28.40739], [85.50376, 28.40731], [85.5041, 28.40727], [85.50435, 28.40733], [85.50446, 28.4074], [85.50462, 28.40756], [85.5048, 28.40769], [85.50503, 28.40779], [85.50534, 28.4078], [85.50559, 28.40766]]]}}, {"type": "Feature", "properties": {"km2": 1.449, "name": null, "near_source_5km": false}, "geometry": {"type": "Polygon", "coordinates": [[[85.50265, 28.42017], [85.50253, 28.42027], [85.50229, 28.42058], [85.50202, 28.42082], [85.50183, 28.421], [85.5014, 28.42136], [85.50109, 28.42155], [85.50045, 28.42189], [85.50008, 28.42216], [85.49988, 28.42248], [85.49967, 28.42277], [85.49942, 28.42315], [85.49919, 28.4236], [85.49896, 28.42391], [85.4987, 28.42417], [85.49827, 28.42435], [85.49775, 28.42459], [85.49745, 28.42476], [85.4971, 28.42501], [85.49688, 28.42523], [85.49668, 28.42551], [85.49656, 28.42574], [85.49635, 28.42593], [85.496, 28.42609], [85.49544, 28.42625], [85.49503, 28.42647], [85.49474, 28.42667], [85.49455, 28.42693], [85.49436, 28.42711], [85.49413, 28.42735], [85.494, 28.42756], [85.49364, 28.42777], [85.49349, 28.42786], [85.49324, 28.42802], [85.49292, 28.42818], [85.49263, 28.42835], [85.4924, 28.42843], [85.49217, 28.42851], [85.49186, 28.42853], [85.49152, 28.42854], [85.49114, 28.42847], [85.49094, 28.42842], [85.49072, 28.42823], [85.49057, 28.42801], [85.49043, 28.42756], [85.49038, 28.42732], [85.49036, 28.42698], [85.49038, 28.42668], [85.49043, 28.42649], [85.49067, 28.42601], [85.49087, 28.42559], [85.49109, 28.42522], [85.49126, 28.42503], [85.49168, 28.42469], [85.49226, 28.42423], [85.49287, 28.42387], [85.49312, 28.42359], [85.49347, 28.42338], [85.49379, 28.42307], [85.49396, 28.42279], [85.49412, 28.42255], [85.49423, 28.42235], [85.49432, 28.42214], [85.49439, 28.42199], [85.49456, 28.42182], [85.49482, 28.42167], [85.49509, 28.42151], [85.49559, 28.42117], [85.49578, 28.42108], [85.49614, 28.42107], [85.49641, 28.4211], [85.49673, 28.42123], [85.49716, 28.4213], [85.4976, 28.42131], [85.49804, 28.42126], [85.49834, 28.42113], [85.49877, 28.42086], [85.49891, 28.42057], [85.49893, 28.42029], [85.4987, 28.41999], [85.49843, 28.41985], [85.49807, 28.41976], [85.49774, 28.41974], [85.49716, 28.41972], [85.49675, 28.41974], [85.49632, 28.41986], [85.496, 28.41999], [85.49548, 28.42022], [85.49505, 28.42037], [85.49471, 28.42057], [85.49451, 28.42068], [85.49423, 28.42083], [85.49389, 28.42094], [85.4935, 28.42098], [85.49329, 28.42088], [85.49271, 28.42074], [85.49252, 28.4205], [85.49236, 28.42041], [85.49217, 28.42024], [85.4921, 28.42008], [85.4921, 28.41995], [85.49218, 28.41972], [85.49227, 28.41959], [85.49235, 28.41946], [85.49249, 28.41926], [85.49265, 28.41916], [85.49292, 28.41908], [85.49313, 28.419], [85.49327, 28.4189], [85.49343, 28.41878], [85.49366, 28.41858], [85.49386, 28.41844], [85.49414, 28.41834], [85.49436, 28.41832], [85.49463, 28.41829], [85.49488, 28.41826], [85.49526, 28.41814], [85.49544, 28.41793], [85.4927, 28.41682], [85.49273, 28.41712], [85.49277, 28.41724], [85.4928, 28.41744], [85.49279, 28.4176], [85.49268, 28.41777], [85.49245, 28.41807], [85.49229, 28.41824], [85.49215, 28.41851], [85.49202, 28.41875], [85.49184, 28.41884], [85.49172, 28.41894], [85.49159, 28.41916], [85.49163, 28.41942], [85.49166, 28.41958], [85.49168, 28.41971], [85.49169, 28.41993], [85.49171, 28.42023], [85.49173, 28.42049], [85.49181, 28.42067], [85.49185, 28.42075], [85.49204, 28.42091], [85.49176, 28.42138], [85.49148, 28.42196], [85.49127, 28.42251], [85.49115, 28.42275], [85.49081, 28.42344], [85.49046, 28.42386], [85.49012, 28.4243], [85.48977, 28.42472], [85.48946, 28.42508], [85.48921, 28.42554], [85.489, 28.42596], [85.48871, 28.42667], [85.48876, 28.42702], [85.48876, 28.42726], [85.48877, 28.42739], [85.48878, 28.42764], [85.48872, 28.42782], [85.4886, 28.42793], [85.48843, 28.42793], [85.48828, 28.42788], [85.48815, 28.42778], [85.48805, 28.42767], [85.48792, 28.42755], [85.48776, 28.42744], [85.4876, 28.42742], [85.48747, 28.42738], [85.48724, 28.42724], [85.487, 28.42706], [85.4869, 28.42693], [85.48669, 28.42671], [85.48643, 28.42649], [85.48617, 28.42626], [85.486, 28.42612], [85.48582, 28.42605], [85.48563, 28.42605], [85.48549, 28.42611], [85.48529, 28.42631], [85.48513, 28.42664], [85.48511, 28.42696], [85.48516, 28.42718], [85.4853, 28.42736], [85.48543, 28.42742], [85.48565, 28.42751], [85.48575, 28.42758], [85.48599, 28.42773], [85.48631, 28.4281], [85.48641, 28.42823], [85.48656, 28.42849], [85.4867, 28.42879], [85.48682, 28.42912], [85.48693, 28.4296], [85.4869, 28.42985], [85.48687, 28.43012], [85.48676, 28.43073], [85.48678, 28.4313], [85.48681, 28.43185], [85.4868, 28.43225], [85.48664, 28.43275], [85.48653, 28.43299], [85.48628, 28.43335], [85.48604, 28.4337], [85.48585, 28.43397], [85.48568, 28.4343], [85.48535, 28.43459], [85.48491, 28.43488], [85.48436, 28.43545], [85.48377, 28.43596], [85.48312, 28.4365], [85.48289, 28.43674], [85.48248, 28.43717], [85.48201, 28.43758], [85.48171, 28.43785], [85.48113, 28.43827], [85.4807, 28.43863], [85.4804, 28.43889], [85.48008, 28.43912], [85.47986, 28.43928], [85.47971, 28.43957], [85.47968, 28.43969], [85.47973, 28.43983], [85.47988, 28.43998], [85.48012, 28.4401], [85.48027, 28.44014], [85.48062, 28.44021], [85.48108, 28.44028], [85.48148, 28.44035], [85.48167, 28.44033], [85.48197, 28.44025], [85.48245, 28.4401], [85.48288, 28.43996], [85.48311, 28.43981], [85.48332, 28.43965], [85.48352, 28.43941], [85.48392, 28.43888], [85.48427, 28.43856], [85.4846, 28.43828], [85.4848, 28.43803], [85.48543, 28.43754], [85.4865, 28.43705], [85.48692, 28.43676], [85.48718, 28.43656], [85.48769, 28.43627], [85.48815, 28.43597], [85.4885, 28.43577], [85.48903, 28.43533], [85.48935, 28.43499], [85.48968, 28.43447], [85.48981, 28.43403], [85.49006, 28.43365], [85.49065, 28.43319], [85.49106, 28.43279], [85.49138, 28.43233], [85.49155, 28.43202], [85.49189, 28.43183], [85.49226, 28.43169], [85.49267, 28.4316], [85.49328, 28.43118], [85.49345, 28.43103], [85.49367, 28.4308], [85.49403, 28.43047], [85.49436, 28.43018], [85.49461, 28.43001], [85.49492, 28.42989], [85.49531, 28.42973], [85.49588, 28.42952], [85.4965, 28.42931], [85.4969, 28.42908], [85.49708, 28.42882], [85.49721, 28.42851], [85.49723, 28.4284], [85.49731, 28.42813], [85.49742, 28.42786], [85.49754, 28.42758], [85.49762, 28.4272], [85.49757, 28.42682], [85.49755, 28.42666], [85.49752, 28.42641], [85.49751, 28.42612], [85.49756, 28.42592], [85.49782, 28.42564], [85.49834, 28.4255], [85.49881, 28.42532], [85.49922, 28.42515], [85.49951, 28.42504], [85.50015, 28.42476], [85.5004, 28.42458], [85.50059, 28.42431], [85.5007, 28.4241], [85.50088, 28.42359], [85.50102, 28.42332], [85.50135, 28.42325], [85.50164, 28.42328], [85.50199, 28.4232], [85.5023, 28.42319], [85.50262, 28.4232], [85.5029, 28.42324], [85.50324, 28.42325], [85.50347, 28.42325], [85.50365, 28.42332], [85.50371, 28.42343], [85.50379, 28.4237], [85.50389, 28.42397], [85.50409, 28.4242], [85.50438, 28.42441], [85.50474, 28.42437], [85.50496, 28.42424], [85.50512, 28.42418], [85.50536, 28.42417], [85.50562, 28.42423], [85.50574, 28.42439], [85.50585, 28.42461], [85.50587, 28.42497], [85.50589, 28.42528], [85.50591, 28.42565], [85.50591, 28.42588], [85.50588, 28.42617], [85.50581, 28.42643], [85.50586, 28.42673], [85.50594, 28.42685], [85.50624, 28.42696], [85.50654, 28.42701], [85.50704, 28.42689], [85.50739, 28.42672], [85.50754, 28.42655], [85.50785, 28.42614], [85.50814, 28.42565], [85.50834, 28.42529], [85.50846, 28.42493], [85.5085, 28.42465], [85.50848, 28.42425], [85.50828, 28.42378], [85.5081, 28.42361], [85.50792, 28.4234], [85.50768, 28.42312], [85.50755, 28.42275], [85.50741, 28.42241], [85.50729, 28.42217], [85.50692, 28.42188], [85.50646, 28.42181], [85.50623, 28.42172], [85.50597, 28.42157], [85.50563, 28.4213], [85.50526, 28.42092], [85.50491, 28.42071], [85.50457, 28.42064], [85.50427, 28.42061], [85.50381, 28.42044], [85.50354, 28.42029], [85.50331, 28.42014], [85.50329, 28.42003], [85.50342, 28.41995], [85.50364, 28.41989], [85.50383, 28.41985], [85.50407, 28.41977], [85.50427, 28.41965], [85.50447, 28.41947], [85.50464, 28.41929], [85.50474, 28.419], [85.50471, 28.41885], [85.5046, 28.41872], [85.50439, 28.41865], [85.50423, 28.41865], [85.504, 28.41875], [85.50378, 28.41892], [85.5036, 28.41912], [85.50342, 28.41929], [85.50308, 28.4195], [85.50292, 28.41959], [85.50276, 28.41971], [85.50269, 28.41989], [85.50265, 28.42017]]]}}, {"type": "Feature", "properties": {"km2": 0.068, "name": null, "near_source_5km": false}, "geometry": {"type": "Polygon", "coordinates": [[[85.50088, 28.41345], [85.50101, 28.41353], [85.50111, 28.41367], [85.50122, 28.41386], [85.5013, 28.41409], [85.50143, 28.41427], [85.50149, 28.41447], [85.50152, 28.41464], [85.50152, 28.41492], [85.50139, 28.41522], [85.5011, 28.41542], [85.50081, 28.41554], [85.50061, 28.41554], [85.50034, 28.41544], [85.50012, 28.41531], [85.49986, 28.41521], [85.49953, 28.41519], [85.49941, 28.41521], [85.49912, 28.41515], [85.49895, 28.41507], [85.49883, 28.4149], [85.49871, 28.41467], [85.49861, 28.4143], [85.4986, 28.41411], [85.49867, 28.41386], [85.49877, 28.41369], [85.49885, 28.41359], [85.49893, 28.41346], [85.49894, 28.41329], [85.49887, 28.41312], [85.4988, 28.41298], [85.49875, 28.41274], [85.49875, 28.4126], [85.49885, 28.41238], [85.49897, 28.41229], [85.49918, 28.4123], [85.4994, 28.41239], [85.49964, 28.41253], [85.49985, 28.41269], [85.5, 28.41287], [85.50012, 28.41299], [85.50042, 28.41315], [85.50059, 28.41324], [85.50079, 28.41338], [85.50088, 28.41345]]]}}, {"type": "Feature", "properties": {"km2": 0.078, "name": null, "near_source_5km": false}, "geometry": {"type": "Polygon", "coordinates": [[[85.4927, 28.41682], [85.49269, 28.41634], [85.49281, 28.41612], [85.49297, 28.41587], [85.49305, 28.41566], [85.49306, 28.41546], [85.49306, 28.41524], [85.49305, 28.41505], [85.49303, 28.41482], [85.49313, 28.41462], [85.4932, 28.41433], [85.49337, 28.41409], [85.49342, 28.41381], [85.49342, 28.41365], [85.49337, 28.41344], [85.49341, 28.41331], [85.49348, 28.41323], [85.49364, 28.41323], [85.49387, 28.41332], [85.49403, 28.4134], [85.4941, 28.41362], [85.49413, 28.41392], [85.49414, 28.41416], [85.49415, 28.41437], [85.49422, 28.41467], [85.49445, 28.415], [85.49473, 28.41531], [85.49505, 28.41567], [85.49531, 28.41597], [85.49545, 28.41647], [85.49546, 28.41674], [85.49548, 28.41715], [85.49548, 28.41745], [85.49548, 28.41768], [85.49544, 28.41793], [85.4927, 28.41682]]]}}, {"type": "Feature", "properties": {"km2": 0.02, "name": null, "near_source_5km": false}, "geometry": {"type": "Polygon", "coordinates": [[[85.49082, 28.41569], [85.49075, 28.41558], [85.49071, 28.41531], [85.49078, 28.41505], [85.49087, 28.41484], [85.49105, 28.41463], [85.49118, 28.41438], [85.49128, 28.41419], [85.49141, 28.41408], [85.4916, 28.41404], [85.49176, 28.41406], [85.49194, 28.41414], [85.49216, 28.41428], [85.49232, 28.41445], [85.49239, 28.41465], [85.49239, 28.41486], [85.4922, 28.41509], [85.49193, 28.41533], [85.49167, 28.41551], [85.49147, 28.41559], [85.49128, 28.41566], [85.49106, 28.41569], [85.49082, 28.41569]]]}}, {"type": "Feature", "properties": {"km2": 0.09, "name": null, "near_source_5km": false}, "geometry": {"type": "Polygon", "coordinates": [[[85.48636, 28.41376], [85.48651, 28.41362], [85.4866, 28.41348], [85.4867, 28.41333], [85.48678, 28.41323], [85.48701, 28.41315], [85.48727, 28.41317], [85.48742, 28.41312], [85.48755, 28.41305], [85.48771, 28.41307], [85.48782, 28.41315], [85.48796, 28.41334], [85.48809, 28.41347], [85.48821, 28.41347], [85.4883, 28.41336], [85.48824, 28.41311], [85.48816, 28.41292], [85.48808, 28.41282], [85.48801, 28.41278], [85.48786, 28.41259], [85.48776, 28.41251], [85.48768, 28.41244], [85.4876, 28.41231], [85.48748, 28.41219], [85.48745, 28.41205], [85.48746, 28.41188], [85.48754, 28.41171], [85.48762, 28.4116], [85.48789, 28.41147], [85.48799, 28.4114], [85.488, 28.41125], [85.48799, 28.41103], [85.48793, 28.41093], [85.48791, 28.41072], [85.48792, 28.41064], [85.48803, 28.41049], [85.48815, 28.41039], [85.48851, 28.41029], [85.48864, 28.41029], [85.48876, 28.41037], [85.48885, 28.41049], [85.48895, 28.41065], [85.48906, 28.4108], [85.48919, 28.41116], [85.48922, 28.41144], [85.48926, 28.41179], [85.48933, 28.4121], [85.48939, 28.41234], [85.48952, 28.41257], [85.4896, 28.41289], [85.48969, 28.41323], [85.48971, 28.4135], [85.48965, 28.41379], [85.48959, 28.41399], [85.48943, 28.41432], [85.48931, 28.41451], [85.48908, 28.41461], [85.48888, 28.41466], [85.48869, 28.41478], [85.48851, 28.41494], [85.48733, 28.41464], [85.48636, 28.41376]]]}}, {"type": "Feature", "properties": {"km2": 0.02, "name": null, "near_source_5km": false}, "geometry": {"type": "Polygon", "coordinates": [[[85.48279, 28.419], [85.48271, 28.4188], [85.48269, 28.4187], [85.48269, 28.41858], [85.48273, 28.41844], [85.48277, 28.41833], [85.48289, 28.41826], [85.48302, 28.41819], [85.48342, 28.41818], [85.48362, 28.4182], [85.48376, 28.41822], [85.48391, 28.41821], [85.48411, 28.41821], [85.4843, 28.41822], [85.48444, 28.41827], [85.48457, 28.41838], [85.48458, 28.4185], [85.48445, 28.4187], [85.48431, 28.41887], [85.48417, 28.41899], [85.48392, 28.41915], [85.48374, 28.41924], [85.48362, 28.41931], [85.48351, 28.41941], [85.48342, 28.41951], [85.4833, 28.41961], [85.48315, 28.41965], [85.48302, 28.41965], [85.48293, 28.41961], [85.48288, 28.41952], [85.48284, 28.41939], [85.48283, 28.41929], [85.48283, 28.41917], [85.48279, 28.419]]]}}, {"type": "Feature", "properties": {"km2": 0.455, "name": null, "near_source_5km": false}, "geometry": {"type": "Polygon", "coordinates": [[[85.48851, 28.41494], [85.48838, 28.41519], [85.48832, 28.41546], [85.48826, 28.4157], [85.48814, 28.41591], [85.48798, 28.41607], [85.48775, 28.41623], [85.48754, 28.41639], [85.4873, 28.41644], [85.48703, 28.41649], [85.48689, 28.41662], [85.48684, 28.4168], [85.48693, 28.417], [85.48713, 28.41725], [85.4873, 28.41743], [85.48747, 28.41765], [85.48757, 28.41791], [85.48761, 28.41811], [85.48768, 28.41852], [85.4877, 28.41869], [85.48766, 28.41893], [85.48754, 28.4191], [85.48733, 28.41928], [85.48699, 28.41943], [85.48665, 28.41952], [85.48645, 28.41955], [85.48624, 28.41949], [85.48608, 28.41939], [85.48585, 28.41922], [85.48574, 28.41915], [85.48562, 28.41907], [85.48551, 28.41898], [85.48543, 28.4188], [85.48542, 28.41858], [85.48553, 28.41845], [85.48568, 28.41834], [85.48581, 28.41824], [85.48593, 28.41807], [85.48594, 28.41786], [85.48591, 28.41769], [85.48583, 28.41763], [85.4857, 28.41759], [85.48545, 28.41757], [85.48533, 28.41754], [85.48512, 28.41744], [85.48495, 28.4173], [85.48486, 28.41723], [85.48473, 28.41715], [85.48456, 28.41709], [85.48431, 28.41702], [85.48399, 28.41695], [85.4835, 28.41697], [85.48325, 28.41702], [85.48303, 28.41703], [85.48286, 28.41699], [85.48268, 28.4169], [85.48241, 28.41686], [85.48208, 28.4169], [85.4819, 28.41701], [85.48176, 28.41716], [85.48173, 28.41731], [85.48178, 28.41747], [85.48192, 28.41781], [85.48194, 28.41808], [85.48193, 28.41827], [85.48187, 28.41845], [85.48181, 28.4186], [85.48174, 28.41873], [85.48165, 28.41899], [85.48159, 28.41915], [85.48159, 28.41941], [85.48162, 28.41963], [85.48163, 28.41976], [85.48174, 28.41988], [85.48195, 28.4202], [85.48222, 28.42051], [85.48229, 28.42081], [85.4823, 28.42103], [85.48223, 28.42133], [85.48205, 28.4217], [85.48189, 28.42197], [85.48171, 28.42226], [85.48152, 28.42247], [85.48129, 28.42267], [85.48103, 28.42277], [85.48087, 28.42278], [85.48064, 28.42274], [85.48037, 28.42263], [85.48012, 28.42253], [85.47986, 28.42242], [85.47961, 28.4223], [85.47945, 28.42223], [85.47929, 28.42213], [85.47904, 28.42188], [85.47877, 28.42154], [85.47872, 28.42137], [85.47868, 28.42105], [85.4787, 28.4207], [85.47872, 28.42052], [85.47872, 28.42032], [85.47856, 28.41994], [85.47849, 28.41981], [85.47839, 28.41956], [85.47834, 28.41924], [85.47842, 28.41895], [85.47853, 28.41862], [85.47864, 28.41831], [85.47877, 28.41801], [85.47886, 28.41767], [85.47906, 28.41733], [85.47924, 28.41714], [85.47936, 28.41706], [85.47947, 28.41674], [85.4795, 28.41649], [85.47956, 28.41627], [85.47967, 28.41596], [85.47979, 28.41574], [85.47996, 28.41569], [85.48016, 28.41571], [85.48037, 28.41578], [85.48054, 28.41584], [85.48089, 28.4159], [85.48111, 28.41586], [85.48128, 28.41579], [85.48148, 28.41557], [85.48161, 28.41532], [85.4818, 28.41488], [85.48186, 28.41461], [85.48196, 28.41442], [85.482, 28.41419], [85.48207, 28.414], [85.48218, 28.41392], [85.48241, 28.41393], [85.48265, 28.41399], [85.48282, 28.41393], [85.483, 28.41383], [85.48314, 28.41382], [85.48332, 28.41384], [85.48347, 28.41397], [85.48355, 28.4141], [85.48362, 28.41427], [85.48373, 28.4144], [85.48388, 28.41447], [85.48407, 28.41447], [85.48418, 28.41452], [85.48429, 28.41459], [85.4844, 28.41471], [85.48452, 28.41484], [85.48475, 28.41494], [85.48496, 28.41494], [85.48529, 28.41474], [85.48538, 28.41458], [85.48534, 28.4144], [85.48528, 28.41429], [85.48517, 28.41419], [85.48512, 28.41399], [85.48521, 28.41381], [85.48535, 28.41354], [85.48545, 28.41348], [85.48565, 28.41349], [85.48581, 28.41361], [85.48587, 28.41369], [85.48595, 28.41373], [85.48608, 28.41376], [85.48636, 28.41376], [85.48733, 28.41464], [85.48851, 28.41494]]]}}, {"type": "Feature", "properties": {"km2": 0.107, "name": null, "near_source_5km": false}, "geometry": {"type": "Polygon", "coordinates": [[[85.47685, 28.42526], [85.47664, 28.42512], [85.47644, 28.42506], [85.47619, 28.42492], [85.47601, 28.4247], [85.47581, 28.42456], [85.47554, 28.42442], [85.4754, 28.42438], [85.47526, 28.4243], [85.47514, 28.42421], [85.4751, 28.42401], [85.47515, 28.42392], [85.47523, 28.42382], [85.4753, 28.42376], [85.47542, 28.42363], [85.47554, 28.4234], [85.47559, 28.42324], [85.47575, 28.42301], [85.47606, 28.4229], [85.47638, 28.42289], [85.47657, 28.423], [85.47675, 28.42331], [85.4768, 28.42348], [85.47687, 28.42376], [85.47697, 28.42399], [85.4771, 28.42413], [85.47723, 28.42417], [85.47756, 28.42412], [85.4777, 28.42395], [85.47789, 28.42387], [85.47805, 28.42385], [85.47828, 28.42384], [85.47852, 28.42386], [85.4788, 28.42393], [85.47908, 28.42405], [85.47925, 28.42418], [85.47948, 28.42452], [85.47961, 28.42488], [85.47964, 28.42513], [85.4796, 28.42547], [85.4794, 28.42596], [85.47908, 28.42639], [85.47885, 28.42651], [85.47856, 28.42655], [85.47826, 28.42655], [85.47793, 28.42668], [85.47771, 28.42677], [85.47739, 28.42685], [85.47708, 28.42686], [85.47682, 28.42686], [85.47652, 28.42681], [85.47637, 28.42669], [85.4764, 28.42643], [85.47654, 28.42629], [85.47667, 28.42619], [85.47679, 28.42592], [85.47685, 28.42575], [85.47689, 28.42552], [85.47685, 28.42526]]]}}, {"type": "Feature", "properties": {"km2": 0.116, "name": null, "near_source_5km": false}, "geometry": {"type": "Polygon", "coordinates": [[[85.47166, 28.42953], [85.47151, 28.42928], [85.47139, 28.42915], [85.47136, 28.42907], [85.47134, 28.429], [85.47125, 28.42871], [85.47123, 28.42852], [85.47126, 28.42836], [85.4713, 28.42828], [85.47135, 28.42815], [85.47135, 28.42801], [85.47137, 28.42785], [85.47145, 28.42772], [85.47158, 28.42771], [85.47166, 28.42775], [85.47176, 28.42794], [85.4718, 28.42814], [85.47189, 28.42826], [85.47218, 28.42844], [85.47239, 28.4286], [85.47267, 28.4287], [85.47298, 28.42884], [85.47322, 28.42887], [85.4735, 28.42888], [85.47378, 28.42888], [85.47402, 28.42892], [85.47423, 28.42903], [85.47439, 28.42921], [85.47447, 28.42942], [85.47449, 28.42958], [85.47438, 28.42986], [85.47416, 28.43009], [85.47405, 28.43026], [85.47393, 28.43051], [85.47393, 28.43069], [85.47414, 28.43098], [85.47443, 28.43113], [85.47483, 28.43141], [85.47508, 28.43152], [85.47533, 28.43168], [85.47542, 28.43182], [85.47545, 28.43204], [85.47541, 28.43233], [85.47527, 28.43252], [85.47511, 28.43266], [85.47487, 28.43277], [85.47464, 28.43287], [85.47436, 28.43289], [85.47394, 28.43286], [85.47357, 28.43274], [85.47334, 28.4326], [85.47305, 28.43242], [85.47281, 28.43223], [85.47267, 28.4321], [85.4725, 28.43186], [85.47228, 28.43149], [85.47218, 28.43137], [85.47208, 28.43128], [85.47201, 28.43118], [85.47192, 28.43094], [85.47191, 28.43075], [85.47192, 28.43041], [85.47192, 28.43021], [85.47189, 28.42995], [85.47184, 28.4298], [85.47166, 28.42953]]]}}, {"type": "Feature", "properties": {"km2": 0.051, "name": null, "near_source_5km": false}, "geometry": {"type": "Polygon", "coordinates": [[[85.15959, 28.28095], [85.15963, 28.28059], [85.15966, 28.28037], [85.15991, 28.27985], [85.16011, 28.27969], [85.16037, 28.27965], [85.16064, 28.27968], [85.16089, 28.27976], [85.16109, 28.27993], [85.16118, 28.28004], [85.16123, 28.28038], [85.16119, 28.28051], [85.16107, 28.28067], [85.16088, 28.28079], [85.16082, 28.28088], [85.16075, 28.28104], [85.16077, 28.28109], [85.16086, 28.28116], [85.16089, 28.28123], [85.1609, 28.28137], [85.16088, 28.28153], [85.16089, 28.28165], [85.161, 28.28181], [85.16116, 28.28193], [85.16135, 28.28202], [85.16143, 28.28213], [85.16145, 28.28224], [85.16137, 28.28234], [85.16124, 28.28238], [85.16104, 28.28244], [85.1609, 28.28257], [85.16087, 28.28274], [85.16087, 28.28291], [85.16076, 28.2832], [85.16064, 28.28335], [85.16054, 28.28351], [85.16042, 28.28375], [85.16023, 28.28394], [85.16005, 28.28402], [85.1598, 28.284], [85.1596, 28.28395], [85.15952, 28.28389], [85.15943, 28.28366], [85.15942, 28.28355], [85.15947, 28.28327], [85.15958, 28.2831], [85.15971, 28.28295], [85.15989, 28.28273], [85.16003, 28.28261], [85.16012, 28.28249], [85.16013, 28.28231], [85.16013, 28.28222], [85.16007, 28.2821], [85.16001, 28.28192], [85.16003, 28.28177], [85.16011, 28.28155], [85.16019, 28.28145], [85.16028, 28.28132], [85.16038, 28.28121], [85.16046, 28.28107], [85.16048, 28.28095], [85.16039, 28.28089], [85.16022, 28.28094], [85.16015, 28.281], [85.15999, 28.28114], [85.15986, 28.28117], [85.15973, 28.28116], [85.15964, 28.28109], [85.15959, 28.28095]]]}}, {"type": "Feature", "properties": {"km2": 0.081, "name": null, "near_source_5km": false}, "geometry": {"type": "Polygon", "coordinates": [[[85.17051, 28.27904], [85.17095, 28.27899], [85.17119, 28.27914], [85.17138, 28.27935], [85.17152, 28.27957], [85.17167, 28.27994], [85.17169, 28.28027], [85.1718, 28.28078], [85.17185, 28.2811], [85.17191, 28.28141], [85.1719, 28.28175], [85.17167, 28.28204], [85.17126, 28.28219], [85.17073, 28.28234], [85.17032, 28.28239], [85.16986, 28.2824], [85.16953, 28.28232], [85.16921, 28.2822], [85.1689, 28.28205], [85.16877, 28.28171], [85.16883, 28.28128], [85.169, 28.28109], [85.16936, 28.28058], [85.16964, 28.28014], [85.16981, 28.27985], [85.17001, 28.27964], [85.17026, 28.27924], [85.17051, 28.27904]]]}}, {"type": "Feature", "properties": {"km2": 0.23, "name": null, "near_source_5km": false}, "geometry": {"type": "Polygon", "coordinates": [[[85.16736, 28.27522], [85.16738, 28.27479], [85.16732, 28.27451], [85.16723, 28.27403], [85.16723, 28.27371], [85.16745, 28.27322], [85.16774, 28.27285], [85.16804, 28.27273], [85.16847, 28.27259], [85.16897, 28.27248], [85.16943, 28.27241], [85.16987, 28.27238], [85.17031, 28.27233], [85.17081, 28.27222], [85.17117, 28.27211], [85.17151, 28.27197], [85.17191, 28.27175], [85.17236, 28.2713], [85.17256, 28.27114], [85.173, 28.27113], [85.17319, 28.27127], [85.17331, 28.27157], [85.17336, 28.27182], [85.17335, 28.272], [85.1732, 28.27266], [85.1729, 28.27305], [85.17274, 28.27323], [85.17265, 28.27339], [85.1725, 28.27356], [85.17214, 28.27374], [85.17183, 28.27386], [85.17137, 28.27406], [85.17088, 28.27439], [85.17055, 28.27462], [85.17018, 28.27503], [85.16997, 28.27555], [85.16979, 28.2762], [85.16981, 28.27679], [85.16978, 28.27725], [85.16973, 28.27751], [85.16958, 28.27769], [85.16938, 28.27782], [85.16901, 28.27793], [85.16867, 28.27781], [85.1684, 28.27781], [85.16816, 28.27795], [85.16802, 28.27818], [85.16797, 28.27833], [85.16774, 28.27835], [85.16765, 28.27829], [85.16757, 28.27807], [85.16753, 28.27785], [85.16743, 28.27747], [85.16726, 28.27717], [85.16713, 28.2769], [85.16712, 28.27654], [85.16712, 28.2762], [85.16716, 28.27588], [85.16736, 28.27522]]]}}, {"type": "Feature", "properties": {"km2": 0.047, "name": null, "near_source_5km": false}, "geometry": {"type": "Polygon", "coordinates": [[[85.17383, 28.27781], [85.17434, 28.27795], [85.17463, 28.278], [85.17505, 28.27814], [85.17534, 28.2783], [85.17541, 28.27855], [85.17541, 28.27874], [85.17527, 28.27916], [85.17506, 28.27944], [85.1748, 28.2797], [85.17451, 28.27974], [85.17406, 28.27971], [85.17363, 28.2796], [85.17328, 28.27943], [85.17305, 28.27925], [85.17297, 28.27886], [85.17293, 28.27864], [85.1727, 28.27833], [85.17253, 28.27816], [85.17241, 28.27796], [85.17241, 28.27779], [85.1725, 28.2777], [85.17272, 28.27764], [85.17309, 28.27764], [85.17344, 28.27773], [85.17383, 28.27781]]]}}, {"type": "Feature", "properties": {"km2": 0.722, "name": null, "near_source_5km": false}, "geometry": {"type": "Polygon", "coordinates": [[[85.18579, 28.27767], [85.18597, 28.27794], [85.18598, 28.27821], [85.18597, 28.27851], [85.18593, 28.27903], [85.18581, 28.27941], [85.18562, 28.27992], [85.18539, 28.28031], [85.18499, 28.2809], [85.18484, 28.2813], [85.18483, 28.28181], [85.1849, 28.28215], [85.18496, 28.28254], [85.18498, 28.28286], [85.18486, 28.28315], [85.18473, 28.28343], [85.18464, 28.28383], [85.18464, 28.28436], [85.18475, 28.28481], [85.18495, 28.28513], [85.18532, 28.28541], [85.18589, 28.28569], [85.18643, 28.28572], [85.18697, 28.28554], [85.18752, 28.28527], [85.18786, 28.28516], [85.18835, 28.28509], [85.18896, 28.28506], [85.18942, 28.28508], [85.18992, 28.28515], [85.19073, 28.28528], [85.19155, 28.28551], [85.19201, 28.28572], [85.19267, 28.28608], [85.1931, 28.28627], [85.19355, 28.28653], [85.19388, 28.2868], [85.19424, 28.28697], [85.19469, 28.28698], [85.19516, 28.28694], [85.19568, 28.28679], [85.19614, 28.2866], [85.19649, 28.2866], [85.19683, 28.28668], [85.19719, 28.2868], [85.19739, 28.28706], [85.19741, 28.28747], [85.19727, 28.28783], [85.19703, 28.28836], [85.19656, 28.28873], [85.19606, 28.28892], [85.19551, 28.28892], [85.19477, 28.28888], [85.19413, 28.28905], [85.19369, 28.28932], [85.19341, 28.28958], [85.19293, 28.28991], [85.19258, 28.29009], [85.19211, 28.29025], [85.19161, 28.29045], [85.19099, 28.29065], [85.19083, 28.29062], [85.19051, 28.29063], [85.19001, 28.29051], [85.18958, 28.29046], [85.18885, 28.29049], [85.1884, 28.29057], [85.18783, 28.29065], [85.18763, 28.29064], [85.18743, 28.29064], [85.18721, 28.29053], [85.18674, 28.29021], [85.18659, 28.29014], [85.18624, 28.29002], [85.1858, 28.28981], [85.18536, 28.28966], [85.18537, 28.28952], [85.18524, 28.28941], [85.18504, 28.28914], [85.18483, 28.28884], [85.18457, 28.28853], [85.18446, 28.28837], [85.18433, 28.28818], [85.18402, 28.28788], [85.18389, 28.2877], [85.18383, 28.28721], [85.18379, 28.28683], [85.18375, 28.28647], [85.18349, 28.28594], [85.18339, 28.28577], [85.18318, 28.28537], [85.18291, 28.28485], [85.18286, 28.28458], [85.1829, 28.28414], [85.18302, 28.28389], [85.18311, 28.28366], [85.18316, 28.28318], [85.18318, 28.28261], [85.18325, 28.28235], [85.18344, 28.28194], [85.18358, 28.28137], [85.18362, 28.28076], [85.18362, 28.28038], [85.18373, 28.27965], [85.18377, 28.27903], [85.18378, 28.27873], [85.18391, 28.2784], [85.18428, 28.27775], [85.18462, 28.2774], [85.1852, 28.27734], [85.18552, 28.27742], [85.18579, 28.27767]]]}}, {"type": "Feature", "properties": {"km2": 0.061, "name": null, "near_source_5km": false}, "geometry": {"type": "Polygon", "coordinates": [[[85.20271, 28.28272], [85.20233, 28.28268], [85.20185, 28.28262], [85.2013, 28.28251], [85.20076, 28.28235], [85.2004, 28.28219], [85.20019, 28.28201], [85.20007, 28.2818], [85.20006, 28.28148], [85.20022, 28.28116], [85.20053, 28.28097], [85.20121, 28.28082], [85.20164, 28.28085], [85.20229, 28.28087], [85.20265, 28.2809], [85.20299, 28.28102], [85.20333, 28.28119], [85.20358, 28.28141], [85.2038, 28.28172], [85.2039, 28.28202], [85.20383, 28.28228], [85.20373, 28.28244], [85.20333, 28.2826], [85.20304, 28.2826], [85.20271, 28.28272]]]}}, {"type": "Feature", "properties": {"km2": 0.022, "name": null, "near_source_5km": false}, "geometry": {"type": "Polygon", "coordinates": [[[85.2051, 28.26539], [85.2053, 28.26567], [85.2054, 28.26591], [85.20547, 28.26608], [85.20552, 28.26633], [85.20561, 28.26659], [85.20566, 28.26679], [85.20565, 28.26697], [85.20559, 28.26706], [85.20544, 28.26713], [85.20533, 28.26714], [85.20513, 28.26709], [85.20495, 28.267], [85.20475, 28.26684], [85.20461, 28.26662], [85.20447, 28.26639], [85.20439, 28.26626], [85.20423, 28.26601], [85.20415, 28.26589], [85.20408, 28.2657], [85.20408, 28.26552], [85.20411, 28.26534], [85.20422, 28.26519], [85.20436, 28.26512], [85.20452, 28.26511], [85.20465, 28.26512], [85.20482, 28.26518], [85.20494, 28.26527], [85.2051, 28.26539]]]}}, {"type": "Feature", "properties": {"km2": 0.033, "name": null, "near_source_5km": false}, "geometry": {"type": "Polygon", "coordinates": [[[85.2068, 28.26147], [85.207, 28.26162], [85.20705, 28.26174], [85.20703, 28.26195], [85.20687, 28.26216], [85.20664, 28.26245], [85.20652, 28.26257], [85.20637, 28.26275], [85.20633, 28.26297], [85.2063, 28.26308], [85.20622, 28.26335], [85.20609, 28.26345], [85.20597, 28.26362], [85.20592, 28.26384], [85.20585, 28.2642], [85.20579, 28.26429], [85.20562, 28.26444], [85.20528, 28.26456], [85.20497, 28.26456], [85.20478, 28.26455], [85.20455, 28.26444], [85.20435, 28.26426], [85.20431, 28.26405], [85.20431, 28.26381], [85.20441, 28.26358], [85.20453, 28.26347], [85.2049, 28.26321], [85.2052, 28.26297], [85.20542, 28.26283], [85.20582, 28.2627], [85.20614, 28.26261], [85.2063, 28.26251], [85.20641, 28.26242], [85.20643, 28.2622], [85.20643, 28.26197], [85.20643, 28.2617], [85.20652, 28.26155], [85.2068, 28.26147]]]}}, {"type": "Feature", "properties": {"km2": 0.168, "name": null, "near_source_5km": false}, "geometry": {"type": "Polygon", "coordinates": [[[85.14327, 28.32629], [85.14307, 28.32599], [85.14281, 28.32568], [85.14267, 28.32547], [85.14246, 28.32518], [85.14221, 28.3249], [85.14208, 28.3248], [85.14189, 28.32451], [85.14182, 28.32424], [85.14191, 28.32396], [85.14208, 28.32372], [85.14236, 28.32355], [85.14266, 28.3234], [85.1431, 28.3232], [85.14338, 28.32299], [85.14381, 28.32283], [85.14423, 28.32283], [85.14486, 28.32297], [85.14507, 28.3231], [85.14521, 28.32338], [85.14528, 28.32373], [85.14544, 28.32415], [85.14567, 28.32462], [85.14575, 28.32515], [85.14566, 28.32554], [85.14552, 28.32583], [85.14548, 28.32615], [85.14543, 28.32662], [85.14526, 28.327], [85.14511, 28.32718], [85.14492, 28.32751], [85.14479, 28.32794], [85.14474, 28.32823], [85.1447, 28.32856], [85.14467, 28.3288], [85.14448, 28.32918], [85.14436, 28.32949], [85.14428, 28.32982], [85.14413, 28.33007], [85.14388, 28.33031], [85.14368, 28.33038], [85.14339, 28.33031], [85.14315, 28.33022], [85.14296, 28.33007], [85.14281, 28.32976], [85.14279, 28.32957], [85.14294, 28.32932], [85.14321, 28.32913], [85.14337, 28.329], [85.14349, 28.32873], [85.14351, 28.3285], [85.14344, 28.32836], [85.14342, 28.32819], [85.14358, 28.32789], [85.1438, 28.32775], [85.1439, 28.32768], [85.14397, 28.32756], [85.144, 28.32734], [85.14401, 28.32722], [85.14391, 28.32697], [85.14381, 28.32677], [85.14367, 28.32658], [85.14327, 28.32629]]]}}, {"type": "Feature", "properties": {"km2": 0.016, "name": null, "near_source_5km": false}, "geometry": {"type": "Polygon", "coordinates": [[[85.15519, 28.32766], [85.15532, 28.32789], [85.15546, 28.32806], [85.1555, 28.32828], [85.15558, 28.3285], [85.15561, 28.32881], [85.15551, 28.32915], [85.15527, 28.32929], [85.15491, 28.32924], [85.15474, 28.3291], [85.15456, 28.32887], [85.15449, 28.32868], [85.15446, 28.32848], [85.15448, 28.32816], [85.15451, 28.32794], [85.15461, 28.32779], [85.15478, 28.32764], [85.15503, 28.32763], [85.15519, 28.32766]]]}}, {"type": "Feature", "properties": {"km2": 0.171, "name": null, "near_source_5km": false}, "geometry": {"type": "Polygon", "coordinates": [[[85.16166, 28.32848], [85.16196, 28.32863], [85.16236, 28.32877], [85.16264, 28.32898], [85.16273, 28.32913], [85.16278, 28.32932], [85.16279, 28.32953], [85.1628, 28.32985], [85.16269, 28.33011], [85.16253, 28.33032], [85.16214, 28.33035], [85.16167, 28.33036], [85.16122, 28.3303], [85.16081, 28.33021], [85.16033, 28.33], [85.16014, 28.32985], [85.15974, 28.32965], [85.15912, 28.32928], [85.15866, 28.32912], [85.15834, 28.32909], [85.15792, 28.32903], [85.15756, 28.32902], [85.15728, 28.32902], [85.15693, 28.32899], [85.15667, 28.32888], [85.1565, 28.32866], [85.1565, 28.32832], [85.15667, 28.32813], [85.15691, 28.32802], [85.1572, 28.32788], [85.15727, 28.32772], [85.15725, 28.32746], [85.15689, 28.32732], [85.15671, 28.32724], [85.15647, 28.327], [85.15621, 28.32674], [85.15609, 28.32661], [85.15601, 28.32644], [85.15606, 28.3263], [85.15623, 28.32629], [85.15639, 28.32633], [85.15661, 28.32641], [85.1569, 28.32644], [85.15711, 28.32644], [85.1572, 28.32629], [85.1573, 28.32612], [85.15749, 28.32588], [85.15783, 28.32582], [85.15813, 28.32596], [85.15816, 28.32622], [85.15809, 28.32651], [85.15808, 28.32672], [85.15836, 28.327], [85.15869, 28.32718], [85.1589, 28.32727], [85.15919, 28.32738], [85.15941, 28.32742], [85.15969, 28.32736], [85.16004, 28.32716], [85.16037, 28.32681], [85.1606, 28.32656], [85.16083, 28.32639], [85.16124, 28.32636], [85.16138, 28.32644], [85.16157, 28.32669], [85.16161, 28.32699], [85.1616, 28.32729], [85.16155, 28.3278], [85.16155, 28.3281], [85.16166, 28.32848]]]}}, {"type": "Feature", "properties": {"km2": 0.071, "name": null, "near_source_5km": false}, "geometry": {"type": "Polygon", "coordinates": [[[85.16178, 28.31955], [85.16187, 28.3193], [85.16201, 28.31917], [85.16214, 28.31901], [85.16226, 28.3188], [85.16235, 28.31866], [85.16242, 28.31854], [85.16246, 28.31842], [85.16245, 28.31831], [85.16238, 28.3183], [85.16227, 28.31827], [85.1622, 28.31827], [85.16202, 28.3182], [85.16189, 28.31816], [85.16175, 28.3181], [85.16164, 28.31797], [85.16161, 28.31787], [85.16169, 28.31775], [85.16189, 28.31773], [85.16206, 28.31774], [85.16228, 28.3177], [85.16244, 28.3177], [85.16261, 28.31777], [85.16279, 28.31785], [85.16292, 28.31799], [85.16297, 28.31817], [85.16301, 28.31842], [85.16305, 28.31882], [85.16305, 28.31903], [85.16297, 28.31928], [85.16284, 28.31956], [85.16281, 28.31977], [85.16287, 28.31992], [85.16296, 28.32003], [85.1631, 28.32015], [85.16324, 28.32023], [85.16337, 28.32033], [85.16346, 28.3205], [85.16349, 28.32064], [85.16349, 28.32082], [85.16342, 28.32107], [85.1633, 28.32117], [85.16308, 28.32123], [85.16288, 28.3212], [85.16265, 28.32115], [85.16232, 28.32116], [85.16214, 28.32119], [85.16195, 28.32123], [85.16159, 28.32142], [85.16131, 28.32167], [85.16123, 28.32187], [85.16111, 28.32205], [85.16101, 28.32219], [85.16088, 28.32227], [85.16069, 28.32229], [85.16058, 28.32227], [85.1605, 28.3222], [85.16041, 28.32201], [85.16041, 28.32177], [85.16046, 28.32159], [85.16047, 28.32143], [85.16047, 28.32132], [85.16045, 28.32112], [85.16044, 28.32099], [85.16042, 28.32077], [85.16041, 28.32059], [85.16041, 28.32045], [85.16043, 28.32033], [85.16051, 28.32019], [85.16066, 28.32004], [85.16083, 28.32], [85.16102, 28.32002], [85.16118, 28.32013], [85.16129, 28.32022], [85.16143, 28.32029], [85.16155, 28.32025], [85.16161, 28.32015], [85.16164, 28.32004], [85.16167, 28.31991], [85.16172, 28.31972], [85.16178, 28.31955]]]}}, {"type": "Feature", "properties": {"km2": 0.023, "name": null, "near_source_5km": false}, "geometry": {"type": "Polygon", "coordinates": [[[85.16769, 28.32119], [85.16752, 28.32128], [85.16734, 28.32134], [85.1671, 28.32137], [85.16683, 28.32138], [85.16664, 28.32138], [85.16634, 28.32128], [85.16615, 28.32116], [85.16597, 28.32104], [85.16589, 28.321], [85.16567, 28.32085], [85.16548, 28.32066], [85.16531, 28.32054], [85.16521, 28.32042], [85.16519, 28.32029], [85.16528, 28.32022], [85.16535, 28.32021], [85.16559, 28.32023], [85.16604, 28.32027], [85.16635, 28.32029], [85.1668, 28.32033], [85.1671, 28.32037], [85.16736, 28.32043], [85.16759, 28.32054], [85.16783, 28.32066], [85.16796, 28.32083], [85.16795, 28.32098], [85.16785, 28.3211], [85.16769, 28.32119]]]}}, {"type": "Feature", "properties": {"km2": 0.233, "name": null, "near_source_5km": false}, "geometry": {"type": "Polygon", "coordinates": [[[85.16797, 28.33077], [85.1674, 28.33071], [85.16643, 28.33065], [85.16582, 28.33065], [85.16526, 28.3306], [85.16464, 28.33045], [85.16422, 28.33033], [85.16391, 28.33018], [85.1636, 28.32986], [85.16353, 28.32959], [85.16354, 28.32905], [85.16369, 28.32851], [85.16389, 28.32817], [85.16417, 28.32784], [85.16458, 28.32743], [85.16488, 28.32707], [85.16514, 28.32661], [85.16532, 28.32626], [85.1655, 28.32601], [85.16568, 28.32573], [85.16594, 28.32525], [85.16603, 28.3249], [85.16613, 28.32466], [85.16629, 28.32438], [85.1665, 28.32429], [85.16667, 28.32435], [85.1668, 28.32457], [85.1668, 28.32494], [85.16692, 28.32542], [85.16721, 28.32574], [85.16742, 28.32628], [85.16741, 28.32651], [85.16734, 28.32685], [85.1673, 28.32733], [85.1675, 28.32759], [85.16774, 28.32772], [85.16811, 28.32779], [85.16846, 28.32781], [85.16881, 28.32778], [85.16906, 28.32779], [85.16927, 28.32788], [85.16938, 28.32799], [85.16946, 28.32821], [85.16935, 28.32844], [85.16918, 28.32862], [85.16911, 28.3288], [85.16909, 28.32904], [85.1692, 28.32928], [85.16932, 28.32943], [85.16936, 28.32976], [85.16923, 28.33], [85.16905, 28.3302], [85.16844, 28.33062], [85.16797, 28.33077]]]}}, {"type": "Feature", "properties": {"km2": 0.173, "name": null, "near_source_5km": false}, "geometry": {"type": "Polygon", "coordinates": [[[85.15521, 28.28408], [85.15496, 28.2841], [85.15475, 28.28415], [85.15458, 28.2842], [85.15439, 28.28426], [85.15419, 28.28429], [85.15391, 28.2843], [85.15375, 28.28426], [85.15339, 28.2841], [85.15307, 28.28402], [85.15271, 28.28394], [85.15249, 28.28389], [85.15221, 28.28383], [85.152, 28.28377], [85.1517, 28.28363], [85.15145, 28.28346], [85.1512, 28.28338], [85.15094, 28.28329], [85.15058, 28.28303], [85.15016, 28.28278], [85.14991, 28.28253], [85.14968, 28.28201], [85.14967, 28.28178], [85.14979, 28.28149], [85.14999, 28.28142], [85.15031, 28.28132], [85.15046, 28.28119], [85.15046, 28.28098], [85.15054, 28.28079], [85.15073, 28.28057], [85.15102, 28.28052], [85.1517, 28.28062], [85.15212, 28.2808], [85.15257, 28.28101], [85.15275, 28.28127], [85.15285, 28.28143], [85.15305, 28.28165], [85.15332, 28.28191], [85.15356, 28.28205], [85.15392, 28.2822], [85.15414, 28.28222], [85.15447, 28.28222], [85.1547, 28.28223], [85.15495, 28.28227], [85.15513, 28.28234], [85.15527, 28.2824], [85.15564, 28.28245], [85.15598, 28.28247], [85.1564, 28.28261], [85.15671, 28.28276], [85.15694, 28.28302], [85.15708, 28.28327], [85.15713, 28.28346], [85.15719, 28.28365], [85.15721, 28.28396], [85.15721, 28.28417], [85.15717, 28.28437], [85.157, 28.28446], [85.15683, 28.28448], [85.15668, 28.28446], [85.15635, 28.2844], [85.15608, 28.28435], [85.15575, 28.28426], [85.1555, 28.28418], [85.15521, 28.28408]]]}}, {"type": "Feature", "properties": {"km2": 0.027, "name": null, "near_source_5km": false}, "geometry": {"type": "Polygon", "coordinates": [[[85.15782, 28.28867], [85.15804, 28.28878], [85.15828, 28.28889], [85.15852, 28.28894], [85.15876, 28.28899], [85.15885, 28.28905], [85.15887, 28.28916], [85.15883, 28.28931], [85.15873, 28.28956], [85.15859, 28.28975], [85.1584, 28.28981], [85.15817, 28.28992], [85.15789, 28.29007], [85.15777, 28.29011], [85.15745, 28.29017], [85.15721, 28.29015], [85.15708, 28.29008], [85.15696, 28.28996], [85.15694, 28.28971], [85.15693, 28.28952], [85.15688, 28.28939], [85.15678, 28.28925], [85.15669, 28.2891], [85.15662, 28.28899], [85.1566, 28.28886], [85.15665, 28.28876], [85.15684, 28.2886], [85.15705, 28.28852], [85.15718, 28.28852], [85.15748, 28.28859], [85.15782, 28.28867]]]}}, {"type": "Feature", "properties": {"km2": 0.572, "name": null, "near_source_5km": false}, "geometry": {"type": "Polygon", "coordinates": [[[85.18475, 28.32623], [85.1846, 28.32612], [85.18447, 28.32601], [85.18428, 28.3259], [85.1841, 28.3257], [85.18385, 28.32535], [85.1838, 28.32517], [85.18385, 28.32491], [85.18399, 28.32474], [85.18415, 28.32466], [85.18448, 28.32461], [85.18472, 28.32465], [85.1849, 28.3248], [85.1852, 28.32503], [85.18558, 28.32539], [85.18589, 28.3256], [85.18609, 28.32577], [85.18622, 28.32593], [85.18625, 28.32608], [85.18627, 28.32653], [85.18637, 28.32686], [85.18661, 28.32713], [85.18686, 28.3273], [85.18716, 28.32751], [85.18738, 28.32765], [85.18756, 28.32772], [85.18808, 28.32778], [85.18839, 28.32777], [85.18869, 28.32778], [85.18896, 28.3278], [85.18923, 28.32791], [85.18941, 28.32804], [85.18963, 28.32823], [85.1899, 28.32839], [85.1902, 28.32848], [85.19054, 28.32849], [85.1908, 28.32854], [85.19107, 28.3286], [85.19141, 28.3287], [85.19165, 28.32881], [85.1919, 28.32893], [85.19213, 28.32903], [85.19237, 28.32915], [85.19253, 28.32923], [85.19274, 28.32932], [85.19291, 28.32943], [85.19294, 28.32955], [85.19286, 28.3296], [85.19266, 28.32962], [85.19246, 28.32962], [85.19224, 28.32964], [85.19209, 28.32971], [85.19202, 28.32984], [85.19203, 28.33005], [85.19207, 28.33025], [85.19205, 28.33053], [85.19202, 28.33084], [85.19205, 28.3313], [85.19207, 28.33158], [85.19196, 28.33179], [85.19182, 28.33198], [85.19156, 28.33221], [85.19123, 28.33236], [85.19095, 28.33243], [85.1906, 28.33251], [85.19029, 28.33255], [85.19007, 28.33263], [85.18989, 28.33276], [85.18973, 28.33288], [85.18947, 28.33298], [85.18927, 28.33301], [85.18911, 28.33306], [85.18898, 28.33319], [85.18892, 28.33339], [85.18891, 28.33356], [85.18881, 28.3337], [85.18878, 28.33383], [85.18878, 28.33416], [85.18876, 28.33434], [85.18864, 28.33445], [85.18843, 28.33451], [85.18828, 28.33453], [85.18817, 28.33463], [85.18814, 28.33473], [85.18818, 28.33487], [85.18827, 28.335], [85.18836, 28.3351], [85.1884, 28.33532], [85.18834, 28.33552], [85.18824, 28.33566], [85.18804, 28.33571], [85.18791, 28.3357], [85.18769, 28.33566], [85.18756, 28.33557], [85.18746, 28.33541], [85.1873, 28.33521], [85.18712, 28.33507], [85.18693, 28.33486], [85.18681, 28.33472], [85.18666, 28.33457], [85.18653, 28.33449], [85.18634, 28.33438], [85.18608, 28.33425], [85.18581, 28.33414], [85.18549, 28.33402], [85.1851, 28.33393], [85.18474, 28.33375], [85.18438, 28.33353], [85.18415, 28.33337], [85.18381, 28.33317], [85.18361, 28.33301], [85.18342, 28.33282], [85.1831, 28.33263], [85.18287, 28.33243], [85.18277, 28.33237], [85.18254, 28.3322], [85.18232, 28.33203], [85.18216, 28.33183], [85.18195, 28.33159], [85.18173, 28.33136], [85.1813, 28.33111], [85.18104, 28.33099], [85.18082, 28.33083], [85.18066, 28.33071], [85.18045, 28.33056], [85.18026, 28.33036], [85.18014, 28.33018], [85.18003, 28.33002], [85.17988, 28.32972], [85.17988, 28.32955], [85.1799, 28.32924], [85.1799, 28.3291], [85.17985, 28.32883], [85.17981, 28.32862], [85.17967, 28.32832], [85.17956, 28.32802], [85.17949, 28.32777], [85.17945, 28.32749], [85.17936, 28.32727], [85.17917, 28.327], [85.17906, 28.32683], [85.17899, 28.32663], [85.179, 28.3264], [85.17905, 28.3263], [85.17916, 28.32619], [85.17936, 28.32616], [85.17966, 28.3262], [85.17993, 28.3263], [85.18016, 28.32644], [85.18027, 28.32671], [85.18032, 28.32691], [85.18046, 28.3272], [85.18061, 28.32737], [85.18083, 28.32753], [85.1811, 28.32777], [85.18128, 28.32793], [85.18148, 28.32815], [85.18163, 28.32839], [85.18167, 28.32865], [85.18158, 28.32886], [85.18145, 28.32908], [85.18139, 28.3293], [85.18142, 28.3296], [85.18151, 28.32984], [85.18158, 28.33004], [85.18168, 28.33034], [85.18182, 28.33061], [85.18202, 28.33086], [85.18221, 28.33112], [85.18239, 28.33138], [85.18265, 28.33152], [85.1829, 28.33158], [85.18313, 28.33157], [85.18331, 28.33151], [85.18355, 28.33139], [85.18367, 28.33131], [85.18381, 28.3311], [85.18398, 28.33085], [85.1841, 28.33082], [85.18421, 28.33083], [85.18444, 28.33089], [85.18472, 28.33104], [85.18486, 28.33117], [85.18501, 28.33135], [85.18509, 28.33155], [85.18518, 28.33173], [85.18534, 28.33187], [85.18554, 28.33192], [85.18567, 28.33191], [85.1857, 28.33182], [85.18564, 28.33175], [85.18551, 28.33161], [85.1854, 28.33149], [85.1853, 28.33135], [85.18512, 28.3311], [85.18498, 28.33092], [85.18493, 28.33068], [85.18494, 28.33053], [85.18503, 28.33048], [85.18513, 28.33047], [85.18536, 28.33049], [85.18567, 28.33054], [85.18591, 28.33059], [85.18611, 28.33064], [85.18627, 28.33061], [85.18631, 28.33051], [85.18637, 28.33028], [85.18646, 28.33015], [85.18695, 28.33], [85.18719, 28.32995], [85.18734, 28.32988], [85.18747, 28.32973], [85.18749, 28.32955], [85.1874, 28.32941], [85.18726, 28.32926], [85.18711, 28.32914], [85.1869, 28.32901], [85.18664, 28.32887], [85.18655, 28.32878], [85.18638, 28.32855], [85.18624, 28.32831], [85.18612, 28.32813], [85.18597, 28.32797], [85.18569, 28.32774], [85.1854, 28.32754], [85.18521, 28.32731], [85.18503, 28.32715], [85.18487, 28.32689], [85.18478, 28.32676], [85.18474, 28.32657], [85.18476, 28.32641], [85.18476, 28.32632], [85.18475, 28.32623]]]}}, {"type": "Feature", "properties": {"km2": 0.216, "name": null, "near_source_5km": false}, "geometry": {"type": "Polygon", "coordinates": [[[85.12312, 28.31222], [85.12336, 28.31236], [85.12343, 28.31248], [85.1235, 28.31271], [85.12343, 28.31293], [85.12331, 28.31317], [85.12319, 28.31344], [85.12311, 28.31358], [85.12296, 28.3138], [85.12279, 28.31401], [85.12275, 28.31419], [85.12275, 28.3144], [85.123, 28.31458], [85.12324, 28.31476], [85.12351, 28.31493], [85.1237, 28.31509], [85.12388, 28.31527], [85.12394, 28.31541], [85.12394, 28.31565], [85.12379, 28.316], [85.12362, 28.31619], [85.1234, 28.31628], [85.12324, 28.3163], [85.12304, 28.3163], [85.12276, 28.31631], [85.12241, 28.31635], [85.12197, 28.31641], [85.12158, 28.31646], [85.1212, 28.31646], [85.12084, 28.31642], [85.12036, 28.31642], [85.12006, 28.3165], [85.11985, 28.31664], [85.11959, 28.31687], [85.11936, 28.31706], [85.11907, 28.31713], [85.11881, 28.3172], [85.11847, 28.31725], [85.11824, 28.3173], [85.11785, 28.31742], [85.11765, 28.31743], [85.11741, 28.31734], [85.1172, 28.31721], [85.11704, 28.31699], [85.11675, 28.31681], [85.11651, 28.31674], [85.11638, 28.31674], [85.1163, 28.3166], [85.11637, 28.3165], [85.11652, 28.31644], [85.11677, 28.31638], [85.11692, 28.31631], [85.11707, 28.31611], [85.1173, 28.3159], [85.11746, 28.31584], [85.11769, 28.31557], [85.11785, 28.31545], [85.11807, 28.3153], [85.11828, 28.31514], [85.11841, 28.31496], [85.11844, 28.31481], [85.11843, 28.31452], [85.1185, 28.31434], [85.11863, 28.31416], [85.11881, 28.31407], [85.11902, 28.31398], [85.11925, 28.31386], [85.11952, 28.31371], [85.11986, 28.31354], [85.1201, 28.31338], [85.12032, 28.31325], [85.12068, 28.3131], [85.12119, 28.31299], [85.12136, 28.31297], [85.12158, 28.31294], [85.12185, 28.31285], [85.12215, 28.31268], [85.12234, 28.31255], [85.12244, 28.31246], [85.12272, 28.31232], [85.12285, 28.31227], [85.12312, 28.31222]]]}}, {"type": "Feature", "properties": {"km2": 0.12, "name": null, "near_source_5km": false}, "geometry": {"type": "Polygon", "coordinates": [[[85.1232, 28.31029], [85.12267, 28.31025], [85.12212, 28.31023], [85.12175, 28.31022], [85.12142, 28.31023], [85.12108, 28.31038], [85.12079, 28.31046], [85.12059, 28.31048], [85.12036, 28.31041], [85.12012, 28.31027], [85.11989, 28.31], [85.1199, 28.30968], [85.12003, 28.30944], [85.12019, 28.30925], [85.12048, 28.3091], [85.12074, 28.30901], [85.12128, 28.30886], [85.12161, 28.30874], [85.12189, 28.30846], [85.12202, 28.30811], [85.12231, 28.30785], [85.1226, 28.30775], [85.12298, 28.30779], [85.12326, 28.30794], [85.12357, 28.30798], [85.12398, 28.30786], [85.12424, 28.30768], [85.12443, 28.30766], [85.12462, 28.30774], [85.12493, 28.30778], [85.12525, 28.30767], [85.12557, 28.30773], [85.12575, 28.30784], [85.12585, 28.30808], [85.12581, 28.3082], [85.12566, 28.30839], [85.12548, 28.30865], [85.1254, 28.30895], [85.12532, 28.30925], [85.12514, 28.30967], [85.12493, 28.30996], [85.12467, 28.3101], [85.12432, 28.31021], [85.12382, 28.31025], [85.1232, 28.31029]]]}}, {"type": "Feature", "properties": {"km2": 0.011, "name": null, "near_source_5km": false}, "geometry": {"type": "Polygon", "coordinates": [[[85.13277, 28.30171], [85.13248, 28.30148], [85.13234, 28.30132], [85.13217, 28.30116], [85.13209, 28.30094], [85.1321, 28.3008], [85.13222, 28.30072], [85.13237, 28.3007], [85.13265, 28.30071], [85.13308, 28.30081], [85.13331, 28.30091], [85.13353, 28.30122], [85.13352, 28.3014], [85.13343, 28.30153], [85.13327, 28.30163], [85.13312, 28.30167], [85.13277, 28.30171]]]}}, {"type": "Feature", "properties": {"km2": 0.022, "name": null, "near_source_5km": false}, "geometry": {"type": "Polygon", "coordinates": [[[85.13196, 28.29773], [85.13219, 28.2976], [85.13241, 28.29758], [85.13268, 28.29758], [85.13285, 28.29757], [85.13302, 28.29743], [85.13309, 28.29725], [85.13319, 28.29712], [85.13339, 28.29701], [85.13365, 28.29702], [85.13382, 28.29714], [85.1339, 28.29737], [85.13385, 28.2975], [85.13371, 28.29775], [85.13357, 28.29799], [85.13338, 28.29822], [85.13307, 28.29839], [85.13276, 28.29847], [85.13247, 28.29855], [85.13219, 28.29874], [85.13202, 28.29881], [85.13186, 28.29871], [85.13177, 28.29857], [85.13175, 28.29837], [85.13175, 28.2982], [85.13181, 28.29798], [85.13196, 28.29773]]]}}, {"type": "Feature", "properties": {"km2": 0.121, "name": null, "near_source_5km": false}, "geometry": {"type": "Polygon", "coordinates": [[[85.13837, 28.296], [85.13831, 28.29584], [85.13826, 28.29572], [85.1381, 28.29566], [85.13786, 28.29559], [85.13756, 28.29555], [85.13742, 28.2955], [85.13714, 28.29533], [85.13698, 28.29519], [85.13692, 28.29502], [85.13693, 28.2947], [85.13707, 28.2945], [85.13731, 28.29441], [85.13764, 28.29441], [85.13802, 28.29446], [85.13843, 28.29446], [85.13875, 28.29444], [85.13926, 28.2946], [85.13952, 28.2947], [85.13989, 28.29482], [85.14028, 28.29497], [85.14065, 28.29515], [85.14088, 28.29524], [85.14136, 28.29528], [85.142, 28.29529], [85.14238, 28.29533], [85.14268, 28.29545], [85.14309, 28.29572], [85.14342, 28.29601], [85.14367, 28.29628], [85.14388, 28.29655], [85.14404, 28.29684], [85.14413, 28.29717], [85.14404, 28.29744], [85.14392, 28.29749], [85.14361, 28.29761], [85.14324, 28.29748], [85.14307, 28.29729], [85.14285, 28.29704], [85.14266, 28.29682], [85.14212, 28.29683], [85.14175, 28.29706], [85.14153, 28.29714], [85.14127, 28.29706], [85.1411, 28.29685], [85.141, 28.29657], [85.14085, 28.29637], [85.14064, 28.29616], [85.1405, 28.29602], [85.1403, 28.29593], [85.1399, 28.29589], [85.1395, 28.2959], [85.13919, 28.29611], [85.13908, 28.29636], [85.13912, 28.29659], [85.13933, 28.29684], [85.13952, 28.29693], [85.13974, 28.29705], [85.13984, 28.29721], [85.13983, 28.29734], [85.13962, 28.29738], [85.13937, 28.29738], [85.13917, 28.29736], [85.13885, 28.29741], [85.13858, 28.29765], [85.13847, 28.29776], [85.13822, 28.29774], [85.13812, 28.29759], [85.13817, 28.29731], [85.13822, 28.29709], [85.1383, 28.29697], [85.13836, 28.29676], [85.13837, 28.29642], [85.13841, 28.29618], [85.13837, 28.296]]]}}, {"type": "Feature", "properties": {"km2": 0.092, "name": null, "near_source_5km": false}, "geometry": {"type": "Polygon", "coordinates": [[[85.1461, 28.29308], [85.14647, 28.29293], [85.14681, 28.29266], [85.14719, 28.29242], [85.14752, 28.2922], [85.14798, 28.2921], [85.1483, 28.29211], [85.14845, 28.29226], [85.14846, 28.29259], [85.14844, 28.29281], [85.14857, 28.29333], [85.14874, 28.29361], [85.14882, 28.29394], [85.14872, 28.2941], [85.14846, 28.29438], [85.14836, 28.29454], [85.1483, 28.29482], [85.1483, 28.29518], [85.14826, 28.29527], [85.14799, 28.29539], [85.14777, 28.29543], [85.14743, 28.29546], [85.14722, 28.29547], [85.147, 28.29543], [85.14662, 28.29526], [85.14648, 28.29522], [85.14602, 28.29518], [85.14575, 28.29511], [85.14557, 28.29499], [85.14541, 28.29474], [85.1453, 28.29451], [85.14519, 28.29418], [85.14518, 28.29387], [85.14529, 28.29352], [85.1455, 28.29332], [85.14577, 28.29321], [85.1461, 28.29308]]]}}, {"type": "Feature", "properties": {"km2": 0.036, "name": null, "near_source_5km": false}, "geometry": {"type": "Polygon", "coordinates": [[[85.1185, 28.33465], [85.119, 28.33451], [85.11925, 28.33436], [85.11957, 28.33421], [85.11982, 28.33418], [85.12019, 28.33422], [85.12042, 28.33437], [85.12065, 28.33454], [85.12067, 28.33474], [85.12066, 28.33483], [85.12057, 28.33496], [85.12031, 28.33525], [85.1201, 28.33547], [85.11988, 28.33565], [85.1196, 28.33581], [85.11933, 28.33594], [85.11896, 28.33603], [85.11871, 28.33603], [85.11848, 28.33598], [85.11826, 28.33588], [85.11811, 28.33575], [85.11801, 28.3356], [85.11797, 28.33547], [85.11798, 28.33528], [85.11807, 28.33508], [85.11817, 28.33496], [85.11835, 28.33479], [85.1185, 28.33465]]]}}, {"type": "Feature", "properties": {"km2": 0.025, "name": null, "near_source_5km": false}, "geometry": {"type": "Polygon", "coordinates": [[[85.12132, 28.33515], [85.12123, 28.33497], [85.12121, 28.33476], [85.12121, 28.33458], [85.12121, 28.3344], [85.12122, 28.33427], [85.12121, 28.33403], [85.12115, 28.33391], [85.12112, 28.33372], [85.12113, 28.33347], [85.12127, 28.33329], [85.12148, 28.33327], [85.12167, 28.33329], [85.12187, 28.33345], [85.12196, 28.33354], [85.12222, 28.33371], [85.12239, 28.33382], [85.12257, 28.33408], [85.12265, 28.33435], [85.12268, 28.3346], [85.1226, 28.33487], [85.12249, 28.33505], [85.12234, 28.33518], [85.12206, 28.33523], [85.12189, 28.33523], [85.12144, 28.33517], [85.12132, 28.33515]]]}}, {"type": "Feature", "properties": {"km2": 0.233, "name": null, "near_source_5km": false}, "geometry": {"type": "Polygon", "coordinates": [[[85.1123, 28.33652], [85.11227, 28.3363], [85.11218, 28.33613], [85.11205, 28.33601], [85.1119, 28.33581], [85.11182, 28.3355], [85.11183, 28.33514], [85.11202, 28.33483], [85.11256, 28.33445], [85.11269, 28.33441], [85.11303, 28.33436], [85.11342, 28.33435], [85.11379, 28.33434], [85.1142, 28.33426], [85.11456, 28.33409], [85.11481, 28.33387], [85.11488, 28.3337], [85.11492, 28.33345], [85.11481, 28.33309], [85.11469, 28.33292], [85.11454, 28.3328], [85.11442, 28.3326], [85.11431, 28.33217], [85.1144, 28.33188], [85.1146, 28.33159], [85.11488, 28.33138], [85.11523, 28.33137], [85.11548, 28.33146], [85.11577, 28.3317], [85.11588, 28.33193], [85.11606, 28.33238], [85.11609, 28.33271], [85.11599, 28.33331], [85.11584, 28.33373], [85.11557, 28.33407], [85.11534, 28.33456], [85.11514, 28.33517], [85.11505, 28.33598], [85.11509, 28.33664], [85.11511, 28.33698], [85.11516, 28.33733], [85.11517, 28.33768], [85.11517, 28.338], [85.11521, 28.33847], [85.1152, 28.33893], [85.11508, 28.33925], [85.11494, 28.3394], [85.11471, 28.33974], [85.11454, 28.34005], [85.11441, 28.34038], [85.11429, 28.3406], [85.11413, 28.34081], [85.11392, 28.34106], [85.11376, 28.34118], [85.11352, 28.34125], [85.1132, 28.34128], [85.11284, 28.34123], [85.11262, 28.34113], [85.11245, 28.34102], [85.11236, 28.34088], [85.11236, 28.34066], [85.11243, 28.34035], [85.11254, 28.33991], [85.11259, 28.3395], [85.11263, 28.33916], [85.11263, 28.33855], [85.11263, 28.3382], [85.11263, 28.33786], [85.11254, 28.33746], [85.11245, 28.3371], [85.11235, 28.3368], [85.1123, 28.33652]]]}}, {"type": "Feature", "properties": {"km2": 0.189, "name": null, "near_source_5km": false}, "geometry": {"type": "Polygon", "coordinates": [[[85.10688, 28.34179], [85.10691, 28.34232], [85.10687, 28.34261], [85.10669, 28.34302], [85.1063, 28.34351], [85.10601, 28.34378], [85.10548, 28.34417], [85.10487, 28.34445], [85.1043, 28.34466], [85.10384, 28.34476], [85.10339, 28.34483], [85.10294, 28.34484], [85.10244, 28.34482], [85.10192, 28.34475], [85.10139, 28.34463], [85.10103, 28.34449], [85.10059, 28.34427], [85.10044, 28.34402], [85.10042, 28.34374], [85.10047, 28.34337], [85.10066, 28.34308], [85.10096, 28.34267], [85.10135, 28.34222], [85.10172, 28.34208], [85.10216, 28.34193], [85.10277, 28.34181], [85.10303, 28.34162], [85.10327, 28.34138], [85.10355, 28.3412], [85.10388, 28.34118], [85.10423, 28.34124], [85.10467, 28.34137], [85.10503, 28.34139], [85.10546, 28.34133], [85.1059, 28.34126], [85.10626, 28.34126], [85.10655, 28.34138], [85.10677, 28.34151], [85.10688, 28.34179]]]}}, {"type": "Feature", "properties": {"km2": 4.086, "name": null, "near_source_5km": false}, "geometry": {"type": "Polygon", "coordinates": [[[85.08088, 28.32731], [85.08066, 28.32705], [85.08051, 28.32675], [85.08023, 28.32658], [85.08001, 28.32641], [85.0798, 28.3261], [85.07961, 28.32569], [85.07961, 28.32533], [85.07976, 28.3249], [85.08003, 28.32456], [85.08044, 28.32435], [85.08064, 28.3244], [85.08072, 28.32448], [85.08076, 28.32491], [85.08066, 28.32529], [85.08066, 28.32563], [85.08081, 28.32588], [85.08113, 28.3259], [85.08158, 28.32576], [85.08194, 28.32559], [85.08235, 28.32552], [85.08265, 28.32566], [85.08272, 28.32597], [85.08265, 28.32643], [85.0827, 28.32697], [85.08317, 28.32739], [85.0833, 28.32773], [85.08323, 28.3283], [85.08315, 28.32869], [85.08315, 28.32918], [85.08334, 28.32956], [85.0836, 28.3296], [85.08411, 28.32941], [85.0842, 28.32916], [85.08428, 28.32854], [85.08437, 28.32811], [85.08448, 28.32743], [85.08471, 28.32665], [85.0851, 28.3258], [85.08546, 28.32525], [85.08587, 28.32469], [85.08643, 28.32416], [85.08697, 28.32376], [85.08746, 28.32359], [85.08785, 28.32352], [85.08825, 28.32344], [85.0889, 28.3232], [85.08933, 28.32297], [85.08995, 28.32278], [85.09055, 28.3227], [85.09124, 28.32274], [85.09162, 28.32286], [85.09214, 28.32304], [85.09244, 28.32329], [85.09265, 28.3238], [85.09233, 28.32418], [85.09184, 28.32454], [85.09134, 28.3249], [85.09083, 28.32527], [85.09003, 28.3258], [85.08928, 28.32637], [85.08851, 28.32684], [85.08817, 28.32705], [85.08785, 28.32758], [85.08729, 28.32837], [85.08688, 28.32898], [85.08654, 28.32973], [85.08639, 28.33028], [85.08613, 28.3309], [85.08576, 28.33132], [85.0854, 28.33183], [85.08527, 28.33222], [85.08503, 28.33239], [85.0848, 28.33255], [85.08461, 28.33272], [85.08452, 28.333], [85.08463, 28.33334], [85.08512, 28.33351], [85.08574, 28.33347], [85.08591, 28.33334], [85.08636, 28.33307], [85.08688, 28.33289], [85.08757, 28.33281], [85.08821, 28.33287], [85.08873, 28.333], [85.08939, 28.33311], [85.09006, 28.33311], [85.09048, 28.33311], [85.09113, 28.33311], [85.09151, 28.333], [85.0919, 28.33279], [85.09229, 28.33249], [85.09257, 28.33205], [85.09272, 28.33171], [85.09269, 28.33119], [85.09265, 28.33071], [85.09261, 28.33], [85.09274, 28.32956], [85.09319, 28.3293], [85.09362, 28.32915], [85.09387, 28.3289], [85.09424, 28.32854], [85.09467, 28.32839], [85.09531, 28.32847], [85.09578, 28.32879], [85.09632, 28.32894], [85.09684, 28.32901], [85.09712, 28.32949], [85.09722, 28.32988], [85.09733, 28.33039], [85.09782, 28.331], [85.0984, 28.33151], [85.09885, 28.33188], [85.09943, 28.33213], [85.0999, 28.33215], [85.10031, 28.33177], [85.10029, 28.33132], [85.09995, 28.33085], [85.09971, 28.33047], [85.09969, 28.33013], [85.09975, 28.32967], [85.0999, 28.32933], [85.10027, 28.3289], [85.10074, 28.32875], [85.10126, 28.32865], [85.1019, 28.3286], [85.10231, 28.32865], [85.10235, 28.32884], [85.10231, 28.32916], [85.10218, 28.32952], [85.10216, 28.33], [85.10216, 28.33039], [85.10209, 28.33088], [85.10181, 28.33139], [85.10158, 28.33181], [85.10149, 28.33215], [85.10149, 28.33249], [85.1016, 28.33292], [85.10175, 28.33319], [85.10216, 28.33355], [85.10257, 28.33381], [85.10284, 28.33391], [85.10312, 28.33423], [85.10325, 28.33449], [85.10338, 28.33492], [85.10353, 28.33515], [85.10368, 28.33542], [85.10402, 28.33572], [85.10452, 28.33587], [85.10488, 28.33566], [85.1048, 28.33526], [85.1046, 28.335], [85.10447, 28.3347], [85.10437, 28.33442], [85.10435, 28.33404], [85.10437, 28.33362], [85.10441, 28.33328], [85.10458, 28.33283], [85.10463, 28.33243], [85.10458, 28.33215], [85.1045, 28.33185], [85.1045, 28.33164], [85.10459, 28.33149], [85.10475, 28.33128], [85.10479, 28.33111], [85.10475, 28.33077], [85.10472, 28.33023], [85.10473, 28.32989], [85.10486, 28.32962], [85.105, 28.32944], [85.10543, 28.32939], [85.10564, 28.32946], [85.106, 28.32966], [85.10617, 28.32991], [85.10629, 28.33027], [85.10642, 28.33068], [85.10658, 28.33094], [85.10674, 28.33132], [85.10684, 28.33176], [85.10694, 28.33211], [85.10703, 28.33228], [85.10709, 28.33248], [85.10721, 28.33286], [85.10725, 28.33315], [85.10722, 28.33351], [85.10715, 28.33364], [85.107, 28.33374], [85.10665, 28.33388], [85.10643, 28.33393], [85.10608, 28.33408], [85.10577, 28.33431], [85.1057, 28.3345], [85.10577, 28.33476], [85.10599, 28.33507], [85.1062, 28.33521], [85.10663, 28.33529], [85.107, 28.33544], [85.1071, 28.33549], [85.10726, 28.33562], [85.10745, 28.3359], [85.10749, 28.33623], [85.10737, 28.33645], [85.1073, 28.33675], [85.10733, 28.33703], [85.10743, 28.33717], [85.10758, 28.33732], [85.10794, 28.33751], [85.10826, 28.33781], [85.10854, 28.33815], [85.10872, 28.33842], [85.10896, 28.33874], [85.10916, 28.33905], [85.10941, 28.33935], [85.1096, 28.33962], [85.10966, 28.34002], [85.10947, 28.34036], [85.10924, 28.34057], [85.10914, 28.34063], [85.10886, 28.3407], [85.10831, 28.34069], [85.10779, 28.34051], [85.10741, 28.34034], [85.10711, 28.34014], [85.10673, 28.33986], [85.10634, 28.3395], [85.10603, 28.33932], [85.10569, 28.33917], [85.10531, 28.33908], [85.10491, 28.33906], [85.10432, 28.33909], [85.10388, 28.33915], [85.10324, 28.3393], [85.1025, 28.3395], [85.10195, 28.33979], [85.10147, 28.34009], [85.101, 28.34034], [85.10053, 28.34046], [85.10002, 28.34049], [85.09953, 28.34045], [85.09907, 28.34032], [85.09868, 28.34023], [85.09817, 28.34006], [85.09755, 28.33997], [85.09707, 28.33992], [85.09665, 28.33991], [85.09645, 28.3399], [85.09616, 28.34001], [85.09587, 28.34017], [85.09555, 28.3405], [85.09518, 28.3409], [85.09464, 28.34114], [85.09416, 28.34128], [85.09374, 28.34148], [85.09312, 28.34157], [85.09268, 28.34165], [85.09241, 28.34186], [85.09217, 28.34222], [85.09193, 28.34277], [85.09163, 28.34328], [85.09145, 28.34356], [85.09127, 28.3439], [85.09104, 28.34423], [85.09045, 28.34494], [85.08992, 28.34529], [85.08927, 28.34566], [85.08866, 28.34579], [85.08775, 28.34583], [85.08707, 28.34584], [85.08649, 28.3458], [85.08541, 28.34549], [85.08436, 28.34543], [85.08319, 28.34538], [85.08249, 28.34534], [85.08148, 28.34517], [85.08013, 28.34476], [85.0792, 28.3445], [85.07864, 28.34433], [85.07808, 28.34416], [85.07765, 28.344], [85.07732, 28.34386], [85.07699, 28.34369], [85.07645, 28.34344], [85.07596, 28.34327], [85.07537, 28.3431], [85.07481, 28.34284], [85.07451, 28.34266], [85.07409, 28.3424], [85.07384, 28.34209], [85.07384, 28.3416], [85.07393, 28.3413], [85.07389, 28.34095], [85.07368, 28.34051], [85.07363, 28.34024], [85.07362, 28.33989], [85.07375, 28.33956], [85.0739, 28.3395], [85.07424, 28.33953], [85.0744, 28.33967], [85.07457, 28.33998], [85.07475, 28.3402], [85.07483, 28.34045], [85.07523, 28.34086], [85.07546, 28.34106], [85.07579, 28.34112], [85.07593, 28.34105], [85.07597, 28.34087], [85.07587, 28.34052], [85.07573, 28.34018], [85.07571, 28.33986], [85.07569, 28.33952], [85.07575, 28.33917], [85.07589, 28.33885], [85.07608, 28.33864], [85.07626, 28.33851], [85.0765, 28.33842], [85.07708, 28.33829], [85.07774, 28.33819], [85.07863, 28.33818], [85.07917, 28.33811], [85.07939, 28.33802], [85.07959, 28.33787], [85.07978, 28.33765], [85.08003, 28.33735], [85.08023, 28.33708], [85.08057, 28.33693], [85.08086, 28.33685], [85.08116, 28.33686], [85.08153, 28.33697], [85.0817, 28.33716], [85.08173, 28.33737], [85.08169, 28.33767], [85.08174, 28.33801], [85.08189, 28.33824], [85.08208, 28.33841], [85.0823, 28.33854], [85.08264, 28.33859], [85.08321, 28.33858], [85.0836, 28.3385], [85.08375, 28.33845], [85.08396, 28.33831], [85.08407, 28.33801], [85.08399, 28.33764], [85.0838, 28.33747], [85.08362, 28.33731], [85.08334, 28.33711], [85.0829, 28.33685], [85.08249, 28.33662], [85.08217, 28.33644], [85.08182, 28.33624], [85.08152, 28.33596], [85.0814, 28.33577], [85.08138, 28.3356], [85.08145, 28.33542], [85.08165, 28.33524], [85.0819, 28.33516], [85.08221, 28.33516], [85.08242, 28.33514], [85.08257, 28.33505], [85.08267, 28.33491], [85.08268, 28.33463], [85.08257, 28.33445], [85.08237, 28.33431], [85.0822, 28.33424], [85.08181, 28.33413], [85.08137, 28.33413], [85.08098, 28.33417], [85.08064, 28.33415], [85.08014, 28.3342], [85.08005, 28.33425], [85.07987, 28.33449], [85.07981, 28.3347], [85.07982, 28.33496], [85.07983, 28.33515], [85.07977, 28.33546], [85.07961, 28.33573], [85.07946, 28.33578], [85.07926, 28.3358], [85.07896, 28.33567], [85.0787, 28.33545], [85.07856, 28.33525], [85.07852, 28.33497], [85.0785, 28.33469], [85.07854, 28.33433], [85.07865, 28.33404], [85.07873, 28.33364], [85.07887, 28.33323], [85.07905, 28.33285], [85.07926, 28.33255], [85.07951, 28.33222], [85.07972, 28.33189], [85.07987, 28.33163], [85.07996, 28.33141], [85.08001, 28.33105], [85.08001, 28.33089], [85.08001, 28.33065], [85.08001, 28.3304], [85.08012, 28.33017], [85.08032, 28.33009], [85.08047, 28.33008], [85.08083, 28.33008], [85.08099, 28.33006], [85.0811, 28.32997], [85.08115, 28.32979], [85.08115, 28.32967], [85.08109, 28.32934], [85.08103, 28.32907], [85.08116, 28.32867], [85.08127, 28.32841], [85.08138, 28.3282], [85.0814, 28.32792], [85.08137, 28.32765], [85.08119, 28.32755], [85.08099, 28.32746], [85.08088, 28.32731]]]}}, {"type": "Feature", "properties": {"km2": 1.025, "name": null, "near_source_5km": false}, "geometry": {"type": "Polygon", "coordinates": [[[85.07836, 28.33041], [85.07823, 28.33094], [85.07804, 28.33147], [85.07782, 28.33171], [85.07755, 28.33234], [85.0772, 28.33281], [85.07677, 28.33317], [85.07611, 28.33345], [85.07546, 28.33366], [85.07467, 28.33391], [85.0739, 28.33409], [85.0731, 28.33415], [85.07248, 28.33443], [85.07177, 28.33481], [85.07132, 28.33498], [85.07059, 28.33509], [85.07023, 28.33511], [85.06961, 28.33511], [85.06911, 28.33504], [85.06853, 28.33496], [85.06806, 28.33481], [85.06755, 28.33434], [85.06718, 28.33387], [85.06675, 28.33349], [85.06643, 28.33315], [85.06619, 28.33272], [85.06602, 28.33238], [85.066, 28.33179], [85.06619, 28.33134], [85.06654, 28.33094], [85.0669, 28.33071], [85.06731, 28.33056], [85.0678, 28.33024], [85.06798, 28.32986], [85.06798, 28.32916], [85.06785, 28.32871], [85.06765, 28.32784], [85.06785, 28.32743], [85.0681, 28.32705], [85.0684, 28.3268], [85.06877, 28.3266], [85.06937, 28.32648], [85.06984, 28.32651], [85.07026, 28.32651], [85.07048, 28.32641], [85.0706, 28.32624], [85.07065, 28.32606], [85.07067, 28.32579], [85.07079, 28.32548], [85.07096, 28.32515], [85.07125, 28.32488], [85.07154, 28.32469], [85.07183, 28.32464], [85.07226, 28.32462], [85.07274, 28.32474], [85.0731, 28.3249], [85.07365, 28.32508], [85.07436, 28.32508], [85.07477, 28.32495], [85.07543, 28.32481], [85.07601, 28.32483], [85.07654, 28.32496], [85.07716, 28.32522], [85.07746, 28.32554], [85.07764, 28.32582], [85.07766, 28.32622], [85.07764, 28.32655], [85.0777, 28.327], [85.0778, 28.32726], [85.07811, 28.32763], [85.07823, 28.32798], [85.07824, 28.32839], [85.07818, 28.32871], [85.07816, 28.32902], [85.07816, 28.3294], [85.0782, 28.32964], [85.07829, 28.32986], [85.07836, 28.33041]]]}}, {"type": "Feature", "properties": {"km2": 0.06, "name": null, "near_source_5km": false}, "geometry": {"type": "Polygon", "coordinates": [[[85.05946, 28.32744], [85.05938, 28.32728], [85.05929, 28.32713], [85.05915, 28.32696], [85.05908, 28.32675], [85.05915, 28.32652], [85.05931, 28.32637], [85.05962, 28.3263], [85.05994, 28.32629], [85.06034, 28.32644], [85.06065, 28.32671], [85.06085, 28.32691], [85.06111, 28.32704], [85.06148, 28.32721], [85.06191, 28.32752], [85.06221, 28.32775], [85.06263, 28.32787], [85.06299, 28.32794], [85.06329, 28.32799], [85.06357, 28.32813], [85.06368, 28.32836], [85.06363, 28.32855], [85.06345, 28.32864], [85.06316, 28.32868], [85.06289, 28.32868], [85.06256, 28.32866], [85.06196, 28.32865], [85.06151, 28.32864], [85.06113, 28.32857], [85.06085, 28.32844], [85.06056, 28.32828], [85.06012, 28.32814], [85.05989, 28.32813], [85.05968, 28.32807], [85.05952, 28.32798], [85.05939, 28.32779], [85.05938, 28.32765], [85.05946, 28.32744]]]}}, {"type": "Feature", "properties": {"km2": 0.067, "name": null, "near_source_5km": false}, "geometry": {"type": "Polygon", "coordinates": [[[85.05685, 28.32588], [85.05656, 28.32587], [85.05638, 28.32583], [85.05618, 28.32577], [85.05598, 28.32569], [85.05581, 28.32551], [85.05577, 28.32523], [85.05577, 28.32503], [85.0558, 28.32476], [85.05594, 28.3244], [85.05617, 28.32421], [85.05648, 28.3241], [85.05682, 28.32406], [85.05717, 28.32399], [85.05767, 28.32383], [85.05814, 28.32377], [85.05849, 28.32377], [85.05887, 28.32385], [85.05929, 28.32397], [85.05951, 28.32426], [85.05961, 28.32457], [85.0596, 28.32481], [85.05946, 28.32503], [85.0592, 28.32517], [85.05887, 28.3253], [85.05839, 28.32546], [85.058, 28.32566], [85.05768, 28.32584], [85.05742, 28.3259], [85.05701, 28.32592], [85.05685, 28.32588]]]}}, {"type": "Feature", "properties": {"km2": 0.067, "name": null, "near_source_5km": false}, "geometry": {"type": "Polygon", "coordinates": [[[85.04588, 28.31879], [85.04556, 28.3188], [85.04535, 28.31879], [85.04512, 28.31874], [85.04483, 28.31858], [85.04457, 28.31838], [85.04425, 28.31823], [85.04392, 28.31817], [85.04355, 28.31805], [85.04319, 28.31786], [85.0429, 28.3177], [85.04281, 28.3176], [85.04268, 28.31727], [85.04268, 28.3171], [85.04275, 28.31681], [85.04291, 28.31667], [85.04316, 28.31656], [85.04349, 28.31651], [85.04375, 28.31648], [85.04413, 28.31648], [85.04442, 28.3165], [85.04492, 28.31662], [85.04525, 28.31675], [85.04555, 28.31691], [85.04587, 28.31714], [85.04634, 28.31745], [85.04656, 28.31773], [85.04663, 28.31793], [85.04659, 28.31821], [85.0465, 28.31845], [85.04638, 28.31859], [85.0462, 28.31865], [85.04588, 28.31879]]]}}, {"type": "Feature", "properties": {"km2": 0.031, "name": null, "near_source_5km": false}, "geometry": {"type": "Polygon", "coordinates": [[[85.04114, 28.31072], [85.04135, 28.31062], [85.04153, 28.31043], [85.04165, 28.31038], [85.04182, 28.31039], [85.0421, 28.31047], [85.0424, 28.31061], [85.04258, 28.31083], [85.04267, 28.3111], [85.04266, 28.31137], [85.04256, 28.31157], [85.04244, 28.31194], [85.04234, 28.31211], [85.04219, 28.31228], [85.04201, 28.31232], [85.04163, 28.31231], [85.04139, 28.31224], [85.04115, 28.31212], [85.04104, 28.312], [85.04089, 28.31185], [85.04076, 28.31161], [85.04072, 28.31135], [85.04072, 28.31113], [85.04084, 28.31089], [85.04114, 28.31072]]]}}, {"type": "Feature", "properties": {"km2": 0.662, "name": null, "near_source_5km": false}, "geometry": {"type": "Polygon", "coordinates": [[[85.09747, 28.30805], [85.09744, 28.30782], [85.09754, 28.30762], [85.09779, 28.30736], [85.09807, 28.30729], [85.09858, 28.3073], [85.09881, 28.30738], [85.09897, 28.30759], [85.09911, 28.30787], [85.09921, 28.30821], [85.09933, 28.30854], [85.09943, 28.30882], [85.09967, 28.30912], [85.09995, 28.30943], [85.10034, 28.30988], [85.10072, 28.31027], [85.10121, 28.31068], [85.10173, 28.31109], [85.10206, 28.31146], [85.10237, 28.31175], [85.10255, 28.31198], [85.10286, 28.31249], [85.10307, 28.31284], [85.10321, 28.31326], [85.10338, 28.31366], [85.10366, 28.31415], [85.10376, 28.31435], [85.10409, 28.31503], [85.10419, 28.3154], [85.10422, 28.3157], [85.10426, 28.31592], [85.10429, 28.31647], [85.10432, 28.31706], [85.10439, 28.31747], [85.10438, 28.31765], [85.10431, 28.31774], [85.10409, 28.31789], [85.10404, 28.31802], [85.1039, 28.31827], [85.10388, 28.31852], [85.1039, 28.31887], [85.10399, 28.31916], [85.10407, 28.31932], [85.10462, 28.31976], [85.10486, 28.31997], [85.10493, 28.32023], [85.10495, 28.32047], [85.10497, 28.32082], [85.10503, 28.32111], [85.10516, 28.32132], [85.1053, 28.32152], [85.10557, 28.32179], [85.10585, 28.32195], [85.10609, 28.32217], [85.10628, 28.32238], [85.10638, 28.32266], [85.10641, 28.32288], [85.10636, 28.32314], [85.10618, 28.32326], [85.10591, 28.32328], [85.1056, 28.32327], [85.10528, 28.32329], [85.10514, 28.32333], [85.105, 28.32341], [85.10485, 28.32345], [85.10458, 28.32347], [85.10429, 28.3234], [85.10411, 28.32331], [85.10401, 28.3232], [85.10387, 28.32304], [85.10376, 28.32297], [85.10347, 28.32295], [85.10328, 28.32295], [85.10303, 28.32297], [85.10277, 28.32304], [85.10259, 28.32312], [85.10247, 28.32324], [85.10231, 28.32337], [85.10214, 28.32344], [85.10199, 28.32346], [85.10183, 28.32345], [85.10166, 28.32334], [85.10158, 28.32316], [85.10154, 28.32298], [85.10135, 28.32262], [85.10119, 28.32244], [85.10108, 28.32231], [85.10082, 28.3222], [85.10058, 28.32207], [85.10045, 28.32198], [85.10027, 28.32179], [85.10023, 28.32172], [85.10006, 28.3214], [85.0999, 28.32114], [85.09982, 28.32094], [85.09975, 28.32081], [85.09963, 28.32057], [85.09948, 28.32026], [85.09937, 28.31991], [85.09921, 28.31971], [85.09897, 28.31947], [85.09883, 28.31933], [85.0987, 28.31913], [85.09851, 28.31896], [85.09832, 28.31884], [85.09824, 28.31878], [85.09814, 28.3187], [85.09803, 28.31861], [85.09796, 28.31849], [85.09795, 28.3183], [85.09797, 28.31819], [85.09809, 28.3181], [85.09831, 28.31805], [85.09846, 28.31804], [85.09869, 28.31804], [85.09891, 28.31802], [85.09915, 28.31791], [85.09931, 28.31777], [85.09946, 28.31761], [85.0997, 28.31742], [85.09983, 28.31731], [85.10012, 28.31707], [85.1002, 28.31689], [85.10025, 28.31666], [85.10026, 28.31649], [85.10025, 28.31619], [85.1002, 28.31599], [85.10019, 28.31573], [85.10017, 28.31545], [85.10017, 28.31509], [85.10015, 28.3147], [85.10008, 28.31432], [85.09993, 28.31408], [85.09986, 28.31398], [85.09982, 28.31378], [85.09981, 28.31355], [85.09977, 28.31322], [85.09961, 28.31283], [85.09955, 28.31247], [85.09951, 28.31207], [85.09941, 28.31173], [85.09923, 28.31132], [85.09912, 28.31103], [85.09895, 28.31072], [85.0988, 28.31048], [85.09863, 28.31029], [85.09849, 28.31007], [85.09831, 28.30985], [85.09815, 28.30959], [85.09802, 28.30937], [85.09789, 28.30903], [85.09777, 28.30873], [85.09771, 28.30859], [85.09752, 28.30828], [85.09747, 28.30805]]]}}, {"type": "Feature", "properties": {"km2": 0.056, "name": null, "near_source_5km": false}, "geometry": {"type": "Polygon", "coordinates": [[[85.07378, 28.35317], [85.07344, 28.35336], [85.0731, 28.35356], [85.07277, 28.35373], [85.07262, 28.35376], [85.0724, 28.35377], [85.07213, 28.35376], [85.07192, 28.35369], [85.07179, 28.35365], [85.07167, 28.35358], [85.07161, 28.35342], [85.07162, 28.35323], [85.07169, 28.35304], [85.07187, 28.35269], [85.07207, 28.35242], [85.07225, 28.35234], [85.07251, 28.35228], [85.07282, 28.35224], [85.07295, 28.35213], [85.07302, 28.35202], [85.07308, 28.35186], [85.07327, 28.35168], [85.07361, 28.35153], [85.07377, 28.35142], [85.074, 28.35129], [85.07417, 28.35119], [85.07441, 28.35097], [85.0746, 28.35093], [85.07477, 28.35094], [85.075, 28.35105], [85.0751, 28.35116], [85.07514, 28.35132], [85.07517, 28.35159], [85.07515, 28.35178], [85.07506, 28.35201], [85.07487, 28.35225], [85.07471, 28.35244], [85.07449, 28.35263], [85.07425, 28.35281], [85.07401, 28.35298], [85.07378, 28.35317]]]}}, {"type": "Feature", "properties": {"km2": 0.058, "name": null, "near_source_5km": false}, "geometry": {"type": "Polygon", "coordinates": [[[85.18209, 28.32295], [85.18185, 28.32283], [85.18166, 28.32251], [85.18173, 28.32233], [85.18204, 28.32205], [85.18245, 28.3219], [85.18292, 28.32189], [85.18336, 28.32183], [85.18378, 28.32165], [85.184, 28.32143], [85.18421, 28.32114], [85.18447, 28.32083], [85.18473, 28.32075], [85.18503, 28.32086], [85.18515, 28.32094], [85.18533, 28.32107], [85.18564, 28.32134], [85.18572, 28.32161], [85.1857, 28.32188], [85.18552, 28.32229], [85.18527, 28.32265], [85.18508, 28.32278], [85.18458, 28.32288], [85.18427, 28.32291], [85.18385, 28.32292], [85.18337, 28.32295], [85.18281, 28.32296], [85.18209, 28.32295]]]}}, {"type": "Feature", "properties": {"km2": 0.053, "name": null, "near_source_5km": false}, "geometry": {"type": "Polygon", "coordinates": [[[85.03591, 28.33943], [85.03621, 28.33945], [85.03644, 28.33957], [85.03654, 28.33972], [85.03639, 28.33997], [85.03619, 28.34013], [85.03597, 28.34028], [85.03566, 28.34052], [85.03539, 28.34071], [85.0351, 28.34085], [85.03482, 28.34095], [85.0345, 28.34106], [85.03423, 28.34112], [85.03394, 28.34115], [85.03364, 28.34113], [85.03325, 28.34097], [85.03302, 28.34087], [85.03285, 28.34076], [85.0327, 28.34063], [85.03261, 28.34049], [85.03266, 28.34028], [85.03288, 28.34013], [85.03311, 28.34001], [85.03345, 28.33987], [85.03373, 28.33973], [85.0341, 28.33948], [85.03442, 28.33924], [85.03479, 28.33914], [85.03518, 28.33914], [85.03553, 28.33925], [85.03591, 28.33943]]]}}, {"type": "Feature", "properties": {"km2": 0.032, "name": null, "near_source_5km": false}, "geometry": {"type": "Polygon", "coordinates": [[[85.03748, 28.3342], [85.0377, 28.33439], [85.0378, 28.33448], [85.0378, 28.3347], [85.03777, 28.33486], [85.03776, 28.33513], [85.03776, 28.33542], [85.03776, 28.33565], [85.03772, 28.33592], [85.03763, 28.33621], [85.03752, 28.33636], [85.03738, 28.33644], [85.03699, 28.33638], [85.03673, 28.33623], [85.03654, 28.33606], [85.03643, 28.33591], [85.03636, 28.33571], [85.03631, 28.33541], [85.03629, 28.33507], [85.03635, 28.33467], [85.03643, 28.33442], [85.03654, 28.33421], [85.03666, 28.33413], [85.0368, 28.33409], [85.03698, 28.33409], [85.03719, 28.3341], [85.03748, 28.3342]]]}}, {"type": "Feature", "properties": {"km2": 0.034, "name": null, "near_source_5km": false}, "geometry": {"type": "Polygon", "coordinates": [[[85.02887, 28.34616], [85.02877, 28.34633], [85.0287, 28.34644], [85.02861, 28.34654], [85.02843, 28.34662], [85.02829, 28.34667], [85.02815, 28.34668], [85.02796, 28.34663], [85.02782, 28.3466], [85.02767, 28.34652], [85.02755, 28.34644], [85.02746, 28.34636], [85.02742, 28.34626], [85.02737, 28.34608], [85.02742, 28.34577], [85.02757, 28.3456], [85.0278, 28.34541], [85.02798, 28.34532], [85.02816, 28.34518], [85.0284, 28.34497], [85.02863, 28.34478], [85.02891, 28.34468], [85.02904, 28.34466], [85.02918, 28.34466], [85.02936, 28.34469], [85.02948, 28.34475], [85.02966, 28.34487], [85.02979, 28.345], [85.02985, 28.34513], [85.02986, 28.34529], [85.02986, 28.34546], [85.02978, 28.34562], [85.02965, 28.34579], [85.02945, 28.34591], [85.02928, 28.34597], [85.02905, 28.34609], [85.02887, 28.34616]]]}}, {"type": "Feature", "properties": {"km2": 0.056, "name": null, "near_source_5km": false}, "geometry": {"type": "Polygon", "coordinates": [[[85.02598, 28.34839], [85.0255, 28.34847], [85.02522, 28.34858], [85.02483, 28.34879], [85.0245, 28.34901], [85.02417, 28.34928], [85.02398, 28.34938], [85.0237, 28.34945], [85.02346, 28.34947], [85.02329, 28.34947], [85.02316, 28.3494], [85.023, 28.34925], [85.02288, 28.34907], [85.02286, 28.34897], [85.02284, 28.34885], [85.0228, 28.34868], [85.02284, 28.34826], [85.02287, 28.34804], [85.02299, 28.34782], [85.02315, 28.34766], [85.02334, 28.34757], [85.02364, 28.34747], [85.02407, 28.34728], [85.02442, 28.34725], [85.0249, 28.34724], [85.02529, 28.34725], [85.02558, 28.34732], [85.02577, 28.34742], [85.02598, 28.34761], [85.02621, 28.34784], [85.02627, 28.34798], [85.02621, 28.34822], [85.02598, 28.34839]]]}}, {"type": "Feature", "properties": {"km2": 0.15, "name": null, "near_source_5km": false}, "geometry": {"type": "Polygon", "coordinates": [[[85.06313, 28.36418], [85.06341, 28.364], [85.06345, 28.36387], [85.06339, 28.36367], [85.06325, 28.36346], [85.06319, 28.36329], [85.06318, 28.3631], [85.06322, 28.36299], [85.06342, 28.36293], [85.06356, 28.36296], [85.06371, 28.36307], [85.06382, 28.36325], [85.06396, 28.36343], [85.06418, 28.36357], [85.06455, 28.36369], [85.06484, 28.3637], [85.06504, 28.3637], [85.06512, 28.36363], [85.06522, 28.36349], [85.06525, 28.36335], [85.06528, 28.3632], [85.0653, 28.363], [85.06531, 28.36282], [85.06538, 28.36251], [85.06556, 28.36219], [85.06573, 28.36207], [85.06603, 28.36204], [85.06636, 28.36219], [85.06659, 28.36253], [85.06667, 28.36283], [85.06668, 28.36321], [85.06674, 28.3635], [85.06681, 28.36382], [85.06675, 28.36416], [85.06663, 28.36435], [85.06647, 28.3646], [85.06628, 28.36486], [85.06587, 28.36521], [85.06553, 28.3654], [85.0651, 28.36559], [85.06471, 28.36577], [85.06446, 28.36594], [85.06418, 28.36611], [85.06392, 28.3663], [85.06367, 28.36648], [85.06334, 28.36675], [85.06306, 28.36694], [85.06284, 28.36704], [85.06258, 28.36707], [85.06226, 28.36707], [85.062, 28.36707], [85.06177, 28.36701], [85.0616, 28.3669], [85.06146, 28.36674], [85.06137, 28.36657], [85.06135, 28.3664], [85.06136, 28.36616], [85.06138, 28.36586], [85.06144, 28.36576], [85.0616, 28.36557], [85.06177, 28.36545], [85.06199, 28.36527], [85.06204, 28.36497], [85.06205, 28.36475], [85.06209, 28.36464], [85.06215, 28.36446], [85.06215, 28.36424], [85.06214, 28.36409], [85.06216, 28.36394], [85.06235, 28.36381], [85.06256, 28.36381], [85.06263, 28.36397], [85.06268, 28.36413], [85.06275, 28.36421], [85.0629, 28.36426], [85.06303, 28.36427], [85.06313, 28.36418]]]}}, {"type": "Feature", "properties": {"km2": 0.016, "name": null, "near_source_5km": false}, "geometry": {"type": "Polygon", "coordinates": [[[85.06108, 28.36955], [85.06079, 28.36941], [85.06064, 28.36927], [85.06051, 28.36914], [85.0604, 28.36897], [85.06037, 28.36874], [85.06045, 28.3685], [85.0606, 28.36834], [85.06078, 28.36826], [85.06095, 28.36825], [85.06122, 28.36826], [85.06145, 28.3683], [85.06171, 28.36842], [85.06186, 28.36859], [85.06187, 28.36885], [85.06173, 28.36909], [85.06158, 28.36927], [85.06145, 28.36941], [85.06122, 28.36957], [85.06108, 28.36955]]]}}, {"type": "Feature", "properties": {"km2": 0.089, "name": null, "near_source_5km": false}, "geometry": {"type": "Polygon", "coordinates": [[[85.05299, 28.37767], [85.05328, 28.37738], [85.05347, 28.37712], [85.05363, 28.37699], [85.05387, 28.37697], [85.05416, 28.377], [85.05446, 28.37714], [85.05471, 28.3774], [85.05486, 28.37771], [85.05492, 28.37806], [85.0548, 28.37845], [85.05464, 28.3787], [85.05427, 28.37904], [85.05392, 28.37923], [85.05362, 28.37937], [85.05324, 28.37949], [85.05255, 28.37963], [85.0519, 28.37977], [85.05147, 28.37986], [85.05096, 28.37988], [85.05059, 28.3799], [85.0501, 28.37986], [85.04973, 28.37974], [85.04954, 28.37966], [85.04944, 28.37952], [85.04939, 28.37933], [85.04948, 28.37916], [85.04967, 28.37903], [85.05002, 28.37885], [85.05035, 28.3787], [85.05084, 28.37851], [85.05143, 28.37845], [85.05189, 28.37842], [85.05226, 28.37828], [85.0525, 28.37815], [85.05275, 28.37793], [85.05299, 28.37767]]]}}, {"type": "Feature", "properties": {"km2": 0.068, "name": null, "near_source_5km": false}, "geometry": {"type": "Polygon", "coordinates": [[[85.04645, 28.37093], [85.04691, 28.37092], [85.0471, 28.37087], [85.04738, 28.37089], [85.04766, 28.37095], [85.04805, 28.37107], [85.04832, 28.37124], [85.04848, 28.37144], [85.04861, 28.37174], [85.04866, 28.37207], [85.04859, 28.3723], [85.04843, 28.37237], [85.04816, 28.37241], [85.04789, 28.37236], [85.04757, 28.37222], [85.04731, 28.37212], [85.04694, 28.37198], [85.04647, 28.37192], [85.04623, 28.37192], [85.0457, 28.37193], [85.04531, 28.37201], [85.0449, 28.3721], [85.0446, 28.37218], [85.04419, 28.37219], [85.04393, 28.37218], [85.04384, 28.37212], [85.0438, 28.37205], [85.04377, 28.37188], [85.04377, 28.37174], [85.04382, 28.37163], [85.04386, 28.37154], [85.04387, 28.3714], [85.04387, 28.37133], [85.04382, 28.37122], [85.04381, 28.37108], [85.04386, 28.37075], [85.04391, 28.37063], [85.04404, 28.37047], [85.04429, 28.37041], [85.04458, 28.3704], [85.04472, 28.37042], [85.0449, 28.37047], [85.04507, 28.37053], [85.04529, 28.37064], [85.04552, 28.37077], [85.04571, 28.37082], [85.04596, 28.37089], [85.04618, 28.37092], [85.04645, 28.37093]]]}}, {"type": "Feature", "properties": {"km2": 0.121, "name": null, "near_source_5km": false}, "geometry": {"type": "Polygon", "coordinates": [[[85.04199, 28.37659], [85.04261, 28.37649], [85.04298, 28.37637], [85.04337, 28.37627], [85.04374, 28.37622], [85.04417, 28.37625], [85.04448, 28.37638], [85.0446, 28.37668], [85.04453, 28.37705], [85.04438, 28.3773], [85.04398, 28.37756], [85.0436, 28.37773], [85.04303, 28.37787], [85.04256, 28.37793], [85.04202, 28.37799], [85.04136, 28.37799], [85.0407, 28.37797], [85.04019, 28.37794], [85.03948, 28.37786], [85.03886, 28.37783], [85.03846, 28.37782], [85.03787, 28.37782], [85.03737, 28.37786], [85.03697, 28.37789], [85.03649, 28.37786], [85.03627, 28.37782], [85.03609, 28.37766], [85.036, 28.37745], [85.03601, 28.37718], [85.03618, 28.37685], [85.03645, 28.37662], [85.03689, 28.37651], [85.03753, 28.37641], [85.03815, 28.37644], [85.03894, 28.37656], [85.03954, 28.37667], [85.04033, 28.37672], [85.0409, 28.37674], [85.04134, 28.37663], [85.04199, 28.37659]]]}}, {"type": "Feature", "properties": {"km2": 0.046, "name": null, "near_source_5km": false}, "geometry": {"type": "Polygon", "coordinates": [[[84.99277, 28.41869], [84.99259, 28.41864], [84.9919, 28.41828], [84.9917, 28.41789], [84.99173, 28.41764], [84.9918, 28.41722], [84.99193, 28.4169], [84.99214, 28.41662], [84.99239, 28.41655], [84.99297, 28.41663], [84.99337, 28.4169], [84.99357, 28.41723], [84.99373, 28.41762], [84.99381, 28.41815], [84.99383, 28.41856], [84.99374, 28.41892], [84.99373, 28.41924], [84.99364, 28.41958], [84.99337, 28.41964], [84.99317, 28.41951], [84.99307, 28.41928], [84.99301, 28.41906], [84.99277, 28.41869]]]}}, {"type": "Feature", "properties": {"km2": 0.075, "name": null, "near_source_5km": false}, "geometry": {"type": "Polygon", "coordinates": [[[85.00233, 28.41484], [85.00211, 28.41462], [85.00181, 28.41428], [85.00148, 28.41383], [85.00132, 28.41348], [85.00135, 28.41316], [85.00151, 28.41279], [85.00169, 28.41263], [85.0022, 28.41254], [85.00287, 28.41259], [85.00386, 28.41285], [85.00411, 28.41312], [85.00421, 28.41362], [85.00418, 28.41421], [85.00413, 28.41458], [85.00401, 28.41514], [85.00378, 28.41555], [85.00347, 28.41584], [85.00312, 28.41593], [85.00293, 28.41592], [85.00267, 28.41576], [85.00251, 28.41549], [85.00233, 28.41484]]]}}, {"type": "Feature", "properties": {"km2": 0.072, "name": null, "near_source_5km": false}, "geometry": {"type": "Polygon", "coordinates": [[[84.99804, 28.41446], [84.99727, 28.41469], [84.9967, 28.4149], [84.99623, 28.41497], [84.99579, 28.41498], [84.99535, 28.41495], [84.99499, 28.41481], [84.99467, 28.41454], [84.99461, 28.41424], [84.99469, 28.41376], [84.99496, 28.41341], [84.99539, 28.41318], [84.99593, 28.41304], [84.99654, 28.41298], [84.99718, 28.41297], [84.99783, 28.41294], [84.99843, 28.41302], [84.99873, 28.41324], [84.9988, 28.41359], [84.99866, 28.414], [84.99825, 28.41433], [84.99804, 28.41446]]]}}, {"type": "Feature", "properties": {"km2": 0.018, "name": null, "near_source_5km": false}, "geometry": {"type": "Polygon", "coordinates": [[[84.99231, 28.40927], [84.99185, 28.40899], [84.99165, 28.40875], [84.99158, 28.40842], [84.99163, 28.40824], [84.99175, 28.40811], [84.99197, 28.4081], [84.99234, 28.40814], [84.99287, 28.40832], [84.99316, 28.40849], [84.99343, 28.40876], [84.99349, 28.40905], [84.99343, 28.40921], [84.99331, 28.40927], [84.99283, 28.40933], [84.99231, 28.40927]]]}}, {"type": "Feature", "properties": {"km2": 2.613, "name": "Lumbo Glacier", "near_source_5km": false}, "geometry": {"type": "Polygon", "coordinates": [[[84.99056, 28.4036], [84.98982, 28.40358], [84.98945, 28.4036], [84.98873, 28.40375], [84.9879, 28.40372], [84.98764, 28.40369], [84.98695, 28.40356], [84.98611, 28.40354], [84.98547, 28.40352], [84.98498, 28.40347], [84.98444, 28.40337], [84.98416, 28.40328], [84.98392, 28.40314], [84.98357, 28.40288], [84.9833, 28.40232], [84.98329, 28.40203], [84.98339, 28.40188], [84.98375, 28.40175], [84.98402, 28.40172], [84.98446, 28.40161], [84.98495, 28.40128], [84.98504, 28.40111], [84.98508, 28.40094], [84.98499, 28.40077], [84.98478, 28.40066], [84.98446, 28.40053], [84.98414, 28.40035], [84.98397, 28.40017], [84.98387, 28.39994], [84.98373, 28.39968], [84.98367, 28.39948], [84.98356, 28.39905], [84.98359, 28.3987], [84.98367, 28.39852], [84.98398, 28.39831], [84.98425, 28.39836], [84.98453, 28.39853], [84.98474, 28.39877], [84.98506, 28.39898], [84.98535, 28.39907], [84.98566, 28.3991], [84.98608, 28.39913], [84.98641, 28.39914], [84.98674, 28.39917], [84.98712, 28.3993], [84.98749, 28.39948], [84.98779, 28.3996], [84.9883, 28.39981], [84.98874, 28.3999], [84.98908, 28.39991], [84.98961, 28.39985], [84.98977, 28.39969], [84.98989, 28.39948], [84.99023, 28.39919], [84.99049, 28.39901], [84.9906, 28.39873], [84.99059, 28.39857], [84.99049, 28.39839], [84.99045, 28.3981], [84.99061, 28.39783], [84.9908, 28.39763], [84.99118, 28.39743], [84.99153, 28.39732], [84.99183, 28.39728], [84.99205, 28.3974], [84.99248, 28.39756], [84.99268, 28.39758], [84.99283, 28.39753], [84.99286, 28.39737], [84.99279, 28.39721], [84.99269, 28.39702], [84.99279, 28.39685], [84.99301, 28.39683], [84.9932, 28.39695], [84.99337, 28.39717], [84.99364, 28.39738], [84.99385, 28.39748], [84.99426, 28.39749], [84.9947, 28.3973], [84.99508, 28.39702], [84.99551, 28.39683], [84.9961, 28.39657], [84.99664, 28.39629], [84.99723, 28.39602], [84.99783, 28.3957], [84.9984, 28.39514], [84.9992, 28.39476], [84.99978, 28.39458], [85.00062, 28.39451], [85.00153, 28.39452], [85.00186, 28.39456], [85.00236, 28.39476], [85.00268, 28.39498], [85.00298, 28.39524], [85.00333, 28.39556], [85.00358, 28.39569], [85.00398, 28.39586], [85.00451, 28.39591], [85.00501, 28.39595], [85.0054, 28.39601], [85.0059, 28.39621], [85.00639, 28.39649], [85.00675, 28.39681], [85.00712, 28.39712], [85.0077, 28.39754], [85.00825, 28.39791], [85.00869, 28.39831], [85.00886, 28.39867], [85.00889, 28.3989], [85.00882, 28.39919], [85.00838, 28.39963], [85.00829, 28.3998], [85.00841, 28.40017], [85.00858, 28.40031], [85.00896, 28.40065], [85.00927, 28.4011], [85.00957, 28.40186], [85.00966, 28.40239], [85.00968, 28.40299], [85.00956, 28.40348], [85.00934, 28.40387], [85.009, 28.40439], [85.00857, 28.40475], [85.00778, 28.40511], [85.00738, 28.40536], [85.00715, 28.40578], [85.00692, 28.40616], [85.00655, 28.40653], [85.00621, 28.40666], [85.00584, 28.40669], [85.00537, 28.40659], [85.00481, 28.40648], [85.00433, 28.4064], [85.00392, 28.40644], [85.00366, 28.40663], [85.00326, 28.40706], [85.00289, 28.40747], [85.00269, 28.40785], [85.00277, 28.40813], [85.00289, 28.40825], [85.00315, 28.40832], [85.00354, 28.40835], [85.00392, 28.40829], [85.00421, 28.40825], [85.00444, 28.4082], [85.00488, 28.4083], [85.00504, 28.40844], [85.00494, 28.40883], [85.00481, 28.40894], [85.00435, 28.40929], [85.00411, 28.40946], [85.00378, 28.40976], [85.0033, 28.41024], [85.00294, 28.41045], [85.00213, 28.41081], [85.00164, 28.41081], [85.00138, 28.41078], [85.00105, 28.41063], [85.00087, 28.41048], [85.00042, 28.4101], [85.00035, 28.40975], [85.00046, 28.40945], [85.00073, 28.40908], [85.001, 28.40873], [85.00123, 28.40838], [85.00157, 28.40801], [85.00186, 28.40768], [85.00222, 28.40738], [85.00236, 28.40714], [85.00241, 28.40682], [85.00236, 28.40668], [85.00196, 28.40661], [85.00163, 28.40664], [85.00134, 28.40685], [85.00113, 28.40702], [85.00087, 28.40731], [85.00063, 28.40752], [85.00034, 28.40815], [85.00003, 28.40859], [84.99982, 28.4089], [84.99964, 28.40923], [84.99951, 28.40965], [84.99951, 28.40994], [84.99953, 28.41014], [84.99953, 28.41097], [84.99938, 28.41143], [84.99926, 28.41165], [84.9988, 28.41204], [84.99848, 28.41217], [84.99812, 28.41227], [84.99783, 28.41227], [84.99742, 28.41227], [84.99702, 28.41226], [84.99661, 28.41213], [84.99648, 28.41196], [84.99651, 28.41182], [84.99665, 28.41162], [84.99688, 28.41137], [84.99723, 28.41102], [84.99734, 28.41089], [84.9973, 28.41054], [84.99707, 28.41017], [84.99674, 28.40985], [84.99656, 28.40973], [84.99638, 28.40945], [84.99634, 28.40924], [84.99623, 28.40901], [84.99593, 28.40873], [84.99546, 28.40868], [84.99515, 28.40862], [84.99477, 28.40848], [84.99459, 28.4082], [84.99461, 28.40802], [84.99476, 28.40779], [84.9948, 28.40752], [84.99484, 28.4071], [84.99488, 28.40668], [84.99488, 28.40645], [84.99484, 28.40613], [84.99457, 28.40585], [84.99421, 28.40559], [84.99383, 28.40532], [84.99355, 28.40521], [84.99325, 28.40505], [84.99271, 28.40467], [84.99249, 28.40455], [84.99229, 28.40442], [84.99204, 28.40425], [84.99167, 28.40398], [84.99135, 28.40382], [84.99099, 28.40367], [84.99056, 28.4036]]]}}, {"type": "Feature", "properties": {"km2": 0.074, "name": null, "near_source_5km": false}, "geometry": {"type": "Polygon", "coordinates": [[[85.01098, 28.40422], [85.01101, 28.40396], [85.01118, 28.40365], [85.0113, 28.4035], [85.01158, 28.40338], [85.01174, 28.40336], [85.01202, 28.40336], [85.01229, 28.40338], [85.0126, 28.40352], [85.01269, 28.40365], [85.0127, 28.40378], [85.01259, 28.40398], [85.01232, 28.4041], [85.01216, 28.40416], [85.01195, 28.40429], [85.01179, 28.40443], [85.01169, 28.40462], [85.01167, 28.40485], [85.01182, 28.40507], [85.01208, 28.40532], [85.01249, 28.4056], [85.01258, 28.40575], [85.0126, 28.40601], [85.01255, 28.40626], [85.01241, 28.40644], [85.01224, 28.40656], [85.01186, 28.40674], [85.01153, 28.40684], [85.01118, 28.40691], [85.01093, 28.40702], [85.0106, 28.40718], [85.0102, 28.40731], [85.00992, 28.40744], [85.0095, 28.4075], [85.00913, 28.40744], [85.00905, 28.40728], [85.0091, 28.40705], [85.00925, 28.40679], [85.00944, 28.40663], [85.00972, 28.40641], [85.00998, 28.40618], [85.01024, 28.40587], [85.0105, 28.40549], [85.01069, 28.40522], [85.01084, 28.4049], [85.01089, 28.40463], [85.01098, 28.40422]]]}}, {"type": "Feature", "properties": {"km2": 0.093, "name": null, "near_source_5km": false}, "geometry": {"type": "Polygon", "coordinates": [[[85.01255, 28.39311], [85.01256, 28.39274], [85.01267, 28.3925], [85.01279, 28.39238], [85.01301, 28.39238], [85.0132, 28.39262], [85.01324, 28.39289], [85.01331, 28.39326], [85.01337, 28.39352], [85.01342, 28.39383], [85.01337, 28.39413], [85.01311, 28.39451], [85.01299, 28.39483], [85.01294, 28.39536], [85.01302, 28.3958], [85.01296, 28.39613], [85.01284, 28.39656], [85.01269, 28.39676], [85.01249, 28.3969], [85.01217, 28.39709], [85.01196, 28.39737], [85.01183, 28.39763], [85.01176, 28.39777], [85.01162, 28.39816], [85.01145, 28.39838], [85.01127, 28.39846], [85.01116, 28.39841], [85.01089, 28.3982], [85.01078, 28.39799], [85.01074, 28.3978], [85.01076, 28.39742], [85.0107, 28.39689], [85.01064, 28.39673], [85.01055, 28.39648], [85.01045, 28.39633], [85.01037, 28.39619], [85.01038, 28.39603], [85.01049, 28.3959], [85.01066, 28.39576], [85.01086, 28.39552], [85.01114, 28.3952], [85.01144, 28.39485], [85.01155, 28.39471], [85.01177, 28.39451], [85.0119, 28.39435], [85.01206, 28.39408], [85.01224, 28.39379], [85.01229, 28.39366], [85.01237, 28.39348], [85.01248, 28.39327], [85.01255, 28.39311]]]}}, {"type": "Feature", "properties": {"km2": 0.108, "name": null, "near_source_5km": false}, "geometry": {"type": "Polygon", "coordinates": [[[85.01779, 28.39166], [85.01775, 28.39195], [85.01769, 28.39215], [85.01752, 28.39241], [85.01724, 28.3926], [85.01673, 28.3927], [85.0164, 28.3927], [85.01616, 28.3928], [85.01581, 28.39286], [85.01551, 28.39284], [85.01534, 28.39277], [85.01501, 28.39263], [85.01464, 28.39249], [85.01433, 28.39233], [85.01411, 28.3922], [85.01382, 28.39207], [85.01332, 28.39179], [85.01303, 28.39158], [85.01287, 28.39127], [85.01282, 28.39117], [85.01273, 28.39089], [85.01273, 28.39065], [85.01271, 28.39041], [85.01265, 28.39031], [85.01248, 28.38999], [85.01248, 28.38987], [85.0126, 28.38974], [85.01275, 28.38971], [85.01296, 28.38966], [85.01317, 28.38955], [85.01343, 28.38946], [85.01366, 28.38944], [85.01398, 28.38956], [85.01415, 28.38968], [85.01437, 28.38986], [85.01448, 28.39001], [85.01462, 28.3902], [85.01486, 28.3906], [85.0151, 28.39074], [85.01532, 28.39081], [85.01564, 28.39086], [85.01589, 28.3909], [85.01624, 28.3909], [85.01649, 28.3909], [85.01685, 28.39097], [85.01729, 28.39114], [85.01765, 28.39135], [85.01776, 28.39149], [85.01779, 28.39166]]]}}, {"type": "Feature", "properties": {"km2": 0.017, "name": null, "near_source_5km": false}, "geometry": {"type": "Polygon", "coordinates": [[[85.01841, 28.39033], [85.01824, 28.39012], [85.01816, 28.38993], [85.01822, 28.38982], [85.01839, 28.38972], [85.0185, 28.38953], [85.0186, 28.38941], [85.01883, 28.38931], [85.01905, 28.38946], [85.01911, 28.38971], [85.01917, 28.38981], [85.01947, 28.3899], [85.0197, 28.38999], [85.0198, 28.39015], [85.01984, 28.39026], [85.01974, 28.3906], [85.01942, 28.39082], [85.01921, 28.39089], [85.01902, 28.39087], [85.01883, 28.3908], [85.01863, 28.39054], [85.01841, 28.39033]]]}}, {"type": "Feature", "properties": {"km2": 0.075, "name": null, "near_source_5km": false}, "geometry": {"type": "Polygon", "coordinates": [[[85.00348, 28.38991], [85.00305, 28.38986], [85.00288, 28.38975], [85.00265, 28.38953], [85.00232, 28.38936], [85.002, 28.38925], [85.00185, 28.38912], [85.00171, 28.38861], [85.00166, 28.3884], [85.00172, 28.38815], [85.00188, 28.38787], [85.00213, 28.38765], [85.00241, 28.38758], [85.00291, 28.38762], [85.00316, 28.38763], [85.00355, 28.38763], [85.00391, 28.38769], [85.00436, 28.38792], [85.00471, 28.38821], [85.00482, 28.38841], [85.00482, 28.3886], [85.00477, 28.38877], [85.00476, 28.38892], [85.00481, 28.38928], [85.00502, 28.38948], [85.00528, 28.38964], [85.00551, 28.38975], [85.00567, 28.3899], [85.0058, 28.39016], [85.00581, 28.39038], [85.00571, 28.39046], [85.00552, 28.39048], [85.00523, 28.39041], [85.00495, 28.39031], [85.00471, 28.39021], [85.00443, 28.39009], [85.00423, 28.39002], [85.00397, 28.38997], [85.00348, 28.38991]]]}}, {"type": "Feature", "properties": {"km2": 0.104, "name": null, "near_source_5km": false}, "geometry": {"type": "Polygon", "coordinates": [[[85.22507, 28.35768], [85.22544, 28.35773], [85.22576, 28.35786], [85.22596, 28.35802], [85.22606, 28.35815], [85.22639, 28.35852], [85.22662, 28.35884], [85.22686, 28.35914], [85.22702, 28.35935], [85.22712, 28.35954], [85.22713, 28.35976], [85.22697, 28.35999], [85.22675, 28.3602], [85.22632, 28.36043], [85.22603, 28.36057], [85.2258, 28.36061], [85.22557, 28.36068], [85.22536, 28.36072], [85.22506, 28.36074], [85.22487, 28.36074], [85.22464, 28.3607], [85.22431, 28.36064], [85.22403, 28.36057], [85.22368, 28.36049], [85.22353, 28.36046], [85.2233, 28.36029], [85.22315, 28.36011], [85.22311, 28.35995], [85.22313, 28.35967], [85.22315, 28.35948], [85.22318, 28.35922], [85.22319, 28.3591], [85.22319, 28.35894], [85.22319, 28.35868], [85.22319, 28.35837], [85.22328, 28.35817], [85.22334, 28.3581], [85.22383, 28.35787], [85.22435, 28.35772], [85.22479, 28.3577], [85.22507, 28.35768]]]}}, {"type": "Feature", "properties": {"km2": 0.162, "name": null, "near_source_5km": false}, "geometry": {"type": "Polygon", "coordinates": [[[85.233, 28.35536], [85.23299, 28.35523], [85.23295, 28.35507], [85.23292, 28.35492], [85.23293, 28.35473], [85.23303, 28.35454], [85.23319, 28.35431], [85.23333, 28.35405], [85.23342, 28.3537], [85.23356, 28.35338], [85.23367, 28.35321], [85.23388, 28.35314], [85.23413, 28.35319], [85.23435, 28.3534], [85.23438, 28.35359], [85.2344, 28.35391], [85.23439, 28.35417], [85.23439, 28.3544], [85.23437, 28.35477], [85.2344, 28.35508], [85.23445, 28.35525], [85.23455, 28.35544], [85.23477, 28.35576], [85.23487, 28.35598], [85.23498, 28.35637], [85.23498, 28.35669], [85.23493, 28.35701], [85.2348, 28.35733], [85.23469, 28.35769], [85.23469, 28.35802], [85.23472, 28.35829], [85.23482, 28.35859], [85.23486, 28.35892], [85.23486, 28.35921], [85.23488, 28.35944], [85.23479, 28.36008], [85.23468, 28.36053], [85.23458, 28.3608], [85.23452, 28.361], [85.23442, 28.36123], [85.23434, 28.3614], [85.23419, 28.36163], [85.23406, 28.36174], [85.23394, 28.36184], [85.23371, 28.36193], [85.23362, 28.36194], [85.23351, 28.36189], [85.23344, 28.36182], [85.23332, 28.36161], [85.23324, 28.36144], [85.23317, 28.36123], [85.23311, 28.36096], [85.23296, 28.36072], [85.23278, 28.36051], [85.23264, 28.36037], [85.23257, 28.36026], [85.23252, 28.35996], [85.23254, 28.35974], [85.23264, 28.35941], [85.2327, 28.35926], [85.23278, 28.35893], [85.23277, 28.35866], [85.23272, 28.35845], [85.2327, 28.35816], [85.2327, 28.35789], [85.23274, 28.35756], [85.23282, 28.35729], [85.23286, 28.35712], [85.23286, 28.35691], [85.23283, 28.35665], [85.23283, 28.35652], [85.23283, 28.35641], [85.23283, 28.35613], [85.23283, 28.35592], [85.23288, 28.35567], [85.233, 28.3555], [85.233, 28.35536]]]}}, {"type": "Feature", "properties": {"km2": 0.185, "name": null, "near_source_5km": false}, "geometry": {"type": "Polygon", "coordinates": [[[85.23751, 28.35164], [85.23733, 28.35149], [85.2371, 28.35136], [85.23677, 28.35128], [85.23651, 28.35127], [85.23634, 28.35128], [85.23618, 28.35131], [85.23598, 28.35131], [85.23584, 28.35127], [85.23574, 28.3512], [85.23567, 28.3511], [85.23564, 28.3509], [85.23566, 28.35074], [85.23574, 28.35057], [85.23589, 28.35029], [85.23607, 28.35006], [85.23626, 28.34995], [85.23651, 28.34986], [85.23675, 28.34984], [85.23684, 28.34984], [85.23709, 28.34987], [85.23722, 28.34992], [85.23739, 28.35001], [85.23758, 28.35012], [85.23776, 28.35021], [85.238, 28.35022], [85.2382, 28.35021], [85.23845, 28.3502], [85.23867, 28.35026], [85.23889, 28.35038], [85.23908, 28.35045], [85.23932, 28.35047], [85.23955, 28.3504], [85.2397, 28.3503], [85.23982, 28.35018], [85.24006, 28.35005], [85.24025, 28.35006], [85.24042, 28.35013], [85.24058, 28.35026], [85.24078, 28.35045], [85.24091, 28.35056], [85.24113, 28.35077], [85.24128, 28.35093], [85.24145, 28.35113], [85.24163, 28.35129], [85.2417, 28.35145], [85.24171, 28.35157], [85.24163, 28.35174], [85.24149, 28.35187], [85.24134, 28.35197], [85.24107, 28.35211], [85.24092, 28.35221], [85.24067, 28.35246], [85.24051, 28.35269], [85.24037, 28.35288], [85.24024, 28.35317], [85.24019, 28.35342], [85.24019, 28.35365], [85.24021, 28.35396], [85.24022, 28.35415], [85.24018, 28.35445], [85.24012, 28.35464], [85.24, 28.355], [85.23993, 28.35526], [85.23987, 28.35558], [85.23979, 28.35585], [85.23975, 28.3561], [85.23971, 28.35647], [85.23975, 28.35665], [85.23982, 28.35682], [85.23988, 28.35696], [85.23996, 28.35711], [85.24015, 28.35736], [85.24029, 28.35752], [85.24046, 28.35771], [85.24066, 28.35794], [85.24085, 28.35817], [85.24097, 28.3583], [85.24108, 28.35846], [85.24112, 28.35865], [85.24113, 28.35885], [85.24103, 28.35901], [85.24088, 28.35905], [85.24076, 28.35904], [85.24065, 28.35898], [85.24048, 28.35888], [85.24034, 28.35875], [85.24021, 28.35859], [85.24014, 28.35849], [85.23994, 28.3582], [85.2398, 28.35796], [85.23966, 28.3577], [85.2395, 28.35732], [85.23944, 28.35721], [85.23935, 28.35701], [85.23924, 28.35669], [85.23915, 28.35646], [85.23914, 28.3562], [85.23909, 28.35601], [85.23904, 28.35582], [85.23902, 28.35563], [85.23901, 28.35534], [85.23903, 28.35502], [85.23904, 28.35475], [85.23906, 28.35455], [85.23911, 28.35427], [85.23911, 28.35405], [85.2391, 28.35388], [85.239, 28.35367], [85.23889, 28.35348], [85.23882, 28.35339], [85.23866, 28.35319], [85.23854, 28.35303], [85.23831, 28.35279], [85.23819, 28.35266], [85.23807, 28.35247], [85.238, 28.35228], [85.23795, 28.35213], [85.23787, 28.35199], [85.23773, 28.35182], [85.23751, 28.35164]]]}}, {"type": "Feature", "properties": {"km2": 0.024, "name": null, "near_source_5km": false}, "geometry": {"type": "Polygon", "coordinates": [[[85.25292, 28.35688], [85.25291, 28.35711], [85.2529, 28.35726], [85.25288, 28.35743], [85.25284, 28.35782], [85.2528, 28.35804], [85.25271, 28.35826], [85.25258, 28.35848], [85.25246, 28.35871], [85.25239, 28.35896], [85.25235, 28.35925], [85.2523, 28.3594], [85.25223, 28.35948], [85.25216, 28.35945], [85.25213, 28.35937], [85.25211, 28.35925], [85.25211, 28.35915], [85.25211, 28.35899], [85.25215, 28.35874], [85.25218, 28.35855], [85.25224, 28.35836], [85.25232, 28.35814], [85.25235, 28.35798], [85.25235, 28.35778], [85.25232, 28.3575], [85.25229, 28.35722], [85.25226, 28.35702], [85.25224, 28.35691], [85.25221, 28.35667], [85.2522, 28.35638], [85.2522, 28.35624], [85.2522, 28.35609], [85.25222, 28.35587], [85.25228, 28.35578], [85.25249, 28.35574], [85.25258, 28.35578], [85.25261, 28.35593], [85.25261, 28.35617], [85.25264, 28.35649], [85.25263, 28.35676], [85.25263, 28.35697], [85.25262, 28.35711], [85.25266, 28.35719], [85.25273, 28.35719], [85.25275, 28.35702], [85.25275, 28.35696], [85.25281, 28.35674], [85.25285, 28.3566], [85.25288, 28.35646], [85.25292, 28.35621], [85.25295, 28.35604], [85.25294, 28.35585], [85.25289, 28.35572], [85.25285, 28.35561], [85.25281, 28.35541], [85.25279, 28.35528], [85.25279, 28.35516], [85.25282, 28.355], [85.25285, 28.35496], [85.25296, 28.35497], [85.25309, 28.35504], [85.25317, 28.35508], [85.25332, 28.35517], [85.25339, 28.35526], [85.25341, 28.35548], [85.25338, 28.35569], [85.25331, 28.35584], [85.25323, 28.35611], [85.2532, 28.3562], [85.25314, 28.35636], [85.25308, 28.35654], [85.25299, 28.3567], [85.25292, 28.35688]]]}}, {"type": "Feature", "properties": {"km2": 0.046, "name": null, "near_source_5km": false}, "geometry": {"type": "Polygon", "coordinates": [[[85.25525, 28.35708], [85.25522, 28.35693], [85.25522, 28.35673], [85.25527, 28.35654], [85.25537, 28.35634], [85.25554, 28.35608], [85.25567, 28.35595], [85.25589, 28.35582], [85.25619, 28.35571], [85.25636, 28.35573], [85.25651, 28.35587], [85.25657, 28.35607], [85.25657, 28.35623], [85.25644, 28.35649], [85.25609, 28.35669], [85.25581, 28.35685], [85.25564, 28.357], [85.25554, 28.35723], [85.25557, 28.35744], [85.25578, 28.35762], [85.25594, 28.35773], [85.25608, 28.35793], [85.25613, 28.35812], [85.25612, 28.35838], [85.25609, 28.35851], [85.25601, 28.35871], [85.25588, 28.35903], [85.25583, 28.35934], [85.25577, 28.35951], [85.25567, 28.3597], [85.25556, 28.35989], [85.2554, 28.3601], [85.25523, 28.36029], [85.2551, 28.36053], [85.25498, 28.36077], [85.25494, 28.36097], [85.25492, 28.36109], [85.25486, 28.36137], [85.25483, 28.36155], [85.25483, 28.36171], [85.25482, 28.36191], [85.25481, 28.36205], [85.2548, 28.36218], [85.2548, 28.36234], [85.2548, 28.36249], [85.25477, 28.36265], [85.25474, 28.36279], [85.25469, 28.36282], [85.25458, 28.36276], [85.25455, 28.36265], [85.25453, 28.36248], [85.25453, 28.36234], [85.25452, 28.36222], [85.25452, 28.36207], [85.25452, 28.36192], [85.25451, 28.36179], [85.25451, 28.36154], [85.25452, 28.36137], [85.25454, 28.36122], [85.2546, 28.36106], [85.25466, 28.36096], [85.25472, 28.36082], [85.2548, 28.36059], [85.25485, 28.36041], [85.25487, 28.36023], [85.25489, 28.36008], [85.2549, 28.3599], [85.25499, 28.35948], [85.25502, 28.35921], [85.25502, 28.359], [85.25503, 28.35882], [85.25508, 28.35856], [85.25516, 28.35822], [85.2552, 28.35803], [85.25521, 28.3578], [85.25524, 28.35759], [85.25527, 28.35734], [85.25525, 28.35708]]]}}, {"type": "Feature", "properties": {"km2": 0.02, "name": null, "near_source_5km": false}, "geometry": {"type": "Polygon", "coordinates": [[[85.25049, 28.35694], [85.25035, 28.35675], [85.25024, 28.35658], [85.25018, 28.35649], [85.25011, 28.35635], [85.25005, 28.35622], [85.25002, 28.35609], [85.24998, 28.35593], [85.24997, 28.35574], [85.25001, 28.35563], [85.25013, 28.35559], [85.2503, 28.35563], [85.25044, 28.35572], [85.25054, 28.35588], [85.25061, 28.35603], [85.25078, 28.35634], [85.25095, 28.35666], [85.25105, 28.3569], [85.25117, 28.35718], [85.25128, 28.35736], [85.25143, 28.35755], [85.25152, 28.35786], [85.25155, 28.35806], [85.25158, 28.3583], [85.25158, 28.35847], [85.25155, 28.35863], [85.25147, 28.35877], [85.25142, 28.3589], [85.25139, 28.359], [85.25135, 28.35916], [85.25128, 28.35927], [85.25121, 28.3593], [85.25111, 28.35925], [85.25107, 28.35917], [85.25107, 28.35904], [85.25111, 28.35876], [85.25113, 28.35859], [85.25114, 28.35833], [85.25107, 28.35795], [85.25095, 28.35766], [85.25083, 28.35751], [85.25068, 28.35732], [85.25049, 28.35694]]]}}, {"type": "Feature", "properties": {"km2": 0.094, "name": null, "near_source_5km": false}, "geometry": {"type": "Polygon", "coordinates": [[[85.262, 28.35756], [85.26164, 28.35737], [85.26131, 28.35722], [85.26073, 28.35701], [85.26044, 28.35692], [85.26017, 28.35675], [85.26, 28.35652], [85.25998, 28.35612], [85.25999, 28.35603], [85.26026, 28.35576], [85.26039, 28.35564], [85.26073, 28.35562], [85.26114, 28.35578], [85.26133, 28.35592], [85.26176, 28.35633], [85.26206, 28.35658], [85.26248, 28.35678], [85.26294, 28.35691], [85.26328, 28.35694], [85.26362, 28.35678], [85.26392, 28.35674], [85.26426, 28.3568], [85.26441, 28.35694], [85.26446, 28.35715], [85.26446, 28.3575], [85.26444, 28.35787], [85.26444, 28.35812], [85.26454, 28.35841], [85.26477, 28.35874], [85.2651, 28.35903], [85.26536, 28.35921], [85.26556, 28.35951], [85.26563, 28.35979], [85.26564, 28.36003], [85.2657, 28.36017], [85.26576, 28.36027], [85.26577, 28.36043], [85.2656, 28.3605], [85.26545, 28.36037], [85.26523, 28.36018], [85.26491, 28.35987], [85.26456, 28.35967], [85.26425, 28.35957], [85.26407, 28.35948], [85.26385, 28.35927], [85.26364, 28.35911], [85.26338, 28.35902], [85.26315, 28.35897], [85.26289, 28.35883], [85.26279, 28.35871], [85.26268, 28.3584], [85.2626, 28.3582], [85.26251, 28.35805], [85.26233, 28.35789], [85.262, 28.35756]]]}}, {"type": "Feature", "properties": {"km2": 0.197, "name": null, "near_source_5km": false}, "geometry": {"type": "Polygon", "coordinates": [[[85.25659, 28.34885], [85.25618, 28.34904], [85.25596, 28.34915], [85.25576, 28.34927], [85.25562, 28.34936], [85.25546, 28.34948], [85.25535, 28.34952], [85.25505, 28.34968], [85.2548, 28.34974], [85.25456, 28.34982], [85.25442, 28.34987], [85.25427, 28.34994], [85.2541, 28.35007], [85.25405, 28.35019], [85.254, 28.35035], [85.25394, 28.35049], [85.25385, 28.35057], [85.25371, 28.35057], [85.25362, 28.35051], [85.25354, 28.35032], [85.2535, 28.35018], [85.25349, 28.34996], [85.25349, 28.34978], [85.25353, 28.3496], [85.25359, 28.34942], [85.25361, 28.3493], [85.25357, 28.3492], [85.25344, 28.34917], [85.25338, 28.34922], [85.25335, 28.34933], [85.25333, 28.34946], [85.25321, 28.34961], [85.25303, 28.3497], [85.25284, 28.34973], [85.25265, 28.34975], [85.25243, 28.34974], [85.25218, 28.34971], [85.25204, 28.34963], [85.25195, 28.34953], [85.25192, 28.3494], [85.25189, 28.34932], [85.25182, 28.34923], [85.25168, 28.34913], [85.2515, 28.349], [85.25132, 28.34892], [85.25101, 28.34881], [85.25088, 28.34873], [85.25069, 28.34863], [85.25045, 28.34848], [85.2503, 28.34839], [85.25016, 28.34834], [85.24996, 28.34831], [85.24985, 28.34826], [85.24979, 28.34813], [85.24977, 28.34802], [85.24968, 28.34787], [85.24959, 28.34779], [85.24942, 28.34774], [85.24927, 28.34772], [85.24904, 28.34771], [85.24878, 28.34771], [85.24863, 28.3477], [85.24845, 28.34769], [85.24821, 28.34766], [85.24801, 28.34757], [85.2479, 28.3475], [85.24787, 28.34736], [85.24794, 28.34714], [85.24803, 28.34694], [85.24808, 28.34679], [85.24808, 28.34662], [85.24808, 28.34648], [85.2481, 28.3464], [85.24819, 28.3463], [85.24834, 28.34617], [85.2486, 28.34614], [85.24876, 28.34618], [85.24894, 28.34625], [85.24911, 28.34633], [85.24931, 28.34641], [85.24957, 28.34653], [85.24968, 28.34663], [85.24977, 28.34677], [85.24989, 28.34692], [85.25001, 28.34701], [85.25023, 28.34721], [85.25033, 28.34734], [85.25042, 28.34745], [85.25055, 28.34759], [85.25074, 28.34775], [85.25082, 28.3478], [85.25093, 28.3478], [85.25101, 28.34779], [85.2511, 28.34769], [85.25111, 28.34753], [85.25107, 28.34741], [85.251, 28.34729], [85.25099, 28.34714], [85.25099, 28.34703], [85.25105, 28.34684], [85.25118, 28.34674], [85.25137, 28.34669], [85.25154, 28.34669], [85.25167, 28.34671], [85.25188, 28.3468], [85.25209, 28.3469], [85.25235, 28.347], [85.25273, 28.34701], [85.25288, 28.347], [85.25304, 28.34698], [85.25319, 28.34696], [85.25336, 28.34693], [85.25365, 28.34697], [85.25389, 28.34708], [85.254, 28.34718], [85.25425, 28.34731], [85.2545, 28.3473], [85.25471, 28.34722], [85.25486, 28.34713], [85.25503, 28.34714], [85.25522, 28.34721], [85.25537, 28.34725], [85.25567, 28.34727], [85.25606, 28.34728], [85.25633, 28.34728], [85.25653, 28.34732], [85.25669, 28.34743], [85.25687, 28.34761], [85.25695, 28.34773], [85.25702, 28.34792], [85.25704, 28.34811], [85.25703, 28.34831], [85.257, 28.34848], [85.25693, 28.34865], [85.25679, 28.34874], [85.25659, 28.34885]]]}}, {"type": "Feature", "properties": {"km2": 0.562, "name": null, "near_source_5km": false}, "geometry": {"type": "Polygon", "coordinates": [[[85.17496, 28.33036], [85.17457, 28.33014], [85.17435, 28.32984], [85.17418, 28.32947], [85.17421, 28.32931], [85.17438, 28.3292], [85.17493, 28.32921], [85.17563, 28.32929], [85.1762, 28.32954], [85.17672, 28.3298], [85.177, 28.33002], [85.17729, 28.33032], [85.17769, 28.33071], [85.17804, 28.33121], [85.17846, 28.33172], [85.17904, 28.3321], [85.17954, 28.33229], [85.18024, 28.33251], [85.18064, 28.33275], [85.18116, 28.33304], [85.18178, 28.33351], [85.18229, 28.33408], [85.18252, 28.33436], [85.1827, 28.33457], [85.1831, 28.33488], [85.18351, 28.33509], [85.18404, 28.3354], [85.18452, 28.33561], [85.18508, 28.33582], [85.18599, 28.3361], [85.18672, 28.33621], [85.18733, 28.33629], [85.18768, 28.33638], [85.18806, 28.33653], [85.18826, 28.33659], [85.18886, 28.33666], [85.18912, 28.33676], [85.1893, 28.33691], [85.18943, 28.33715], [85.18946, 28.33739], [85.18934, 28.33758], [85.18924, 28.33768], [85.18894, 28.33791], [85.18878, 28.33802], [85.18859, 28.33812], [85.18837, 28.33822], [85.18819, 28.33836], [85.18806, 28.33857], [85.18807, 28.33887], [85.18821, 28.33919], [85.18826, 28.33945], [85.18833, 28.33986], [85.18829, 28.3401], [85.18817, 28.34032], [85.18801, 28.34045], [85.18763, 28.34066], [85.1874, 28.34073], [85.18705, 28.34074], [85.18678, 28.3407], [85.18641, 28.34061], [85.18614, 28.3405], [85.18576, 28.34029], [85.18544, 28.34011], [85.18499, 28.33984], [85.18447, 28.33959], [85.18401, 28.33941], [85.18361, 28.33922], [85.18324, 28.33898], [85.18278, 28.33874], [85.18244, 28.33859], [85.18205, 28.33842], [85.18177, 28.33828], [85.18152, 28.33815], [85.18113, 28.33798], [85.18089, 28.3379], [85.18057, 28.33775], [85.18035, 28.33753], [85.18016, 28.33721], [85.18006, 28.33695], [85.17992, 28.33668], [85.17978, 28.33636], [85.17946, 28.33613], [85.1793, 28.33597], [85.17913, 28.33579], [85.17899, 28.33553], [85.17894, 28.33535], [85.17888, 28.33506], [85.17875, 28.33485], [85.17857, 28.33467], [85.17838, 28.33454], [85.17816, 28.33443], [85.17785, 28.33421], [85.17767, 28.33398], [85.17747, 28.33365], [85.17737, 28.33344], [85.17729, 28.33321], [85.17713, 28.33276], [85.17685, 28.33228], [85.17671, 28.33205], [85.17652, 28.3317], [85.17623, 28.33142], [85.17589, 28.33114], [85.17549, 28.33087], [85.17528, 28.33066], [85.17519, 28.33051], [85.17496, 28.33036]]]}}, {"type": "Feature", "properties": {"km2": 0.07, "name": null, "near_source_5km": false}, "geometry": {"type": "Polygon", "coordinates": [[[85.14399, 28.33503], [85.14368, 28.33477], [85.14359, 28.33449], [85.14357, 28.33425], [85.14361, 28.33391], [85.14369, 28.33362], [85.14387, 28.33337], [85.14418, 28.33313], [85.14456, 28.33276], [85.14473, 28.33255], [85.14505, 28.33238], [85.14561, 28.33234], [85.1461, 28.33236], [85.14664, 28.33258], [85.14698, 28.33291], [85.14721, 28.33323], [85.14727, 28.33362], [85.14721, 28.33394], [85.14696, 28.33408], [85.14665, 28.33401], [85.14636, 28.33389], [85.14596, 28.33382], [85.14567, 28.3339], [85.14548, 28.33419], [85.14532, 28.33459], [85.14517, 28.33491], [85.14498, 28.33507], [85.1447, 28.33515], [85.14434, 28.33512], [85.14399, 28.33503]]]}}, {"type": "Feature", "properties": {"km2": 0.017, "name": null, "near_source_5km": false}, "geometry": {"type": "Polygon", "coordinates": [[[85.1476, 28.33745], [85.14737, 28.33727], [85.14718, 28.337], [85.1471, 28.33672], [85.14708, 28.33635], [85.14708, 28.33609], [85.14721, 28.33586], [85.14734, 28.33585], [85.14757, 28.33601], [85.14782, 28.33632], [85.14794, 28.33649], [85.14817, 28.33697], [85.14818, 28.33727], [85.1483, 28.33755], [85.14841, 28.33776], [85.14843, 28.3379], [85.14826, 28.338], [85.14804, 28.33799], [85.14786, 28.33787], [85.14776, 28.33773], [85.1476, 28.33745]]]}}, {"type": "Feature", "properties": {"km2": 0.01, "name": null, "near_source_5km": false}, "geometry": {"type": "Polygon", "coordinates": [[[85.14891, 28.33633], [85.14868, 28.33614], [85.14856, 28.33591], [85.14846, 28.3356], [85.14842, 28.3353], [85.14842, 28.33503], [85.14858, 28.33489], [85.14873, 28.33482], [85.14892, 28.33492], [85.14905, 28.33527], [85.14911, 28.33558], [85.14927, 28.33584], [85.14941, 28.33605], [85.14941, 28.33624], [85.14926, 28.33637], [85.1491, 28.33643], [85.14891, 28.33633]]]}}, {"type": "Feature", "properties": {"km2": 0.037, "name": null, "near_source_5km": false}, "geometry": {"type": "Polygon", "coordinates": [[[85.11639, 28.34208], [85.11639, 28.34248], [85.11645, 28.34282], [85.11662, 28.34323], [85.11673, 28.34347], [85.1168, 28.34392], [85.1168, 28.3441], [85.11674, 28.34436], [85.11653, 28.3446], [85.11628, 28.34469], [85.11606, 28.3446], [85.11592, 28.34431], [85.11578, 28.34406], [85.11559, 28.34373], [85.1155, 28.3434], [85.11543, 28.34303], [85.1154, 28.34264], [85.11539, 28.34226], [85.11538, 28.34171], [85.11544, 28.34139], [85.11561, 28.34116], [85.11583, 28.34109], [85.11599, 28.3411], [85.11615, 28.34126], [85.11626, 28.34151], [85.11634, 28.3418], [85.11639, 28.34208]]]}}, {"type": "Feature", "properties": {"km2": 3.297, "name": null, "near_source_5km": false}, "geometry": {"type": "Polygon", "coordinates": [[[85.11622, 28.35914], [85.11646, 28.35876], [85.11662, 28.35853], [85.11676, 28.35837], [85.11697, 28.35829], [85.11724, 28.35832], [85.11746, 28.35842], [85.11774, 28.35853], [85.11799, 28.35861], [85.11856, 28.35863], [85.11886, 28.35862], [85.119, 28.35862], [85.11929, 28.35851], [85.11944, 28.35837], [85.1195, 28.3582], [85.11944, 28.35795], [85.11917, 28.35782], [85.11894, 28.3577], [85.11876, 28.35752], [85.11864, 28.35739], [85.11851, 28.35725], [85.1184, 28.35713], [85.11832, 28.35703], [85.11822, 28.35687], [85.11816, 28.35668], [85.11807, 28.3564], [85.11796, 28.3562], [85.11775, 28.35593], [85.11746, 28.35578], [85.11733, 28.35559], [85.11725, 28.35548], [85.11725, 28.35529], [85.11726, 28.35514], [85.11727, 28.355], [85.11723, 28.35482], [85.11716, 28.35467], [85.11706, 28.35456], [85.11693, 28.35455], [85.11659, 28.35463], [85.11611, 28.35487], [85.11579, 28.35491], [85.11534, 28.35494], [85.11504, 28.35494], [85.1147, 28.35492], [85.11437, 28.35488], [85.11395, 28.35472], [85.11365, 28.35459], [85.11342, 28.35439], [85.11319, 28.35415], [85.11296, 28.35398], [85.11263, 28.3538], [85.11217, 28.35348], [85.11195, 28.35329], [85.11173, 28.35299], [85.11156, 28.35266], [85.11145, 28.35239], [85.11118, 28.3519], [85.11099, 28.35153], [85.11086, 28.35119], [85.11079, 28.35095], [85.11067, 28.35066], [85.1105, 28.35035], [85.11019, 28.34998], [85.10999, 28.34979], [85.10974, 28.34949], [85.10958, 28.34926], [85.1094, 28.34895], [85.10926, 28.34865], [85.10912, 28.34823], [85.10901, 28.34765], [85.1088, 28.34727], [85.10873, 28.34674], [85.10901, 28.34622], [85.10964, 28.34554], [85.11015, 28.34503], [85.11093, 28.34451], [85.11142, 28.34424], [85.11211, 28.34365], [85.11258, 28.3433], [85.11288, 28.34296], [85.1132, 28.34254], [85.11338, 28.34221], [85.11364, 28.3419], [85.11399, 28.34166], [85.11436, 28.3415], [85.11462, 28.34153], [85.11477, 28.34165], [85.11495, 28.34195], [85.11492, 28.34218], [85.1149, 28.34254], [85.11469, 28.3428], [85.11471, 28.343], [85.11481, 28.34313], [85.11488, 28.34332], [85.1149, 28.34357], [85.11482, 28.3438], [85.11457, 28.34392], [85.11416, 28.34395], [85.11389, 28.34394], [85.11365, 28.34401], [85.11347, 28.34411], [85.11332, 28.34427], [85.11337, 28.34448], [85.11346, 28.34456], [85.11364, 28.34464], [85.11383, 28.34474], [85.1141, 28.34488], [85.11441, 28.34502], [85.11465, 28.34523], [85.11477, 28.34546], [85.11482, 28.34572], [85.11482, 28.34607], [85.11479, 28.34628], [85.11487, 28.34663], [85.11496, 28.34698], [85.11491, 28.34734], [85.11483, 28.34762], [85.11481, 28.34803], [85.11479, 28.3484], [85.11484, 28.34893], [85.11491, 28.34933], [85.1151, 28.34982], [85.11536, 28.35012], [85.11554, 28.3504], [85.11567, 28.35081], [85.11559, 28.35103], [85.1154, 28.35131], [85.11514, 28.35148], [85.11488, 28.35151], [85.11469, 28.35144], [85.1145, 28.35135], [85.11435, 28.35132], [85.11418, 28.35136], [85.11415, 28.35146], [85.11427, 28.35162], [85.11438, 28.35177], [85.11431, 28.35202], [85.11417, 28.35223], [85.11406, 28.35243], [85.11396, 28.35275], [85.11399, 28.35323], [85.11403, 28.35346], [85.11424, 28.3536], [85.11445, 28.35363], [85.11464, 28.35361], [85.11484, 28.35354], [85.11502, 28.35342], [85.11525, 28.3533], [85.11548, 28.35314], [85.1157, 28.35306], [85.11592, 28.35302], [85.11623, 28.35301], [85.11659, 28.35301], [85.11693, 28.35305], [85.1173, 28.35308], [85.11766, 28.35303], [85.11793, 28.35285], [85.11815, 28.35266], [85.11832, 28.3525], [85.11857, 28.35221], [85.11879, 28.35191], [85.11887, 28.35177], [85.11899, 28.35161], [85.119, 28.35143], [85.11908, 28.35107], [85.11917, 28.35095], [85.11921, 28.35076], [85.11923, 28.35058], [85.11918, 28.35038], [85.11914, 28.35026], [85.11908, 28.35018], [85.11899, 28.35003], [85.11891, 28.34986], [85.11882, 28.34968], [85.11875, 28.34951], [85.1187, 28.34933], [85.11864, 28.34913], [85.11863, 28.34884], [85.11866, 28.34866], [85.11868, 28.34837], [85.11876, 28.34805], [85.11883, 28.34781], [85.11897, 28.3474], [85.11899, 28.34715], [85.11898, 28.34682], [85.11892, 28.34649], [85.11895, 28.34626], [85.11895, 28.34607], [85.11889, 28.34571], [85.11884, 28.34541], [85.11878, 28.34525], [85.11868, 28.34493], [85.11856, 28.34468], [85.11841, 28.34445], [85.11827, 28.34418], [85.11826, 28.34383], [85.11828, 28.34354], [85.11843, 28.34299], [85.1183, 28.34244], [85.11828, 28.34154], [85.11818, 28.34107], [85.11814, 28.3407], [85.11807, 28.3404], [85.11794, 28.33986], [85.11785, 28.33935], [85.11793, 28.33902], [85.11803, 28.33877], [85.11822, 28.33844], [85.11847, 28.33809], [85.11874, 28.33774], [85.11903, 28.33747], [85.11948, 28.33734], [85.12009, 28.33734], [85.12043, 28.33747], [85.12065, 28.33765], [85.12084, 28.33769], [85.1211, 28.33771], [85.12144, 28.33767], [85.12182, 28.33767], [85.12214, 28.33774], [85.12237, 28.33797], [85.12252, 28.33821], [85.12255, 28.33844], [85.1226, 28.33881], [85.12271, 28.33918], [85.12279, 28.33947], [85.12286, 28.33996], [85.12292, 28.34037], [85.12296, 28.34069], [85.12294, 28.34093], [85.12286, 28.34108], [85.12269, 28.34119], [85.12247, 28.34121], [85.12225, 28.3412], [85.12203, 28.34118], [85.12178, 28.34115], [85.12157, 28.34127], [85.12152, 28.34136], [85.1215, 28.34157], [85.12169, 28.34183], [85.12208, 28.34197], [85.12225, 28.34207], [85.12241, 28.34221], [85.12249, 28.34238], [85.1225, 28.3426], [85.1225, 28.34281], [85.12246, 28.34308], [85.12253, 28.34344], [85.12261, 28.34365], [85.12263, 28.34383], [85.12263, 28.34401], [85.12263, 28.34412], [85.12273, 28.34427], [85.1229, 28.34433], [85.12306, 28.34426], [85.12315, 28.34408], [85.12323, 28.34392], [85.12335, 28.34374], [85.12348, 28.34355], [85.12368, 28.34334], [85.1239, 28.34316], [85.12411, 28.34302], [85.12426, 28.34293], [85.12443, 28.34275], [85.1246, 28.3426], [85.12472, 28.3424], [85.12481, 28.34219], [85.12485, 28.34198], [85.12485, 28.34187], [85.12481, 28.34174], [85.12474, 28.34166], [85.12456, 28.34158], [85.12438, 28.3415], [85.12423, 28.34145], [85.12406, 28.34134], [85.12397, 28.34126], [85.12385, 28.34107], [85.12382, 28.3408], [85.12385, 28.34054], [85.12388, 28.3403], [85.1239, 28.34001], [85.12392, 28.33967], [85.12389, 28.33942], [85.12383, 28.33918], [85.12372, 28.3388], [85.12371, 28.33846], [85.1237, 28.33823], [85.12375, 28.33801], [85.12375, 28.33777], [85.12374, 28.33766], [85.12374, 28.33743], [85.12381, 28.33722], [85.12392, 28.33706], [85.12408, 28.33699], [85.12426, 28.33698], [85.12444, 28.33699], [85.12458, 28.33702], [85.12471, 28.33704], [85.12487, 28.33709], [85.12492, 28.33717], [85.12495, 28.3373], [85.12495, 28.33744], [85.12499, 28.33771], [85.12501, 28.33805], [85.12503, 28.33846], [85.12504, 28.33871], [85.1251, 28.33916], [85.12524, 28.3396], [85.12536, 28.33986], [85.1255, 28.34009], [85.12565, 28.3403], [85.12583, 28.34044], [85.12594, 28.34047], [85.1261, 28.34041], [85.1262, 28.34024], [85.12632, 28.3401], [85.12647, 28.33991], [85.12661, 28.3396], [85.12664, 28.33947], [85.12662, 28.33938], [85.12655, 28.3393], [85.12633, 28.33918], [85.12614, 28.33911], [85.12598, 28.33901], [85.12586, 28.33894], [85.12572, 28.33876], [85.12561, 28.33861], [85.12571, 28.33816], [85.12578, 28.33806], [85.12585, 28.33798], [85.12595, 28.33793], [85.1261, 28.33794], [85.12627, 28.33799], [85.1265, 28.33809], [85.12679, 28.3381], [85.12708, 28.33809], [85.1273, 28.33803], [85.12761, 28.33789], [85.12783, 28.3378], [85.12816, 28.33763], [85.12839, 28.33754], [85.12861, 28.33752], [85.12884, 28.33761], [85.12891, 28.33772], [85.12889, 28.33785], [85.1288, 28.33796], [85.12868, 28.33802], [85.12847, 28.33814], [85.12826, 28.33832], [85.12812, 28.33852], [85.12802, 28.33863], [85.12792, 28.33867], [85.1278, 28.3387], [85.12754, 28.33873], [85.12735, 28.33876], [85.12723, 28.33883], [85.12713, 28.339], [85.12713, 28.33917], [85.12717, 28.33942], [85.12723, 28.33959], [85.12736, 28.3398], [85.12753, 28.34], [85.12775, 28.34028], [85.1279, 28.34051], [85.1281, 28.34074], [85.12828, 28.341], [85.12888, 28.34124], [85.12918, 28.34147], [85.12952, 28.34182], [85.12971, 28.3421], [85.12992, 28.34239], [85.13037, 28.34282], [85.13077, 28.3431], [85.13115, 28.34336], [85.13161, 28.34372], [85.13184, 28.34397], [85.13199, 28.34425], [85.1319, 28.3445], [85.13167, 28.34472], [85.13147, 28.34486], [85.13126, 28.3449], [85.13107, 28.34488], [85.13083, 28.34486], [85.13059, 28.34493], [85.13043, 28.34514], [85.13047, 28.34535], [85.13062, 28.3456], [85.13083, 28.34577], [85.13111, 28.34594], [85.13136, 28.34628], [85.13133, 28.34641], [85.13114, 28.34654], [85.13096, 28.34663], [85.13073, 28.34699], [85.13063, 28.34744], [85.13056, 28.34765], [85.13046, 28.34776], [85.13034, 28.34771], [85.13019, 28.34759], [85.13012, 28.34737], [85.13004, 28.34709], [85.12993, 28.34674], [85.12988, 28.34639], [85.12983, 28.34627], [85.1298, 28.34606], [85.1298, 28.34576], [85.12977, 28.34564], [85.12973, 28.34537], [85.12964, 28.34508], [85.12956, 28.34479], [85.12933, 28.3444], [85.12916, 28.34419], [85.12885, 28.34392], [85.12858, 28.3438], [85.12839, 28.34377], [85.12819, 28.34383], [85.12806, 28.34424], [85.12806, 28.34472], [85.12807, 28.345], [85.12791, 28.34542], [85.12764, 28.34584], [85.12745, 28.34628], [85.12736, 28.34674], [85.12736, 28.34731], [85.12753, 28.34768], [85.12778, 28.34786], [85.12811, 28.34797], [85.12836, 28.34809], [85.12861, 28.3483], [85.12861, 28.3487], [85.1285, 28.34892], [85.1285, 28.34912], [85.12854, 28.34935], [85.1284, 28.34967], [85.12821, 28.3499], [85.12796, 28.35017], [85.12786, 28.35043], [85.12795, 28.35066], [85.12813, 28.35088], [85.12839, 28.35107], [85.1287, 28.35134], [85.129, 28.35153], [85.12912, 28.35162], [85.12918, 28.35181], [85.12915, 28.35199], [85.12897, 28.35222], [85.12871, 28.35239], [85.12833, 28.35249], [85.12816, 28.35259], [85.12808, 28.35271], [85.12807, 28.35288], [85.12802, 28.35321], [85.12824, 28.35347], [85.12838, 28.3536], [85.12853, 28.35382], [85.12873, 28.35401], [85.12897, 28.35413], [85.12917, 28.35431], [85.12939, 28.35454], [85.12957, 28.3548], [85.12971, 28.35503], [85.12977, 28.35525], [85.12964, 28.35542], [85.12945, 28.3555], [85.12927, 28.35566], [85.1292, 28.35583], [85.12924, 28.35605], [85.12934, 28.35624], [85.12955, 28.35647], [85.1296, 28.35672], [85.12949, 28.35694], [85.1293, 28.35712], [85.12913, 28.35735], [85.12912, 28.35767], [85.12916, 28.35794], [85.12928, 28.35811], [85.12955, 28.35828], [85.12973, 28.35836], [85.13006, 28.35851], [85.13049, 28.35864], [85.13076, 28.35872], [85.13106, 28.35898], [85.13133, 28.35922], [85.1315, 28.35941], [85.13183, 28.35968], [85.1321, 28.35995], [85.13236, 28.36017], [85.1327, 28.36037], [85.13323, 28.36055], [85.13356, 28.36072], [85.1337, 28.36087], [85.13398, 28.36104], [85.1342, 28.36116], [85.13398, 28.36191], [85.1338, 28.36183], [85.13356, 28.36167], [85.13329, 28.3615], [85.13294, 28.36133], [85.13265, 28.36128], [85.13239, 28.36128], [85.13211, 28.36137], [85.13198, 28.36171], [85.13189, 28.36199], [85.1317, 28.36216], [85.13145, 28.36229], [85.13132, 28.36231], [85.13096, 28.36232], [85.13076, 28.36232], [85.13046, 28.36227], [85.13007, 28.36216], [85.12975, 28.36203], [85.12953, 28.3619], [85.12927, 28.36169], [85.12909, 28.36152], [85.1289, 28.36137], [85.12863, 28.36101], [85.12845, 28.36092], [85.12824, 28.36077], [85.12807, 28.36068], [85.12788, 28.36056], [85.12768, 28.3604], [85.12752, 28.36029], [85.12746, 28.3602], [85.12742, 28.36006], [85.1274, 28.35982], [85.12727, 28.35972], [85.12708, 28.35964], [85.1268, 28.35957], [85.12662, 28.35951], [85.12642, 28.35944], [85.12608, 28.35929], [85.12563, 28.35911], [85.12529, 28.35895], [85.1251, 28.35888], [85.12474, 28.35894], [85.12437, 28.35906], [85.1241, 28.35919], [85.12398, 28.35933], [85.12403, 28.35946], [85.12428, 28.35955], [85.12449, 28.35954], [85.12482, 28.3595], [85.1251, 28.3595], [85.12534, 28.35955], [85.12548, 28.35963], [85.12568, 28.35971], [85.12579, 28.3598], [85.12583, 28.35988], [85.12584, 28.35999], [85.12576, 28.36007], [85.12564, 28.36007], [85.1255, 28.36007], [85.12539, 28.36012], [85.12534, 28.36026], [85.12534, 28.36035], [85.12529, 28.36054], [85.12522, 28.36059], [85.12507, 28.36062], [85.12494, 28.36073], [85.12474, 28.36087], [85.12446, 28.361], [85.12419, 28.36109], [85.12388, 28.3612], [85.12359, 28.36138], [85.12336, 28.36159], [85.12313, 28.36192], [85.12272, 28.36236], [85.1225, 28.36281], [85.12224, 28.36321], [85.11855, 28.36071], [85.11622, 28.35914]]]}}, {"type": "Feature", "properties": {"km2": 0.016, "name": null, "near_source_5km": false}, "geometry": {"type": "Polygon", "coordinates": [[[85.13223, 28.3718], [85.1321, 28.37159], [85.13188, 28.37146], [85.13176, 28.37135], [85.13165, 28.37116], [85.13167, 28.37098], [85.13175, 28.37084], [85.13198, 28.37073], [85.13212, 28.37071], [85.13227, 28.37073], [85.1326, 28.37084], [85.1329, 28.37095], [85.13312, 28.37104], [85.13337, 28.37125], [85.1334, 28.3715], [85.1332, 28.37174], [85.13295, 28.37192], [85.13276, 28.37196], [85.13239, 28.37201], [85.13228, 28.37193], [85.13223, 28.3718]]]}}, {"type": "Feature", "properties": {"km2": 0.036, "name": null, "near_source_5km": false}, "geometry": {"type": "Polygon", "coordinates": [[[85.17461, 28.37396], [85.17473, 28.37403], [85.17483, 28.37411], [85.17492, 28.3742], [85.17499, 28.37428], [85.17504, 28.3744], [85.17506, 28.37449], [85.17511, 28.37457], [85.17523, 28.37469], [85.17533, 28.37477], [85.17538, 28.37484], [85.17543, 28.37499], [85.17547, 28.37515], [85.17552, 28.37529], [85.17557, 28.37541], [85.17562, 28.37553], [85.17564, 28.37565], [85.17567, 28.37575], [85.17566, 28.37586], [85.17563, 28.376], [85.17549, 28.37609], [85.17539, 28.37611], [85.17518, 28.3761], [85.17501, 28.37606], [85.17489, 28.376], [85.17479, 28.37594], [85.17468, 28.3759], [85.17448, 28.37588], [85.17431, 28.37586], [85.17413, 28.37581], [85.17404, 28.37579], [85.17386, 28.37574], [85.1737, 28.37576], [85.17356, 28.3758], [85.17345, 28.37586], [85.1733, 28.37597], [85.17317, 28.37603], [85.17305, 28.37603], [85.17296, 28.376], [85.17287, 28.37587], [85.17285, 28.37582], [85.17281, 28.37574], [85.17279, 28.37567], [85.17273, 28.37557], [85.17268, 28.37544], [85.17274, 28.37542], [85.17282, 28.37542], [85.1729, 28.37542], [85.17298, 28.37546], [85.17306, 28.37548], [85.17314, 28.37547], [85.1732, 28.37542], [85.1732, 28.37532], [85.17318, 28.37525], [85.17315, 28.37517], [85.17317, 28.37507], [85.1732, 28.37498], [85.17326, 28.37491], [85.17336, 28.3748], [85.17344, 28.37472], [85.17353, 28.37468], [85.17361, 28.37467], [85.17377, 28.37466], [85.17389, 28.37468], [85.17402, 28.37476], [85.17409, 28.37481], [85.17415, 28.37483], [85.1742, 28.37485], [85.1743, 28.37484], [85.17439, 28.37477], [85.17448, 28.37467], [85.17457, 28.37454], [85.17462, 28.37445], [85.17464, 28.37437], [85.17467, 28.37427], [85.17463, 28.37409], [85.17461, 28.37396]]]}}, {"type": "Feature", "properties": {"km2": 0.057, "name": null, "near_source_5km": false}, "geometry": {"type": "Polygon", "coordinates": [[[85.16138, 28.39461], [85.16031, 28.39474], [85.16, 28.39473], [85.15939, 28.39458], [85.15921, 28.39441], [85.15917, 28.3942], [85.15929, 28.39397], [85.15945, 28.39384], [85.15972, 28.39366], [85.16004, 28.39334], [85.16048, 28.393], [85.16081, 28.39268], [85.16114, 28.39257], [85.16143, 28.39253], [85.16177, 28.39256], [85.16211, 28.39268], [85.16222, 28.39276], [85.16242, 28.39301], [85.16265, 28.39335], [85.16269, 28.39359], [85.16271, 28.39384], [85.16245, 28.39418], [85.16197, 28.39441], [85.16163, 28.3945], [85.16138, 28.39461]]]}}, {"type": "Feature", "properties": {"km2": 0.071, "name": null, "near_source_5km": false}, "geometry": {"type": "Polygon", "coordinates": [[[85.2168, 28.35935], [85.21649, 28.35945], [85.21627, 28.35956], [85.21609, 28.35967], [85.21585, 28.35978], [85.21556, 28.35979], [85.21543, 28.35975], [85.21533, 28.35965], [85.21531, 28.35953], [85.21531, 28.35939], [85.21537, 28.3592], [85.21548, 28.35895], [85.21565, 28.35865], [85.21575, 28.35849], [85.21588, 28.35827], [85.21606, 28.35813], [85.21619, 28.35805], [85.21627, 28.35797], [85.21626, 28.35788], [85.21609, 28.35772], [85.21594, 28.35763], [85.21557, 28.35751], [85.21534, 28.35753], [85.21523, 28.35756], [85.21489, 28.35766], [85.21478, 28.35758], [85.21475, 28.35747], [85.21479, 28.35738], [85.2149, 28.35723], [85.21502, 28.35712], [85.21514, 28.357], [85.2153, 28.35685], [85.21543, 28.3566], [85.21551, 28.3565], [85.21566, 28.35638], [85.21582, 28.35628], [85.21604, 28.35613], [85.21636, 28.356], [85.21654, 28.35595], [85.21665, 28.35597], [85.21671, 28.35604], [85.21672, 28.35614], [85.21677, 28.35627], [85.2169, 28.35643], [85.2171, 28.35654], [85.21729, 28.35665], [85.21748, 28.35677], [85.21766, 28.35687], [85.21781, 28.35702], [85.21787, 28.35717], [85.21788, 28.35736], [85.21785, 28.35764], [85.21774, 28.35799], [85.21762, 28.35828], [85.21743, 28.35852], [85.21727, 28.35874], [85.21716, 28.35893], [85.21705, 28.35907], [85.21695, 28.35922], [85.2168, 28.35935]]]}}, {"type": "Feature", "properties": {"km2": 0.018, "name": null, "near_source_5km": false}, "geometry": {"type": "Polygon", "coordinates": [[[85.21477, 28.35844], [85.21481, 28.35861], [85.21481, 28.35873], [85.21476, 28.35887], [85.21464, 28.35894], [85.21453, 28.35895], [85.21441, 28.35895], [85.21418, 28.35901], [85.21399, 28.35911], [85.21385, 28.35922], [85.21369, 28.35932], [85.21356, 28.35935], [85.21334, 28.35935], [85.21324, 28.3593], [85.21324, 28.35924], [85.21328, 28.35914], [85.21337, 28.35904], [85.21346, 28.35892], [85.21357, 28.35871], [85.21359, 28.35852], [85.21363, 28.35826], [85.21366, 28.35804], [85.21371, 28.35788], [85.21382, 28.35772], [85.21393, 28.35765], [85.21409, 28.3576], [85.21424, 28.35761], [85.2144, 28.3577], [85.2145, 28.35781], [85.21462, 28.35797], [85.21468, 28.35816], [85.21477, 28.35844]]]}}, {"type": "Feature", "properties": {"km2": 0.024, "name": null, "near_source_5km": false}, "geometry": {"type": "Polygon", "coordinates": [[[85.21069, 28.3606], [85.21053, 28.36059], [85.21043, 28.36058], [85.21031, 28.36053], [85.21027, 28.36046], [85.21025, 28.36037], [85.21027, 28.36023], [85.21026, 28.36011], [85.21021, 28.36], [85.21014, 28.35991], [85.21005, 28.35979], [85.20996, 28.35969], [85.20984, 28.35961], [85.20975, 28.35953], [85.20972, 28.35943], [85.20972, 28.35927], [85.20977, 28.35916], [85.20984, 28.35908], [85.20992, 28.359], [85.21004, 28.35897], [85.21017, 28.35896], [85.21034, 28.35898], [85.21053, 28.35902], [85.2107, 28.3591], [85.21084, 28.35919], [85.21094, 28.35938], [85.21103, 28.35948], [85.21115, 28.35956], [85.21134, 28.35958], [85.21141, 28.35958], [85.21152, 28.35963], [85.21164, 28.35972], [85.21172, 28.35984], [85.21177, 28.35997], [85.21177, 28.36015], [85.21171, 28.36034], [85.21162, 28.36048], [85.21145, 28.36063], [85.2113, 28.36072], [85.21117, 28.36074], [85.21106, 28.36072], [85.21097, 28.36067], [85.21089, 28.36063], [85.21077, 28.3606], [85.21069, 28.3606]]]}}, {"type": "Feature", "properties": {"km2": 0.172, "name": null, "near_source_5km": false}, "geometry": {"type": "Polygon", "coordinates": [[[85.18923, 28.38575], [85.1893, 28.38543], [85.18936, 28.38518], [85.18949, 28.38493], [85.18974, 28.38479], [85.18987, 28.38443], [85.19001, 28.38407], [85.19012, 28.38376], [85.19033, 28.38369], [85.19063, 28.38379], [85.19089, 28.38398], [85.19105, 28.38425], [85.19115, 28.38467], [85.19117, 28.38531], [85.1911, 28.38618], [85.19095, 28.3866], [85.19083, 28.38703], [85.19079, 28.38769], [85.19076, 28.38814], [85.19073, 28.38853], [85.19075, 28.38889], [85.19075, 28.38914], [85.19062, 28.38943], [85.19027, 28.38992], [85.18993, 28.39021], [85.18957, 28.39061], [85.18922, 28.39085], [85.18871, 28.39112], [85.18828, 28.3913], [85.18778, 28.39136], [85.18729, 28.39126], [85.18696, 28.39112], [85.18677, 28.39082], [85.18666, 28.39045], [85.18669, 28.39014], [85.18689, 28.38993], [85.18718, 28.38973], [85.18753, 28.38959], [85.18782, 28.38937], [85.18813, 28.38899], [85.18831, 28.38875], [85.18858, 28.3883], [85.18874, 28.38794], [85.18879, 28.38745], [85.1888, 28.38713], [85.18889, 28.38691], [85.18903, 28.38678], [85.18915, 28.38667], [85.18922, 28.38642], [85.18922, 28.38606], [85.18923, 28.38575]]]}}, {"type": "Feature", "properties": {"km2": 0.053, "name": null, "near_source_5km": false}, "geometry": {"type": "Polygon", "coordinates": [[[85.21611, 28.36678], [85.21649, 28.36688], [85.21674, 28.36696], [85.21699, 28.36707], [85.21731, 28.36724], [85.21744, 28.36734], [85.21752, 28.3675], [85.2175, 28.36769], [85.21728, 28.36779], [85.21715, 28.36781], [85.217, 28.36783], [85.21683, 28.36793], [85.21667, 28.36799], [85.21643, 28.368], [85.21622, 28.36798], [85.21607, 28.36805], [85.21605, 28.36816], [85.21597, 28.36834], [85.2159, 28.36845], [85.21578, 28.36865], [85.21555, 28.36875], [85.21534, 28.36876], [85.2152, 28.36869], [85.21506, 28.36859], [85.21482, 28.36849], [85.21466, 28.36842], [85.21442, 28.36831], [85.21418, 28.36822], [85.21399, 28.36814], [85.21382, 28.36801], [85.21374, 28.36788], [85.21375, 28.36763], [85.21382, 28.36741], [85.21391, 28.36724], [85.21401, 28.36711], [85.21425, 28.36699], [85.21474, 28.36683], [85.21505, 28.36677], [85.21546, 28.36673], [85.21575, 28.36673], [85.21611, 28.36678]]]}}, {"type": "Feature", "properties": {"km2": 0.017, "name": null, "near_source_5km": false}, "geometry": {"type": "Polygon", "coordinates": [[[85.21412, 28.36441], [85.21385, 28.3643], [85.21357, 28.36412], [85.21347, 28.36399], [85.21344, 28.3638], [85.21347, 28.36363], [85.21359, 28.36353], [85.2138, 28.36351], [85.21405, 28.36355], [85.21433, 28.36369], [85.2145, 28.36381], [85.21472, 28.36395], [85.21494, 28.36407], [85.21514, 28.36416], [85.21532, 28.36425], [85.21543, 28.36431], [85.21558, 28.36444], [85.2156, 28.36464], [85.21557, 28.36477], [85.21544, 28.36488], [85.21522, 28.36495], [85.21501, 28.36492], [85.21484, 28.36485], [85.2147, 28.36477], [85.21453, 28.36468], [85.21441, 28.36462], [85.21431, 28.36457], [85.21418, 28.36447], [85.21412, 28.36441]]]}}, {"type": "Feature", "properties": {"km2": 0.266, "name": null, "near_source_5km": false}, "geometry": {"type": "Polygon", "coordinates": [[[85.21781, 28.38277], [85.21775, 28.38259], [85.2177, 28.3824], [85.21764, 28.38207], [85.21759, 28.38172], [85.21755, 28.38131], [85.2176, 28.38105], [85.2177, 28.38083], [85.21788, 28.3806], [85.21815, 28.38047], [85.21846, 28.38037], [85.21881, 28.3802], [85.21903, 28.37999], [85.21933, 28.37972], [85.21967, 28.37944], [85.22, 28.37925], [85.22037, 28.3791], [85.22067, 28.37909], [85.22109, 28.37915], [85.22155, 28.37929], [85.22182, 28.37943], [85.22213, 28.37971], [85.22234, 28.38001], [85.22251, 28.38035], [85.22259, 28.38066], [85.22244, 28.38103], [85.22223, 28.38136], [85.22204, 28.38164], [85.22198, 28.38187], [85.22202, 28.38207], [85.22217, 28.38224], [85.22254, 28.38231], [85.22276, 28.38225], [85.22291, 28.38221], [85.22305, 28.38209], [85.22317, 28.382], [85.22345, 28.38192], [85.22368, 28.38184], [85.22396, 28.38178], [85.22443, 28.3818], [85.22478, 28.38197], [85.22499, 28.38217], [85.2252, 28.38247], [85.22532, 28.38274], [85.22552, 28.38306], [85.22572, 28.38319], [85.22596, 28.38317], [85.22614, 28.38314], [85.22628, 28.38307], [85.22645, 28.38297], [85.2266, 28.3829], [85.22682, 28.38288], [85.22702, 28.38288], [85.22719, 28.38293], [85.22735, 28.38307], [85.22747, 28.38324], [85.22755, 28.38339], [85.22762, 28.38357], [85.22756, 28.3837], [85.22731, 28.38375], [85.22704, 28.38378], [85.22678, 28.38384], [85.2265, 28.38392], [85.22618, 28.38405], [85.22585, 28.38411], [85.2255, 28.38418], [85.22499, 28.38419], [85.22467, 28.3842], [85.22444, 28.38419], [85.2242, 28.38417], [85.22387, 28.38407], [85.2236, 28.38395], [85.22337, 28.38383], [85.22315, 28.38376], [85.2229, 28.38374], [85.22266, 28.38374], [85.22227, 28.3838], [85.22212, 28.38387], [85.2197, 28.38303], [85.21781, 28.38277]]]}}, {"type": "Feature", "properties": {"km2": 0.762, "name": null, "near_source_5km": false}, "geometry": {"type": "Polygon", "coordinates": [[[85.19953, 28.40819], [85.19993, 28.40827], [85.20029, 28.40834], [85.2005, 28.40841], [85.20072, 28.4085], [85.20118, 28.40867], [85.20146, 28.40875], [85.2018, 28.40879], [85.2022, 28.40881], [85.20253, 28.40887], [85.20308, 28.40909], [85.20342, 28.40931], [85.20364, 28.40948], [85.20373, 28.40958], [85.20388, 28.40982], [85.20398, 28.41009], [85.20401, 28.4103], [85.20387, 28.41056], [85.20364, 28.41066], [85.20327, 28.41087], [85.20299, 28.41101], [85.20279, 28.41107], [85.20245, 28.41117], [85.20198, 28.41138], [85.20167, 28.41142], [85.20129, 28.41143], [85.2009, 28.41148], [85.2005, 28.41163], [85.20018, 28.41177], [85.19988, 28.41188], [85.19966, 28.41196], [85.19942, 28.41199], [85.19894, 28.41198], [85.19857, 28.41196], [85.19804, 28.41185], [85.19759, 28.41171], [85.19718, 28.41156], [85.19684, 28.41144], [85.19641, 28.41132], [85.19608, 28.41115], [85.19577, 28.41101], [85.19559, 28.41091], [85.19546, 28.41078], [85.19529, 28.41056], [85.19516, 28.41038], [85.19472, 28.40993], [85.19451, 28.40975], [85.19439, 28.40962], [85.19414, 28.40935], [85.19396, 28.40913], [85.19378, 28.40894], [85.19336, 28.40863], [85.19292, 28.40833], [85.19256, 28.40799], [85.19227, 28.40781], [85.19207, 28.4077], [85.19183, 28.4076], [85.19156, 28.40751], [85.19142, 28.40744], [85.19113, 28.4073], [85.191, 28.40715], [85.19078, 28.40688], [85.19062, 28.40661], [85.19043, 28.40635], [85.19014, 28.40599], [85.18999, 28.40585], [85.18986, 28.40575], [85.18971, 28.40553], [85.18956, 28.4052], [85.18947, 28.40486], [85.18927, 28.40437], [85.18916, 28.40418], [85.18905, 28.40392], [85.18895, 28.4037], [85.18881, 28.40353], [85.18871, 28.40341], [85.18861, 28.40333], [85.18851, 28.40335], [85.18846, 28.40345], [85.18843, 28.40358], [85.18839, 28.40373], [85.18832, 28.4038], [85.18818, 28.40388], [85.18803, 28.40396], [85.18793, 28.40408], [85.18784, 28.40428], [85.18783, 28.40448], [85.18785, 28.40463], [85.1878, 28.40475], [85.18773, 28.40483], [85.18758, 28.4049], [85.18744, 28.40481], [85.18733, 28.40473], [85.18721, 28.40458], [85.18709, 28.40437], [85.18697, 28.40392], [85.18693, 28.40377], [85.1868, 28.40362], [85.18668, 28.40358], [85.18643, 28.40366], [85.18635, 28.40378], [85.18627, 28.40394], [85.18617, 28.40404], [85.18606, 28.40404], [85.18593, 28.40392], [85.18587, 28.40368], [85.18585, 28.40354], [85.18579, 28.40339], [85.1857, 28.40318], [85.18561, 28.40303], [85.18547, 28.40276], [85.18537, 28.40227], [85.1852, 28.40198], [85.18506, 28.40179], [85.18495, 28.40161], [85.18487, 28.40144], [85.18482, 28.40125], [85.18482, 28.40086], [85.18478, 28.40045], [85.18479, 28.40027], [85.18486, 28.4001], [85.18499, 28.39994], [85.18513, 28.3999], [85.18548, 28.39992], [85.18573, 28.39996], [85.18609, 28.40002], [85.1864, 28.40008], [85.18682, 28.4002], [85.18711, 28.40032], [85.18739, 28.40053], [85.18756, 28.4007], [85.18795, 28.40101], [85.18852, 28.40133], [85.18886, 28.40146], [85.18931, 28.40161], [85.18979, 28.40177], [85.1901, 28.40189], [85.1903, 28.40196], [85.19062, 28.40198], [85.19111, 28.40194], [85.19157, 28.40194], [85.19217, 28.40206], [85.19254, 28.40218], [85.19284, 28.40231], [85.19312, 28.40245], [85.19341, 28.40267], [85.19362, 28.40282], [85.19372, 28.40295], [85.19382, 28.40317], [85.19386, 28.40344], [85.19386, 28.40372], [85.19386, 28.40411], [85.19387, 28.40442], [85.19394, 28.40472], [85.19394, 28.40494], [85.19399, 28.40532], [85.19403, 28.40558], [85.19418, 28.40585], [85.19435, 28.40601], [85.19449, 28.40611], [85.19468, 28.40622], [85.19472, 28.40628], [85.19481, 28.40648], [85.19487, 28.40663], [85.19511, 28.40685], [85.19535, 28.40704], [85.19582, 28.40723], [85.19612, 28.40739], [85.1963, 28.4075], [85.19661, 28.40764], [85.19713, 28.40781], [85.19757, 28.40789], [85.19792, 28.40788], [85.19819, 28.40786], [85.19852, 28.40788], [85.19869, 28.40792], [85.199, 28.40798], [85.19953, 28.40819]]]}}, {"type": "Feature", "properties": {"km2": 0.044, "name": null, "near_source_5km": false}, "geometry": {"type": "Polygon", "coordinates": [[[85.1917, 28.4004], [85.19124, 28.40028], [85.19112, 28.40018], [85.19095, 28.40004], [85.19084, 28.39983], [85.19073, 28.39954], [85.19071, 28.39924], [85.1908, 28.39899], [85.19092, 28.39883], [85.19111, 28.39875], [85.19139, 28.39869], [85.1916, 28.39869], [85.19207, 28.39884], [85.19223, 28.39896], [85.19242, 28.39922], [85.19254, 28.39938], [85.19281, 28.39965], [85.19317, 28.39989], [85.19347, 28.40016], [85.19369, 28.40047], [85.19378, 28.40068], [85.19389, 28.40089], [85.19389, 28.4011], [85.19387, 28.4013], [85.19377, 28.40148], [85.19352, 28.40156], [85.19323, 28.4015], [85.19305, 28.40132], [85.19298, 28.40105], [85.19289, 28.40075], [85.19277, 28.40044], [85.19262, 28.4003], [85.19232, 28.40023], [85.19211, 28.40027], [85.1917, 28.4004]]]}}, {"type": "Feature", "properties": {"km2": 0.02, "name": null, "near_source_5km": false}, "geometry": {"type": "Polygon", "coordinates": [[[85.15757, 28.39682], [85.15718, 28.39701], [85.15694, 28.39709], [85.15678, 28.39704], [85.15657, 28.39691], [85.15643, 28.39665], [85.15635, 28.39639], [85.15634, 28.39612], [85.15636, 28.39589], [85.15653, 28.39572], [85.15678, 28.39568], [85.15699, 28.39568], [85.15727, 28.39569], [85.15749, 28.39575], [85.15786, 28.39595], [85.15807, 28.39614], [85.1581, 28.39629], [85.15812, 28.39644], [85.15794, 28.39655], [85.15757, 28.39682]]]}}, {"type": "Feature", "properties": {"km2": 0.409, "name": null, "near_source_5km": false}, "geometry": {"type": "Polygon", "coordinates": [[[85.14806, 28.4031], [85.14777, 28.40318], [85.1475, 28.40345], [85.1473, 28.40376], [85.1471, 28.40415], [85.14697, 28.40457], [85.14683, 28.40504], [85.14667, 28.40531], [85.14636, 28.40545], [85.14607, 28.40547], [85.14556, 28.40538], [85.14524, 28.40531], [85.14502, 28.40518], [85.1449, 28.40502], [85.14472, 28.40472], [85.14462, 28.40435], [85.14457, 28.40414], [85.14428, 28.40391], [85.14382, 28.40381], [85.14351, 28.40393], [85.14314, 28.40418], [85.14283, 28.40435], [85.14256, 28.40435], [85.14223, 28.40426], [85.14171, 28.40404], [85.14126, 28.40375], [85.14114, 28.40353], [85.1411, 28.4031], [85.1411, 28.40257], [85.14108, 28.40217], [85.14119, 28.40174], [85.14136, 28.40149], [85.14156, 28.40125], [85.14175, 28.40106], [85.14199, 28.40091], [85.14223, 28.40071], [85.14247, 28.40037], [85.14265, 28.40006], [85.14281, 28.39989], [85.14306, 28.39971], [85.14336, 28.39955], [85.14375, 28.39933], [85.14419, 28.39916], [85.14451, 28.39917], [85.14489, 28.3992], [85.14582, 28.39883], [85.14606, 28.39861], [85.14637, 28.39842], [85.14698, 28.39826], [85.14735, 28.39827], [85.14779, 28.39827], [85.14813, 28.39823], [85.1486, 28.39797], [85.14897, 28.39991], [85.14806, 28.4031]]]}}, {"type": "Feature", "properties": {"km2": 2.163, "name": null, "near_source_5km": false}, "geometry": {"type": "Polygon", "coordinates": [[[85.1486, 28.39797], [85.14901, 28.39756], [85.14943, 28.39725], [85.14984, 28.39705], [85.15007, 28.39681], [85.15053, 28.3965], [85.15098, 28.39632], [85.15159, 28.39605], [85.15227, 28.3958], [85.15291, 28.3956], [85.15337, 28.39551], [85.15376, 28.3955], [85.15442, 28.39554], [85.15493, 28.39573], [85.15565, 28.39614], [85.15588, 28.39651], [85.15598, 28.39703], [85.15597, 28.39729], [85.15595, 28.39769], [85.15604, 28.39787], [85.15618, 28.39796], [85.15651, 28.39815], [85.15665, 28.39831], [85.15671, 28.39857], [85.1567, 28.39886], [85.1566, 28.39914], [85.15646, 28.39944], [85.15628, 28.3997], [85.15609, 28.40003], [85.15584, 28.40032], [85.15565, 28.40061], [85.1555, 28.40089], [85.15534, 28.40114], [85.15522, 28.40148], [85.15522, 28.40157], [85.15524, 28.40166], [85.15526, 28.40176], [85.15529, 28.40193], [85.15529, 28.40209], [85.15527, 28.40225], [85.15525, 28.40254], [85.15528, 28.40276], [85.1553, 28.40296], [85.15531, 28.40313], [85.15534, 28.40325], [85.15538, 28.40333], [85.15545, 28.4034], [85.15556, 28.40347], [85.15567, 28.40355], [85.1558, 28.40362], [85.15596, 28.40369], [85.15622, 28.40377], [85.15641, 28.40388], [85.1566, 28.40398], [85.15677, 28.40408], [85.15693, 28.40425], [85.15706, 28.40436], [85.15717, 28.40447], [85.15734, 28.40467], [85.1575, 28.40483], [85.15759, 28.40492], [85.15771, 28.405], [85.1578, 28.40512], [85.15788, 28.40526], [85.15789, 28.40534], [85.15787, 28.40546], [85.15784, 28.40562], [85.15781, 28.40576], [85.15779, 28.40587], [85.15775, 28.40602], [85.15777, 28.40615], [85.1578, 28.40622], [85.15788, 28.40635], [85.15792, 28.40643], [85.15792, 28.40649], [85.15785, 28.40654], [85.15765, 28.40651], [85.1575, 28.40647], [85.15737, 28.4064], [85.15726, 28.40631], [85.1572, 28.40624], [85.15713, 28.40617], [85.15705, 28.40613], [85.157, 28.40613], [85.15695, 28.40618], [85.15692, 28.40627], [85.15692, 28.40636], [85.15693, 28.40644], [85.15694, 28.40652], [85.15694, 28.40665], [85.15693, 28.40674], [85.15689, 28.40679], [85.1568, 28.40683], [85.15674, 28.40684], [85.15657, 28.40682], [85.15639, 28.40676], [85.15632, 28.40675], [85.15627, 28.40667], [85.15628, 28.4066], [85.15632, 28.4065], [85.15636, 28.40644], [85.15632, 28.40637], [85.15623, 28.40627], [85.15608, 28.40619], [85.15598, 28.40618], [85.15584, 28.40617], [85.15573, 28.40612], [85.15568, 28.40603], [85.15571, 28.40591], [85.15573, 28.40583], [85.15573, 28.40573], [85.15568, 28.40565], [85.15557, 28.40558], [85.15546, 28.40555], [85.15532, 28.40554], [85.15523, 28.40558], [85.15518, 28.40566], [85.15517, 28.40577], [85.1552, 28.40585], [85.15523, 28.40591], [85.15524, 28.40603], [85.15527, 28.40608], [85.15536, 28.4062], [85.15547, 28.4063], [85.15568, 28.40649], [85.1558, 28.40664], [85.15584, 28.40672], [85.15586, 28.40682], [85.15585, 28.4069], [85.15582, 28.40695], [85.15576, 28.40702], [85.15569, 28.40708], [85.15564, 28.40713], [85.15562, 28.40719], [85.15562, 28.40724], [85.15564, 28.40731], [85.15567, 28.40737], [85.15573, 28.40742], [85.15579, 28.40743], [85.15604, 28.40746], [85.1562, 28.40749], [85.15638, 28.40753], [85.15653, 28.4076], [85.15669, 28.40768], [85.15687, 28.40778], [85.15704, 28.40786], [85.15719, 28.40789], [85.15732, 28.40794], [85.15755, 28.40805], [85.15778, 28.40817], [85.15789, 28.40822], [85.15796, 28.40826], [85.1581, 28.40833], [85.15822, 28.40839], [85.15835, 28.40847], [85.15842, 28.40853], [85.15848, 28.4086], [85.15852, 28.40867], [85.15856, 28.40874], [85.15862, 28.40886], [85.15868, 28.409], [85.15872, 28.40911], [85.15875, 28.40923], [85.15884, 28.40937], [85.1589, 28.40947], [85.15899, 28.40955], [85.15905, 28.40961], [85.15913, 28.4097], [85.15921, 28.40981], [85.15927, 28.40989], [85.15934, 28.40998], [85.15945, 28.41012], [85.15954, 28.41022], [85.15961, 28.41029], [85.15972, 28.41041], [85.1598, 28.4105], [85.15985, 28.41058], [85.15989, 28.41066], [85.15991, 28.41077], [85.15991, 28.41088], [85.15993, 28.41097], [85.15996, 28.41105], [85.16001, 28.41111], [85.16009, 28.41116], [85.16016, 28.41118], [85.16024, 28.41117], [85.16031, 28.41111], [85.16037, 28.41105], [85.16041, 28.41093], [85.16044, 28.41082], [85.16044, 28.41066], [85.16043, 28.41046], [85.1604, 28.41031], [85.16039, 28.41017], [85.16035, 28.41007], [85.1603, 28.41001], [85.16023, 28.40996], [85.16012, 28.4099], [85.16002, 28.40981], [85.15998, 28.40971], [85.15994, 28.40957], [85.15994, 28.40946], [85.16, 28.40934], [85.16006, 28.40929], [85.16015, 28.40923], [85.1602, 28.40918], [85.16024, 28.40909], [85.16024, 28.40902], [85.16025, 28.40887], [85.16031, 28.40877], [85.16042, 28.40873], [85.16051, 28.40873], [85.16057, 28.40876], [85.16062, 28.40879], [85.16069, 28.40884], [85.16079, 28.40888], [85.16086, 28.4089], [85.16094, 28.40886], [85.16103, 28.40882], [85.16112, 28.40882], [85.16118, 28.40884], [85.16127, 28.40888], [85.16134, 28.40896], [85.16136, 28.40907], [85.16135, 28.40919], [85.16135, 28.40929], [85.16138, 28.40938], [85.16139, 28.40947], [85.1614, 28.40959], [85.1614, 28.4097], [85.16142, 28.40978], [85.16147, 28.40986], [85.16156, 28.40994], [85.16164, 28.41001], [85.1617, 28.41011], [85.16175, 28.41019], [85.16179, 28.41028], [85.1618, 28.41034], [85.1618, 28.41052], [85.16179, 28.41067], [85.16179, 28.41073], [85.16181, 28.41082], [85.16184, 28.41087], [85.16187, 28.41095], [85.16191, 28.41103], [85.16192, 28.41109], [85.16194, 28.41118], [85.162, 28.41129], [85.16207, 28.4114], [85.16214, 28.41148], [85.16218, 28.41152], [85.16228, 28.41161], [85.1624, 28.41173], [85.1625, 28.41187], [85.16253, 28.41193], [85.16257, 28.41203], [85.16258, 28.41213], [85.16257, 28.41222], [85.16253, 28.41228], [85.16248, 28.41234], [85.16238, 28.41237], [85.16224, 28.41238], [85.16206, 28.41238], [85.16196, 28.41237], [85.16191, 28.41239], [85.16188, 28.41244], [85.16189, 28.4125], [85.16194, 28.4126], [85.16201, 28.41266], [85.16212, 28.41273], [85.16226, 28.41279], [85.1624, 28.41286], [85.1625, 28.41292], [85.16259, 28.41298], [85.16268, 28.41305], [85.16281, 28.41317], [85.16288, 28.41327], [85.16295, 28.41338], [85.16302, 28.41349], [85.16309, 28.41359], [85.16316, 28.41371], [85.16326, 28.41378], [85.16341, 28.41388], [85.16364, 28.41402], [85.16372, 28.41409], [85.16382, 28.4142], [85.16391, 28.41429], [85.16396, 28.41439], [85.16403, 28.41451], [85.16408, 28.41462], [85.1642, 28.41474], [85.1643, 28.41482], [85.16438, 28.41487], [85.16447, 28.41491], [85.16462, 28.41499], [85.16468, 28.41504], [85.16469, 28.41514], [85.16467, 28.41524], [85.16462, 28.41534], [85.16455, 28.41541], [85.16453, 28.41553], [85.16454, 28.41564], [85.16468, 28.41593], [85.1647, 28.41618], [85.1647, 28.41645], [85.1647, 28.41673], [85.16469, 28.41698], [85.16471, 28.41723], [85.1648, 28.41747], [85.16485, 28.41766], [85.16488, 28.41785], [85.16491, 28.41803], [85.16492, 28.41823], [85.16485, 28.41835], [85.16466, 28.41836], [85.16455, 28.41832], [85.16441, 28.4183], [85.16431, 28.41833], [85.16426, 28.41844], [85.16425, 28.41857], [85.16423, 28.41874], [85.1642, 28.41887], [85.16407, 28.41892], [85.16391, 28.41891], [85.16368, 28.41885], [85.16338, 28.41882], [85.16316, 28.41883], [85.16289, 28.41889], [85.16271, 28.41894], [85.16261, 28.41901], [85.1625, 28.41915], [85.16243, 28.41928], [85.16236, 28.41939], [85.16229, 28.41949], [85.16216, 28.41971], [85.16205, 28.41989], [85.16196, 28.42], [85.16188, 28.42012], [85.16182, 28.42033], [85.16174, 28.42051], [85.16162, 28.42069], [85.16153, 28.42075], [85.16141, 28.42076], [85.16128, 28.42077], [85.16115, 28.42085], [85.16111, 28.42094], [85.16114, 28.42103], [85.1612, 28.42113], [85.16132, 28.42127], [85.16143, 28.42139], [85.16153, 28.42149], [85.16162, 28.42161], [85.16166, 28.42176], [85.16167, 28.42192], [85.16162, 28.42207], [85.16155, 28.42225], [85.16149, 28.42237], [85.16142, 28.42245], [85.1613, 28.42248], [85.16117, 28.42247], [85.16109, 28.42241], [85.16101, 28.42237], [85.16089, 28.42233], [85.16074, 28.42232], [85.16058, 28.42235], [85.16047, 28.42244], [85.16035, 28.42251], [85.16017, 28.42252], [85.15999, 28.42245], [85.15987, 28.42238], [85.15974, 28.42233], [85.15959, 28.42231], [85.15946, 28.42229], [85.15928, 28.42225], [85.15912, 28.42223], [85.15895, 28.4222], [85.15883, 28.4222], [85.15875, 28.42226], [85.15866, 28.42234], [85.15855, 28.42242], [85.15838, 28.42244], [85.15823, 28.42241], [85.15815, 28.42229], [85.15807, 28.42221], [85.15801, 28.42213], [85.15793, 28.42205], [85.15781, 28.42197], [85.1577, 28.42188], [85.15761, 28.42183], [85.15749, 28.42178], [85.15732, 28.42168], [85.15721, 28.42159], [85.15712, 28.42151], [85.15704, 28.42142], [85.15696, 28.42132], [85.15687, 28.42119], [85.15682, 28.42109], [85.15676, 28.42098], [85.15668, 28.42089], [85.15654, 28.42078], [85.15642, 28.42069], [85.15631, 28.42061], [85.1562, 28.42053], [85.15609, 28.42044], [85.15597, 28.42037], [85.15587, 28.42032], [85.1558, 28.42029], [85.15571, 28.42026], [85.15558, 28.42021], [85.15544, 28.42009], [85.15536, 28.41994], [85.15535, 28.41984], [85.15534, 28.41967], [85.1553, 28.41958], [85.15522, 28.41955], [85.15513, 28.41957], [85.15508, 28.41966], [85.15498, 28.41971], [85.15488, 28.41967], [85.15485, 28.4196], [85.15485, 28.41951], [85.15482, 28.41944], [85.15476, 28.41939], [85.15469, 28.41938], [85.15461, 28.41939], [85.15444, 28.41948], [85.15431, 28.41949], [85.15419, 28.41945], [85.15408, 28.4194], [85.15398, 28.41932], [85.15388, 28.41922], [85.15378, 28.41914], [85.15362, 28.41905], [85.15351, 28.41899], [85.15333, 28.41889], [85.15319, 28.4188], [85.15306, 28.41867], [85.15295, 28.41847], [85.15292, 28.41834], [85.15287, 28.41817], [85.15282, 28.4179], [85.1528, 28.41769], [85.15276, 28.4175], [85.15266, 28.4173], [85.15246, 28.41705], [85.15237, 28.41691], [85.15232, 28.41682], [85.15223, 28.4167], [85.15213, 28.41658], [85.15208, 28.4165], [85.15205, 28.41635], [85.15206, 28.41617], [85.15206, 28.41602], [85.15206, 28.41582], [85.15198, 28.41557], [85.15194, 28.41541], [85.15189, 28.41525], [85.15186, 28.41505], [85.15187, 28.41482], [85.15189, 28.4147], [85.15197, 28.41454], [85.15205, 28.41441], [85.15218, 28.41424], [85.1524, 28.41405], [85.15266, 28.41396], [85.1529, 28.41385], [85.15308, 28.41371], [85.15319, 28.41356], [85.15326, 28.41344], [85.1533, 28.41325], [85.15332, 28.41287], [85.15335, 28.41254], [85.1534, 28.41231], [85.15352, 28.4121], [85.15367, 28.41192], [85.15386, 28.41181], [85.15406, 28.4117], [85.15442, 28.4115], [85.15469, 28.41132], [85.15492, 28.41106], [85.15515, 28.41081], [85.15537, 28.41049], [85.1555, 28.41032], [85.15562, 28.41019], [85.15572, 28.40987], [85.15572, 28.40957], [85.15561, 28.40914], [85.15539, 28.40872], [85.15517, 28.4084], [85.15483, 28.40811], [85.15442, 28.40789], [85.15414, 28.40771], [85.15385, 28.40751], [85.15345, 28.40731], [85.15303, 28.40701], [85.15269, 28.40677], [85.15235, 28.40659], [85.15206, 28.40643], [85.1518, 28.40637], [85.15151, 28.40648], [85.15136, 28.40677], [85.15128, 28.40702], [85.15111, 28.40732], [85.15076, 28.40729], [85.15046, 28.40702], [85.15027, 28.40671], [85.1502, 28.40626], [85.1502, 28.40559], [85.14997, 28.40501], [85.14986, 28.40463], [85.14972, 28.40425], [85.14956, 28.4039], [85.14912, 28.40353], [85.1487, 28.40329], [85.14833, 28.40311], [85.14806, 28.4031], [85.14897, 28.39991], [85.1486, 28.39797]]]}}, {"type": "Feature", "properties": {"km2": 0.127, "name": null, "near_source_5km": false}, "geometry": {"type": "Polygon", "coordinates": [[[85.05017, 28.38312], [85.04978, 28.38302], [85.04961, 28.38289], [85.04952, 28.38269], [85.04954, 28.38221], [85.04963, 28.38204], [85.05, 28.38155], [85.05033, 28.38128], [85.05076, 28.38112], [85.05131, 28.38097], [85.05169, 28.38085], [85.0523, 28.38088], [85.05259, 28.381], [85.05267, 28.38121], [85.05267, 28.38147], [85.05258, 28.38191], [85.05239, 28.38245], [85.05243, 28.38284], [85.05244, 28.3833], [85.05247, 28.38406], [85.05255, 28.3846], [85.0526, 28.38515], [85.05273, 28.38564], [85.05284, 28.38627], [85.05278, 28.38686], [85.05264, 28.38724], [85.05235, 28.38741], [85.05196, 28.38733], [85.0517, 28.38711], [85.05157, 28.38678], [85.05153, 28.38636], [85.0515, 28.3858], [85.05147, 28.38541], [85.05134, 28.38491], [85.05116, 28.38453], [85.05095, 28.38419], [85.05067, 28.38381], [85.0505, 28.38356], [85.05017, 28.38312]]]}}, {"type": "Feature", "properties": {"km2": 0.28, "name": null, "near_source_5km": false}, "geometry": {"type": "Polygon", "coordinates": [[[85.04404, 28.3851], [85.04339, 28.38524], [85.04301, 28.38548], [85.04285, 28.38578], [85.04281, 28.38621], [85.04295, 28.38678], [85.04318, 28.3873], [85.04336, 28.38792], [85.04343, 28.38837], [85.04336, 28.38884], [85.04295, 28.38924], [85.04233, 28.38961], [85.04194, 28.38958], [85.04168, 28.38928], [85.04164, 28.38879], [85.04166, 28.3884], [85.04155, 28.38778], [85.04144, 28.3873], [85.04144, 28.38633], [85.04152, 28.38572], [85.0418, 28.38511], [85.04218, 28.38459], [85.04258, 28.38408], [85.0434, 28.38331], [85.04392, 28.38304], [85.04461, 28.38268], [85.04557, 28.38229], [85.0464, 28.38217], [85.04681, 28.38218], [85.04739, 28.38232], [85.04779, 28.38259], [85.04804, 28.38289], [85.04827, 28.38329], [85.04833, 28.38373], [85.04831, 28.38425], [85.04825, 28.38465], [85.04813, 28.38522], [85.04801, 28.38565], [85.04801, 28.38614], [85.04815, 28.38655], [85.04838, 28.38697], [85.04845, 28.38731], [85.04819, 28.38763], [85.04786, 28.38764], [85.04738, 28.38749], [85.04694, 28.38729], [85.04657, 28.38708], [85.04634, 28.38685], [85.04614, 28.38652], [85.04606, 28.38624], [85.04592, 28.38576], [85.0457, 28.38544], [85.04542, 28.38521], [85.04499, 28.38507], [85.04476, 28.38503], [85.04404, 28.3851]]]}}, {"type": "Feature", "properties": {"km2": 0.024, "name": null, "near_source_5km": false}, "geometry": {"type": "Polygon", "coordinates": [[[85.02537, 28.3904], [85.02536, 28.39069], [85.02536, 28.3909], [85.02541, 28.39111], [85.02551, 28.39133], [85.02555, 28.39153], [85.02554, 28.39169], [85.02548, 28.39179], [85.0253, 28.39186], [85.02517, 28.39184], [85.02508, 28.39177], [85.02497, 28.39164], [85.02488, 28.39149], [85.02484, 28.39123], [85.02473, 28.39097], [85.02463, 28.39083], [85.02446, 28.39077], [85.0243, 28.39077], [85.02408, 28.39083], [85.0239, 28.39085], [85.02361, 28.3908], [85.02353, 28.3907], [85.02358, 28.3905], [85.02367, 28.39036], [85.02384, 28.39023], [85.02411, 28.39008], [85.02443, 28.38983], [85.0246, 28.38972], [85.02477, 28.38967], [85.02492, 28.38965], [85.02503, 28.38966], [85.02532, 28.38984], [85.02544, 28.39002], [85.02542, 28.39018], [85.02537, 28.3904]]]}}, {"type": "Feature", "properties": {"km2": 0.293, "name": null, "near_source_5km": false}, "geometry": {"type": "Polygon", "coordinates": [[[85.03405, 28.38803], [85.0346, 28.38766], [85.03478, 28.38746], [85.035, 28.38724], [85.0352, 28.38712], [85.03535, 28.38702], [85.0357, 28.38694], [85.0359, 28.38689], [85.03622, 28.38681], [85.03661, 28.38666], [85.03694, 28.38642], [85.03746, 28.38611], [85.03819, 28.38585], [85.03839, 28.3858], [85.03883, 28.38577], [85.03916, 28.38579], [85.03958, 28.38592], [85.0399, 28.38609], [85.04023, 28.38639], [85.04038, 28.38666], [85.04046, 28.38714], [85.04036, 28.38772], [85.0403, 28.38802], [85.04016, 28.3883], [85.0399, 28.38875], [85.0397, 28.38913], [85.03953, 28.38948], [85.03937, 28.38974], [85.03907, 28.38998], [85.0387, 28.39013], [85.03843, 28.39033], [85.03835, 28.39045], [85.03824, 28.39061], [85.03808, 28.39092], [85.03799, 28.39147], [85.0379, 28.39158], [85.03755, 28.39157], [85.03734, 28.39154], [85.0371, 28.39144], [85.03677, 28.39129], [85.03637, 28.39107], [85.03617, 28.39099], [85.03595, 28.39087], [85.03567, 28.39073], [85.03534, 28.39058], [85.03511, 28.3905], [85.03491, 28.39048], [85.03476, 28.39052], [85.03466, 28.39067], [85.03466, 28.39093], [85.03477, 28.39124], [85.03485, 28.39141], [85.03479, 28.39154], [85.03457, 28.39156], [85.03425, 28.39144], [85.03399, 28.39115], [85.03384, 28.39097], [85.03367, 28.39067], [85.03354, 28.39038], [85.0335, 28.39015], [85.03347, 28.38985], [85.03347, 28.38965], [85.03348, 28.38944], [85.03354, 28.38919], [85.03365, 28.3887], [85.0338, 28.38836], [85.03405, 28.38803]]]}}, {"type": "Feature", "properties": {"km2": 1.052, "name": null, "near_source_5km": false}, "geometry": {"type": "Polygon", "coordinates": [[[85.1293, 28.39173], [85.12967, 28.39192], [85.13007, 28.39208], [85.13073, 28.39222], [85.13145, 28.39223], [85.13192, 28.392], [85.13247, 28.39187], [85.13293, 28.39188], [85.13332, 28.392], [85.13367, 28.39226], [85.13411, 28.39245], [85.13458, 28.39267], [85.13557, 28.39312], [85.13659, 28.39358], [85.13725, 28.39386], [85.13825, 28.39428], [85.13924, 28.39454], [85.14036, 28.39494], [85.14159, 28.39538], [85.14259, 28.3958], [85.1431, 28.39603], [85.14391, 28.39636], [85.14451, 28.39668], [85.14484, 28.397], [85.14502, 28.39757], [85.14522, 28.398], [85.14518, 28.39827], [85.14477, 28.39847], [85.1444, 28.39854], [85.14399, 28.39868], [85.14358, 28.39902], [85.14329, 28.39924], [85.14283, 28.39944], [85.1424, 28.39962], [85.14193, 28.39977], [85.14136, 28.39998], [85.14086, 28.40019], [85.14009, 28.40005], [85.13957, 28.39988], [85.13881, 28.39979], [85.13828, 28.39976], [85.13781, 28.39956], [85.13759, 28.3993], [85.13734, 28.39896], [85.13681, 28.39868], [85.1363, 28.39855], [85.13561, 28.39855], [85.13462, 28.39865], [85.13361, 28.39865], [85.13312, 28.39847], [85.13264, 28.3982], [85.13226, 28.39793], [85.13163, 28.39748], [85.13096, 28.39737], [85.13003, 28.39737], [85.12926, 28.39737], [85.1283, 28.39732], [85.1278, 28.39721], [85.12748, 28.39704], [85.12691, 28.39684], [85.12647, 28.39679], [85.12585, 28.39687], [85.12549, 28.39704], [85.1251, 28.3969], [85.12482, 28.39663], [85.12499, 28.39621], [85.12507, 28.3958], [85.12535, 28.39536], [85.12565, 28.39487], [85.12593, 28.39393], [85.12606, 28.39323], [85.12634, 28.39268], [85.12722, 28.39187], [85.12754, 28.39166], [85.12791, 28.39149], [85.12838, 28.39151], [85.1293, 28.39173]]]}}, {"type": "Feature", "properties": {"km2": 0.25, "name": null, "near_source_5km": false}, "geometry": {"type": "Polygon", "coordinates": [[[85.17295, 28.39894], [85.17278, 28.39881], [85.17252, 28.3986], [85.17234, 28.39849], [85.17212, 28.39836], [85.17191, 28.39826], [85.17173, 28.39818], [85.17154, 28.39809], [85.17142, 28.39805], [85.17134, 28.3978], [85.1713, 28.39765], [85.17133, 28.39749], [85.17138, 28.39732], [85.17153, 28.39712], [85.17181, 28.39691], [85.17247, 28.39671], [85.17286, 28.39669], [85.17312, 28.39674], [85.17342, 28.39687], [85.17367, 28.39703], [85.17396, 28.39725], [85.17452, 28.3976], [85.17497, 28.39778], [85.17529, 28.39798], [85.17585, 28.39824], [85.17652, 28.39835], [85.17699, 28.39834], [85.17762, 28.39835], [85.17802, 28.39849], [85.17829, 28.39863], [85.17841, 28.39872], [85.17847, 28.39888], [85.17843, 28.39921], [85.17837, 28.39944], [85.17826, 28.39967], [85.17818, 28.39996], [85.17816, 28.4002], [85.17811, 28.40051], [85.17804, 28.40069], [85.1779, 28.40103], [85.17781, 28.40121], [85.17773, 28.40139], [85.17768, 28.40153], [85.17772, 28.40166], [85.17785, 28.40182], [85.17795, 28.40194], [85.17801, 28.40204], [85.17805, 28.4022], [85.17799, 28.40239], [85.17787, 28.40249], [85.17765, 28.40256], [85.17743, 28.40249], [85.17718, 28.40235], [85.17697, 28.4023], [85.17682, 28.40232], [85.17662, 28.40246], [85.1765, 28.40263], [85.17635, 28.40286], [85.17621, 28.40299], [85.17595, 28.40306], [85.17573, 28.40304], [85.17549, 28.40296], [85.17521, 28.40275], [85.17504, 28.40265], [85.17493, 28.4025], [85.17489, 28.40232], [85.17494, 28.40216], [85.17494, 28.40202], [85.17486, 28.40188], [85.17478, 28.40176], [85.17468, 28.40167], [85.17458, 28.40153], [85.17442, 28.40136], [85.17429, 28.40121], [85.17403, 28.40108], [85.17391, 28.40106], [85.17382, 28.40101], [85.17377, 28.40084], [85.1738, 28.40066], [85.17384, 28.40049], [85.17384, 28.40026], [85.17379, 28.40005], [85.1737, 28.39986], [85.17366, 28.39973], [85.17352, 28.39946], [85.17342, 28.39937], [85.17332, 28.39921], [85.1732, 28.39906], [85.17295, 28.39894]]]}}, {"type": "Feature", "properties": {"km2": 0.96, "name": "Rama Glacier", "near_source_5km": false}, "geometry": {"type": "Polygon", "coordinates": [[[85.18454, 28.41093], [85.18442, 28.41117], [85.18428, 28.41147], [85.18421, 28.41167], [85.18407, 28.412], [85.18392, 28.41227], [85.18378, 28.41261], [85.1837, 28.41293], [85.18369, 28.41317], [85.18361, 28.41372], [85.18361, 28.41405], [85.18364, 28.41436], [85.18371, 28.41461], [85.1839, 28.41498], [85.18401, 28.4153], [85.18414, 28.41572], [85.18427, 28.41608], [85.18437, 28.41636], [85.18447, 28.41659], [85.1846, 28.4169], [85.18466, 28.41709], [85.18471, 28.41732], [85.18475, 28.41754], [85.18474, 28.41774], [85.18468, 28.41792], [85.18462, 28.41809], [85.1846, 28.41833], [85.18457, 28.41855], [85.18456, 28.41871], [85.18452, 28.41891], [85.18438, 28.41907], [85.184, 28.41923], [85.1837, 28.41922], [85.18352, 28.41915], [85.18339, 28.41906], [85.18327, 28.41893], [85.1832, 28.41885], [85.18307, 28.41878], [85.18295, 28.41877], [85.18281, 28.41883], [85.18267, 28.4189], [85.18244, 28.41892], [85.18223, 28.4189], [85.18202, 28.4188], [85.18188, 28.41873], [85.1818, 28.41865], [85.1817, 28.41861], [85.18159, 28.41858], [85.18138, 28.4185], [85.1812, 28.41841], [85.18105, 28.4183], [85.18094, 28.41815], [85.18082, 28.41795], [85.1807, 28.41775], [85.18057, 28.41762], [85.18035, 28.41747], [85.18012, 28.41729], [85.17995, 28.4172], [85.17979, 28.41706], [85.17963, 28.4169], [85.17942, 28.41672], [85.17927, 28.41654], [85.17912, 28.41635], [85.17902, 28.41619], [85.17887, 28.4159], [85.17877, 28.41569], [85.17866, 28.41547], [85.17863, 28.41528], [85.17861, 28.41508], [85.17857, 28.41488], [85.17851, 28.41462], [85.17848, 28.41443], [85.17836, 28.41414], [85.17828, 28.414], [85.17814, 28.41377], [85.17811, 28.41348], [85.17807, 28.41329], [85.17802, 28.41316], [85.17793, 28.41296], [85.17781, 28.41271], [85.17775, 28.41261], [85.17766, 28.41254], [85.17757, 28.41248], [85.17746, 28.41237], [85.17737, 28.41224], [85.17726, 28.41209], [85.17709, 28.41187], [85.17694, 28.41163], [85.17672, 28.41133], [85.17662, 28.41108], [85.17664, 28.41084], [85.17673, 28.41058], [85.17687, 28.41035], [85.17706, 28.41015], [85.17726, 28.41008], [85.1775, 28.41006], [85.1778, 28.4101], [85.17803, 28.41016], [85.17825, 28.41027], [85.17834, 28.41037], [85.17862, 28.41063], [85.17879, 28.41084], [85.17892, 28.41098], [85.17906, 28.41114], [85.17921, 28.41127], [85.17942, 28.41137], [85.1796, 28.41146], [85.17978, 28.41158], [85.18, 28.4117], [85.18016, 28.41182], [85.18031, 28.4119], [85.18047, 28.41196], [85.18059, 28.41195], [85.18066, 28.41188], [85.18064, 28.41176], [85.18054, 28.41163], [85.18047, 28.41157], [85.18043, 28.41151], [85.18041, 28.41137], [85.1804, 28.41117], [85.18039, 28.41096], [85.1804, 28.41078], [85.1804, 28.41059], [85.18042, 28.41036], [85.18042, 28.41015], [85.18047, 28.40991], [85.18051, 28.40976], [85.18058, 28.40951], [85.18062, 28.40936], [85.18064, 28.40921], [85.18068, 28.40896], [85.1807, 28.40877], [85.18069, 28.40858], [85.18069, 28.40842], [85.18072, 28.40823], [85.18077, 28.40804], [85.18089, 28.40779], [85.18096, 28.40764], [85.18108, 28.40737], [85.18118, 28.40722], [85.18127, 28.40705], [85.1813, 28.40686], [85.18135, 28.40659], [85.18135, 28.40638], [85.18129, 28.40616], [85.1812, 28.40602], [85.18107, 28.40584], [85.18096, 28.40566], [85.18087, 28.40534], [85.1808, 28.4051], [85.18073, 28.40479], [85.18067, 28.40445], [85.18064, 28.40416], [85.18063, 28.40385], [85.18058, 28.40362], [85.18049, 28.40348], [85.18037, 28.40341], [85.1803, 28.40337], [85.18018, 28.40333], [85.18003, 28.4033], [85.17995, 28.40324], [85.17986, 28.40307], [85.17976, 28.40279], [85.17966, 28.40246], [85.17961, 28.4022], [85.17956, 28.40204], [85.17945, 28.40184], [85.17939, 28.40158], [85.17919, 28.40147], [85.17906, 28.40139], [85.17884, 28.40131], [85.17875, 28.40126], [85.17855, 28.40108], [85.17839, 28.40092], [85.17833, 28.40073], [85.17835, 28.40048], [85.17841, 28.40014], [85.17857, 28.3998], [85.17868, 28.39963], [85.1789, 28.39935], [85.17903, 28.39932], [85.17932, 28.39935], [85.17954, 28.39945], [85.18019, 28.39953], [85.18041, 28.39951], [85.18069, 28.39947], [85.18097, 28.39948], [85.18118, 28.39959], [85.18127, 28.39979], [85.18129, 28.40001], [85.1814, 28.40021], [85.18162, 28.40032], [85.18203, 28.40031], [85.18228, 28.40014], [85.18256, 28.39981], [85.18285, 28.39965], [85.18312, 28.39962], [85.18333, 28.39963], [85.18358, 28.39969], [85.18374, 28.39977], [85.18387, 28.39986], [85.18402, 28.39999], [85.18407, 28.40015], [85.18409, 28.40037], [85.18422, 28.40078], [85.18433, 28.40101], [85.18438, 28.40118], [85.18452, 28.40144], [85.18452, 28.40161], [85.18443, 28.40185], [85.18431, 28.40198], [85.1842, 28.4021], [85.1842, 28.40229], [85.18422, 28.40246], [85.1843, 28.40267], [85.1844, 28.40282], [85.18442, 28.40302], [85.18437, 28.40325], [85.18428, 28.40351], [85.1842, 28.40376], [85.18417, 28.40395], [85.18413, 28.40415], [85.18413, 28.40441], [85.18413, 28.40485], [85.18416, 28.40502], [85.18424, 28.40527], [85.18434, 28.40559], [85.18436, 28.40571], [85.18435, 28.40591], [85.18432, 28.40615], [85.18428, 28.40636], [85.1842, 28.40666], [85.18418, 28.40685], [85.18408, 28.40712], [85.184, 28.40729], [85.18394, 28.40749], [85.18394, 28.40773], [85.18393, 28.40802], [85.18393, 28.40835], [85.18399, 28.40881], [85.18409, 28.40913], [85.18417, 28.40926], [85.18429, 28.40941], [85.18439, 28.40959], [85.18449, 28.40973], [85.1846, 28.41005], [85.18461, 28.41035], [85.18459, 28.41064], [85.18454, 28.41093]]]}}, {"type": "Feature", "properties": {"km2": 0.031, "name": null, "near_source_5km": false}, "geometry": {"type": "Polygon", "coordinates": [[[85.07582, 28.36274], [85.07566, 28.36251], [85.07551, 28.36219], [85.07535, 28.36187], [85.07527, 28.36174], [85.07524, 28.36159], [85.07531, 28.36144], [85.07548, 28.36136], [85.07567, 28.36137], [85.0759, 28.36142], [85.07618, 28.36149], [85.07644, 28.36167], [85.0766, 28.36189], [85.07674, 28.36208], [85.07691, 28.36237], [85.07701, 28.3626], [85.07713, 28.36285], [85.0772, 28.36306], [85.07727, 28.36323], [85.07734, 28.36343], [85.07736, 28.36353], [85.07737, 28.36373], [85.0774, 28.36388], [85.07744, 28.36406], [85.07747, 28.36418], [85.07737, 28.36433], [85.07722, 28.36429], [85.07707, 28.36417], [85.07693, 28.36395], [85.07673, 28.3637], [85.07654, 28.36353], [85.07635, 28.36331], [85.07613, 28.36309], [85.07591, 28.36283], [85.07582, 28.36274]]]}}, {"type": "Feature", "properties": {"km2": 0.014, "name": null, "near_source_5km": false}, "geometry": {"type": "Polygon", "coordinates": [[[85.07837, 28.36316], [85.07832, 28.36335], [85.07825, 28.36344], [85.07813, 28.36351], [85.07795, 28.36353], [85.07777, 28.36333], [85.07771, 28.36303], [85.07769, 28.3628], [85.07766, 28.36255], [85.07765, 28.36216], [85.07762, 28.36191], [85.07764, 28.36165], [85.07772, 28.36144], [85.07784, 28.36138], [85.07801, 28.36144], [85.07814, 28.36154], [85.07817, 28.36167], [85.07825, 28.36198], [85.07831, 28.36228], [85.07836, 28.36259], [85.07838, 28.36279], [85.07837, 28.36316]]]}}, {"type": "Feature", "properties": {"km2": 0.044, "name": null, "near_source_5km": false}, "geometry": {"type": "Polygon", "coordinates": [[[85.07345, 28.3672], [85.07332, 28.36695], [85.07336, 28.36665], [85.07349, 28.36641], [85.07367, 28.36633], [85.07397, 28.36638], [85.07433, 28.36646], [85.07477, 28.36672], [85.07493, 28.367], [85.07495, 28.3674], [85.07497, 28.36766], [85.07501, 28.36794], [85.07518, 28.36818], [85.07529, 28.3684], [85.07536, 28.36868], [85.07534, 28.3689], [85.07524, 28.36914], [85.075, 28.36925], [85.07452, 28.36927], [85.07424, 28.36911], [85.07407, 28.36898], [85.07388, 28.36884], [85.07374, 28.36868], [85.07365, 28.36851], [85.0736, 28.36829], [85.07352, 28.36798], [85.0735, 28.36781], [85.07347, 28.36761], [85.07346, 28.36725], [85.07345, 28.3672]]]}}, {"type": "Feature", "properties": {"km2": 0.029, "name": null, "near_source_5km": false}, "geometry": {"type": "Polygon", "coordinates": [[[85.07252, 28.369], [85.07237, 28.36927], [85.07236, 28.36941], [85.07222, 28.36949], [85.07211, 28.3695], [85.07192, 28.36941], [85.07184, 28.36921], [85.07183, 28.36901], [85.07167, 28.36878], [85.07157, 28.3686], [85.07153, 28.36849], [85.07151, 28.36831], [85.07149, 28.3682], [85.07145, 28.36807], [85.07144, 28.3679], [85.07151, 28.36772], [85.07167, 28.36755], [85.07185, 28.36746], [85.07211, 28.36736], [85.07233, 28.36724], [85.07269, 28.36721], [85.07282, 28.36731], [85.07294, 28.36747], [85.07306, 28.36781], [85.07315, 28.36809], [85.07319, 28.36834], [85.07315, 28.36854], [85.07301, 28.36868], [85.07274, 28.36881], [85.07252, 28.369]]]}}, {"type": "Feature", "properties": {"km2": 0.05, "name": null, "near_source_5km": false}, "geometry": {"type": "Polygon", "coordinates": [[[85.07055, 28.37097], [85.07044, 28.37062], [85.07046, 28.37013], [85.07046, 28.36994], [85.07061, 28.3698], [85.07092, 28.36978], [85.07134, 28.37003], [85.07152, 28.37036], [85.0716, 28.37067], [85.07167, 28.37127], [85.07171, 28.3715], [85.0717, 28.37168], [85.07171, 28.3721], [85.07172, 28.37238], [85.07173, 28.37258], [85.07179, 28.37278], [85.07195, 28.37299], [85.07215, 28.37314], [85.07254, 28.37334], [85.0731, 28.37365], [85.07345, 28.37385], [85.07354, 28.374], [85.07355, 28.37425], [85.07345, 28.3744], [85.07308, 28.3744], [85.07284, 28.3743], [85.07243, 28.37408], [85.07188, 28.37377], [85.07151, 28.37347], [85.07116, 28.37303], [85.07108, 28.37289], [85.07094, 28.37257], [85.07077, 28.37218], [85.07067, 28.37171], [85.0706, 28.37142], [85.07055, 28.37097]]]}}, {"type": "Feature", "properties": {"km2": 0.055, "name": null, "near_source_5km": false}, "geometry": {"type": "Polygon", "coordinates": [[[85.10631, 28.35274], [85.10651, 28.35257], [85.1068, 28.35249], [85.10703, 28.35244], [85.10744, 28.35252], [85.1078, 28.35267], [85.10816, 28.35289], [85.10836, 28.35312], [85.10864, 28.35356], [85.10869, 28.35367], [85.10878, 28.35382], [85.10882, 28.35409], [85.10882, 28.35445], [85.10883, 28.35476], [85.10884, 28.35502], [85.10871, 28.35515], [85.10853, 28.35509], [85.10838, 28.35493], [85.10828, 28.35479], [85.10815, 28.35466], [85.10795, 28.35459], [85.10775, 28.35454], [85.10758, 28.35449], [85.10731, 28.35432], [85.10711, 28.35416], [85.10694, 28.35402], [85.10674, 28.35395], [85.10663, 28.35397], [85.10649, 28.35407], [85.10632, 28.35422], [85.10605, 28.35438], [85.10579, 28.35432], [85.10566, 28.35419], [85.10564, 28.35396], [85.10566, 28.35368], [85.10574, 28.35335], [85.10584, 28.35315], [85.10593, 28.35298], [85.10612, 28.35281], [85.10631, 28.35274]]]}}, {"type": "Feature", "properties": {"km2": 0.032, "name": null, "near_source_5km": false}, "geometry": {"type": "Polygon", "coordinates": [[[85.10571, 28.34893], [85.10555, 28.34863], [85.10554, 28.34843], [85.10539, 28.34815], [85.10538, 28.34801], [85.10545, 28.3478], [85.10558, 28.34767], [85.10581, 28.34763], [85.10607, 28.34773], [85.10618, 28.34793], [85.10636, 28.34826], [85.10663, 28.34856], [85.107, 28.34873], [85.10723, 28.34891], [85.10741, 28.34909], [85.10759, 28.3494], [85.10768, 28.34965], [85.10772, 28.34985], [85.10772, 28.35004], [85.10772, 28.35026], [85.10765, 28.35034], [85.10744, 28.35034], [85.10722, 28.35026], [85.10706, 28.35018], [85.10686, 28.35004], [85.10664, 28.34988], [85.10647, 28.34973], [85.10632, 28.34956], [85.10608, 28.34934], [85.1059, 28.34915], [85.10571, 28.34893]]]}}, {"type": "Feature", "properties": {"km2": 0.103, "name": null, "near_source_5km": false}, "geometry": {"type": "Polygon", "coordinates": [[[85.10104, 28.34781], [85.1009, 28.34769], [85.10077, 28.34755], [85.10068, 28.34743], [85.10064, 28.34728], [85.10064, 28.34715], [85.10069, 28.34694], [85.10084, 28.34671], [85.10101, 28.34659], [85.10132, 28.34656], [85.10192, 28.34659], [85.10221, 28.34675], [85.10243, 28.34695], [85.10285, 28.34738], [85.10316, 28.34757], [85.10389, 28.34783], [85.10413, 28.34786], [85.10441, 28.34796], [85.10458, 28.34806], [85.10475, 28.34824], [85.10488, 28.34842], [85.10501, 28.34871], [85.10513, 28.34906], [85.10518, 28.34926], [85.10537, 28.34967], [85.10553, 28.34988], [85.10568, 28.35006], [85.10583, 28.35023], [85.10593, 28.35043], [85.10599, 28.35059], [85.10596, 28.35068], [85.10582, 28.35075], [85.10559, 28.35069], [85.10525, 28.35049], [85.10507, 28.35041], [85.10489, 28.35039], [85.10475, 28.35041], [85.10436, 28.35046], [85.10406, 28.35051], [85.10364, 28.35069], [85.10329, 28.35085], [85.10307, 28.35092], [85.10274, 28.35092], [85.1026, 28.35086], [85.10258, 28.35073], [85.10264, 28.35065], [85.10272, 28.35056], [85.10296, 28.35038], [85.10318, 28.3503], [85.10346, 28.35018], [85.10372, 28.34997], [85.10387, 28.34983], [85.10393, 28.3496], [85.10398, 28.34934], [85.10394, 28.34918], [85.10386, 28.34907], [85.10367, 28.34894], [85.10343, 28.34887], [85.10319, 28.34887], [85.10299, 28.34888], [85.10281, 28.34895], [85.10254, 28.349], [85.10228, 28.34894], [85.10208, 28.34885], [85.10179, 28.34871], [85.10156, 28.34861], [85.10139, 28.34857], [85.10119, 28.34848], [85.10108, 28.34842], [85.10101, 28.34826], [85.10104, 28.34815], [85.10105, 28.34802], [85.10105, 28.3479], [85.10104, 28.34781]]]}}, {"type": "Feature", "properties": {"km2": 0.046, "name": null, "near_source_5km": false}, "geometry": {"type": "Polygon", "coordinates": [[[85.09374, 28.3461], [85.09346, 28.34594], [85.09324, 28.34583], [85.09314, 28.34572], [85.09305, 28.34557], [85.09297, 28.34525], [85.09305, 28.34509], [85.09317, 28.34501], [85.09333, 28.34499], [85.09362, 28.34494], [85.09387, 28.34492], [85.09412, 28.34493], [85.09477, 28.34507], [85.09518, 28.34513], [85.09548, 28.34513], [85.09591, 28.34514], [85.09636, 28.34511], [85.09668, 28.34507], [85.09685, 28.34507], [85.097, 28.34513], [85.09709, 28.34531], [85.09718, 28.34549], [85.09731, 28.34569], [85.09746, 28.3459], [85.09759, 28.34603], [85.09777, 28.3462], [85.09775, 28.34632], [85.0976, 28.34642], [85.09737, 28.3464], [85.09712, 28.34628], [85.09678, 28.34608], [85.09643, 28.34591], [85.09609, 28.34587], [85.09573, 28.34593], [85.09523, 28.34606], [85.09477, 28.34605], [85.09448, 28.34603], [85.09433, 28.34608], [85.09406, 28.34611], [85.09374, 28.3461]]]}}, {"type": "Feature", "properties": {"km2": 0.017, "name": null, "near_source_5km": false}, "geometry": {"type": "Polygon", "coordinates": [[[85.08964, 28.34857], [85.08954, 28.34838], [85.08952, 28.34819], [85.08953, 28.34793], [85.08956, 28.34777], [85.08963, 28.34753], [85.08971, 28.34729], [85.08985, 28.34717], [85.08998, 28.34709], [85.09022, 28.34708], [85.09038, 28.34713], [85.09051, 28.34727], [85.09052, 28.34738], [85.09058, 28.34762], [85.09062, 28.34781], [85.09062, 28.34811], [85.09052, 28.34843], [85.09037, 28.34866], [85.09016, 28.34879], [85.08997, 28.34884], [85.08979, 28.34877], [85.08964, 28.34857]]]}}, {"type": "Feature", "properties": {"km2": 0.026, "name": null, "near_source_5km": false}, "geometry": {"type": "Polygon", "coordinates": [[[85.08118, 28.34999], [85.08089, 28.34981], [85.08073, 28.34956], [85.08072, 28.34941], [85.08078, 28.34923], [85.08093, 28.34919], [85.08113, 28.34923], [85.08159, 28.34938], [85.08186, 28.3495], [85.08215, 28.34962], [85.08239, 28.34975], [85.08258, 28.34996], [85.08267, 28.35007], [85.08276, 28.35025], [85.08277, 28.35058], [85.08272, 28.35078], [85.08255, 28.35102], [85.08242, 28.35127], [85.08231, 28.35142], [85.08214, 28.35148], [85.0819, 28.3514], [85.08185, 28.35125], [85.08177, 28.3511], [85.08171, 28.35096], [85.08163, 28.35071], [85.08158, 28.35057], [85.08149, 28.35037], [85.08143, 28.35021], [85.08118, 28.34999]]]}}, {"type": "Feature", "properties": {"km2": 0.066, "name": null, "near_source_5km": false}, "geometry": {"type": "Polygon", "coordinates": [[[85.08457, 28.34731], [85.08459, 28.34698], [85.08462, 28.34657], [85.08471, 28.34633], [85.08481, 28.34613], [85.08499, 28.34609], [85.08529, 28.3461], [85.08565, 28.34616], [85.08586, 28.34616], [85.08606, 28.3462], [85.08625, 28.34627], [85.08631, 28.3464], [85.08627, 28.34653], [85.08624, 28.34671], [85.08624, 28.34703], [85.08627, 28.34719], [85.08628, 28.34736], [85.08621, 28.34748], [85.08604, 28.3476], [85.08585, 28.34772], [85.08572, 28.34787], [85.0856, 28.34796], [85.08558, 28.34811], [85.08555, 28.34831], [85.08561, 28.34849], [85.08564, 28.34869], [85.08564, 28.34897], [85.08564, 28.34913], [85.08569, 28.34936], [85.08576, 28.34964], [85.08572, 28.34982], [85.08558, 28.35004], [85.08547, 28.35018], [85.08538, 28.35035], [85.0853, 28.35048], [85.08515, 28.35062], [85.08494, 28.3507], [85.08468, 28.35064], [85.08459, 28.35057], [85.0845, 28.35044], [85.08443, 28.35018], [85.08442, 28.34998], [85.08442, 28.34973], [85.08441, 28.3495], [85.08437, 28.34919], [85.08437, 28.34897], [85.08439, 28.3487], [85.08437, 28.34832], [85.08438, 28.34814], [85.08443, 28.34783], [85.08447, 28.34757], [85.08457, 28.34731]]]}}, {"type": "Feature", "properties": {"km2": 0.021, "name": null, "near_source_5km": false}, "geometry": {"type": "Polygon", "coordinates": [[[85.07674, 28.35186], [85.07664, 28.35207], [85.07655, 28.3523], [85.07646, 28.35251], [85.07631, 28.35271], [85.07622, 28.35276], [85.07605, 28.3528], [85.07591, 28.35276], [85.07582, 28.35268], [85.07578, 28.35254], [85.07578, 28.35241], [85.07581, 28.35215], [85.07585, 28.35203], [85.07594, 28.3517], [85.07597, 28.35136], [85.07604, 28.35125], [85.07615, 28.35091], [85.0763, 28.35075], [85.07648, 28.35051], [85.0766, 28.35042], [85.07675, 28.35035], [85.07689, 28.35034], [85.07711, 28.35045], [85.07714, 28.35054], [85.07713, 28.35076], [85.07708, 28.35114], [85.07696, 28.35134], [85.07674, 28.35186]]]}}, {"type": "Feature", "properties": {"km2": 0.187, "name": null, "near_source_5km": false}, "geometry": {"type": "Polygon", "coordinates": [[[85.08047, 28.34865], [85.08049, 28.34898], [85.08047, 28.34915], [85.08044, 28.34938], [85.08044, 28.34954], [85.08042, 28.34976], [85.0804, 28.35009], [85.08038, 28.35032], [85.08044, 28.35064], [85.08045, 28.35088], [85.08044, 28.35112], [85.08037, 28.35134], [85.08023, 28.35154], [85.0801, 28.35164], [85.07989, 28.35182], [85.07974, 28.352], [85.07958, 28.35221], [85.07944, 28.35237], [85.07926, 28.35247], [85.07908, 28.35246], [85.07886, 28.3524], [85.07859, 28.35228], [85.07847, 28.35216], [85.07837, 28.35199], [85.0783, 28.35173], [85.07831, 28.35145], [85.07833, 28.35128], [85.0784, 28.35113], [85.07847, 28.35097], [85.0786, 28.35079], [85.07871, 28.35056], [85.07877, 28.35035], [85.07877, 28.35022], [85.07868, 28.35003], [85.07855, 28.34994], [85.07844, 28.3498], [85.07837, 28.34966], [85.07834, 28.34956], [85.07834, 28.34934], [85.07843, 28.34897], [85.07846, 28.3488], [85.07851, 28.34861], [85.07863, 28.34814], [85.07862, 28.34785], [85.07857, 28.34752], [85.07848, 28.34726], [85.07844, 28.34709], [85.07843, 28.34685], [85.0784, 28.34661], [85.07831, 28.34628], [85.07823, 28.34606], [85.07796, 28.34574], [85.07778, 28.34552], [85.07771, 28.34536], [85.07775, 28.34525], [85.0779, 28.34516], [85.07826, 28.34517], [85.07852, 28.34529], [85.07876, 28.34543], [85.07912, 28.34556], [85.07944, 28.34559], [85.07988, 28.34557], [85.08028, 28.34561], [85.08084, 28.34566], [85.08128, 28.34578], [85.0819, 28.34582], [85.08222, 28.34589], [85.08235, 28.34603], [85.08238, 28.34624], [85.08235, 28.34666], [85.08237, 28.34679], [85.08241, 28.34697], [85.08241, 28.34717], [85.08237, 28.34741], [85.08228, 28.34758], [85.08213, 28.34769], [85.08187, 28.34773], [85.08178, 28.34765], [85.08161, 28.34757], [85.08139, 28.34754], [85.08116, 28.34754], [85.08096, 28.34758], [85.08088, 28.34768], [85.08086, 28.34784], [85.08083, 28.34804], [85.08071, 28.34816], [85.08061, 28.34825], [85.08053, 28.34839], [85.08047, 28.34865]]]}}, {"type": "Feature", "properties": {"km2": 0.034, "name": null, "near_source_5km": false}, "geometry": {"type": "Polygon", "coordinates": [[[85.08008, 28.35343], [85.08013, 28.35324], [85.08024, 28.3531], [85.08038, 28.35293], [85.08057, 28.35274], [85.08066, 28.35258], [85.08071, 28.35234], [85.08081, 28.35202], [85.08093, 28.35181], [85.08105, 28.35176], [85.08132, 28.35176], [85.08149, 28.35184], [85.08157, 28.35197], [85.08156, 28.35212], [85.08147, 28.35235], [85.08143, 28.35258], [85.08146, 28.35276], [85.08152, 28.35285], [85.08163, 28.353], [85.08177, 28.35317], [85.08179, 28.35337], [85.08179, 28.35349], [85.08177, 28.35369], [85.08164, 28.35392], [85.08147, 28.35412], [85.08131, 28.35423], [85.08106, 28.35438], [85.08079, 28.35449], [85.08053, 28.35451], [85.08031, 28.3544], [85.08021, 28.35423], [85.08018, 28.35415], [85.08012, 28.35394], [85.08006, 28.35376], [85.08008, 28.35343]]]}}, {"type": "Feature", "properties": {"km2": 0.025, "name": null, "near_source_5km": false}, "geometry": {"type": "Polygon", "coordinates": [[[85.08298, 28.35176], [85.08312, 28.3516], [85.08336, 28.3513], [85.08344, 28.35103], [85.08353, 28.3508], [85.08368, 28.35069], [85.0839, 28.35066], [85.08408, 28.35073], [85.0842, 28.35087], [85.0842, 28.35108], [85.08418, 28.35134], [85.08415, 28.35144], [85.08405, 28.35175], [85.08392, 28.35189], [85.08385, 28.35198], [85.08378, 28.35211], [85.08378, 28.35227], [85.08387, 28.35247], [85.08396, 28.35262], [85.084, 28.35278], [85.084, 28.353], [85.08391, 28.35322], [85.08367, 28.35334], [85.08356, 28.35335], [85.08342, 28.35329], [85.08327, 28.35319], [85.08321, 28.35309], [85.08314, 28.35302], [85.08304, 28.35289], [85.08295, 28.35277], [85.08287, 28.35263], [85.08279, 28.35248], [85.08279, 28.35228], [85.08285, 28.35209], [85.08298, 28.35176]]]}}, {"type": "Feature", "properties": {"km2": 0.072, "name": null, "near_source_5km": false}, "geometry": {"type": "Polygon", "coordinates": [[[85.08025, 28.35696], [85.08027, 28.35671], [85.08031, 28.35643], [85.08034, 28.35609], [85.08039, 28.35586], [85.08047, 28.35564], [85.08064, 28.35543], [85.08089, 28.35529], [85.08109, 28.35529], [85.08139, 28.35526], [85.08156, 28.35527], [85.08176, 28.35542], [85.08185, 28.35562], [85.0819, 28.35589], [85.08191, 28.35622], [85.08193, 28.35643], [85.08187, 28.35688], [85.08176, 28.35727], [85.0816, 28.3575], [85.08142, 28.35778], [85.08132, 28.35796], [85.08121, 28.35824], [85.08119, 28.35844], [85.08119, 28.35869], [85.08119, 28.35887], [85.08118, 28.35912], [85.08118, 28.35948], [85.08118, 28.35975], [85.0812, 28.36003], [85.08117, 28.36021], [85.08114, 28.36042], [85.08114, 28.36055], [85.08116, 28.36076], [85.0811, 28.36085], [85.08093, 28.36098], [85.08074, 28.36095], [85.08056, 28.36091], [85.08043, 28.36084], [85.08034, 28.36065], [85.08025, 28.36037], [85.08017, 28.36013], [85.08016, 28.35998], [85.08017, 28.35966], [85.08018, 28.3594], [85.08022, 28.359], [85.08023, 28.3587], [85.08024, 28.35848], [85.08026, 28.35813], [85.08024, 28.35768], [85.08024, 28.35742], [85.08025, 28.35696]]]}}, {"type": "Feature", "properties": {"km2": 0.1, "name": null, "near_source_5km": false}, "geometry": {"type": "Polygon", "coordinates": [[[85.08446, 28.35535], [85.08456, 28.35553], [85.08473, 28.35579], [85.08487, 28.356], [85.08495, 28.35621], [85.08496, 28.35641], [85.08496, 28.35668], [85.08489, 28.35695], [85.08489, 28.35717], [85.08492, 28.35736], [85.08501, 28.3576], [85.08517, 28.35779], [85.08532, 28.35796], [85.08544, 28.35812], [85.08557, 28.35832], [85.08562, 28.3585], [85.08562, 28.35868], [85.08557, 28.35887], [85.08544, 28.35899], [85.0853, 28.35904], [85.08513, 28.3591], [85.08495, 28.3593], [85.0848, 28.35947], [85.08472, 28.35957], [85.08456, 28.3596], [85.08447, 28.35943], [85.08448, 28.35928], [85.08448, 28.35914], [85.08445, 28.35887], [85.0843, 28.35878], [85.08401, 28.35878], [85.0838, 28.35878], [85.08366, 28.35872], [85.08347, 28.35862], [85.08346, 28.35847], [85.08346, 28.35835], [85.0834, 28.35823], [85.08326, 28.35811], [85.08315, 28.35802], [85.08295, 28.35791], [85.08287, 28.35787], [85.08274, 28.35781], [85.08259, 28.35773], [85.08242, 28.35758], [85.08228, 28.35741], [85.08226, 28.35725], [85.08232, 28.35703], [85.08237, 28.3568], [85.08241, 28.35652], [85.08251, 28.35624], [85.08259, 28.35609], [85.08286, 28.35587], [85.08296, 28.35577], [85.08301, 28.35567], [85.08305, 28.35551], [85.08305, 28.35534], [85.08307, 28.35519], [85.08308, 28.35497], [85.0831, 28.35487], [85.08316, 28.35475], [85.08327, 28.35464], [85.08348, 28.35462], [85.08388, 28.35465], [85.08418, 28.35471], [85.08432, 28.35487], [85.08443, 28.35509], [85.08446, 28.35535]]]}}, {"type": "Feature", "properties": {"km2": 0.216, "name": null, "near_source_5km": false}, "geometry": {"type": "Polygon", "coordinates": [[[85.08908, 28.35797], [85.08904, 28.35822], [85.08895, 28.35873], [85.08892, 28.35897], [85.08893, 28.35929], [85.08893, 28.35947], [85.08882, 28.35964], [85.0887, 28.35977], [85.0886, 28.35987], [85.08842, 28.35993], [85.08824, 28.35997], [85.08811, 28.35995], [85.08808, 28.35988], [85.08807, 28.35976], [85.08807, 28.3596], [85.08802, 28.35953], [85.08785, 28.35945], [85.08775, 28.35942], [85.08764, 28.35938], [85.08746, 28.35926], [85.08729, 28.35918], [85.08719, 28.35909], [85.08709, 28.35903], [85.08687, 28.35885], [85.08662, 28.3587], [85.08651, 28.35861], [85.08643, 28.35844], [85.08625, 28.35817], [85.08611, 28.3578], [85.08601, 28.35763], [85.08586, 28.35741], [85.08574, 28.35729], [85.08569, 28.35707], [85.08568, 28.35689], [85.08568, 28.35676], [85.08569, 28.35659], [85.08571, 28.35642], [85.0857, 28.35618], [85.0856, 28.35588], [85.08558, 28.35582], [85.08547, 28.35555], [85.08535, 28.35527], [85.08529, 28.35512], [85.08522, 28.3549], [85.08516, 28.35463], [85.08512, 28.35422], [85.08507, 28.35398], [85.08505, 28.35381], [85.08502, 28.35359], [85.085, 28.35339], [85.08496, 28.35314], [85.08494, 28.3529], [85.08491, 28.35262], [85.08492, 28.35222], [85.08492, 28.35202], [85.08497, 28.35178], [85.08505, 28.35153], [85.08512, 28.35136], [85.08516, 28.35123], [85.08527, 28.35102], [85.08542, 28.35081], [85.08556, 28.35066], [85.0857, 28.3506], [85.08588, 28.35053], [85.08604, 28.35052], [85.08622, 28.35054], [85.08636, 28.35061], [85.08662, 28.35076], [85.08686, 28.35091], [85.08701, 28.35103], [85.0872, 28.35116], [85.08738, 28.35132], [85.08758, 28.35149], [85.08767, 28.35164], [85.08773, 28.35184], [85.08776, 28.35212], [85.08776, 28.3524], [85.08776, 28.35263], [85.08774, 28.35284], [85.08773, 28.35304], [85.08771, 28.35323], [85.08771, 28.35332], [85.08771, 28.35344], [85.08772, 28.35358], [85.08774, 28.35376], [85.08778, 28.35398], [85.08778, 28.35409], [85.08773, 28.35416], [85.08764, 28.35424], [85.08758, 28.35432], [85.08751, 28.3544], [85.08741, 28.35445], [85.0872, 28.35451], [85.08703, 28.35449], [85.08693, 28.35441], [85.08688, 28.35428], [85.08687, 28.35415], [85.08691, 28.35399], [85.08699, 28.35387], [85.08707, 28.35369], [85.08707, 28.35355], [85.08704, 28.35343], [85.087, 28.35336], [85.08689, 28.3533], [85.08667, 28.35327], [85.08654, 28.35332], [85.08639, 28.35341], [85.08631, 28.35354], [85.08624, 28.3537], [85.08622, 28.35397], [85.08622, 28.35415], [85.08629, 28.35442], [85.08633, 28.35452], [85.08641, 28.35474], [85.08641, 28.35501], [85.0864, 28.35516], [85.0864, 28.35551], [85.08639, 28.35576], [85.08646, 28.35603], [85.08657, 28.35625], [85.08669, 28.35643], [85.08683, 28.35658], [85.08703, 28.35666], [85.08716, 28.35662], [85.08726, 28.35653], [85.08735, 28.35638], [85.08745, 28.35625], [85.08757, 28.35606], [85.08764, 28.35592], [85.08771, 28.35579], [85.08786, 28.35562], [85.08796, 28.35553], [85.08807, 28.35549], [85.08819, 28.35548], [85.08834, 28.35549], [85.08851, 28.35558], [85.08864, 28.3557], [85.08871, 28.35582], [85.08873, 28.35592], [85.08874, 28.35608], [85.08869, 28.35633], [85.08866, 28.35656], [85.0886, 28.35675], [85.08857, 28.35694], [85.08861, 28.35717], [85.08868, 28.35734], [85.08879, 28.35749], [85.08893, 28.3577], [85.08899, 28.35779], [85.08908, 28.35797]]]}}, {"type": "Feature", "properties": {"km2": 0.027, "name": null, "near_source_5km": false}, "geometry": {"type": "Polygon", "coordinates": [[[85.10691, 28.39966], [85.10646, 28.39944], [85.1063, 28.39924], [85.1062, 28.39907], [85.10617, 28.39876], [85.10622, 28.39848], [85.10646, 28.39825], [85.10672, 28.39817], [85.10719, 28.39817], [85.10765, 28.39825], [85.10799, 28.39854], [85.10804, 28.39874], [85.10806, 28.39907], [85.10802, 28.3994], [85.10785, 28.39967], [85.10759, 28.39975], [85.10731, 28.39973], [85.10691, 28.39966]]]}}, {"type": "Feature", "properties": {"km2": 0.499, "name": null, "near_source_5km": false}, "geometry": {"type": "Polygon", "coordinates": [[[85.10939, 28.39135], [85.11015, 28.39156], [85.11068, 28.39181], [85.11118, 28.39199], [85.1118, 28.39212], [85.1123, 28.39227], [85.11277, 28.39237], [85.11304, 28.39251], [85.11334, 28.39272], [85.1138, 28.393], [85.11438, 28.39326], [85.11491, 28.39339], [85.11557, 28.39362], [85.11626, 28.39397], [85.11656, 28.39415], [85.11685, 28.39445], [85.11681, 28.39477], [85.11653, 28.39509], [85.11626, 28.39531], [85.1155, 28.39548], [85.11483, 28.39526], [85.11406, 28.39497], [85.11344, 28.39472], [85.11278, 28.3945], [85.11233, 28.39436], [85.11181, 28.39419], [85.11128, 28.39409], [85.11083, 28.39401], [85.11044, 28.39402], [85.10994, 28.39403], [85.10951, 28.39392], [85.10915, 28.39367], [85.10868, 28.39346], [85.10827, 28.39335], [85.10769, 28.3934], [85.10729, 28.39358], [85.10674, 28.39374], [85.10621, 28.39375], [85.10563, 28.3938], [85.10532, 28.39394], [85.10496, 28.39403], [85.10458, 28.39407], [85.10399, 28.39405], [85.10353, 28.39401], [85.10303, 28.39396], [85.10238, 28.39395], [85.10188, 28.39402], [85.10154, 28.39403], [85.10115, 28.39403], [85.10091, 28.39402], [85.10061, 28.39395], [85.1003, 28.39384], [85.10019, 28.39354], [85.10025, 28.39332], [85.10037, 28.39312], [85.10051, 28.39291], [85.10063, 28.39281], [85.10089, 28.39272], [85.10115, 28.3927], [85.10149, 28.39265], [85.10169, 28.3926], [85.10191, 28.39241], [85.10202, 28.39225], [85.10208, 28.39211], [85.10198, 28.39198], [85.10176, 28.39191], [85.1015, 28.39191], [85.10117, 28.39192], [85.10093, 28.39188], [85.10086, 28.39177], [85.10083, 28.3914], [85.10088, 28.39121], [85.1011, 28.39088], [85.10137, 28.39049], [85.10164, 28.39019], [85.10186, 28.38983], [85.10217, 28.38944], [85.1025, 28.38926], [85.10287, 28.3892], [85.10332, 28.38922], [85.10371, 28.38924], [85.10424, 28.38931], [85.10456, 28.38944], [85.10504, 28.38964], [85.10554, 28.38985], [85.10599, 28.39004], [85.1067, 28.39028], [85.10695, 28.39044], [85.10737, 28.39073], [85.10768, 28.39096], [85.10807, 28.3911], [85.1085, 28.39115], [85.10871, 28.39122], [85.10939, 28.39135]]]}}, {"type": "Feature", "properties": {"km2": 0.343, "name": null, "near_source_5km": false}, "geometry": {"type": "Polygon", "coordinates": [[[85.10459, 28.37999], [85.10542, 28.38016], [85.1064, 28.38018], [85.10735, 28.38005], [85.10799, 28.37996], [85.10869, 28.37996], [85.10912, 28.38002], [85.10951, 28.38014], [85.10988, 28.3802], [85.11047, 28.38026], [85.11115, 28.38036], [85.1115, 28.38045], [85.11192, 28.38071], [85.11224, 28.38094], [85.11244, 28.38119], [85.11239, 28.38146], [85.11208, 28.38164], [85.1117, 28.38168], [85.11121, 28.38158], [85.11067, 28.3814], [85.11012, 28.38122], [85.10976, 28.38115], [85.10953, 28.38113], [85.10899, 28.38118], [85.10869, 28.38126], [85.10765, 28.38157], [85.10704, 28.38184], [85.10652, 28.3821], [85.10584, 28.38239], [85.10507, 28.38254], [85.10442, 28.38253], [85.10364, 28.38238], [85.10321, 28.38233], [85.10261, 28.38224], [85.10228, 28.38219], [85.10167, 28.38218], [85.10117, 28.38215], [85.10072, 28.38207], [85.10007, 28.3818], [85.09941, 28.38156], [85.09911, 28.38154], [85.09851, 28.3816], [85.09801, 28.38179], [85.09776, 28.38174], [85.09769, 28.38159], [85.09781, 28.3814], [85.0979, 28.38128], [85.09797, 28.38119], [85.09806, 28.38112], [85.09815, 28.38093], [85.09816, 28.38074], [85.09812, 28.38046], [85.09797, 28.38022], [85.09781, 28.38007], [85.09737, 28.37991], [85.09701, 28.37989], [85.09657, 28.37991], [85.09618, 28.37988], [85.09584, 28.37973], [85.09569, 28.37966], [85.09551, 28.37955], [85.09547, 28.37938], [85.09553, 28.37915], [85.09566, 28.37894], [85.09605, 28.37872], [85.09661, 28.37868], [85.09711, 28.37865], [85.09736, 28.3787], [85.09782, 28.3788], [85.09821, 28.37895], [85.0985, 28.37915], [85.0987, 28.37927], [85.09905, 28.37931], [85.0994, 28.3793], [85.09987, 28.37928], [85.10028, 28.37922], [85.10057, 28.37922], [85.10099, 28.37928], [85.10123, 28.37939], [85.10151, 28.37951], [85.10189, 28.3796], [85.10224, 28.37962], [85.10274, 28.37965], [85.10309, 28.37968], [85.10353, 28.37981], [85.1039, 28.37992], [85.10459, 28.37999]]]}}, {"type": "Feature", "properties": {"km2": 0.066, "name": null, "near_source_5km": false}, "geometry": {"type": "Polygon", "coordinates": [[[85.13801, 28.40359], [85.13762, 28.40329], [85.13756, 28.403], [85.13773, 28.4027], [85.13805, 28.40241], [85.13825, 28.40234], [85.13852, 28.4023], [85.13889, 28.40247], [85.13903, 28.40272], [85.13919, 28.40298], [85.13944, 28.40321], [85.13977, 28.40338], [85.14001, 28.4035], [85.1402, 28.40374], [85.1404, 28.4041], [85.14043, 28.40444], [85.14044, 28.40467], [85.14042, 28.405], [85.14032, 28.40528], [85.14007, 28.40551], [85.13969, 28.40571], [85.13924, 28.40583], [85.13873, 28.40575], [85.1383, 28.40557], [85.13809, 28.40543], [85.13812, 28.40524], [85.13821, 28.40504], [85.13837, 28.40492], [85.1385, 28.40483], [85.13856, 28.40453], [85.13857, 28.4043], [85.13844, 28.404], [85.13828, 28.4038], [85.13801, 28.40359]]]}}, {"type": "Feature", "properties": {"km2": 0.084, "name": null, "near_source_5km": false}, "geometry": {"type": "Polygon", "coordinates": [[[85.11827, 28.40639], [85.11797, 28.40601], [85.11805, 28.40568], [85.11838, 28.40542], [85.11884, 28.40512], [85.11925, 28.40484], [85.1196, 28.40449], [85.11986, 28.40421], [85.12029, 28.40388], [85.12066, 28.40369], [85.12101, 28.40363], [85.1216, 28.40371], [85.12191, 28.40386], [85.12215, 28.40408], [85.12226, 28.40443], [85.12225, 28.40473], [85.12208, 28.40489], [85.12166, 28.40501], [85.12122, 28.40523], [85.12099, 28.40535], [85.12069, 28.40558], [85.12044, 28.40594], [85.12006, 28.4064], [85.11989, 28.40672], [85.11974, 28.40701], [85.11957, 28.40725], [85.11938, 28.40737], [85.1191, 28.40743], [85.11877, 28.40733], [85.11852, 28.40712], [85.11838, 28.40674], [85.11827, 28.40639]]]}}, {"type": "Feature", "properties": {"km2": 0.069, "name": null, "near_source_5km": false}, "geometry": {"type": "Polygon", "coordinates": [[[85.09943, 28.44174], [85.09936, 28.44162], [85.09936, 28.44151], [85.09941, 28.44135], [85.09957, 28.44127], [85.09977, 28.44119], [85.10001, 28.44111], [85.10028, 28.44095], [85.10053, 28.44084], [85.10089, 28.44097], [85.10097, 28.44107], [85.10117, 28.44138], [85.1013, 28.44169], [85.10152, 28.44203], [85.10173, 28.44233], [85.10187, 28.44244], [85.10204, 28.44261], [85.10211, 28.44274], [85.10208, 28.44282], [85.10189, 28.44286], [85.10167, 28.44287], [85.10144, 28.44278], [85.1012, 28.44267], [85.10089, 28.44254], [85.10067, 28.44252], [85.10058, 28.44258], [85.10059, 28.44271], [85.10068, 28.44286], [85.10092, 28.44303], [85.10109, 28.44312], [85.10137, 28.4433], [85.10164, 28.44352], [85.10181, 28.44368], [85.10193, 28.44385], [85.10204, 28.44404], [85.10209, 28.44429], [85.1021, 28.44453], [85.10201, 28.44474], [85.1019, 28.44494], [85.10183, 28.44514], [85.10179, 28.44527], [85.10173, 28.44542], [85.10152, 28.44568], [85.10143, 28.44571], [85.10128, 28.44566], [85.10118, 28.44556], [85.10108, 28.44542], [85.10094, 28.44517], [85.10087, 28.44492], [85.10082, 28.44468], [85.10075, 28.44444], [85.10065, 28.44425], [85.10054, 28.44414], [85.10044, 28.44402], [85.10035, 28.44394], [85.10021, 28.44382], [85.10015, 28.44372], [85.10014, 28.44353], [85.10014, 28.44334], [85.10012, 28.44303], [85.10014, 28.44288], [85.10006, 28.44257], [85.09998, 28.44237], [85.09988, 28.44213], [85.09972, 28.44195], [85.0996, 28.44186], [85.09943, 28.44174]]]}}, {"type": "Feature", "properties": {"km2": 0.073, "name": null, "near_source_5km": false}, "geometry": {"type": "Polygon", "coordinates": [[[85.10273, 28.44108], [85.10267, 28.44102], [85.10262, 28.44095], [85.10258, 28.44089], [85.10251, 28.44077], [85.10243, 28.44065], [85.10235, 28.44057], [85.10227, 28.44048], [85.10221, 28.44037], [85.10214, 28.44025], [85.10213, 28.44018], [85.10216, 28.4401], [85.10224, 28.44006], [85.10234, 28.44007], [85.10251, 28.44014], [85.10258, 28.4402], [85.10273, 28.44029], [85.10288, 28.44037], [85.1031, 28.44045], [85.1034, 28.44047], [85.10356, 28.44045], [85.10373, 28.44042], [85.10388, 28.44041], [85.10396, 28.44034], [85.10398, 28.44028], [85.10398, 28.44017], [85.10394, 28.44007], [85.10381, 28.44], [85.10361, 28.43999], [85.10347, 28.43996], [85.10338, 28.43987], [85.10336, 28.43977], [85.10337, 28.43965], [85.10345, 28.43951], [85.10354, 28.43944], [85.10372, 28.43941], [85.1039, 28.43942], [85.10401, 28.43944], [85.10418, 28.43951], [85.10435, 28.43961], [85.10454, 28.43973], [85.10465, 28.43979], [85.1048, 28.43988], [85.1049, 28.43995], [85.10504, 28.44], [85.10516, 28.44001], [85.10527, 28.44003], [85.10542, 28.44008], [85.10552, 28.44013], [85.10565, 28.44026], [85.10574, 28.44036], [85.10579, 28.44049], [85.1058, 28.4406], [85.10584, 28.44074], [85.10589, 28.44086], [85.10601, 28.44103], [85.10609, 28.44115], [85.10621, 28.44124], [85.10628, 28.4413], [85.10634, 28.44136], [85.10631, 28.44143], [85.10617, 28.44149], [85.10603, 28.4415], [85.10594, 28.4415], [85.10583, 28.44156], [85.10571, 28.44161], [85.10556, 28.44162], [85.10547, 28.44157], [85.1054, 28.44149], [85.10533, 28.4414], [85.10523, 28.4413], [85.10508, 28.44123], [85.10498, 28.44124], [85.1049, 28.44131], [85.10483, 28.44138], [85.10476, 28.44141], [85.10466, 28.44143], [85.10453, 28.44144], [85.10441, 28.44146], [85.10425, 28.44149], [85.10419, 28.44153], [85.10416, 28.44164], [85.10418, 28.44175], [85.10421, 28.44189], [85.10428, 28.44202], [85.10438, 28.44213], [85.10446, 28.44221], [85.10467, 28.44224], [85.10489, 28.44225], [85.10509, 28.44225], [85.10522, 28.44228], [85.10535, 28.44232], [85.10543, 28.44245], [85.10548, 28.44259], [85.10552, 28.44288], [85.10547, 28.44304], [85.10539, 28.44315], [85.10528, 28.44321], [85.10515, 28.44323], [85.10494, 28.4432], [85.10476, 28.44312], [85.10464, 28.44306], [85.10449, 28.44298], [85.10429, 28.44288], [85.10413, 28.44275], [85.10404, 28.44264], [85.10392, 28.44255], [85.10383, 28.44243], [85.10376, 28.44234], [85.10368, 28.4422], [85.10358, 28.442], [85.10348, 28.44183], [85.1034, 28.44172], [85.10331, 28.4416], [85.10323, 28.44152], [85.10308, 28.44141], [85.10299, 28.44132], [85.10288, 28.4412], [85.10273, 28.44108]]]}}, {"type": "Feature", "properties": {"km2": 0.261, "name": null, "near_source_5km": false}, "geometry": {"type": "Polygon", "coordinates": [[[85.10611, 28.43962], [85.10595, 28.43937], [85.10578, 28.43904], [85.10568, 28.43882], [85.10555, 28.43855], [85.10551, 28.4384], [85.10549, 28.43812], [85.10552, 28.43797], [85.10569, 28.43784], [85.10589, 28.43781], [85.10617, 28.43784], [85.10628, 28.43793], [85.10633, 28.43803], [85.10647, 28.43819], [85.10678, 28.43832], [85.10702, 28.43838], [85.10736, 28.43849], [85.10767, 28.43861], [85.10815, 28.43873], [85.10857, 28.4388], [85.10894, 28.43881], [85.10949, 28.43884], [85.10974, 28.43884], [85.10996, 28.43874], [85.11012, 28.43864], [85.11031, 28.43855], [85.11056, 28.43835], [85.11078, 28.4382], [85.11096, 28.43804], [85.11105, 28.43784], [85.11113, 28.43768], [85.11127, 28.43758], [85.11146, 28.43753], [85.11165, 28.43745], [85.11179, 28.43733], [85.11182, 28.43718], [85.11184, 28.43702], [85.11195, 28.43672], [85.11204, 28.43658], [85.1122, 28.43652], [85.1124, 28.43654], [85.11254, 28.43661], [85.11263, 28.43675], [85.11265, 28.43699], [85.1127, 28.43726], [85.11277, 28.4376], [85.1128, 28.43786], [85.11289, 28.43822], [85.11298, 28.43854], [85.1131, 28.43879], [85.11314, 28.43899], [85.11314, 28.43916], [85.1132, 28.43937], [85.11325, 28.43968], [85.11316, 28.43981], [85.11303, 28.44001], [85.11282, 28.4403], [85.11261, 28.44053], [85.11243, 28.44071], [85.11219, 28.441], [85.11205, 28.44118], [85.11183, 28.44147], [85.11157, 28.44167], [85.11132, 28.44182], [85.11094, 28.44201], [85.11061, 28.44213], [85.11037, 28.44225], [85.11013, 28.44231], [85.10987, 28.4423], [85.10965, 28.44227], [85.10947, 28.44222], [85.10916, 28.44212], [85.10891, 28.44201], [85.10861, 28.44187], [85.10826, 28.44175], [85.10794, 28.44169], [85.10772, 28.44161], [85.10754, 28.44149], [85.10742, 28.44138], [85.1073, 28.44129], [85.10719, 28.44121], [85.10691, 28.44099], [85.10678, 28.44087], [85.10662, 28.44065], [85.10645, 28.44042], [85.10636, 28.44022], [85.10627, 28.43998], [85.10611, 28.43962]]]}}, {"type": "Feature", "properties": {"km2": 0.08, "name": null, "near_source_5km": false}, "geometry": {"type": "Polygon", "coordinates": [[[85.10606, 28.41523], [85.1056, 28.41546], [85.10534, 28.41556], [85.10517, 28.41568], [85.10506, 28.41583], [85.10489, 28.41591], [85.10467, 28.41593], [85.10449, 28.41583], [85.10442, 28.41575], [85.10436, 28.41568], [85.10436, 28.4156], [85.10441, 28.41542], [85.10449, 28.41526], [85.1046, 28.41509], [85.10478, 28.41489], [85.10499, 28.41474], [85.1052, 28.41459], [85.10541, 28.41443], [85.10553, 28.41433], [85.10579, 28.41417], [85.10599, 28.41392], [85.10616, 28.41371], [85.10634, 28.41347], [85.10651, 28.41312], [85.10655, 28.41303], [85.10665, 28.41285], [85.10683, 28.41271], [85.107, 28.41261], [85.10714, 28.4125], [85.10718, 28.41234], [85.10722, 28.4122], [85.10734, 28.41201], [85.10748, 28.4119], [85.10774, 28.41182], [85.10803, 28.41179], [85.10819, 28.41185], [85.1083, 28.41199], [85.1083, 28.4121], [85.10834, 28.41234], [85.10834, 28.41261], [85.10836, 28.41302], [85.10832, 28.4134], [85.10826, 28.41371], [85.10819, 28.41395], [85.10806, 28.41417], [85.10788, 28.41446], [85.10779, 28.41467], [85.10778, 28.41484], [85.10778, 28.41497], [85.10777, 28.41504], [85.1077, 28.41513], [85.10752, 28.41522], [85.10727, 28.41524], [85.10711, 28.41519], [85.10694, 28.41514], [85.10671, 28.41509], [85.10643, 28.41509], [85.10606, 28.41523]]]}}, {"type": "Feature", "properties": {"km2": 0.038, "name": null, "near_source_5km": false}, "geometry": {"type": "Polygon", "coordinates": [[[85.10745, 28.41915], [85.10753, 28.41893], [85.1075, 28.41881], [85.10738, 28.41866], [85.10727, 28.41857], [85.10691, 28.41845], [85.10674, 28.41842], [85.10644, 28.41842], [85.1062, 28.41848], [85.10605, 28.41851], [85.10586, 28.41851], [85.10567, 28.41852], [85.10534, 28.41857], [85.10496, 28.41868], [85.10476, 28.41875], [85.10452, 28.4188], [85.10433, 28.41885], [85.10424, 28.41897], [85.10417, 28.41913], [85.10406, 28.4193], [85.10386, 28.41943], [85.10367, 28.41959], [85.10352, 28.41972], [85.10341, 28.41988], [85.10336, 28.42004], [85.10341, 28.42012], [85.10351, 28.42016], [85.10365, 28.42011], [85.10376, 28.42008], [85.10388, 28.41999], [85.10412, 28.4199], [85.1044, 28.41986], [85.10461, 28.41981], [85.10483, 28.41974], [85.1051, 28.41964], [85.10535, 28.41957], [85.10562, 28.41947], [85.10588, 28.41938], [85.10613, 28.41935], [85.10635, 28.41935], [85.1066, 28.41937], [85.10676, 28.41937], [85.1071, 28.41935], [85.10729, 28.41931], [85.10745, 28.41915]]]}}, {"type": "Feature", "properties": {"km2": 0.011, "name": null, "near_source_5km": false}, "geometry": {"type": "Polygon", "coordinates": [[[85.11219, 28.43123], [85.11206, 28.43132], [85.11194, 28.43141], [85.11168, 28.43155], [85.11149, 28.43154], [85.11129, 28.43144], [85.1113, 28.43134], [85.11137, 28.4312], [85.11145, 28.43104], [85.11158, 28.43091], [85.11174, 28.43081], [85.11193, 28.43069], [85.11211, 28.43059], [85.11225, 28.43044], [85.11233, 28.43034], [85.11238, 28.43017], [85.11242, 28.43004], [85.11247, 28.42993], [85.11255, 28.42986], [85.11267, 28.42987], [85.11273, 28.4299], [85.11281, 28.43005], [85.11282, 28.43019], [85.11282, 28.4303], [85.11278, 28.43042], [85.11271, 28.43052], [85.11263, 28.43062], [85.11253, 28.43075], [85.11247, 28.43085], [85.11243, 28.43102], [85.11234, 28.43116], [85.11219, 28.43123]]]}}, {"type": "Feature", "properties": {"km2": 0.022, "name": null, "near_source_5km": false}, "geometry": {"type": "Polygon", "coordinates": [[[85.12737, 28.4437], [85.12683, 28.44369], [85.12662, 28.44361], [85.12634, 28.44347], [85.126, 28.44332], [85.12566, 28.44332], [85.12545, 28.44337], [85.12529, 28.44349], [85.12529, 28.44373], [85.12537, 28.44384], [85.1255, 28.44399], [85.12552, 28.44419], [85.12549, 28.44439], [85.12554, 28.44456], [85.12576, 28.44466], [85.12602, 28.44466], [85.12635, 28.4446], [85.1266, 28.4445], [85.12681, 28.44443], [85.12711, 28.44426], [85.12735, 28.44413], [85.12764, 28.44403], [85.12778, 28.44383], [85.12774, 28.44372], [85.1276, 28.44364], [85.12737, 28.4437]]]}}, {"type": "Feature", "properties": {"km2": 0.04, "name": null, "near_source_5km": false}, "geometry": {"type": "Polygon", "coordinates": [[[85.1244, 28.4483], [85.12396, 28.44811], [85.12372, 28.44802], [85.12349, 28.44791], [85.1232, 28.44771], [85.12299, 28.44746], [85.12297, 28.44725], [85.12305, 28.44697], [85.12328, 28.44674], [85.1236, 28.44661], [85.12399, 28.44663], [85.12425, 28.44675], [85.12448, 28.44697], [85.12478, 28.44714], [85.12503, 28.44724], [85.12535, 28.44752], [85.12558, 28.4478], [85.12571, 28.44804], [85.12581, 28.44821], [85.12598, 28.44846], [85.12599, 28.44864], [85.12595, 28.44886], [85.12577, 28.44899], [85.12556, 28.44896], [85.12539, 28.44886], [85.1251, 28.44865], [85.1248, 28.44845], [85.1244, 28.4483]]]}}, {"type": "Feature", "properties": {"km2": 0.03, "name": null, "near_source_5km": false}, "geometry": {"type": "Polygon", "coordinates": [[[85.12172, 28.45074], [85.12184, 28.45107], [85.12184, 28.4515], [85.12173, 28.45187], [85.12144, 28.45201], [85.12115, 28.45196], [85.12084, 28.45169], [85.12062, 28.45124], [85.1205, 28.45087], [85.12043, 28.45063], [85.12045, 28.45014], [85.12059, 28.44977], [85.12078, 28.44947], [85.12107, 28.44937], [85.12139, 28.44947], [85.12161, 28.44975], [85.12161, 28.45014], [85.1216, 28.45042], [85.12172, 28.45074]]]}}, {"type": "Feature", "properties": {"km2": 0.069, "name": null, "near_source_5km": false}, "geometry": {"type": "Polygon", "coordinates": [[[85.65612, 28.11068], [85.65615, 28.11023], [85.65646, 28.10983], [85.65622, 28.10952], [85.65588, 28.10934], [85.65576, 28.10909], [85.65572, 28.10885], [85.65569, 28.10861], [85.65655, 28.10833], [85.65784, 28.108], [85.6583, 28.10813], [85.65773, 28.10892], [85.65796, 28.10935], [85.65854, 28.10932], [85.6589, 28.10926], [85.65914, 28.10935], [85.65933, 28.10974], [85.65891, 28.11022], [85.65838, 28.11048], [85.65731, 28.11086], [85.65685, 28.11095], [85.65651, 28.1109], [85.65612, 28.11068]]]}}, {"type": "Feature", "properties": {"km2": 0.051, "name": null, "near_source_5km": false}, "geometry": {"type": "Polygon", "coordinates": [[[85.55797, 28.08243], [85.55751, 28.08266], [85.55721, 28.08268], [85.55701, 28.08256], [85.55693, 28.08246], [85.55734, 28.08212], [85.55745, 28.08185], [85.55765, 28.081], [85.55709, 28.08165], [85.55665, 28.08191], [85.556, 28.0821], [85.55557, 28.08178], [85.5559, 28.08107], [85.55632, 28.08087], [85.55708, 28.0807], [85.55721, 28.0802], [85.5578, 28.08016], [85.55864, 28.08033], [85.559, 28.08111], [85.55839, 28.08193], [85.55797, 28.08243]]]}}, {"type": "Feature", "properties": {"km2": 0.089, "name": null, "near_source_5km": false}, "geometry": {"type": "Polygon", "coordinates": [[[85.6611, 28.15405], [85.66161, 28.15371], [85.66194, 28.15352], [85.66228, 28.15346], [85.66283, 28.15349], [85.66332, 28.15372], [85.66369, 28.15379], [85.66419, 28.15369], [85.66463, 28.15345], [85.66512, 28.15333], [85.66546, 28.15331], [85.66568, 28.15333], [85.66618, 28.15361], [85.66713, 28.15365], [85.66762, 28.15391], [85.66814, 28.15406], [85.66904, 28.15437], [85.66957, 28.15478], [85.67, 28.15486], [85.67029, 28.15484], [85.67056, 28.15498], [85.67049, 28.15502], [85.66671, 28.15501], [85.66682, 28.15472], [85.66655, 28.15458], [85.66646, 28.15442], [85.66636, 28.15433], [85.66611, 28.15425], [85.66583, 28.15416], [85.66553, 28.15415], [85.66526, 28.15423], [85.66506, 28.15434], [85.66468, 28.15444], [85.66446, 28.15452], [85.66429, 28.15458], [85.66414, 28.15466], [85.66404, 28.15469], [85.66408, 28.15486], [85.6641, 28.15497], [85.66399, 28.15499], [85.66385, 28.15493], [85.66364, 28.1548], [85.66346, 28.15478], [85.66319, 28.15482], [85.66307, 28.15481], [85.66246, 28.15483], [85.6622, 28.15479], [85.66203, 28.15481], [85.66193, 28.15463], [85.66188, 28.15437], [85.66149, 28.15429], [85.66115, 28.15414], [85.6611, 28.15405]]]}}, {"type": "Feature", "properties": {"km2": 0.146, "name": null, "near_source_5km": false}, "geometry": {"type": "Polygon", "coordinates": [[[85.62763, 28.16226], [85.62792, 28.16194], [85.62845, 28.16161], [85.62863, 28.16126], [85.62907, 28.16112], [85.62971, 28.16131], [85.631, 28.16146], [85.63229, 28.16171], [85.63254, 28.16173], [85.63323, 28.16147], [85.63329, 28.16188], [85.63339, 28.16198], [85.63405, 28.16198], [85.63408, 28.16217], [85.63361, 28.1627], [85.63296, 28.16299], [85.63262, 28.16327], [85.63048, 28.16411], [85.63023, 28.16413], [85.62804, 28.16404], [85.62799, 28.16398], [85.62811, 28.16381], [85.62769, 28.16369], [85.62756, 28.16353], [85.62763, 28.16226]]]}}, {"type": "Feature", "properties": {"km2": 0.114, "name": null, "near_source_5km": false}, "geometry": {"type": "Polygon", "coordinates": [[[85.62723, 28.11894], [85.6268, 28.11911], [85.62658, 28.11907], [85.62645, 28.11891], [85.62606, 28.11872], [85.62516, 28.11874], [85.62451, 28.11791], [85.62398, 28.11751], [85.62391, 28.11733], [85.62397, 28.11714], [85.62441, 28.11667], [85.62453, 28.11625], [85.62477, 28.11591], [85.62479, 28.11532], [85.62487, 28.11514], [85.62522, 28.1149], [85.62566, 28.11477], [85.6261, 28.11478], [85.62627, 28.11491], [85.62653, 28.11573], [85.62696, 28.11621], [85.62788, 28.11772], [85.62775, 28.11833], [85.62723, 28.11894]]]}}, {"type": "Feature", "properties": {"km2": 4.453, "name": null, "near_source_5km": false}, "geometry": {"type": "Polygon", "coordinates": [[[85.6807, 28.14304], [85.6804, 28.14319], [85.68022, 28.14333], [85.67982, 28.14333], [85.67935, 28.14311], [85.67913, 28.14282], [85.67888, 28.14242], [85.67874, 28.14216], [85.67826, 28.14203], [85.67779, 28.14202], [85.67724, 28.14186], [85.67686, 28.14166], [85.67432, 28.14217], [85.67289, 28.14212], [85.67068, 28.14191], [85.66743, 28.14066], [85.66732, 28.14028], [85.66734, 28.1401], [85.66736, 28.13999], [85.66727, 28.13981], [85.66714, 28.13919], [85.66676, 28.13894], [85.66601, 28.13879], [85.66522, 28.13854], [85.66454, 28.13821], [85.66406, 28.13793], [85.66363, 28.13756], [85.66329, 28.13742], [85.6623, 28.13712], [85.66162, 28.13711], [85.66107, 28.13723], [85.66064, 28.13743], [85.66011, 28.13733], [85.65962, 28.13724], [85.65925, 28.13735], [85.65882, 28.13769], [85.65849, 28.13815], [85.65852, 28.13869], [85.65824, 28.13913], [85.65788, 28.13946], [85.6577, 28.1401], [85.6578, 28.14049], [85.65837, 28.14084], [85.65875, 28.14108], [85.65869, 28.14128], [85.65817, 28.14133], [85.65771, 28.14116], [85.6571, 28.14071], [85.65652, 28.1403], [85.65592, 28.14015], [85.65532, 28.14029], [85.65489, 28.14045], [85.65417, 28.14034], [85.65359, 28.14001], [85.65285, 28.13959], [85.65209, 28.13941], [85.65167, 28.13941], [85.65134, 28.13956], [85.65044, 28.14011], [85.64969, 28.14061], [85.6494, 28.14101], [85.64923, 28.14144], [85.64933, 28.14192], [85.64976, 28.14239], [85.65052, 28.14346], [85.65069, 28.14432], [85.6509, 28.14499], [85.65152, 28.14555], [85.65202, 28.14636], [85.65292, 28.14758], [85.65465, 28.1492], [85.65511, 28.14957], [85.65621, 28.15004], [85.65723, 28.15087], [85.65832, 28.15162], [85.66045, 28.15215], [85.66261, 28.15253], [85.66467, 28.15259], [85.66597, 28.15253], [85.66759, 28.15275], [85.66876, 28.15316], [85.66928, 28.15336], [85.66967, 28.15366], [85.66999, 28.15412], [85.67041, 28.15445], [85.67138, 28.15473], [85.67235, 28.15496], [85.67325, 28.15551], [85.67376, 28.15592], [85.67465, 28.15659], [85.67561, 28.15714], [85.67592, 28.15754], [85.67592, 28.15786], [85.67583, 28.1581], [85.67541, 28.1582], [85.67693, 28.15895], [85.67837, 28.15945], [85.6792, 28.15932], [85.68021, 28.15885], [85.68087, 28.15818], [85.6816, 28.15638], [85.6814, 28.15579], [85.68164, 28.1544], [85.68221, 28.1531], [85.68265, 28.15244], [85.68293, 28.15191], [85.68303, 28.15155], [85.68308, 28.15138], [85.6831, 28.15105], [85.68297, 28.15071], [85.6828, 28.15035], [85.68272, 28.15002], [85.68273, 28.14973], [85.68273, 28.14924], [85.68244, 28.14886], [85.6818, 28.14862], [85.68123, 28.1484], [85.6807, 28.14824], [85.68017, 28.14816], [85.67987, 28.14818], [85.67951, 28.14827], [85.67935, 28.1483], [85.67917, 28.1482], [85.67905, 28.14799], [85.67908, 28.14782], [85.67922, 28.14758], [85.67942, 28.1473], [85.67952, 28.14713], [85.6797, 28.14685], [85.67973, 28.1466], [85.67978, 28.14638], [85.67979, 28.14616], [85.67983, 28.14602], [85.68013, 28.14594], [85.68039, 28.146], [85.6806, 28.14623], [85.68079, 28.14642], [85.6812, 28.14655], [85.68154, 28.14656], [85.68198, 28.1465], [85.68235, 28.14635], [85.68257, 28.14621], [85.68275, 28.14588], [85.68278, 28.14553], [85.6828, 28.14512], [85.68263, 28.14439], [85.68245, 28.14413], [85.68184, 28.14392], [85.68158, 28.1437], [85.68157, 28.14349], [85.68168, 28.14299], [85.68161, 28.14254], [85.68155, 28.14239], [85.68127, 28.14239], [85.68088, 28.14274], [85.6807, 28.14304]]]}}, {"type": "Feature", "properties": {"km2": 0.11, "name": null, "near_source_5km": false}, "geometry": {"type": "Polygon", "coordinates": [[[85.60908, 28.15197], [85.60869, 28.15169], [85.60866, 28.15134], [85.60868, 28.15117], [85.6089, 28.15103], [85.60919, 28.1508], [85.60936, 28.15045], [85.60955, 28.14999], [85.60979, 28.14965], [85.61, 28.14936], [85.61006, 28.14893], [85.61021, 28.14829], [85.61035, 28.14783], [85.61052, 28.14737], [85.61063, 28.14708], [85.61079, 28.14695], [85.61103, 28.1469], [85.61131, 28.14688], [85.61159, 28.14687], [85.61195, 28.14687], [85.61229, 28.14683], [85.61257, 28.14684], [85.61273, 28.14695], [85.61273, 28.14713], [85.61262, 28.14737], [85.61257, 28.14775], [85.61258, 28.14817], [85.61246, 28.1486], [85.6123, 28.14891], [85.61187, 28.14923], [85.61138, 28.14933], [85.61084, 28.14954], [85.61052, 28.14971], [85.61025, 28.15], [85.61026, 28.15014], [85.61053, 28.15018], [85.61088, 28.15017], [85.61139, 28.15016], [85.61165, 28.15018], [85.61179, 28.15036], [85.61177, 28.15076], [85.61156, 28.151], [85.61119, 28.15126], [85.61072, 28.15156], [85.61024, 28.15182], [85.60963, 28.15202], [85.60908, 28.15197]]]}}, {"type": "Feature", "properties": {"km2": 0.108, "name": null, "near_source_5km": false}, "geometry": {"type": "Polygon", "coordinates": [[[85.61481, 28.14771], [85.6144, 28.14749], [85.61413, 28.1472], [85.61407, 28.14675], [85.61412, 28.14632], [85.61427, 28.14594], [85.61458, 28.14551], [85.6148, 28.14525], [85.61501, 28.14511], [85.61517, 28.14504], [85.61545, 28.14498], [85.61629, 28.14506], [85.61691, 28.14538], [85.61711, 28.14562], [85.61746, 28.14584], [85.61786, 28.14638], [85.61798, 28.14662], [85.61804, 28.14701], [85.61796, 28.14737], [85.61781, 28.14759], [85.61738, 28.1479], [85.61691, 28.14824], [85.61647, 28.14841], [85.61584, 28.14839], [85.61548, 28.14829], [85.61527, 28.14807], [85.61481, 28.14771]]]}}, {"type": "Feature", "properties": {"km2": 0.059, "name": null, "near_source_5km": false}, "geometry": {"type": "Polygon", "coordinates": [[[85.61109, 28.14205], [85.61102, 28.14154], [85.61096, 28.14118], [85.61085, 28.14079], [85.61092, 28.14041], [85.61128, 28.14031], [85.61141, 28.14059], [85.6115, 28.14097], [85.61155, 28.14153], [85.61159, 28.14186], [85.6118, 28.14244], [85.61199, 28.14294], [85.6122, 28.14351], [85.61241, 28.14369], [85.61273, 28.14387], [85.61302, 28.14397], [85.61333, 28.14416], [85.61349, 28.1444], [85.61343, 28.14463], [85.61325, 28.14499], [85.61305, 28.14535], [85.61281, 28.14549], [85.61241, 28.14558], [85.61203, 28.14532], [85.61185, 28.1451], [85.61163, 28.14488], [85.61136, 28.14482], [85.61127, 28.14467], [85.61124, 28.14428], [85.61125, 28.14403], [85.61121, 28.14367], [85.6111, 28.14332], [85.61108, 28.14311], [85.61111, 28.14288], [85.61112, 28.14251], [85.61109, 28.14205]]]}}, {"type": "Feature", "properties": {"km2": 1.575, "name": null, "near_source_5km": false}, "geometry": {"type": "Polygon", "coordinates": [[[85.60955, 28.1458], [85.60888, 28.14663], [85.60861, 28.14706], [85.60838, 28.14791], [85.60817, 28.14873], [85.60776, 28.14969], [85.60712, 28.1505], [85.60672, 28.15114], [85.60637, 28.15172], [85.60617, 28.15219], [85.6062, 28.15256], [85.60625, 28.15296], [85.60624, 28.15352], [85.60627, 28.15381], [85.60647, 28.15393], [85.60677, 28.15372], [85.60711, 28.15337], [85.60755, 28.15317], [85.60798, 28.15304], [85.60859, 28.1532], [85.60867, 28.1535], [85.60867, 28.15384], [85.60871, 28.15409], [85.609, 28.15438], [85.60946, 28.15447], [85.61025, 28.15436], [85.61111, 28.1541], [85.61158, 28.15386], [85.61216, 28.15367], [85.61444, 28.15301], [85.61574, 28.15272], [85.61634, 28.1526], [85.61686, 28.15254], [85.61721, 28.15258], [85.61744, 28.1527], [85.61756, 28.153], [85.61797, 28.15323], [85.61814, 28.15349], [85.6181, 28.15384], [85.61781, 28.15418], [85.61737, 28.15442], [85.61691, 28.15456], [85.61569, 28.15506], [85.61433, 28.15584], [85.61367, 28.15625], [85.61326, 28.15651], [85.61254, 28.15683], [85.61195, 28.15715], [85.61115, 28.15746], [85.61032, 28.15789], [85.61, 28.15821], [85.60967, 28.15872], [85.60956, 28.15933], [85.60963, 28.15963], [85.60977, 28.16025], [85.6096, 28.16067], [85.60935, 28.16092], [85.60891, 28.16104], [85.60853, 28.16076], [85.60788, 28.16044], [85.60738, 28.16023], [85.6066, 28.16019], [85.60599, 28.16002], [85.60542, 28.15965], [85.60515, 28.15919], [85.60525, 28.15868], [85.60566, 28.15786], [85.60595, 28.15739], [85.60609, 28.15698], [85.60613, 28.15641], [85.60597, 28.15567], [85.60586, 28.15522], [85.60563, 28.15466], [85.60496, 28.155], [85.60464, 28.15528], [85.60419, 28.15549], [85.60347, 28.1556], [85.6029, 28.15558], [85.60218, 28.15543], [85.60147, 28.15542], [85.60092, 28.15542], [85.60024, 28.15543], [85.59995, 28.15549], [85.5997, 28.15567], [85.59961, 28.15598], [85.59975, 28.1563], [85.6002, 28.15659], [85.60078, 28.15664], [85.6011, 28.15679], [85.60135, 28.15722], [85.60127, 28.15749], [85.60106, 28.15765], [85.60071, 28.15764], [85.60004, 28.15757], [85.59971, 28.15747], [85.5992, 28.1572], [85.59872, 28.15681], [85.59834, 28.15648], [85.5979, 28.15615], [85.59766, 28.15583], [85.59734, 28.15517], [85.59728, 28.15463], [85.59741, 28.15421], [85.59762, 28.1539], [85.59792, 28.15357], [85.59831, 28.15322], [85.59866, 28.15294], [85.59899, 28.15248], [85.5994, 28.15199], [85.59988, 28.15134], [85.60016, 28.15085], [85.60055, 28.15009], [85.6008, 28.14929], [85.60112, 28.14895], [85.60178, 28.14831], [85.60216, 28.14776], [85.60234, 28.1473], [85.60249, 28.14687], [85.60278, 28.14617], [85.60354, 28.14562], [85.60418, 28.14524], [85.60508, 28.14507], [85.60564, 28.14481], [85.60611, 28.14437], [85.60643, 28.14401], [85.60684, 28.14378], [85.60732, 28.14342], [85.60752, 28.14302], [85.60726, 28.14245], [85.60739, 28.14196], [85.60764, 28.14164], [85.60774, 28.14124], [85.60779, 28.14088], [85.60797, 28.1404], [85.60823, 28.14026], [85.60854, 28.13982], [85.60869, 28.13944], [85.60914, 28.1391], [85.60931, 28.13915], [85.60947, 28.1393], [85.60974, 28.13964], [85.61006, 28.14015], [85.61053, 28.14095], [85.61063, 28.14155], [85.61069, 28.1419], [85.61069, 28.14239], [85.61069, 28.14316], [85.61065, 28.14371], [85.61035, 28.14428], [85.61009, 28.14492], [85.60978, 28.1455], [85.60955, 28.1458]]]}}, {"type": "Feature", "properties": {"km2": 0.445, "name": null, "near_source_5km": false}, "geometry": {"type": "Polygon", "coordinates": [[[85.69775, 28.18675], [85.69684, 28.18791], [85.69645, 28.18847], [85.69577, 28.18911], [85.69534, 28.18941], [85.69496, 28.18947], [85.69469, 28.18936], [85.69465, 28.1892], [85.69495, 28.18872], [85.69555, 28.18801], [85.69633, 28.18703], [85.69665, 28.18595], [85.69658, 28.18544], [85.69637, 28.1852], [85.69605, 28.18503], [85.69564, 28.18474], [85.69539, 28.18439], [85.69521, 28.1838], [85.69511, 28.18282], [85.6949, 28.18226], [85.69468, 28.18186], [85.69424, 28.1813], [85.69354, 28.18084], [85.69271, 28.18045], [85.69233, 28.18027], [85.6916, 28.17974], [85.69066, 28.17887], [85.69016, 28.17837], [85.68976, 28.17791], [85.68968, 28.17691], [85.68989, 28.17621], [85.69021, 28.17578], [85.69085, 28.17552], [85.69165, 28.17553], [85.69222, 28.17564], [85.69298, 28.17603], [85.69355, 28.17655], [85.69394, 28.17693], [85.69434, 28.17744], [85.69483, 28.17807], [85.69537, 28.17856], [85.69563, 28.17886], [85.6961, 28.17946], [85.69647, 28.17999], [85.69696, 28.18066], [85.69748, 28.1814], [85.69796, 28.18216], [85.69813, 28.18277], [85.69822, 28.1833], [85.69827, 28.18379], [85.69832, 28.18449], [85.69824, 28.1851], [85.6981, 28.18539], [85.69783, 28.18587], [85.69775, 28.18675]]]}}, {"type": "Feature", "properties": {"km2": 2.147, "name": null, "near_source_5km": false}, "geometry": {"type": "Polygon", "coordinates": [[[85.70468, 28.15886], [85.7047, 28.15898], [85.70475, 28.15932], [85.7048, 28.15953], [85.70486, 28.1598], [85.70496, 28.16005], [85.70504, 28.16034], [85.7051, 28.16057], [85.70506, 28.16082], [85.70496, 28.16107], [85.70488, 28.16133], [85.70472, 28.16144], [85.70461, 28.16168], [85.70458, 28.16183], [85.70471, 28.16195], [85.70489, 28.16199], [85.70506, 28.16198], [85.70524, 28.16193], [85.70541, 28.16185], [85.70549, 28.16177], [85.70554, 28.16168], [85.70566, 28.1616], [85.7058, 28.16157], [85.70596, 28.16159], [85.70612, 28.16163], [85.70627, 28.16167], [85.70644, 28.16179], [85.70657, 28.16189], [85.7067, 28.16213], [85.70477, 28.1627], [85.70434, 28.16262], [85.704, 28.16239], [85.70369, 28.16212], [85.7036, 28.16205], [85.70344, 28.16204], [85.70316, 28.16218], [85.70298, 28.16229], [85.7028, 28.16238], [85.70262, 28.16239], [85.70242, 28.16237], [85.70212, 28.16239], [85.70197, 28.16242], [85.70172, 28.16263], [85.70163, 28.16246], [85.70137, 28.16237], [85.70163, 28.16205], [85.70182, 28.16187], [85.70199, 28.16168], [85.70204, 28.16145], [85.70203, 28.16119], [85.70197, 28.16109], [85.70189, 28.16099], [85.70177, 28.16091], [85.70164, 28.16075], [85.70162, 28.16056], [85.70169, 28.16029], [85.70178, 28.16016], [85.70201, 28.15988], [85.70212, 28.15964], [85.70218, 28.15944], [85.70219, 28.15929], [85.70228, 28.15907], [85.7024, 28.15878], [85.70263, 28.15824], [85.70301, 28.15767], [85.70305, 28.15717], [85.70315, 28.15652], [85.70327, 28.15599], [85.70344, 28.15462], [85.70374, 28.15354], [85.70395, 28.15304], [85.70438, 28.15219], [85.70471, 28.15144], [85.70475, 28.15099], [85.70471, 28.15052], [85.70439, 28.15019], [85.70409, 28.14938], [85.70402, 28.14883], [85.70394, 28.14817], [85.70388, 28.14762], [85.70385, 28.147], [85.7039, 28.14643], [85.70406, 28.14574], [85.70429, 28.14515], [85.70455, 28.14434], [85.70479, 28.14364], [85.70519, 28.14195], [85.70534, 28.14152], [85.70546, 28.14114], [85.70563, 28.14074], [85.70569, 28.14025], [85.70557, 28.14002], [85.70525, 28.14], [85.70475, 28.14018], [85.70422, 28.14043], [85.70382, 28.1407], [85.70355, 28.14089], [85.70302, 28.14107], [85.70246, 28.14142], [85.70204, 28.14186], [85.70151, 28.14246], [85.70112, 28.14306], [85.70087, 28.14343], [85.70057, 28.14379], [85.70029, 28.14405], [85.69989, 28.14434], [85.69939, 28.1447], [85.69907, 28.1449], [85.69859, 28.14508], [85.69805, 28.14544], [85.69764, 28.14581], [85.69719, 28.1461], [85.69679, 28.14649], [85.69643, 28.1469], [85.69611, 28.14732], [85.69584, 28.14782], [85.6957, 28.14836], [85.69572, 28.1491], [85.69579, 28.14951], [85.69598, 28.14998], [85.69632, 28.15065], [85.69682, 28.15118], [85.69737, 28.15141], [85.69805, 28.15144], [85.69869, 28.15121], [85.6991, 28.15105], [85.69955, 28.15111], [85.69987, 28.15128], [85.70028, 28.15175], [85.70043, 28.15227], [85.70045, 28.15267], [85.70048, 28.15315], [85.70083, 28.15385], [85.70088, 28.15411], [85.70101, 28.15472], [85.7009, 28.15524], [85.70054, 28.15576], [85.70015, 28.1562], [85.69964, 28.15665], [85.69919, 28.15685], [85.69832, 28.1569], [85.69774, 28.1569], [85.69725, 28.15668], [85.69694, 28.1563], [85.69678, 28.15601], [85.69672, 28.15545], [85.6967, 28.1549], [85.69655, 28.15422], [85.69621, 28.15371], [85.69602, 28.15335], [85.69576, 28.15297], [85.69533, 28.15202], [85.69517, 28.15175], [85.69478, 28.15122], [85.69461, 28.15089], [85.69433, 28.15034], [85.69411, 28.14972], [85.69385, 28.14921], [85.69367, 28.14891], [85.69347, 28.14853], [85.69319, 28.1481], [85.69268, 28.14787], [85.69222, 28.14774], [85.69195, 28.1477], [85.69103, 28.14744], [85.69038, 28.14727], [85.69, 28.14715], [85.68969, 28.14688], [85.68948, 28.14652], [85.6895, 28.1462], [85.68966, 28.14564], [85.68989, 28.1452], [85.6901, 28.14478], [85.6904, 28.14439], [85.69091, 28.14387], [85.69141, 28.14344], [85.69191, 28.14316], [85.69262, 28.14294], [85.69339, 28.14281], [85.6943, 28.14273], [85.69509, 28.14269], [85.69592, 28.14272], [85.69694, 28.143], [85.69794, 28.14265], [85.69842, 28.14251], [85.69893, 28.1422], [85.69928, 28.14193], [85.69966, 28.14145], [85.70014, 28.14088], [85.70065, 28.14026], [85.70121, 28.13983], [85.70184, 28.13953], [85.70232, 28.13931], [85.70305, 28.13899], [85.70411, 28.13855], [85.70485, 28.13775], [85.70538, 28.13703], [85.70588, 28.13632], [85.70633, 28.13571], [85.70694, 28.13499], [85.70742, 28.13384], [85.70745, 28.13323], [85.70771, 28.13258], [85.70803, 28.13205], [85.70841, 28.13164], [85.70897, 28.13095], [85.70953, 28.13033], [85.7101, 28.1298], [85.71061, 28.12941], [85.71117, 28.12852], [85.71171, 28.12793], [85.7121, 28.12759], [85.71294, 28.12685], [85.71357, 28.12641], [85.71385, 28.12609], [85.71501, 28.12488], [85.71534, 28.12461], [85.71557, 28.12453], [85.7158, 28.12457], [85.71589, 28.12468], [85.71598, 28.12484], [85.71593, 28.12514], [85.7158, 28.12542], [85.71564, 28.12562], [85.71544, 28.1259], [85.71521, 28.12615], [85.71484, 28.12644], [85.71415, 28.12678], [85.71385, 28.12706], [85.71343, 28.12761], [85.71303, 28.12824], [85.71269, 28.12877], [85.71238, 28.12927], [85.71212, 28.12963], [85.71175, 28.13012], [85.7107, 28.1313], [85.71009, 28.13227], [85.70989, 28.13289], [85.70952, 28.13364], [85.70926, 28.13441], [85.70904, 28.1349], [85.70897, 28.1355], [85.70893, 28.13588], [85.70884, 28.1365], [85.70843, 28.13727], [85.70812, 28.1378], [85.7078, 28.13853], [85.70762, 28.13913], [85.70752, 28.13957], [85.70725, 28.14033], [85.70693, 28.14147], [85.70679, 28.14212], [85.70651, 28.14288], [85.70644, 28.14332], [85.70652, 28.14395], [85.70659, 28.14421], [85.70675, 28.14462], [85.70694, 28.1451], [85.70718, 28.14565], [85.70724, 28.14614], [85.70731, 28.14651], [85.70735, 28.14684], [85.70748, 28.14728], [85.70782, 28.14764], [85.70827, 28.14792], [85.70884, 28.14826], [85.70925, 28.14843], [85.70973, 28.14871], [85.71015, 28.1489], [85.71053, 28.14909], [85.71061, 28.14947], [85.71059, 28.14984], [85.71034, 28.15005], [85.70995, 28.1501], [85.70968, 28.15011], [85.70907, 28.15006], [85.70874, 28.15001], [85.70843, 28.15001], [85.70802, 28.15007], [85.70775, 28.15027], [85.70774, 28.15052], [85.70771, 28.15076], [85.70782, 28.15118], [85.70804, 28.15153], [85.70843, 28.15213], [85.70876, 28.15238], [85.70946, 28.15257], [85.70977, 28.15262], [85.7105, 28.15261], [85.71095, 28.15286], [85.71135, 28.1533], [85.71141, 28.15377], [85.71135, 28.1541], [85.71104, 28.15459], [85.71071, 28.15489], [85.71028, 28.15513], [85.70953, 28.15547], [85.70862, 28.15568], [85.70788, 28.15565], [85.70756, 28.15563], [85.707, 28.15557], [85.70655, 28.15565], [85.70607, 28.15584], [85.70571, 28.15606], [85.70544, 28.15635], [85.7051, 28.15701], [85.70479, 28.15769], [85.70466, 28.1584], [85.70468, 28.15886]]]}}, {"type": "Feature", "properties": {"km2": 0.073, "name": null, "near_source_5km": false}, "geometry": {"type": "Polygon", "coordinates": [[[85.63476, 28.27585], [85.6338, 28.276], [85.63321, 28.27573], [85.63291, 28.27546], [85.63216, 28.27498], [85.63168, 28.27455], [85.63123, 28.27422], [85.63083, 28.2738], [85.63088, 28.27343], [85.63145, 28.27317], [85.63288, 28.2737], [85.6337, 28.27401], [85.63506, 28.27465], [85.63584, 28.27542], [85.63476, 28.27585]]]}}, {"type": "Feature", "properties": {"km2": 0.041, "name": null, "near_source_5km": false}, "geometry": {"type": "Polygon", "coordinates": [[[85.63941, 28.27881], [85.63876, 28.27887], [85.63814, 28.27846], [85.63766, 28.27802], [85.63729, 28.27772], [85.63704, 28.27731], [85.63646, 28.27701], [85.63602, 28.27657], [85.63602, 28.27613], [85.63613, 28.27585], [85.63678, 28.27576], [85.63725, 28.27619], [85.63757, 28.2767], [85.63853, 28.27748], [85.63877, 28.27784], [85.63941, 28.27881]]]}}, {"type": "Feature", "properties": {"km2": 0.234, "name": null, "near_source_5km": false}, "geometry": {"type": "Polygon", "coordinates": [[[85.64217, 28.28831], [85.64276, 28.28805], [85.64429, 28.28999], [85.64423, 28.29074], [85.64532, 28.29082], [85.64556, 28.2907], [85.64551, 28.29022], [85.64507, 28.28941], [85.64478, 28.28864], [85.6446, 28.2883], [85.64434, 28.28783], [85.64419, 28.28701], [85.64417, 28.28677], [85.64342, 28.28505], [85.64322, 28.28451], [85.64293, 28.28406], [85.64259, 28.28363], [85.64223, 28.28319], [85.64192, 28.28318], [85.64176, 28.28355], [85.64163, 28.28386], [85.64141, 28.28414], [85.64086, 28.28421], [85.64006, 28.28421], [85.63972, 28.28421], [85.63943, 28.28437], [85.63929, 28.28475], [85.63926, 28.28504], [85.63941, 28.28563], [85.63982, 28.28594], [85.64032, 28.28636], [85.64093, 28.28713], [85.64093, 28.28737], [85.64033, 28.28716], [85.64014, 28.28702], [85.63979, 28.2872], [85.63964, 28.28743], [85.63967, 28.28768], [85.64, 28.28808], [85.64016, 28.28822], [85.64067, 28.28832], [85.64083, 28.28858], [85.64099, 28.2888], [85.64126, 28.28889], [85.64162, 28.28894], [85.64194, 28.28895], [85.64227, 28.28879], [85.64221, 28.28843], [85.64217, 28.28831]]]}}, {"type": "Feature", "properties": {"km2": 5.098, "name": "Lirung Glacier", "near_source_5km": true}, "geometry": {"type": "Polygon", "coordinates": [[[85.52739, 28.26146], [85.52792, 28.26063], [85.52937, 28.26121], [85.53707, 28.26267], [85.53844, 28.26356], [85.53863, 28.26351], [85.5389, 28.26366], [85.53906, 28.2638], [85.53948, 28.26384], [85.53975, 28.26348], [85.54093, 28.2629], [85.54149, 28.26273], [85.54212, 28.26206], [85.54229, 28.26103], [85.54273, 28.2605], [85.54356, 28.25958], [85.544, 28.25892], [85.54408, 28.25859], [85.54416, 28.25816], [85.54394, 28.25794], [85.54329, 28.25756], [85.54312, 28.25729], [85.54305, 28.25687], [85.5431, 28.25615], [85.543, 28.25581], [85.54267, 28.25563], [85.54234, 28.25557], [85.54189, 28.2556], [85.54068, 28.25569], [85.53995, 28.25562], [85.53959, 28.25542], [85.53946, 28.25506], [85.53951, 28.25476], [85.53985, 28.25436], [85.5413, 28.25368], [85.54171, 28.25342], [85.54182, 28.2532], [85.54179, 28.253], [85.54152, 28.25282], [85.54095, 28.2527], [85.54022, 28.25256], [85.53905, 28.25223], [85.53806, 28.25207], [85.53726, 28.25207], [85.53607, 28.25243], [85.53574, 28.25256], [85.53546, 28.25297], [85.53483, 28.25322], [85.53417, 28.25333], [85.53382, 28.25321], [85.53371, 28.25306], [85.53367, 28.25279], [85.53368, 28.25237], [85.53316, 28.25205], [85.53276, 28.25159], [85.53229, 28.25118], [85.53214, 28.25084], [85.53236, 28.24978], [85.53223, 28.24876], [85.53163, 28.24868], [85.53112, 28.24868], [85.53065, 28.24854], [85.53021, 28.24805], [85.5301, 28.24741], [85.53054, 28.2468], [85.53123, 28.24649], [85.53178, 28.24593], [85.53291, 28.24565], [85.53394, 28.24561], [85.53468, 28.24579], [85.53485, 28.24629], [85.5353, 28.24651], [85.53591, 28.24633], [85.53688, 28.24552], [85.53929, 28.24501], [85.54092, 28.24495], [85.54391, 28.24521], [85.54505, 28.24542], [85.54554, 28.24586], [85.5458, 28.24627], [85.54778, 28.24601], [85.54859, 28.24491], [85.54905, 28.24391], [85.55046, 28.24159], [85.55251, 28.23989], [85.55447, 28.23812], [85.55905, 28.23581], [85.56004, 28.23513], [85.56057, 28.23401], [85.56085, 28.23316], [85.56086, 28.23311], [85.56114, 28.23197], [85.56135, 28.23144], [85.5613, 28.23085], [85.56167, 28.22865], [85.56162, 28.22571], [85.56176, 28.22413], [85.56196, 28.22411], [85.56213, 28.22409], [85.56209, 28.22394], [85.56243, 28.22368], [85.56293, 28.22442], [85.5634, 28.22459], [85.56392, 28.22509], [85.56441, 28.22682], [85.56445, 28.2285], [85.56481, 28.22948], [85.56441, 28.23115], [85.5636, 28.23412], [85.56242, 28.23602], [85.56155, 28.23713], [85.56019, 28.23836], [85.55887, 28.23927], [85.55809, 28.24028], [85.55635, 28.2417], [85.55519, 28.24279], [85.55339, 28.24625], [85.55285, 28.25115], [85.55011, 28.25113], [85.54935, 28.25233], [85.55017, 28.25297], [85.55125, 28.25373], [85.55207, 28.25483], [85.55213, 28.25596], [85.55257, 28.25794], [85.55288, 28.26002], [85.55301, 28.2613], [85.55237, 28.26266], [85.55157, 28.26392], [85.55021, 28.26486], [85.54902, 28.26585], [85.54764, 28.26727], [85.5471, 28.26808], [85.54663, 28.26858], [85.54582, 28.26902], [85.54511, 28.26927], [85.54383, 28.26935], [85.54253, 28.26931], [85.54065, 28.26922], [85.5396, 28.26913], [85.53895, 28.26866], [85.53717, 28.26866], [85.53513, 28.26841], [85.53374, 28.26778], [85.53259, 28.26695], [85.53256, 28.26659], [85.53256, 28.26605], [85.53314, 28.26552], [85.53396, 28.26484], [85.53371, 28.26438], [85.53244, 28.26446], [85.53115, 28.26487], [85.53002, 28.26568], [85.52958, 28.26609], [85.52945, 28.26638], [85.52923, 28.26703], [85.52894, 28.26713], [85.52848, 28.26698], [85.52809, 28.2667], [85.52787, 28.26617], [85.52754, 28.26597], [85.52738, 28.26587], [85.52637, 28.26556], [85.52556, 28.26504], [85.52463, 28.2641], [85.52438, 28.26333], [85.52473, 28.26304], [85.52479, 28.26275], [85.5249, 28.26217], [85.52445, 28.26165], [85.52432, 28.26149], [85.52429, 28.26116], [85.52443, 28.2609], [85.52479, 28.2608], [85.52553, 28.26081], [85.52644, 28.26099], [85.52739, 28.26146]]]}}, {"type": "Feature", "properties": {"km2": 5.299, "name": null, "near_source_5km": true}, "geometry": {"type": "Polygon", "coordinates": [[[85.52792, 28.26063], [85.52739, 28.26146], [85.52644, 28.26099], [85.52553, 28.26081], [85.52479, 28.2608], [85.52443, 28.2609], [85.52429, 28.26116], [85.52432, 28.26149], [85.52445, 28.26165], [85.5249, 28.26217], [85.52479, 28.26275], [85.52473, 28.26304], [85.52438, 28.26333], [85.52334, 28.26142], [85.52259, 28.26079], [85.52195, 28.26017], [85.52109, 28.25976], [85.51957, 28.25923], [85.51885, 28.25873], [85.51841, 28.25818], [85.51752, 28.25715], [85.51665, 28.25635], [85.51607, 28.25677], [85.51503, 28.25707], [85.51405, 28.25793], [85.51272, 28.25792], [85.51159, 28.25843], [85.50894, 28.25917], [85.50765, 28.25915], [85.50597, 28.26033], [85.50326, 28.2603], [85.49867, 28.26012], [85.49656, 28.25826], [85.49884, 28.25677], [85.50294, 28.25771], [85.50528, 28.25622], [85.5022, 28.25388], [85.50102, 28.25112], [85.50162, 28.24624], [85.50424, 28.24495], [85.5058, 28.24151], [85.50625, 28.23858], [85.50788, 28.23739], [85.50874, 28.23638], [85.5109, 28.23816], [85.51265, 28.2381], [85.51399, 28.23897], [85.51951, 28.23763], [85.52722, 28.23863], [85.52819, 28.24482], [85.52216, 28.2482], [85.52127, 28.25223], [85.5241, 28.25409], [85.52764, 28.25325], [85.5278, 28.25508], [85.52513, 28.25734], [85.52792, 28.26063]]]}}, {"type": "Feature", "properties": {"km2": 0.167, "name": null, "near_source_5km": true}, "geometry": {"type": "Polygon", "coordinates": [[[85.53159, 28.30258], [85.53175, 28.30197], [85.53157, 28.30144], [85.53201, 28.30143], [85.53243, 28.30096], [85.53237, 28.30056], [85.53193, 28.30021], [85.53162, 28.29989], [85.53126, 28.30044], [85.53051, 28.30001], [85.52985, 28.30018], [85.52954, 28.30063], [85.52953, 28.30084], [85.52941, 28.30106], [85.52956, 28.30122], [85.53026, 28.3013], [85.5306, 28.30125], [85.53091, 28.30109], [85.53094, 28.30132], [85.53073, 28.30159], [85.53037, 28.30184], [85.52972, 28.30155], [85.5289, 28.30163], [85.5284, 28.30194], [85.52806, 28.30211], [85.52765, 28.3031], [85.5277, 28.30383], [85.5279, 28.30437], [85.52791, 28.30468], [85.52799, 28.30528], [85.52846, 28.30504], [85.53026, 28.30467], [85.53268, 28.30329], [85.53217, 28.30303], [85.53159, 28.30258]]]}}, {"type": "Feature", "properties": {"km2": 0.083, "name": null, "near_source_5km": true}, "geometry": {"type": "Polygon", "coordinates": [[[85.52171, 28.26861], [85.52143, 28.26841], [85.52111, 28.26831], [85.52086, 28.26831], [85.52031, 28.26798], [85.5199, 28.26743], [85.51968, 28.26707], [85.51933, 28.26679], [85.51947, 28.2664], [85.51895, 28.2657], [85.51838, 28.26514], [85.51837, 28.26448], [85.51873, 28.26414], [85.51939, 28.26398], [85.52022, 28.26419], [85.52085, 28.26476], [85.52103, 28.26548], [85.52114, 28.26651], [85.52115, 28.26752], [85.52186, 28.26855], [85.52171, 28.26861]]]}}, {"type": "Feature", "properties": {"km2": 0.024, "name": null, "near_source_5km": true}, "geometry": {"type": "Polygon", "coordinates": [[[85.50539, 28.26232], [85.50508, 28.26253], [85.50482, 28.26301], [85.50433, 28.26322], [85.50347, 28.26307], [85.50305, 28.26281], [85.50283, 28.26262], [85.50304, 28.26239], [85.50335, 28.26209], [85.50439, 28.26191], [85.50502, 28.26205], [85.50539, 28.26232]]]}}, {"type": "Feature", "properties": {"km2": 0.535, "name": null, "near_source_5km": true}, "geometry": {"type": "Polygon", "coordinates": [[[85.52986, 28.29493], [85.53008, 28.2949], [85.5307, 28.29443], [85.531, 28.29416], [85.53132, 28.29382], [85.53184, 28.2935], [85.53226, 28.29336], [85.53301, 28.29285], [85.53405, 28.29218], [85.53463, 28.29172], [85.53487, 28.29142], [85.53513, 28.29118], [85.53539, 28.29101], [85.53592, 28.28978], [85.53676, 28.28813], [85.53615, 28.28648], [85.53395, 28.2853], [85.53223, 28.28509], [85.53195, 28.28561], [85.53111, 28.28666], [85.53003, 28.28753], [85.52893, 28.28833], [85.52828, 28.28892], [85.52986, 28.29493]]]}}, {"type": "Feature", "properties": {"km2": 0.429, "name": null, "near_source_5km": true}, "geometry": {"type": "Polygon", "coordinates": [[[85.51255, 28.28929], [85.51239, 28.28888], [85.51234, 28.2887], [85.51244, 28.28845], [85.51267, 28.28828], [85.51302, 28.28814], [85.51334, 28.28798], [85.51375, 28.28743], [85.51413, 28.28678], [85.51446, 28.28645], [85.51538, 28.28607], [85.51599, 28.28582], [85.51676, 28.28545], [85.51726, 28.28504], [85.51685, 28.2835], [85.51669, 28.28341], [85.51634, 28.28308], [85.51563, 28.2827], [85.51535, 28.28248], [85.51492, 28.28215], [85.51442, 28.28193], [85.51379, 28.2818], [85.51276, 28.28169], [85.51256, 28.28172], [85.51231, 28.28203], [85.51201, 28.28264], [85.51178, 28.28278], [85.51146, 28.28307], [85.51106, 28.28334], [85.51094, 28.28361], [85.51078, 28.28386], [85.51053, 28.28403], [85.51015, 28.28407], [85.50978, 28.28422], [85.50968, 28.28451], [85.50974, 28.28478], [85.50959, 28.28518], [85.50934, 28.28552], [85.50905, 28.28611], [85.50899, 28.2867], [85.50869, 28.287], [85.50915, 28.28728], [85.50933, 28.28792], [85.5093, 28.28872], [85.51009, 28.28947], [85.51192, 28.29014], [85.51255, 28.28929]]]}}, {"type": "Feature", "properties": {"km2": 0.45, "name": null, "near_source_5km": true}, "geometry": {"type": "Polygon", "coordinates": [[[85.51726, 28.28504], [85.51869, 28.28484], [85.51955, 28.28461], [85.52008, 28.28432], [85.5205, 28.28402], [85.52083, 28.28386], [85.52113, 28.28387], [85.52149, 28.28384], [85.52182, 28.28373], [85.52193, 28.28356], [85.52219, 28.28356], [85.52241, 28.28353], [85.52251, 28.28346], [85.5226, 28.28328], [85.52272, 28.28315], [85.52292, 28.28307], [85.52298, 28.28307], [85.52305, 28.28316], [85.52308, 28.28332], [85.52318, 28.28349], [85.52335, 28.28352], [85.52353, 28.2834], [85.52369, 28.28327], [85.5239, 28.28321], [85.52407, 28.28324], [85.52416, 28.28328], [85.52428, 28.28352], [85.52445, 28.28365], [85.52461, 28.28366], [85.5247, 28.28364], [85.52495, 28.28348], [85.52515, 28.28347], [85.52533, 28.2835], [85.52548, 28.2836], [85.52552, 28.28376], [85.52552, 28.28392], [85.52562, 28.28401], [85.52586, 28.2841], [85.52607, 28.28433], [85.52611, 28.28441], [85.52615, 28.2845], [85.52621, 28.28464], [85.52628, 28.28468], [85.52645, 28.28471], [85.52653, 28.28466], [85.52661, 28.28465], [85.52675, 28.28466], [85.52684, 28.28471], [85.52691, 28.28468], [85.527, 28.28461], [85.52703, 28.28452], [85.52703, 28.28445], [85.52713, 28.28437], [85.52734, 28.28433], [85.52761, 28.2844], [85.5278, 28.28441], [85.52801, 28.28441], [85.52824, 28.28438], [85.52839, 28.28431], [85.5286, 28.28424], [85.52886, 28.28429], [85.52898, 28.28437], [85.5291, 28.28446], [85.52928, 28.28456], [85.52946, 28.28456], [85.52962, 28.28448], [85.5297, 28.2844], [85.5298, 28.28438], [85.52998, 28.28443], [85.53007, 28.28449], [85.5302, 28.28452], [85.53035, 28.28452], [85.53057, 28.28448], [85.53072, 28.28448], [85.53088, 28.28445], [85.53102, 28.28437], [85.53124, 28.28424], [85.53152, 28.28395], [85.53172, 28.28383], [85.53169, 28.28293], [85.53042, 28.28208], [85.52982, 28.28077], [85.5293, 28.27954], [85.52822, 28.27855], [85.52799, 28.27863], [85.52779, 28.27859], [85.52751, 28.27852], [85.5274, 28.27854], [85.52726, 28.27876], [85.52699, 28.27898], [85.52661, 28.27923], [85.52651, 28.27938], [85.52638, 28.27945], [85.52619, 28.27946], [85.52599, 28.27958], [85.52578, 28.27985], [85.52572, 28.27997], [85.52561, 28.27993], [85.52557, 28.27988], [85.52558, 28.27972], [85.52556, 28.27954], [85.52544, 28.27945], [85.52528, 28.27949], [85.52521, 28.27975], [85.52511, 28.2802], [85.52499, 28.28059], [85.52464, 28.28082], [85.52446, 28.2811], [85.52435, 28.28122], [85.52409, 28.28131], [85.5239, 28.28132], [85.52356, 28.28116], [85.52312, 28.28108], [85.52267, 28.2811], [85.52258, 28.28114], [85.52253, 28.28126], [85.52261, 28.28135], [85.5227, 28.28149], [85.52262, 28.28159], [85.5223, 28.28166], [85.52196, 28.28177], [85.52146, 28.28179], [85.521, 28.28195], [85.52082, 28.28205], [85.52075, 28.28222], [85.52077, 28.28239], [85.5209, 28.28256], [85.52118, 28.28291], [85.52079, 28.28317], [85.52056, 28.2832], [85.52036, 28.2832], [85.52003, 28.28335], [85.51976, 28.2836], [85.51903, 28.28377], [85.5183, 28.28372], [85.51773, 28.28359], [85.51685, 28.2835], [85.51726, 28.28504]]]}}, {"type": "Feature", "properties": {"km2": 0.032, "name": null, "near_source_5km": false}, "geometry": {"type": "Polygon", "coordinates": [[[85.62677, 28.22824], [85.62701, 28.22861], [85.62701, 28.22924], [85.62663, 28.2297], [85.62622, 28.22966], [85.62611, 28.22988], [85.62544, 28.22968], [85.62463, 28.22958], [85.62427, 28.22942], [85.62408, 28.22932], [85.62462, 28.22925], [85.625, 28.22915], [85.62505, 28.22886], [85.62493, 28.22863], [85.62569, 28.22834], [85.62586, 28.22819], [85.62677, 28.22824]]]}}, {"type": "Feature", "properties": {"km2": 46.166, "name": "Langtang Glacier", "near_source_5km": false}, "geometry": {"type": "Polygon", "coordinates": [[[85.67534, 28.34852], [85.67517, 28.34825], [85.67485, 28.34773], [85.67454, 28.34757], [85.67324, 28.34742], [85.67285, 28.34718], [85.67289, 28.34686], [85.67246, 28.34654], [85.67175, 28.34577], [85.67104, 28.34488], [85.67108, 28.34435], [85.6705, 28.34367], [85.67023, 28.34354], [85.67025, 28.34308], [85.66994, 28.34294], [85.66979, 28.34272], [85.66983, 28.34236], [85.67056, 28.34149], [85.67064, 28.34112], [85.67029, 28.34005], [85.6706, 28.33961], [85.67055, 28.33886], [85.67028, 28.33845], [85.66937, 28.33787], [85.66844, 28.33721], [85.66837, 28.33665], [85.66852, 28.33605], [85.66938, 28.33592], [85.67095, 28.33614], [85.67144, 28.33645], [85.67151, 28.33673], [85.67155, 28.33745], [85.67192, 28.33801], [85.67231, 28.33827], [85.67322, 28.3384], [85.67385, 28.33821], [85.67417, 28.33817], [85.67449, 28.33803], [85.67441, 28.33788], [85.67381, 28.33762], [85.67281, 28.33624], [85.67152, 28.33526], [85.67021, 28.33461], [85.66922, 28.33402], [85.66869, 28.33333], [85.66876, 28.33295], [85.66914, 28.33266], [85.6699, 28.33239], [85.66996, 28.33197], [85.67088, 28.33103], [85.67147, 28.33046], [85.67222, 28.33042], [85.67237, 28.3303], [85.67258, 28.32973], [85.67275, 28.32956], [85.67324, 28.32961], [85.67349, 28.32969], [85.67405, 28.32999], [85.67513, 28.33014], [85.6755, 28.32999], [85.67664, 28.32963], [85.67718, 28.32903], [85.67856, 28.3285], [85.67912, 28.32849], [85.67966, 28.32817], [85.68003, 28.32811], [85.68069, 28.32831], [85.68101, 28.3283], [85.68137, 28.32809], [85.68153, 28.32785], [85.6816, 28.32735], [85.68189, 28.32692], [85.68196, 28.32603], [85.68219, 28.32485], [85.68281, 28.32354], [85.68342, 28.32237], [85.68381, 28.32175], [85.68393, 28.32119], [85.68387, 28.32092], [85.68348, 28.32066], [85.68212, 28.3204], [85.68051, 28.32001], [85.67908, 28.3195], [85.67798, 28.31925], [85.67673, 28.31895], [85.67646, 28.31907], [85.67643, 28.31936], [85.67659, 28.31954], [85.67713, 28.31987], [85.6775, 28.32016], [85.67749, 28.32042], [85.67723, 28.32061], [85.67656, 28.32072], [85.67533, 28.32088], [85.67444, 28.32137], [85.67414, 28.32142], [85.67296, 28.32141], [85.67229, 28.32137], [85.67171, 28.32121], [85.67081, 28.32099], [85.67027, 28.321], [85.66971, 28.32112], [85.6691, 28.3212], [85.66849, 28.3212], [85.66811, 28.32116], [85.66786, 28.32107], [85.66755, 28.32074], [85.66731, 28.32057], [85.66695, 28.32051], [85.66672, 28.32063], [85.66652, 28.32085], [85.66639, 28.32109], [85.66638, 28.32149], [85.66653, 28.32183], [85.66666, 28.32197], [85.66654, 28.32226], [85.66626, 28.32259], [85.66587, 28.32293], [85.66541, 28.32329], [85.66514, 28.32341], [85.66472, 28.32341], [85.66449, 28.32337], [85.66423, 28.32337], [85.66399, 28.3235], [85.66402, 28.32366], [85.66404, 28.32392], [85.66395, 28.32415], [85.66376, 28.32439], [85.66348, 28.32483], [85.66333, 28.32513], [85.6623, 28.32546], [85.66127, 28.32545], [85.66087, 28.3253], [85.6608, 28.32492], [85.66073, 28.32443], [85.66066, 28.32351], [85.6606, 28.32289], [85.66033, 28.32271], [85.6599, 28.32273], [85.65934, 28.32304], [85.65911, 28.32324], [85.65906, 28.32351], [85.6593, 28.32369], [85.65959, 28.32383], [85.65993, 28.32387], [85.66024, 28.32399], [85.66032, 28.3245], [85.66012, 28.32487], [85.65976, 28.32505], [85.65927, 28.32513], [85.65855, 28.32494], [85.6582, 28.32469], [85.65767, 28.3242], [85.65739, 28.32411], [85.65703, 28.32382], [85.65687, 28.32341], [85.65678, 28.32254], [85.65638, 28.32169], [85.65574, 28.3207], [85.65513, 28.31975], [85.65473, 28.31872], [85.65455, 28.31809], [85.6546, 28.3173], [85.65514, 28.31612], [85.65584, 28.31523], [85.65642, 28.3149], [85.65714, 28.31466], [85.65807, 28.31464], [85.65869, 28.31449], [85.65936, 28.31378], [85.65953, 28.31273], [85.65975, 28.31206], [85.66013, 28.31131], [85.66175, 28.31004], [85.66343, 28.30922], [85.6641, 28.30892], [85.66484, 28.3087], [85.66538, 28.30778], [85.666, 28.3065], [85.66614, 28.30458], [85.66693, 28.30357], [85.66776, 28.30255], [85.66803, 28.30192], [85.66806, 28.30112], [85.66815, 28.30039], [85.66825, 28.30013], [85.6686, 28.29997], [85.66926, 28.29999], [85.66978, 28.3001], [85.6703, 28.30017], [85.67069, 28.30011], [85.67113, 28.29972], [85.67181, 28.29897], [85.67299, 28.29862], [85.67334, 28.29859], [85.67381, 28.2988], [85.6746, 28.29913], [85.67563, 28.29975], [85.67634, 28.30057], [85.67684, 28.30067], [85.67723, 28.30079], [85.67731, 28.30105], [85.67717, 28.30122], [85.67695, 28.30138], [85.67693, 28.30152], [85.67704, 28.30162], [85.67753, 28.30155], [85.67773, 28.30153], [85.678, 28.30154], [85.67834, 28.30148], [85.6785, 28.30148], [85.67873, 28.30158], [85.67889, 28.30175], [85.679, 28.30199], [85.679, 28.30236], [85.67889, 28.30272], [85.67869, 28.30297], [85.67834, 28.30342], [85.67814, 28.30351], [85.67799, 28.30359], [85.67787, 28.3037], [85.67782, 28.30392], [85.67779, 28.30429], [85.6777, 28.30457], [85.67763, 28.30479], [85.67723, 28.30517], [85.6769, 28.30543], [85.67664, 28.30557], [85.67579, 28.3056], [85.67514, 28.30554], [85.67467, 28.30553], [85.67386, 28.3057], [85.67272, 28.30586], [85.67235, 28.30594], [85.67217, 28.30594], [85.67188, 28.30597], [85.67177, 28.30606], [85.67183, 28.30614], [85.672, 28.30619], [85.67221, 28.30629], [85.67239, 28.30637], [85.67254, 28.30639], [85.67282, 28.30636], [85.67323, 28.30635], [85.67348, 28.30643], [85.6739, 28.30662], [85.67413, 28.30674], [85.67428, 28.30692], [85.67447, 28.30701], [85.67454, 28.30705], [85.67458, 28.30715], [85.67493, 28.30734], [85.67518, 28.30752], [85.67537, 28.3077], [85.67546, 28.3078], [85.67586, 28.30777], [85.67625, 28.30783], [85.6765, 28.30783], [85.6768, 28.30783], [85.67706, 28.30782], [85.6772, 28.30777], [85.67741, 28.30778], [85.67757, 28.30784], [85.67771, 28.30808], [85.67774, 28.30838], [85.67769, 28.30872], [85.67774, 28.30882], [85.67793, 28.3089], [85.67797, 28.30906], [85.67794, 28.30922], [85.67788, 28.3094], [85.67779, 28.30954], [85.67779, 28.30967], [85.67787, 28.3098], [85.6779, 28.30998], [85.67785, 28.31018], [85.6778, 28.31055], [85.67781, 28.3107], [85.67787, 28.31084], [85.67806, 28.31114], [85.67807, 28.31137], [85.67801, 28.31151], [85.67796, 28.31168], [85.67801, 28.31191], [85.67843, 28.31211], [85.6791, 28.31232], [85.67962, 28.31247], [85.68018, 28.31271], [85.68068, 28.31282], [85.68147, 28.31304], [85.68236, 28.31342], [85.68318, 28.31407], [85.68473, 28.3152], [85.68567, 28.316], [85.6868, 28.31714], [85.68723, 28.31743], [85.68813, 28.31782], [85.68933, 28.31825], [85.69058, 28.31862], [85.69144, 28.31875], [85.69242, 28.31878], [85.69351, 28.31866], [85.69598, 28.31585], [85.69958, 28.31435], [85.70265, 28.31218], [85.70474, 28.30849], [85.70624, 28.30338], [85.70687, 28.2966], [85.70748, 28.29265], [85.70616, 28.29226], [85.70425, 28.29206], [85.70242, 28.2913], [85.69948, 28.28987], [85.69431, 28.2874], [85.69115, 28.28579], [85.68691, 28.28513], [85.68388, 28.28514], [85.68139, 28.2861], [85.6807, 28.28684], [85.67975, 28.28873], [85.68033, 28.28993], [85.68023, 28.29075], [85.67979, 28.29172], [85.68008, 28.29208], [85.68063, 28.29183], [85.68097, 28.29191], [85.68156, 28.29259], [85.68147, 28.29325], [85.68099, 28.29475], [85.68106, 28.29674], [85.68254, 28.29834], [85.68309, 28.29942], [85.68311, 28.29971], [85.68275, 28.30024], [85.68189, 28.30088], [85.68119, 28.30105], [85.68015, 28.3004], [85.67925, 28.29925], [85.67775, 28.29813], [85.67661, 28.29752], [85.67607, 28.2978], [85.67574, 28.29829], [85.6753, 28.2988], [85.67482, 28.29886], [85.67433, 28.29872], [85.67383, 28.29832], [85.67369, 28.29748], [85.67329, 28.29702], [85.67319, 28.29624], [85.67348, 28.29579], [85.67396, 28.29558], [85.67483, 28.29554], [85.67533, 28.29579], [85.6758, 28.29618], [85.67626, 28.29627], [85.67647, 28.29605], [85.67676, 28.29401], [85.67643, 28.29312], [85.67546, 28.29164], [85.67537, 28.29111], [85.67434, 28.28993], [85.67333, 28.28971], [85.67271, 28.28971], [85.67252, 28.29018], [85.67219, 28.29046], [85.67185, 28.29041], [85.67118, 28.28984], [85.67012, 28.28839], [85.66986, 28.28761], [85.67017, 28.28722], [85.66992, 28.28668], [85.66937, 28.28604], [85.66887, 28.28621], [85.66834, 28.28617], [85.66772, 28.28572], [85.66751, 28.28517], [85.66753, 28.28462], [85.66806, 28.2843], [85.66898, 28.28419], [85.67014, 28.28448], [85.67106, 28.28523], [85.67194, 28.28619], [85.67231, 28.28623], [85.67368, 28.28646], [85.67533, 28.28666], [85.67724, 28.28656], [85.67804, 28.28595], [85.67817, 28.28562], [85.6776, 28.28514], [85.67649, 28.28351], [85.67537, 28.28298], [85.67403, 28.28296], [85.67181, 28.28278], [85.67043, 28.28224], [85.67001, 28.28166], [85.66903, 28.28123], [85.66823, 28.28104], [85.66716, 28.28019], [85.66671, 28.27928], [85.66611, 28.2776], [85.66661, 28.27662], [85.668, 28.27532], [85.66971, 28.27488], [85.67091, 28.27506], [85.67204, 28.2749], [85.67271, 28.27456], [85.67335, 28.27486], [85.67368, 28.27545], [85.67354, 28.27613], [85.67359, 28.27658], [85.67426, 28.27694], [85.6757, 28.2768], [85.67514, 28.2757], [85.67534, 28.27478], [85.676, 28.27444], [85.67684, 28.27442], [85.67794, 28.27468], [85.67878, 28.27423], [85.67917, 28.27423], [85.67981, 28.27461], [85.68122, 28.27448], [85.68299, 28.27448], [85.68532, 28.2743], [85.68608, 28.27464], [85.6875, 28.27522], [85.68793, 28.27595], [85.68764, 28.27675], [85.68717, 28.27731], [85.68625, 28.27781], [85.68529, 28.27815], [85.6845, 28.27822], [85.68339, 28.27823], [85.68255, 28.27832], [85.6825, 28.27851], [85.68258, 28.27901], [85.6829, 28.27964], [85.68416, 28.28043], [85.68702, 28.28029], [85.68892, 28.28085], [85.69094, 28.28122], [85.69275, 28.28199], [85.69465, 28.28285], [85.69723, 28.2841], [85.69985, 28.28683], [85.70034, 28.28734], [85.70384, 28.28972], [85.70487, 28.29072], [85.70699, 28.29122], [85.70779, 28.29117], [85.70896, 28.28959], [85.71526, 28.28259], [85.719, 28.27675], [85.72021, 28.27228], [85.71892, 28.26566], [85.7167, 28.25927], [85.71444, 28.25374], [85.71052, 28.2492], [85.70498, 28.24594], [85.70048, 28.24308], [85.6973, 28.23942], [85.69559, 28.23527], [85.69581, 28.2336], [85.69638, 28.23325], [85.69799, 28.23335], [85.69802, 28.23336], [85.70126, 28.23455], [85.70313, 28.2358], [85.7053, 28.23832], [85.7072, 28.23957], [85.70803, 28.23952], [85.70989, 28.23835], [85.71301, 28.23384], [85.71627, 28.23077], [85.71823, 28.22913], [85.72135, 28.22815], [85.72362, 28.22625], [85.72413, 28.22575], [85.72495, 28.22545], [85.72566, 28.22471], [85.7273, 28.22426], [85.72845, 28.22305], [85.72975, 28.22195], [85.73156, 28.22113], [85.7325, 28.22084], [85.73539, 28.22063], [85.73697, 28.22034], [85.73763, 28.2197], [85.73858, 28.21817], [85.73917, 28.2176], [85.73921, 28.21704], [85.7388, 28.21661], [85.73828, 28.21654], [85.73699, 28.21716], [85.73644, 28.21734], [85.73577, 28.21732], [85.73551, 28.21635], [85.73553, 28.21545], [85.73621, 28.21422], [85.73789, 28.21336], [85.73966, 28.21259], [85.74062, 28.2124], [85.74172, 28.21253], [85.75011, 28.21752], [85.75155, 28.21915], [85.75323, 28.22145], [85.75431, 28.22261], [85.75516, 28.22514], [85.75542, 28.2284], [85.75461, 28.22971], [85.75497, 28.23211], [85.75473, 28.23302], [85.75406, 28.23396], [85.75282, 28.23507], [85.7499, 28.23659], [85.74842, 28.23791], [85.74771, 28.24035], [85.74701, 28.24173], [85.74697, 28.24318], [85.74693, 28.24678], [85.74541, 28.2466], [85.74386, 28.24629], [85.74277, 28.2457], [85.73995, 28.24407], [85.73698, 28.24363], [85.73447, 28.24294], [85.73292, 28.24204], [85.73212, 28.24135], [85.73213, 28.24091], [85.73259, 28.24067], [85.73328, 28.24062], [85.73385, 28.24091], [85.73384, 28.24049], [85.73337, 28.23993], [85.73302, 28.23968], [85.73208, 28.23985], [85.73113, 28.24001], [85.73042, 28.24008], [85.72889, 28.23953], [85.7281, 28.2384], [85.72771, 28.23699], [85.72803, 28.23658], [85.72874, 28.23689], [85.72942, 28.23725], [85.72985, 28.23697], [85.72853, 28.23539], [85.72752, 28.23432], [85.72726, 28.2339], [85.72732, 28.23347], [85.72786, 28.23285], [85.72901, 28.23241], [85.73001, 28.23274], [85.7303, 28.23292], [85.73065, 28.23307], [85.73083, 28.23297], [85.73065, 28.23251], [85.73029, 28.23226], [85.72991, 28.23191], [85.73004, 28.23149], [85.7303, 28.23135], [85.73072, 28.2314], [85.73106, 28.23118], [85.73186, 28.23096], [85.73237, 28.23082], [85.73265, 28.23097], [85.73286, 28.23105], [85.73306, 28.23083], [85.73341, 28.23068], [85.73395, 28.23078], [85.7343, 28.23114], [85.7348, 28.23199], [85.73502, 28.23267], [85.73484, 28.23348], [85.73542, 28.23445], [85.7358, 28.23475], [85.73639, 28.23473], [85.73699, 28.23431], [85.73757, 28.23406], [85.73807, 28.23382], [85.73808, 28.23338], [85.73843, 28.23321], [85.73888, 28.23352], [85.74014, 28.23355], [85.74106, 28.23363], [85.74129, 28.23331], [85.74122, 28.23297], [85.74069, 28.23249], [85.74037, 28.23239], [85.73973, 28.23249], [85.73903, 28.23236], [85.73855, 28.23184], [85.73838, 28.2315], [85.7375, 28.23148], [85.73682, 28.23124], [85.73618, 28.23095], [85.73558, 28.23044], [85.73537, 28.2302], [85.73543, 28.23002], [85.73584, 28.22998], [85.73688, 28.2303], [85.73784, 28.23021], [85.73859, 28.23057], [85.73882, 28.23013], [85.73906, 28.22994], [85.74144, 28.2307], [85.74207, 28.2309], [85.74266, 28.23083], [85.74297, 28.23128], [85.74322, 28.23166], [85.74341, 28.2317], [85.74416, 28.2313], [85.74514, 28.23087], [85.74553, 28.23043], [85.74554, 28.22999], [85.74525, 28.22973], [85.74451, 28.22942], [85.74394, 28.22941], [85.74341, 28.22954], [85.74274, 28.22936], [85.74201, 28.22878], [85.74174, 28.22872], [85.74125, 28.22888], [85.74095, 28.22889], [85.74027, 28.22856], [85.7401, 28.2282], [85.73993, 28.22813], [85.7396, 28.22824], [85.73838, 28.22828], [85.73778, 28.22844], [85.73703, 28.22816], [85.73572, 28.22715], [85.73445, 28.22611], [85.733, 28.22607], [85.73089, 28.22668], [85.73018, 28.22726], [85.72906, 28.22862], [85.7267, 28.22911], [85.72246, 28.23028], [85.72118, 28.23102], [85.71931, 28.23382], [85.71614, 28.23671], [85.71146, 28.24107], [85.71055, 28.24257], [85.71066, 28.24296], [85.71154, 28.24337], [85.71553, 28.24689], [85.72066, 28.25093], [85.72389, 28.25541], [85.72498, 28.25954], [85.72686, 28.26643], [85.7275, 28.27246], [85.72705, 28.27764], [85.72499, 28.2819], [85.72143, 28.28648], [85.7156, 28.29247], [85.71371, 28.29494], [85.71358, 28.29673], [85.71373, 28.29958], [85.71363, 28.30252], [85.71292, 28.30448], [85.71266, 28.30834], [85.71311, 28.30868], [85.71441, 28.30931], [85.71619, 28.31073], [85.71709, 28.31109], [85.71843, 28.31142], [85.71882, 28.31178], [85.71899, 28.31229], [85.71968, 28.3126], [85.72008, 28.3131], [85.72061, 28.3132], [85.72127, 28.31299], [85.72242, 28.31277], [85.7242, 28.31304], [85.72503, 28.31307], [85.72581, 28.31234], [85.72661, 28.31215], [85.7275, 28.31229], [85.7286, 28.31312], [85.7292, 28.31341], [85.73015, 28.31344], [85.73045, 28.31322], [85.73065, 28.31261], [85.73009, 28.31181], [85.72938, 28.31127], [85.72953, 28.31031], [85.72946, 28.3094], [85.7287, 28.30869], [85.72711, 28.30884], [85.72514, 28.3098], [85.72436, 28.31023], [85.72368, 28.31024], [85.7234, 28.30986], [85.72408, 28.30867], [85.72415, 28.30779], [85.72477, 28.30708], [85.72574, 28.30692], [85.72583, 28.30573], [85.72622, 28.30557], [85.72767, 28.30575], [85.72838, 28.3055], [85.72872, 28.30506], [85.73033, 28.30414], [85.73201, 28.30316], [85.73351, 28.30257], [85.73507, 28.30218], [85.73537, 28.3035], [85.73442, 28.30495], [85.73367, 28.30587], [85.73318, 28.3069], [85.73287, 28.30792], [85.73314, 28.30818], [85.73343, 28.3077], [85.73394, 28.30739], [85.73426, 28.30738], [85.73521, 28.30806], [85.73583, 28.30955], [85.73576, 28.31241], [85.73575, 28.31404], [85.73462, 28.31503], [85.73105, 28.31657], [85.72735, 28.31756], [85.72552, 28.31834], [85.72464, 28.31966], [85.7226, 28.32113], [85.72174, 28.32137], [85.7209, 28.32097], [85.71977, 28.32038], [85.71895, 28.3192], [85.7182, 28.31787], [85.71798, 28.31732], [85.71755, 28.31649], [85.71734, 28.31621], [85.71695, 28.31604], [85.71674, 28.31603], [85.71656, 28.31602], [85.71641, 28.31594], [85.71642, 28.3158], [85.71654, 28.31564], [85.71687, 28.31565], [85.7172, 28.31567], [85.71772, 28.31559], [85.71783, 28.31541], [85.71768, 28.31526], [85.71672, 28.3148], [85.71568, 28.3143], [85.71434, 28.31369], [85.71409, 28.3133], [85.71399, 28.3127], [85.71367, 28.31206], [85.7132, 28.31166], [85.71088, 28.31104], [85.71077, 28.31122], [85.70695, 28.31571], [85.70268, 28.31975], [85.69927, 28.32237], [85.69818, 28.32426], [85.69803, 28.3266], [85.69883, 28.33205], [85.70031, 28.33543], [85.70163, 28.33553], [85.7032, 28.33504], [85.70421, 28.33451], [85.7041, 28.33406], [85.70331, 28.3332], [85.70308, 28.33247], [85.70343, 28.33212], [85.7041, 28.33202], [85.70596, 28.33222], [85.70856, 28.33199], [85.70974, 28.33165], [85.71199, 28.33157], [85.71373, 28.33084], [85.71639, 28.33111], [85.71901, 28.33115], [85.7219, 28.33221], [85.72247, 28.33326], [85.72258, 28.33459], [85.72268, 28.335], [85.72287, 28.33513], [85.72318, 28.33488], [85.72343, 28.33396], [85.7243, 28.33255], [85.72458, 28.3315], [85.72419, 28.33074], [85.72499, 28.32919], [85.72565, 28.3288], [85.72615, 28.32898], [85.72656, 28.32938], [85.72698, 28.33072], [85.72732, 28.33196], [85.72763, 28.33222], [85.72793, 28.33309], [85.72867, 28.33366], [85.72906, 28.33453], [85.73073, 28.33589], [85.73109, 28.33695], [85.73108, 28.33788], [85.73092, 28.33846], [85.73027, 28.33874], [85.72934, 28.33928], [85.72914, 28.33955], [85.72922, 28.33999], [85.72932, 28.34002], [85.72957, 28.33973], [85.73044, 28.33925], [85.73112, 28.33899], [85.73144, 28.33899], [85.73148, 28.3392], [85.73127, 28.33973], [85.7296, 28.34047], [85.72855, 28.34094], [85.7278, 28.34163], [85.72693, 28.34142], [85.72617, 28.34093], [85.72628, 28.34031], [85.72655, 28.34015], [85.72663, 28.33998], [85.72639, 28.33972], [85.72648, 28.33908], [85.72654, 28.33886], [85.72628, 28.33878], [85.72566, 28.33885], [85.72457, 28.33925], [85.72425, 28.33957], [85.72327, 28.33986], [85.7221, 28.33995], [85.72027, 28.33979], [85.71941, 28.33986], [85.71928, 28.34], [85.71952, 28.34015], [85.71984, 28.34015], [85.72085, 28.34028], [85.72252, 28.34096], [85.72412, 28.34111], [85.72512, 28.34167], [85.72567, 28.34229], [85.72674, 28.34258], [85.7274, 28.34332], [85.72735, 28.34425], [85.72685, 28.34463], [85.72684, 28.34529], [85.72684, 28.34577], [85.72661, 28.34597], [85.7259, 28.346], [85.72505, 28.3464], [85.72423, 28.34645], [85.72373, 28.34629], [85.72326, 28.34649], [85.72276, 28.34668], [85.72238, 28.34717], [85.72186, 28.34784], [85.7215, 28.34802], [85.72145, 28.34818], [85.72156, 28.34861], [85.72154, 28.34874], [85.7218, 28.34878], [85.72232, 28.34885], [85.72283, 28.349], [85.7232, 28.34875], [85.72405, 28.34878], [85.72479, 28.34871], [85.72526, 28.34835], [85.72561, 28.34821], [85.72578, 28.34832], [85.72607, 28.34878], [85.72622, 28.3491], [85.72625, 28.34961], [85.72592, 28.35018], [85.72503, 28.35057], [85.72462, 28.35092], [85.72428, 28.35107], [85.72362, 28.35077], [85.72335, 28.35035], [85.72306, 28.35039], [85.72255, 28.35056], [85.72191, 28.35049], [85.72126, 28.35036], [85.72109, 28.35007], [85.72066, 28.34943], [85.72037, 28.3491], [85.72, 28.34906], [85.71956, 28.34921], [85.71907, 28.34947], [85.71788, 28.34949], [85.71503, 28.34881], [85.71388, 28.34814], [85.71367, 28.34761], [85.71368, 28.34717], [85.713, 28.3465], [85.7129, 28.34621], [85.71327, 28.34583], [85.71352, 28.3457], [85.71377, 28.3458], [85.71431, 28.34575], [85.71471, 28.34551], [85.71506, 28.34505], [85.71533, 28.34406], [85.71532, 28.34393], [85.71519, 28.34386], [85.71466, 28.34386], [85.7138, 28.34415], [85.71329, 28.34418], [85.71298, 28.34398], [85.7129, 28.34369], [85.7144, 28.343], [85.71557, 28.34258], [85.71586, 28.3423], [85.71607, 28.34168], [85.71592, 28.34089], [85.71646, 28.34052], [85.71656, 28.34022], [85.71635, 28.33974], [85.71744, 28.33909], [85.71766, 28.33867], [85.7176, 28.33824], [85.71822, 28.33801], [85.71923, 28.33787], [85.71994, 28.33756], [85.72055, 28.33727], [85.72062, 28.337], [85.72014, 28.3368], [85.7189, 28.33694], [85.71792, 28.33754], [85.71692, 28.33802], [85.71623, 28.33852], [85.7151, 28.33845], [85.71254, 28.33772], [85.71143, 28.33758], [85.70991, 28.33786], [85.70744, 28.33854], [85.70507, 28.3389], [85.7044, 28.33895], [85.70344, 28.33864], [85.70279, 28.33792], [85.70202, 28.33792], [85.70168, 28.33818], [85.70235, 28.33907], [85.70447, 28.34458], [85.7045, 28.35012], [85.70378, 28.35263], [85.70354, 28.3545], [85.70379, 28.35595], [85.70481, 28.35697], [85.70671, 28.3576], [85.70803, 28.35765], [85.70906, 28.35813], [85.70985, 28.3582], [85.71015, 28.35789], [85.71072, 28.35778], [85.71121, 28.35751], [85.71197, 28.35724], [85.71258, 28.35721], [85.71297, 28.35765], [85.71256, 28.3584], [85.71241, 28.35923], [85.71252, 28.35957], [85.71276, 28.3596], [85.71315, 28.35967], [85.71338, 28.3598], [85.71391, 28.36036], [85.71436, 28.36055], [85.71474, 28.36039], [85.71591, 28.36036], [85.71702, 28.36084], [85.71717, 28.36122], [85.71705, 28.36191], [85.71674, 28.36225], [85.71591, 28.36271], [85.71459, 28.36271], [85.7142, 28.36289], [85.71375, 28.36337], [85.71291, 28.36387], [85.71267, 28.36417], [85.71259, 28.36487], [85.71226, 28.36598], [85.71146, 28.36678], [85.71065, 28.36723], [85.71008, 28.36796], [85.71008, 28.36866], [85.70982, 28.36913], [85.70925, 28.36948], [85.70851, 28.36985], [85.7073, 28.37125], [85.7063, 28.3731], [85.70614, 28.37431], [85.7061, 28.37513], [85.70564, 28.37598], [85.70542, 28.37671], [85.705, 28.37699], [85.70435, 28.37734], [85.70411, 28.37782], [85.704, 28.37848], [85.7041, 28.37876], [85.70453, 28.379], [85.70463, 28.37941], [85.70496, 28.37992], [85.70498, 28.38027], [85.70489, 28.38059], [85.70471, 28.38069], [85.70428, 28.38078], [85.70378, 28.38061], [85.70302, 28.37981], [85.70261, 28.37928], [85.70201, 28.37911], [85.70183, 28.37893], [85.70177, 28.37828], [85.70201, 28.37729], [85.70198, 28.37681], [85.70148, 28.37632], [85.70115, 28.37574], [85.7012, 28.3754], [85.70109, 28.37484], [85.70064, 28.37457], [85.70021, 28.3744], [85.69994, 28.37448], [85.69975, 28.37459], [85.69986, 28.3749], [85.70073, 28.37574], [85.7011, 28.37674], [85.7013, 28.37774], [85.701, 28.37826], [85.70066, 28.37858], [85.70032, 28.37852], [85.70024, 28.37796], [85.69994, 28.37778], [85.69902, 28.37856], [85.69807, 28.37937], [85.69783, 28.38019], [85.69822, 28.38094], [85.69886, 28.38149], [85.69891, 28.38206], [85.6986, 28.38261], [85.6988, 28.38344], [85.69779, 28.38383], [85.6968, 28.38372], [85.6963, 28.38281], [85.69638, 28.3821], [85.69614, 28.38182], [85.69566, 28.3816], [85.69525, 28.38129], [85.69509, 28.38079], [85.69464, 28.38012], [85.69461, 28.3797], [85.69405, 28.37888], [85.69337, 28.37824], [85.6926, 28.37791], [85.69223, 28.37735], [85.69198, 28.37715], [85.69172, 28.37713], [85.6916, 28.37716], [85.69124, 28.37713], [85.69031, 28.37665], [85.69003, 28.3765], [85.68949, 28.37631], [85.68927, 28.37625], [85.68877, 28.37589], [85.68764, 28.37534], [85.68645, 28.37503], [85.68556, 28.37448], [85.68503, 28.3741], [85.6845, 28.37397], [85.6842, 28.37408], [85.68394, 28.37429], [85.68373, 28.37431], [85.68322, 28.37375], [85.68289, 28.3731], [85.68251, 28.3723], [85.68158, 28.37162], [85.68157, 28.37117], [85.68194, 28.37027], [85.6827, 28.36979], [85.68358, 28.36991], [85.68376, 28.37042], [85.68421, 28.37072], [85.6853, 28.37094], [85.68664, 28.37202], [85.68694, 28.37219], [85.68718, 28.37212], [85.687, 28.37159], [85.68614, 28.37032], [85.68574, 28.36964], [85.68637, 28.3683], [85.68751, 28.36746], [85.68882, 28.36622], [85.6893, 28.36521], [85.69061, 28.36424], [85.69164, 28.36298], [85.69212, 28.3622], [85.69245, 28.362], [85.69274, 28.36213], [85.69276, 28.36249], [85.69268, 28.36289], [85.69292, 28.36321], [85.69399, 28.3637], [85.69558, 28.36416], [85.69592, 28.3647], [85.69595, 28.36525], [85.69483, 28.36586], [85.69375, 28.36596], [85.69312, 28.36632], [85.69307, 28.36696], [85.69326, 28.36789], [85.69381, 28.3683], [85.69463, 28.36912], [85.69448, 28.36975], [85.69464, 28.37007], [85.69516, 28.37009], [85.69587, 28.36969], [85.69712, 28.36936], [85.6979, 28.36945], [85.69878, 28.36886], [85.69913, 28.36836], [85.69875, 28.36575], [85.69842, 28.36504], [85.69752, 28.36361], [85.69641, 28.3607], [85.69586, 28.35453], [85.6923, 28.35638], [85.69076, 28.35679], [85.68905, 28.35676], [85.68701, 28.35663], [85.68521, 28.35607], [85.68429, 28.35643], [85.68411, 28.35679], [85.68411, 28.35756], [85.68607, 28.36026], [85.68635, 28.36314], [85.68587, 28.3642], [85.68552, 28.3646], [85.6846, 28.36474], [85.68372, 28.3644], [85.68315, 28.36459], [85.68307, 28.36505], [85.68329, 28.36635], [85.68275, 28.36814], [85.68239, 28.3689], [85.68178, 28.36958], [85.68124, 28.37017], [85.68055, 28.37057], [85.67959, 28.37024], [85.67933, 28.36937], [85.67978, 28.36877], [85.67994, 28.3682], [85.68021, 28.36697], [85.68005, 28.36532], [85.67924, 28.36392], [85.67825, 28.36326], [85.67765, 28.363], [85.67726, 28.36256], [85.6771, 28.36184], [85.67633, 28.36108], [85.67476, 28.36027], [85.67147, 28.35945], [85.66996, 28.35909], [85.66963, 28.35925], [85.66971, 28.36012], [85.66948, 28.36088], [85.66873, 28.36091], [85.66737, 28.35926], [85.66592, 28.35785], [85.66506, 28.35671], [85.66429, 28.35538], [85.66407, 28.35384], [85.66441, 28.35242], [85.66479, 28.35145], [85.66538, 28.35093], [85.66678, 28.35073], [85.66964, 28.35021], [85.67016, 28.34992], [85.67204, 28.34936], [85.67258, 28.3485], [85.67356, 28.34851], [85.67432, 28.3487], [85.67534, 28.34852]]]}}, {"type": "Feature", "properties": {"km2": 0.267, "name": null, "near_source_5km": false}, "geometry": {"type": "Polygon", "coordinates": [[[85.47757, 28.2473], [85.47798, 28.24785], [85.47789, 28.24819], [85.47764, 28.24847], [85.47722, 28.24886], [85.47656, 28.24951], [85.47587, 28.24986], [85.47562, 28.24987], [85.47514, 28.24976], [85.47495, 28.24971], [85.47303, 28.24928], [85.47228, 28.24839], [85.47241, 28.24808], [85.47247, 28.24788], [85.4724, 28.24755], [85.47217, 28.24725], [85.47175, 28.24689], [85.47149, 28.24652], [85.47146, 28.24631], [85.47157, 28.24598], [85.47183, 28.24576], [85.47324, 28.24562], [85.47345, 28.24537], [85.47366, 28.24532], [85.47447, 28.2453], [85.47472, 28.24502], [85.47486, 28.24483], [85.4753, 28.24472], [85.47591, 28.24454], [85.47655, 28.24433], [85.47713, 28.2444], [85.4773, 28.24461], [85.47742, 28.24562], [85.47776, 28.24609], [85.47789, 28.24644], [85.47786, 28.24677], [85.47771, 28.24711], [85.47757, 28.2473]]]}}, {"type": "Feature", "properties": {"km2": 12.157, "name": "Chumsundo Glacier", "near_source_5km": false}, "geometry": {"type": "Polygon", "coordinates": [[[85.64266, 28.33995], [85.64294, 28.34024], [85.64323, 28.3404], [85.64329, 28.34059], [85.64309, 28.34067], [85.64277, 28.34069], [85.64255, 28.34098], [85.64231, 28.34131], [85.64174, 28.34141], [85.64138, 28.34157], [85.64082, 28.34173], [85.64049, 28.34213], [85.64079, 28.34234], [85.64136, 28.34253], [85.6417, 28.34263], [85.6416, 28.34279], [85.64137, 28.34286], [85.64082, 28.34284], [85.64008, 28.34262], [85.63948, 28.34301], [85.63912, 28.34348], [85.63889, 28.34422], [85.63906, 28.34469], [85.63968, 28.34519], [85.64036, 28.34546], [85.64084, 28.3457], [85.64144, 28.34625], [85.64184, 28.34656], [85.64226, 28.34669], [85.64293, 28.34661], [85.64327, 28.34646], [85.64341, 28.34597], [85.64348, 28.34551], [85.644, 28.34538], [85.64522, 28.34553], [85.64593, 28.34573], [85.64648, 28.34642], [85.64681, 28.34706], [85.64712, 28.34738], [85.64778, 28.34777], [85.64838, 28.34816], [85.64859, 28.34876], [85.64859, 28.34947], [85.64931, 28.35062], [85.64942, 28.35146], [85.64981, 28.3519], [85.64996, 28.35197], [85.65049, 28.35211], [85.65082, 28.35239], [85.65112, 28.35281], [85.65146, 28.35354], [85.6521, 28.35397], [85.6528, 28.3542], [85.65387, 28.35422], [85.65444, 28.35406], [85.65506, 28.35359], [85.65523, 28.35296], [85.65487, 28.35205], [85.6543, 28.35126], [85.65388, 28.35062], [85.65411, 28.35009], [85.65462, 28.34988], [85.65511, 28.35011], [85.65543, 28.3505], [85.65543, 28.35087], [85.65547, 28.35121], [85.65637, 28.3517], [85.65742, 28.35213], [85.65834, 28.35224], [85.65881, 28.35219], [85.65945, 28.35169], [85.66022, 28.35066], [85.66168, 28.34923], [85.66272, 28.3488], [85.66356, 28.34839], [85.66428, 28.34837], [85.66517, 28.34835], [85.66605, 28.34794], [85.66631, 28.34757], [85.66644, 28.34679], [85.66651, 28.3457], [85.66643, 28.34512], [85.66559, 28.34398], [85.66484, 28.34287], [85.66437, 28.3419], [85.66423, 28.34141], [85.66433, 28.34061], [85.66389, 28.33981], [85.66398, 28.33799], [85.66408, 28.3372], [85.66375, 28.33655], [85.66299, 28.33608], [85.66215, 28.33611], [85.66124, 28.33628], [85.66032, 28.33675], [85.65978, 28.33725], [85.65848, 28.33752], [85.65808, 28.33738], [85.65772, 28.33592], [85.65783, 28.33516], [85.65812, 28.33447], [85.65883, 28.33402], [85.65945, 28.33393], [85.66012, 28.33393], [85.66078, 28.33418], [85.66129, 28.33421], [85.66175, 28.33384], [85.66183, 28.333], [85.66175, 28.33249], [85.66154, 28.33093], [85.66078, 28.32919], [85.65943, 28.32789], [85.65835, 28.32767], [85.65732, 28.32789], [85.6561, 28.32872], [85.65465, 28.32944], [85.65333, 28.32988], [85.6529, 28.33006], [85.65234, 28.32979], [85.65236, 28.32944], [85.65261, 28.32929], [85.65326, 28.32914], [85.65391, 28.3289], [85.65497, 28.32819], [85.65736, 28.32591], [85.65855, 28.32494], [85.6582, 28.32469], [85.65767, 28.3242], [85.65739, 28.32411], [85.65703, 28.32382], [85.65649, 28.32414], [85.6561, 28.32406], [85.65568, 28.32365], [85.65483, 28.32229], [85.65414, 28.32175], [85.6533, 28.32133], [85.65216, 28.32049], [85.65082, 28.31948], [85.64994, 28.31897], [85.64906, 28.31909], [85.64862, 28.31948], [85.64843, 28.3203], [85.64867, 28.32148], [85.64934, 28.32222], [85.65017, 28.32288], [85.65068, 28.3232], [85.65219, 28.32408], [85.65306, 28.32555], [85.65341, 28.32667], [85.65314, 28.32777], [85.65222, 28.32846], [85.65125, 28.32884], [85.65054, 28.32881], [85.64895, 28.32838], [85.64714, 28.32703], [85.6463, 28.3256], [85.64532, 28.32305], [85.64492, 28.32], [85.64408, 28.31822], [85.6437, 28.31619], [85.64262, 28.31277], [85.64192, 28.30984], [85.64094, 28.3061], [85.64016, 28.30446], [85.63954, 28.30329], [85.63899, 28.30186], [85.63918, 28.29999], [85.63871, 28.29715], [85.63927, 28.297], [85.63963, 28.29682], [85.63981, 28.29655], [85.6399, 28.29612], [85.64009, 28.29604], [85.64101, 28.29653], [85.64157, 28.29653], [85.64215, 28.29637], [85.64286, 28.29626], [85.64382, 28.29636], [85.64486, 28.29673], [85.64569, 28.29702], [85.64643, 28.2975], [85.64688, 28.29825], [85.64731, 28.29874], [85.64794, 28.29913], [85.64931, 28.30007], [85.64965, 28.30054], [85.65005, 28.30129], [85.65047, 28.30181], [85.65135, 28.30261], [85.65178, 28.30328], [85.65258, 28.30416], [85.65351, 28.30472], [85.65439, 28.30521], [85.65503, 28.30573], [85.65559, 28.30627], [85.65559, 28.30678], [85.65543, 28.30708], [85.65517, 28.30729], [85.65488, 28.30773], [85.65512, 28.30802], [85.65566, 28.30831], [85.65633, 28.30848], [85.65733, 28.30842], [85.6578, 28.30815], [85.65851, 28.30745], [85.65935, 28.30593], [85.65942, 28.30474], [85.65914, 28.30381], [85.65858, 28.30267], [85.65776, 28.3012], [85.65635, 28.30003], [85.6538, 28.29816], [85.65207, 28.29693], [85.65062, 28.29608], [85.64997, 28.29525], [85.64954, 28.29465], [85.64925, 28.29434], [85.64855, 28.29402], [85.64782, 28.29406], [85.64597, 28.29368], [85.64493, 28.2935], [85.6434, 28.2935], [85.64228, 28.29318], [85.64065, 28.29319], [85.63994, 28.29361], [85.63975, 28.29407], [85.63865, 28.29406], [85.63794, 28.29406], [85.63759, 28.29415], [85.63515, 28.29124], [85.63242, 28.28822], [85.63127, 28.28637], [85.62821, 28.28431], [85.62467, 28.28297], [85.62136, 28.2817], [85.61804, 28.28078], [85.61404, 28.27909], [85.61176, 28.27813], [85.60939, 28.27719], [85.60673, 28.27593], [85.60518, 28.27529], [85.60392, 28.2749], [85.60281, 28.27408], [85.60298, 28.27361], [85.60347, 28.27282], [85.60446, 28.27235], [85.60563, 28.27206], [85.60676, 28.27183], [85.60688, 28.27146], [85.60669, 28.27074], [85.60602, 28.2697], [85.60486, 28.26896], [85.60365, 28.26857], [85.60093, 28.26832], [85.59933, 28.26835], [85.59751, 28.26857], [85.59606, 28.26883], [85.5966, 28.26837], [85.59672, 28.268], [85.59645, 28.26769], [85.5961, 28.26754], [85.59551, 28.26727], [85.59507, 28.26662], [85.59507, 28.26619], [85.59524, 28.26549], [85.59538, 28.26497], [85.59531, 28.26412], [85.59473, 28.26359], [85.59349, 28.26351], [85.5925, 28.26359], [85.59171, 28.26387], [85.59098, 28.26456], [85.5907, 28.26523], [85.59071, 28.26594], [85.59098, 28.26642], [85.59111, 28.26698], [85.59113, 28.26754], [85.59107, 28.26943], [85.59088, 28.27056], [85.5899, 28.27236], [85.58837, 28.27359], [85.58449, 28.27563], [85.57868, 28.27987], [85.57635, 28.28232], [85.57125, 28.28609], [85.57094, 28.28686], [85.57104, 28.28728], [85.57118, 28.28756], [85.57182, 28.28787], [85.57213, 28.28883], [85.57222, 28.28972], [85.57492, 28.28873], [85.57669, 28.28676], [85.57998, 28.28422], [85.58446, 28.28159], [85.58712, 28.28042], [85.58802, 28.27997], [85.58923, 28.27896], [85.59244, 28.27647], [85.59385, 28.27541], [85.59511, 28.27473], [85.59653, 28.27394], [85.59746, 28.27375], [85.59865, 28.27374], [85.59985, 28.27414], [85.60119, 28.27464], [85.6029, 28.27613], [85.60449, 28.27756], [85.60733, 28.28019], [85.61112, 28.28233], [85.6138, 28.28343], [85.61553, 28.28405], [85.6178, 28.28488], [85.61915, 28.28572], [85.62194, 28.28755], [85.62545, 28.29048], [85.6281, 28.29265], [85.62905, 28.29405], [85.63057, 28.29503], [85.63219, 28.29612], [85.63384, 28.29744], [85.63462, 28.29882], [85.63511, 28.30068], [85.63621, 28.30315], [85.63694, 28.30598], [85.63791, 28.30927], [85.63885, 28.31481], [85.64012, 28.3192], [85.64153, 28.32546], [85.64264, 28.32867], [85.64405, 28.33115], [85.64553, 28.33322], [85.64748, 28.335], [85.64741, 28.3358], [85.64733, 28.33631], [85.64707, 28.33678], [85.6463, 28.33732], [85.64563, 28.33745], [85.64465, 28.33718], [85.644, 28.3376], [85.643, 28.33876], [85.64266, 28.33995]]]}}, {"type": "Feature", "properties": {"km2": 0.722, "name": null, "near_source_5km": false}, "geometry": {"type": "Polygon", "coordinates": [[[85.61091, 28.30219], [85.61088, 28.30174], [85.61083, 28.30139], [85.61073, 28.30126], [85.61047, 28.30132], [85.61038, 28.30155], [85.61031, 28.30201], [85.6102, 28.30228], [85.61002, 28.30246], [85.60964, 28.30247], [85.60947, 28.30231], [85.60916, 28.30222], [85.60899, 28.30227], [85.60901, 28.30249], [85.60932, 28.30271], [85.60958, 28.303], [85.60955, 28.30365], [85.60922, 28.30429], [85.60903, 28.30463], [85.60869, 28.30475], [85.60788, 28.30471], [85.60591, 28.30438], [85.60502, 28.30416], [85.60457, 28.30382], [85.6044, 28.30343], [85.60454, 28.30304], [85.60481, 28.30297], [85.60553, 28.30356], [85.60621, 28.30377], [85.60668, 28.30364], [85.60683, 28.30335], [85.60687, 28.30297], [85.60638, 28.30228], [85.60597, 28.30205], [85.60587, 28.30181], [85.60596, 28.30161], [85.60659, 28.30154], [85.60701, 28.30158], [85.60728, 28.30161], [85.60758, 28.30105], [85.60755, 28.3006], [85.60748, 28.30005], [85.60694, 28.2994], [85.60642, 28.2993], [85.60585, 28.2994], [85.60532, 28.29948], [85.60496, 28.2994], [85.60479, 28.29882], [85.60494, 28.29837], [85.60496, 28.29803], [85.60491, 28.2976], [85.605, 28.29703], [85.60513, 28.29647], [85.60533, 28.29627], [85.60564, 28.29627], [85.60586, 28.29651], [85.60615, 28.29683], [85.60647, 28.29686], [85.6069, 28.29629], [85.60709, 28.29539], [85.60742, 28.29505], [85.60816, 28.29504], [85.60897, 28.29535], [85.60951, 28.29573], [85.60957, 28.29616], [85.60991, 28.2965], [85.61037, 28.29682], [85.61068, 28.29701], [85.61111, 28.29707], [85.6116, 28.29709], [85.61198, 28.29722], [85.61183, 28.29763], [85.61164, 28.29837], [85.61164, 28.29884], [85.61197, 28.29897], [85.61226, 28.29884], [85.61255, 28.29822], [85.61288, 28.29767], [85.61301, 28.29711], [85.61297, 28.29673], [85.61251, 28.29637], [85.6123, 28.29615], [85.61257, 28.29594], [85.61298, 28.29597], [85.6133, 28.29607], [85.61352, 28.29653], [85.61343, 28.29718], [85.61325, 28.2984], [85.61343, 28.29982], [85.61351, 28.30013], [85.61364, 28.30069], [85.61344, 28.30106], [85.61307, 28.30149], [85.61305, 28.3019], [85.61311, 28.30227], [85.61357, 28.30298], [85.61406, 28.30337], [85.61448, 28.30391], [85.61456, 28.30441], [85.61444, 28.30467], [85.61436, 28.30491], [85.61444, 28.30512], [85.61476, 28.30559], [85.61485, 28.30605], [85.6151, 28.30664], [85.61516, 28.30716], [85.61468, 28.30762], [85.61345, 28.30696], [85.61279, 28.30668], [85.61101, 28.30578], [85.61048, 28.30542], [85.61044, 28.30499], [85.6106, 28.30437], [85.61098, 28.30393], [85.61109, 28.30369], [85.61115, 28.30318], [85.61091, 28.30219]]]}}, {"type": "Feature", "properties": {"km2": 2.154, "name": null, "near_source_5km": false}, "geometry": {"type": "Polygon", "coordinates": [[[85.62767, 28.33849], [85.62556, 28.33992], [85.62311, 28.34161], [85.62309, 28.34174], [85.62299, 28.34184], [85.6228, 28.34194], [85.62247, 28.34195], [85.62226, 28.34198], [85.62197, 28.34231], [85.62174, 28.3425], [85.62122, 28.34262], [85.62066, 28.34291], [85.62016, 28.34309], [85.61961, 28.34309], [85.6187, 28.34337], [85.61848, 28.34353], [85.61824, 28.34362], [85.61792, 28.34364], [85.61771, 28.34365], [85.61754, 28.34368], [85.61731, 28.34379], [85.61697, 28.34403], [85.61659, 28.34419], [85.61637, 28.34441], [85.61562, 28.3452], [85.61485, 28.34604], [85.61442, 28.34633], [85.61384, 28.34695], [85.61366, 28.34718], [85.61357, 28.34736], [85.61353, 28.34758], [85.61354, 28.34763], [85.61359, 28.34773], [85.61362, 28.34776], [85.61366, 28.34779], [85.6138, 28.34781], [85.61397, 28.34781], [85.61406, 28.3478], [85.61424, 28.34778], [85.6143, 28.34786], [85.61436, 28.34796], [85.61439, 28.34802], [85.61448, 28.34802], [85.61465, 28.34792], [85.61473, 28.34777], [85.61485, 28.34778], [85.61495, 28.34785], [85.6151, 28.34793], [85.61558, 28.3481], [85.61579, 28.34814], [85.61661, 28.3482], [85.61727, 28.34848], [85.61752, 28.34859], [85.61788, 28.34878], [85.61797, 28.34897], [85.6181, 28.34913], [85.61807, 28.3493], [85.61789, 28.3497], [85.61766, 28.35028], [85.61766, 28.35048], [85.61772, 28.3507], [85.61804, 28.3507], [85.61812, 28.35071], [85.61829, 28.35078], [85.61841, 28.35094], [85.61851, 28.35106], [85.61862, 28.35119], [85.61892, 28.35106], [85.61909, 28.35083], [85.61924, 28.35064], [85.61964, 28.35012], [85.61971, 28.34983], [85.61974, 28.34957], [85.61972, 28.34923], [85.61969, 28.34891], [85.61974, 28.34879], [85.61982, 28.34855], [85.62048, 28.34853], [85.62087, 28.34845], [85.62101, 28.34846], [85.62122, 28.34853], [85.62132, 28.34864], [85.6214, 28.34877], [85.62164, 28.34887], [85.62209, 28.349], [85.62256, 28.34911], [85.62296, 28.34937], [85.62308, 28.34951], [85.62323, 28.34973], [85.62334, 28.34995], [85.62345, 28.35018], [85.6234, 28.35038], [85.62329, 28.35052], [85.62301, 28.35073], [85.62271, 28.35091], [85.62208, 28.35101], [85.62089, 28.3512], [85.62031, 28.35132], [85.6194, 28.35136], [85.619, 28.3513], [85.61875, 28.35134], [85.6184, 28.35169], [85.61826, 28.35193], [85.61825, 28.35208], [85.61827, 28.35218], [85.61821, 28.35232], [85.61819, 28.35238], [85.61809, 28.35247], [85.61799, 28.35255], [85.61794, 28.35267], [85.61798, 28.35277], [85.61838, 28.35311], [85.61877, 28.35336], [85.62006, 28.35395], [85.62078, 28.35415], [85.62147, 28.35426], [85.62238, 28.35409], [85.62378, 28.35387], [85.62553, 28.3532], [85.62664, 28.35284], [85.62738, 28.35226], [85.62859, 28.3514], [85.62917, 28.35109], [85.62988, 28.35045], [85.63031, 28.35002], [85.63079, 28.34993], [85.6312, 28.34988], [85.63166, 28.34972], [85.63181, 28.34958], [85.63196, 28.34938], [85.63219, 28.34929], [85.63227, 28.34936], [85.63226, 28.34964], [85.63216, 28.34983], [85.63214, 28.35018], [85.63255, 28.35043], [85.63283, 28.3504], [85.63306, 28.35019], [85.63314, 28.34984], [85.63309, 28.34934], [85.63292, 28.34874], [85.63283, 28.34837], [85.63292, 28.34812], [85.63319, 28.34805], [85.63323, 28.34814], [85.63319, 28.34831], [85.6332, 28.34846], [85.63339, 28.34869], [85.63368, 28.34872], [85.63397, 28.34863], [85.63444, 28.34826], [85.63479, 28.34769], [85.63485, 28.34714], [85.63471, 28.34665], [85.63398, 28.34601], [85.63377, 28.34546], [85.63392, 28.34508], [85.6343, 28.34484], [85.63521, 28.34463], [85.63572, 28.34406], [85.63588, 28.34334], [85.63576, 28.34283], [85.63551, 28.3426], [85.63487, 28.34234], [85.63456, 28.3423], [85.63412, 28.34197], [85.63373, 28.34115], [85.63344, 28.34044], [85.63335, 28.34008], [85.63266, 28.33867], [85.63135, 28.33832], [85.62963, 28.33857], [85.62838, 28.33867], [85.62767, 28.33849]]]}}, {"type": "Feature", "properties": {"km2": 3.345, "name": null, "near_source_5km": false}, "geometry": {"type": "Polygon", "coordinates": [[[85.617, 28.32377], [85.61678, 28.32341], [85.61655, 28.32241], [85.61652, 28.3204], [85.61624, 28.31948], [85.61628, 28.31874], [85.61672, 28.3175], [85.61681, 28.3169], [85.61652, 28.31639], [85.61621, 28.31586], [85.61615, 28.31561], [85.61622, 28.31539], [85.61645, 28.31504], [85.61648, 28.31417], [85.61586, 28.31293], [85.6155, 28.31255], [85.61517, 28.31239], [85.61448, 28.31244], [85.61388, 28.3127], [85.61296, 28.31297], [85.61203, 28.3129], [85.61116, 28.31268], [85.60953, 28.31201], [85.60815, 28.31168], [85.60758, 28.31153], [85.60628, 28.31124], [85.60589, 28.31129], [85.60539, 28.3113], [85.60496, 28.31111], [85.60496, 28.31099], [85.60514, 28.31081], [85.60543, 28.31063], [85.60607, 28.31039], [85.60639, 28.31013], [85.60665, 28.30989], [85.60665, 28.30974], [85.60649, 28.30963], [85.60605, 28.3097], [85.60545, 28.30986], [85.60477, 28.31028], [85.6044, 28.31058], [85.60414, 28.31099], [85.60413, 28.3113], [85.60469, 28.31158], [85.60488, 28.31161], [85.60505, 28.31167], [85.60502, 28.31182], [85.60492, 28.31183], [85.60447, 28.31172], [85.60426, 28.31164], [85.6037, 28.31148], [85.60248, 28.31154], [85.60212, 28.3116], [85.6012, 28.31193], [85.60083, 28.31197], [85.60064, 28.31195], [85.60039, 28.31155], [85.60014, 28.31085], [85.60009, 28.30995], [85.60002, 28.30903], [85.59947, 28.30849], [85.59906, 28.30834], [85.5983, 28.30856], [85.59796, 28.30877], [85.59748, 28.30944], [85.59654, 28.31064], [85.59517, 28.3118], [85.59425, 28.31271], [85.59369, 28.31356], [85.59336, 28.31438], [85.59281, 28.31548], [85.59202, 28.31638], [85.59181, 28.31679], [85.59191, 28.31721], [85.59216, 28.31756], [85.59271, 28.31823], [85.59348, 28.31849], [85.59483, 28.31871], [85.5953, 28.31873], [85.596, 28.31861], [85.59662, 28.31855], [85.59732, 28.31856], [85.59771, 28.31864], [85.59797, 28.31911], [85.59801, 28.3192], [85.59887, 28.31935], [85.5999, 28.31923], [85.60044, 28.31876], [85.60076, 28.31843], [85.60152, 28.31785], [85.60216, 28.31783], [85.60271, 28.31787], [85.60446, 28.31801], [85.60628, 28.31814], [85.6073, 28.3181], [85.60831, 28.31819], [85.60906, 28.31833], [85.60946, 28.31855], [85.61005, 28.31873], [85.61043, 28.31878], [85.61109, 28.31912], [85.61132, 28.31938], [85.61146, 28.31971], [85.6113, 28.31995], [85.61106, 28.32003], [85.61012, 28.31979], [85.60873, 28.31941], [85.60695, 28.31949], [85.6057, 28.31991], [85.60499, 28.32028], [85.60455, 28.32066], [85.6043, 28.32109], [85.60424, 28.32163], [85.60427, 28.32212], [85.60464, 28.32325], [85.60512, 28.32379], [85.60554, 28.32427], [85.6064, 28.32473], [85.60681, 28.32486], [85.60706, 28.32495], [85.60761, 28.32523], [85.60801, 28.32531], [85.60819, 28.3254], [85.60819, 28.32562], [85.60814, 28.32578], [85.6079, 28.3261], [85.60747, 28.32621], [85.60689, 28.32625], [85.60654, 28.3263], [85.60541, 28.3266], [85.60508, 28.32686], [85.60478, 28.3272], [85.6043, 28.32728], [85.60382, 28.32727], [85.60335, 28.32729], [85.60306, 28.3273], [85.60258, 28.32748], [85.602, 28.32758], [85.60164, 28.32757], [85.60129, 28.32755], [85.60111, 28.32766], [85.60105, 28.32785], [85.60108, 28.32816], [85.60124, 28.32843], [85.60155, 28.3286], [85.60166, 28.32871], [85.60174, 28.32919], [85.6017, 28.32957], [85.6017, 28.32993], [85.60184, 28.33023], [85.60211, 28.33031], [85.60252, 28.33031], [85.60325, 28.33047], [85.60376, 28.33083], [85.60404, 28.3309], [85.60429, 28.33092], [85.6045, 28.33093], [85.6045, 28.33121], [85.60423, 28.33157], [85.60419, 28.33168], [85.60418, 28.33189], [85.6043, 28.33209], [85.60425, 28.33232], [85.60417, 28.33249], [85.60422, 28.33292], [85.60438, 28.33307], [85.60475, 28.33304], [85.60539, 28.33294], [85.60578, 28.33318], [85.60581, 28.33337], [85.60579, 28.33359], [85.60579, 28.33371], [85.60594, 28.33379], [85.60627, 28.33373], [85.60648, 28.3337], [85.60693, 28.33376], [85.6071, 28.33393], [85.60704, 28.33408], [85.60654, 28.3341], [85.60607, 28.33419], [85.60574, 28.3344], [85.60533, 28.33484], [85.6052, 28.33511], [85.60507, 28.33572], [85.60507, 28.33625], [85.60509, 28.33641], [85.60557, 28.33663], [85.60618, 28.33664], [85.60684, 28.33645], [85.60722, 28.33626], [85.60749, 28.33609], [85.60805, 28.33557], [85.60851, 28.3353], [85.60906, 28.33503], [85.60893, 28.33464], [85.60901, 28.33422], [85.60923, 28.3337], [85.60958, 28.333], [85.60962, 28.33271], [85.60958, 28.33244], [85.60907, 28.33208], [85.60896, 28.33187], [85.60898, 28.33161], [85.60979, 28.3311], [85.61017, 28.33035], [85.61048, 28.3296], [85.61076, 28.32928], [85.61198, 28.32863], [85.61296, 28.32785], [85.61483, 28.32656], [85.61642, 28.32474], [85.617, 28.32377]]]}}, {"type": "Feature", "properties": {"km2": 20.252, "name": "Purepu glacier", "near_source_5km": false}, "geometry": {"type": "Polygon", "coordinates": [[[85.6219, 28.42577], [85.6221, 28.42576], [85.6226, 28.4258], [85.62295, 28.42609], [85.62306, 28.42647], [85.6228, 28.42715], [85.62209, 28.42779], [85.62134, 28.42874], [85.62128, 28.42924], [85.62076, 28.42972], [85.62, 28.43135], [85.61986, 28.43202], [85.61967, 28.43274], [85.61932, 28.43321], [85.61867, 28.43341], [85.61763, 28.43427], [85.61701, 28.43475], [85.61627, 28.43559], [85.61584, 28.43654], [85.61581, 28.43738], [85.61605, 28.43788], [85.61578, 28.43827], [85.61486, 28.43834], [85.61407, 28.43812], [85.613, 28.4381], [85.61224, 28.43848], [85.6117, 28.43882], [85.6111, 28.43954], [85.61088, 28.4404], [85.61104, 28.44107], [85.61175, 28.44169], [85.61341, 28.442], [85.61487, 28.44223], [85.61533, 28.44242], [85.61566, 28.44306], [85.61564, 28.44359], [85.6155, 28.44381], [85.61504, 28.44401], [85.6141, 28.44437], [85.61354, 28.44484], [85.61312, 28.44562], [85.61308, 28.4463], [85.61319, 28.44696], [85.61368, 28.44772], [85.6145, 28.44807], [85.6156, 28.44824], [85.61652, 28.44806], [85.61735, 28.44738], [85.61776, 28.44679], [85.61843, 28.4463], [85.62007, 28.44572], [85.62118, 28.4454], [85.6225, 28.44464], [85.62273, 28.44415], [85.62275, 28.44338], [85.62273, 28.44247], [85.62289, 28.44198], [85.62327, 28.44171], [85.62367, 28.44169], [85.62418, 28.44186], [85.62462, 28.44211], [85.62583, 28.44242], [85.62716, 28.44262], [85.6286, 28.44269], [85.62997, 28.44252], [85.63047, 28.4423], [85.63118, 28.44125], [85.6318, 28.43995], [85.63191, 28.43897], [85.63159, 28.43778], [85.63095, 28.43678], [85.63053, 28.43651], [85.62953, 28.43648], [85.62812, 28.43666], [85.62716, 28.4366], [85.62635, 28.43626], [85.62608, 28.4356], [85.62613, 28.43443], [85.6265, 28.4335], [85.62679, 28.43297], [85.62688, 28.43221], [85.6279, 28.42999], [85.62877, 28.42896], [85.63037, 28.42791], [85.63147, 28.42794], [85.63211, 28.42834], [85.63386, 28.43119], [85.63419, 28.43192], [85.63434, 28.43254], [85.63425, 28.43329], [85.63369, 28.43391], [85.6331, 28.43418], [85.63244, 28.43454], [85.63172, 28.43505], [85.63158, 28.43579], [85.63192, 28.43631], [85.63328, 28.43798], [85.63355, 28.43889], [85.63401, 28.43966], [85.63507, 28.44059], [85.63575, 28.44085], [85.63693, 28.44093], [85.63777, 28.44071], [85.63875, 28.44023], [85.6397, 28.44016], [85.64071, 28.44023], [85.64131, 28.44023], [85.64213, 28.4398], [85.64336, 28.4385], [85.64359, 28.43782], [85.64344, 28.43667], [85.64346, 28.43624], [85.64336, 28.43578], [85.64327, 28.43544], [85.64353, 28.43501], [85.64377, 28.43498], [85.64414, 28.43504], [85.64454, 28.43536], [85.64484, 28.43582], [85.64493, 28.43652], [85.6446, 28.4374], [85.64483, 28.43776], [85.64525, 28.43791], [85.64573, 28.43802], [85.64606, 28.43802], [85.64678, 28.43789], [85.64713, 28.43796], [85.64775, 28.43841], [85.64844, 28.43838], [85.64879, 28.43823], [85.64938, 28.43761], [85.65003, 28.43685], [85.65063, 28.43567], [85.6509, 28.43453], [85.65109, 28.43376], [85.65158, 28.43323], [85.65204, 28.43263], [85.65248, 28.43191], [85.65271, 28.43122], [85.65326, 28.43051], [85.65369, 28.43018], [85.65412, 28.43003], [85.65472, 28.42984], [85.65491, 28.42959], [85.65497, 28.42935], [85.6549, 28.42891], [85.65429, 28.42838], [85.65368, 28.42789], [85.65308, 28.42767], [85.65194, 28.42753], [85.65115, 28.42741], [85.65098, 28.42727], [85.65024, 28.42652], [85.64983, 28.42576], [85.64917, 28.42465], [85.64912, 28.42372], [85.64938, 28.42252], [85.64951, 28.42179], [85.64947, 28.42036], [85.64915, 28.41974], [85.64867, 28.4193], [85.64824, 28.41901], [85.64784, 28.41815], [85.64707, 28.41669], [85.6462, 28.41594], [85.64571, 28.41575], [85.64542, 28.41588], [85.64521, 28.41628], [85.6452, 28.4172], [85.64466, 28.41802], [85.64387, 28.41886], [85.64371, 28.41972], [85.64347, 28.4204], [85.64294, 28.42074], [85.64239, 28.42074], [85.64158, 28.42051], [85.64009, 28.41992], [85.6396, 28.41963], [85.63778, 28.41906], [85.63712, 28.41875], [85.63647, 28.41843], [85.63566, 28.41785], [85.6353, 28.41732], [85.63506, 28.41694], [85.63503, 28.41616], [85.63506, 28.41568], [85.63565, 28.4153], [85.63677, 28.41489], [85.64002, 28.41405], [85.64097, 28.41329], [85.64142, 28.41282], [85.64184, 28.41252], [85.64255, 28.41221], [85.64377, 28.41129], [85.64468, 28.41077], [85.64563, 28.41003], [85.64669, 28.40964], [85.64735, 28.40947], [85.64802, 28.40952], [85.64875, 28.40946], [85.64927, 28.40955], [85.64991, 28.40993], [85.65031, 28.41053], [85.65081, 28.41126], [85.65151, 28.41174], [85.65242, 28.41225], [85.65397, 28.4142], [85.65478, 28.41517], [85.65579, 28.41605], [85.65628, 28.41638], [85.65739, 28.41701], [85.65814, 28.41729], [85.65884, 28.4177], [85.65887, 28.41784], [85.65926, 28.41837], [85.65987, 28.41856], [85.6608, 28.4186], [85.66123, 28.41839], [85.66145, 28.41798], [85.66149, 28.41733], [85.66156, 28.41713], [85.66181, 28.41687], [85.66289, 28.41654], [85.66332, 28.41636], [85.6638, 28.4157], [85.66385, 28.41502], [85.66377, 28.41432], [85.66341, 28.41357], [85.662, 28.41233], [85.66081, 28.41147], [85.66034, 28.41103], [85.65981, 28.41096], [85.65955, 28.41105], [85.65943, 28.41152], [85.65932, 28.41176], [85.65897, 28.4118], [85.65855, 28.4117], [85.65816, 28.41147], [85.6578, 28.41121], [85.6567, 28.41029], [85.65523, 28.40939], [85.65325, 28.40833], [85.65236, 28.40755], [85.65143, 28.40657], [85.65094, 28.40404], [85.65074, 28.4025], [85.65082, 28.40169], [85.65143, 28.4013], [85.65234, 28.40127], [85.65417, 28.40173], [85.65543, 28.40208], [85.65705, 28.40233], [85.65977, 28.40311], [85.66092, 28.40333], [85.6626, 28.40348], [85.66474, 28.40391], [85.66576, 28.40396], [85.66674, 28.4044], [85.66725, 28.40458], [85.66768, 28.40455], [85.66805, 28.40439], [85.66807, 28.40406], [85.66786, 28.40372], [85.66766, 28.40355], [85.66744, 28.40335], [85.6672, 28.40309], [85.66715, 28.40293], [85.66719, 28.40274], [85.66726, 28.40262], [85.66758, 28.40227], [85.66812, 28.40186], [85.66823, 28.40128], [85.66834, 28.40064], [85.6682, 28.40022], [85.66747, 28.39973], [85.66619, 28.39921], [85.6658, 28.39864], [85.66557, 28.39804], [85.66528, 28.39768], [85.66491, 28.39746], [85.66432, 28.39738], [85.66365, 28.39746], [85.66317, 28.3977], [85.66209, 28.39823], [85.66145, 28.39846], [85.66091, 28.39846], [85.65949, 28.39788], [85.65713, 28.39719], [85.65562, 28.39689], [85.65318, 28.39555], [85.65169, 28.39458], [85.6512, 28.39366], [85.65132, 28.39206], [85.65073, 28.38916], [85.65002, 28.38702], [85.64865, 28.38556], [85.6483, 28.38468], [85.64874, 28.38406], [85.64952, 28.38348], [85.6517, 28.38275], [85.65333, 28.38219], [85.65476, 28.38176], [85.65556, 28.38149], [85.65676, 28.38136], [85.65755, 28.38136], [85.65839, 28.38151], [85.65918, 28.38197], [85.66046, 28.38341], [85.66148, 28.3844], [85.66208, 28.38511], [85.6628, 28.38567], [85.66357, 28.38584], [85.66561, 28.38603], [85.66661, 28.38603], [85.66814, 28.38623], [85.66971, 28.38604], [85.67087, 28.38543], [85.67178, 28.38412], [85.6718, 28.38373], [85.67179, 28.38346], [85.67182, 28.38306], [85.67203, 28.38289], [85.67228, 28.38271], [85.67282, 28.38193], [85.67285, 28.38113], [85.67233, 28.38069], [85.67161, 28.38052], [85.67055, 28.37981], [85.66948, 28.37913], [85.66911, 28.379], [85.66855, 28.37829], [85.66795, 28.3777], [85.66734, 28.37735], [85.66642, 28.37674], [85.66518, 28.37664], [85.66291, 28.37669], [85.66012, 28.37665], [85.65873, 28.37655], [85.65721, 28.37646], [85.65647, 28.37657], [85.65552, 28.37704], [85.65513, 28.37734], [85.65456, 28.37804], [85.65367, 28.37871], [85.65312, 28.37869], [85.65243, 28.37833], [85.65192, 28.37766], [85.65171, 28.37711], [85.65179, 28.37644], [85.65203, 28.37595], [85.65228, 28.3758], [85.65289, 28.37565], [85.6542, 28.37534], [85.65511, 28.37505], [85.65598, 28.37471], [85.65813, 28.37347], [85.65902, 28.3727], [85.65981, 28.37226], [85.66038, 28.37203], [85.66081, 28.37196], [85.66119, 28.37207], [85.66153, 28.37227], [85.6623, 28.37239], [85.66294, 28.37225], [85.66367, 28.3719], [85.66424, 28.37152], [85.6645, 28.37136], [85.66585, 28.37106], [85.66654, 28.37113], [85.66736, 28.37132], [85.66902, 28.37132], [85.67096, 28.37027], [85.67186, 28.36914], [85.67193, 28.36857], [85.67137, 28.36777], [85.67068, 28.36722], [85.66896, 28.36668], [85.66751, 28.36585], [85.66702, 28.36518], [85.66698, 28.36495], [85.66717, 28.36454], [85.66747, 28.36431], [85.66794, 28.36383], [85.66783, 28.36313], [85.66757, 28.36261], [85.66711, 28.36153], [85.66664, 28.36092], [85.66644, 28.36038], [85.66617, 28.35995], [85.66567, 28.35947], [85.66507, 28.35918], [85.66436, 28.35893], [85.66402, 28.35859], [85.66387, 28.3579], [85.66371, 28.35762], [85.66338, 28.35745], [85.663, 28.35749], [85.66264, 28.35747], [85.66228, 28.35739], [85.66189, 28.35708], [85.66174, 28.35695], [85.66152, 28.35692], [85.66128, 28.35703], [85.66096, 28.35727], [85.66074, 28.35757], [85.66072, 28.35785], [85.66088, 28.35802], [85.66112, 28.35844], [85.66145, 28.35887], [85.66195, 28.35932], [85.66213, 28.35954], [85.66216, 28.35988], [85.66229, 28.36036], [85.66234, 28.36044], [85.66251, 28.3605], [85.66276, 28.36042], [85.66291, 28.36038], [85.66324, 28.36037], [85.66337, 28.36041], [85.66335, 28.36057], [85.66311, 28.36075], [85.66271, 28.36101], [85.66221, 28.36164], [85.66182, 28.36196], [85.66073, 28.36237], [85.66028, 28.36253], [85.6599, 28.36294], [85.65915, 28.36379], [85.65853, 28.36437], [85.65744, 28.36501], [85.65647, 28.36566], [85.65502, 28.36693], [85.65303, 28.36864], [85.65169, 28.37001], [85.65022, 28.37182], [85.6492, 28.37401], [85.64835, 28.37596], [85.64771, 28.37688], [85.64701, 28.37753], [85.64589, 28.37784], [85.64348, 28.37769], [85.64002, 28.37673], [85.63738, 28.37589], [85.63517, 28.37542], [85.63363, 28.37515], [85.62899, 28.37297], [85.62579, 28.3716], [85.62317, 28.37077], [85.62141, 28.37016], [85.61969, 28.36951], [85.61819, 28.36858], [85.61648, 28.36709], [85.61487, 28.366], [85.61381, 28.36566], [85.61346, 28.36579], [85.61309, 28.36592], [85.61287, 28.36674], [85.61291, 28.36768], [85.61373, 28.36857], [85.61527, 28.36939], [85.61618, 28.37037], [85.61727, 28.37172], [85.61828, 28.37253], [85.62035, 28.37306], [85.62191, 28.37311], [85.62297, 28.37338], [85.62411, 28.374], [85.6252, 28.37454], [85.62613, 28.37571], [85.62715, 28.37627], [85.62731, 28.37688], [85.62814, 28.37771], [85.62958, 28.37879], [85.6327, 28.37984], [85.6366, 28.38066], [85.63936, 28.38176], [85.64076, 28.38266], [85.64178, 28.3837], [85.643, 28.38509], [85.6437, 28.38669], [85.64376, 28.38953], [85.6437, 28.3915], [85.64426, 28.3954], [85.64501, 28.39768], [85.64489, 28.39907], [85.64404, 28.40084], [85.64248, 28.4033], [85.64064, 28.40591], [85.63949, 28.40732], [85.63698, 28.40918], [85.63531, 28.40974], [85.63321, 28.4109], [85.63178, 28.41147], [85.63127, 28.41156], [85.63075, 28.41141], [85.63042, 28.41116], [85.63009, 28.41071], [85.62969, 28.41017], [85.62967, 28.40982], [85.62973, 28.40963], [85.63001, 28.40905], [85.62967, 28.40815], [85.62931, 28.40754], [85.62907, 28.40687], [85.6285, 28.40595], [85.62841, 28.40529], [85.62849, 28.4046], [85.62857, 28.4036], [85.62822, 28.40307], [85.62777, 28.40274], [85.62698, 28.40245], [85.62579, 28.4025], [85.62485, 28.40273], [85.62413, 28.40314], [85.62343, 28.40333], [85.62271, 28.40339], [85.62181, 28.40361], [85.62151, 28.40407], [85.62149, 28.40446], [85.62125, 28.405], [85.62059, 28.40584], [85.61997, 28.4067], [85.61977, 28.40706], [85.61967, 28.40777], [85.61982, 28.40842], [85.61993, 28.40874], [85.61998, 28.40916], [85.62017, 28.40966], [85.6207, 28.41004], [85.62126, 28.41037], [85.62169, 28.41046], [85.62242, 28.41046], [85.6231, 28.41033], [85.62384, 28.4103], [85.62457, 28.41048], [85.62508, 28.41058], [85.62599, 28.41059], [85.62648, 28.41067], [85.62723, 28.4108], [85.6279, 28.41112], [85.6284, 28.4115], [85.62905, 28.41177], [85.62935, 28.41206], [85.62936, 28.41237], [85.62911, 28.41275], [85.62839, 28.4132], [85.62684, 28.414], [85.62625, 28.41442], [85.62543, 28.41539], [85.62494, 28.41596], [85.6242, 28.41689], [85.62396, 28.41729], [85.62327, 28.41785], [85.62272, 28.41809], [85.6222, 28.41835], [85.62182, 28.41872], [85.62119, 28.41962], [85.62092, 28.41888], [85.62018, 28.41769], [85.62001, 28.41652], [85.62024, 28.4158], [85.62049, 28.41486], [85.62041, 28.41379], [85.61981, 28.41273], [85.61854, 28.41228], [85.61753, 28.41233], [85.6171, 28.41263], [85.61646, 28.4133], [85.61603, 28.41483], [85.61564, 28.41586], [85.61522, 28.41659], [85.61469, 28.41719], [85.61406, 28.41792], [85.61377, 28.41831], [85.61325, 28.41833], [85.61148, 28.42165], [85.61176, 28.42195], [85.61186, 28.42229], [85.6116, 28.42274], [85.61105, 28.4238], [85.61104, 28.42443], [85.61081, 28.42484], [85.61035, 28.4255], [85.60988, 28.42596], [85.60943, 28.42678], [85.61234, 28.43007], [85.61448, 28.43251], [85.61469, 28.43222], [85.61496, 28.43148], [85.61529, 28.43033], [85.61548, 28.42948], [85.61542, 28.42872], [85.61563, 28.42841], [85.61604, 28.4282], [85.61675, 28.42789], [85.61754, 28.42768], [85.61821, 28.42752], [85.61991, 28.42683], [85.62095, 28.42604], [85.62167, 28.42599], [85.62189, 28.42579], [85.6219, 28.42577]]]}}, {"type": "Feature", "properties": {"km2": 2.736, "name": null, "near_source_5km": false}, "geometry": {"type": "Polygon", "coordinates": [[[85.5568, 28.35999], [85.55716, 28.36025], [85.55746, 28.36044], [85.55769, 28.36049], [85.55797, 28.36043], [85.55836, 28.3602], [85.55885, 28.35988], [85.55915, 28.35957], [85.55942, 28.35928], [85.5598, 28.35912], [85.56012, 28.35899], [85.56044, 28.3589], [85.56095, 28.35873], [85.56133, 28.35855], [85.56178, 28.35859], [85.5625, 28.35867], [85.56292, 28.35868], [85.56326, 28.35861], [85.5639, 28.35819], [85.56442, 28.3578], [85.56532, 28.3571], [85.56683, 28.35524], [85.56733, 28.35458], [85.56767, 28.35397], [85.56767, 28.35335], [85.56765, 28.3529], [85.56777, 28.35254], [85.56806, 28.35199], [85.56861, 28.35137], [85.56876, 28.35114], [85.56881, 28.35091], [85.56885, 28.35064], [85.56891, 28.35027], [85.56905, 28.34993], [85.56923, 28.34958], [85.56921, 28.34935], [85.56909, 28.34911], [85.5689, 28.34898], [85.56848, 28.34911], [85.56796, 28.34943], [85.56739, 28.34959], [85.56597, 28.34958], [85.56506, 28.3494], [85.5649, 28.34928], [85.56466, 28.34896], [85.56461, 28.34837], [85.56469, 28.34766], [85.56489, 28.34724], [85.56521, 28.34675], [85.56534, 28.3464], [85.56528, 28.34599], [85.56492, 28.34566], [85.56457, 28.34552], [85.56412, 28.34539], [85.56361, 28.3454], [85.56319, 28.34547], [85.56247, 28.34562], [85.5623, 28.34571], [85.56212, 28.34597], [85.56214, 28.34627], [85.56218, 28.34654], [85.56211, 28.34683], [85.56172, 28.34693], [85.5613, 28.34703], [85.56087, 28.34714], [85.56003, 28.34712], [85.55903, 28.34684], [85.55863, 28.34651], [85.55844, 28.34619], [85.55821, 28.34583], [85.55775, 28.3455], [85.55684, 28.34505], [85.55654, 28.34488], [85.55595, 28.34473], [85.55524, 28.34474], [85.55452, 28.3449], [85.5537, 28.34519], [85.55332, 28.34549], [85.55318, 28.34589], [85.553, 28.34655], [85.55294, 28.34723], [85.55264, 28.34798], [85.55245, 28.34826], [85.55235, 28.34833], [85.55171, 28.34816], [85.55014, 28.34799], [85.54832, 28.34785], [85.54748, 28.34775], [85.54645, 28.34768], [85.54562, 28.34764], [85.54481, 28.34763], [85.54318, 28.34774], [85.54219, 28.3479], [85.54157, 28.34824], [85.54128, 28.34857], [85.54119, 28.34886], [85.54117, 28.34917], [85.5414, 28.3494], [85.54187, 28.34956], [85.54222, 28.3496], [85.54256, 28.34976], [85.5428, 28.35024], [85.54302, 28.35062], [85.5434, 28.35089], [85.54405, 28.35133], [85.54444, 28.35166], [85.54473, 28.35175], [85.54509, 28.35179], [85.54573, 28.35173], [85.54625, 28.35174], [85.54707, 28.35177], [85.54727, 28.35185], [85.54737, 28.35208], [85.54757, 28.35236], [85.54773, 28.3525], [85.54808, 28.35269], [85.54821, 28.35298], [85.54811, 28.35319], [85.54798, 28.35331], [85.54755, 28.35342], [85.54727, 28.35349], [85.54658, 28.35356], [85.54597, 28.35357], [85.54525, 28.35346], [85.5446, 28.35347], [85.54427, 28.35356], [85.54409, 28.35416], [85.54401, 28.3544], [85.5441, 28.35476], [85.54437, 28.35496], [85.54501, 28.35512], [85.54535, 28.35525], [85.54544, 28.35539], [85.54547, 28.35564], [85.54562, 28.35583], [85.54593, 28.35591], [85.54654, 28.35597], [85.54689, 28.35605], [85.54733, 28.3563], [85.54755, 28.35644], [85.54769, 28.3567], [85.54778, 28.35698], [85.54796, 28.35721], [85.54815, 28.35731], [85.54842, 28.35739], [85.54883, 28.35734], [85.54926, 28.35728], [85.54984, 28.35713], [85.55044, 28.35713], [85.55089, 28.35713], [85.55145, 28.35721], [85.55186, 28.35731], [85.55236, 28.35736], [85.55257, 28.35736], [85.55293, 28.35733], [85.55313, 28.35734], [85.55335, 28.35744], [85.55357, 28.35758], [85.55382, 28.35765], [85.55405, 28.35763], [85.5544, 28.35753], [85.55472, 28.35736], [85.55507, 28.35716], [85.55556, 28.35689], [85.5559, 28.35669], [85.55607, 28.35669], [85.55635, 28.35656], [85.55672, 28.35631], [85.55695, 28.35626], [85.55701, 28.35632], [85.557, 28.35642], [85.55681, 28.35659], [85.55647, 28.3568], [85.55611, 28.35718], [85.55603, 28.35747], [85.55593, 28.35794], [85.55593, 28.35832], [85.55607, 28.35861], [85.55616, 28.35888], [85.55617, 28.35911], [85.5561, 28.35925], [85.55608, 28.35941], [85.55611, 28.35949], [85.55619, 28.35961], [85.55648, 28.35971], [85.55665, 28.35981], [85.5568, 28.35999]]]}}, {"type": "Feature", "properties": {"km2": 13.693, "name": "Gobarong Glacier", "near_source_5km": false}, "geometry": {"type": "Polygon", "coordinates": [[[85.55045, 28.47207], [85.55141, 28.4725], [85.55199, 28.47269], [85.5524, 28.47272], [85.55293, 28.47266], [85.55339, 28.47249], [85.55373, 28.47235], [85.55422, 28.47203], [85.55475, 28.47181], [85.55506, 28.47165], [85.55542, 28.47146], [85.55574, 28.47128], [85.55582, 28.47119], [85.55591, 28.47111], [85.55606, 28.47094], [85.55631, 28.47065], [85.5564, 28.47054], [85.55657, 28.47042], [85.55678, 28.4703], [85.55695, 28.47031], [85.55706, 28.47032], [85.55716, 28.4703], [85.5573, 28.47023], [85.55737, 28.47017], [85.55748, 28.47013], [85.55758, 28.47012], [85.55769, 28.47015], [85.55784, 28.47014], [85.55811, 28.47011], [85.55835, 28.47011], [85.55845, 28.4701], [85.55849, 28.47006], [85.55852, 28.47001], [85.5585, 28.46988], [85.55853, 28.46981], [85.55859, 28.46975], [85.55865, 28.46963], [85.55864, 28.46949], [85.55863, 28.46932], [85.55851, 28.46911], [85.55831, 28.46875], [85.55828, 28.46862], [85.55815, 28.46838], [85.55803, 28.46831], [85.55786, 28.46823], [85.55756, 28.46824], [85.55737, 28.46825], [85.55729, 28.46821], [85.55729, 28.46815], [85.55734, 28.468], [85.55739, 28.46793], [85.55752, 28.46787], [85.55765, 28.46782], [85.55778, 28.46782], [85.55782, 28.46781], [85.55794, 28.46774], [85.55797, 28.4676], [85.558, 28.46742], [85.55814, 28.46717], [85.55823, 28.46703], [85.55839, 28.46699], [85.5585, 28.46703], [85.55861, 28.46713], [85.55873, 28.46721], [85.55886, 28.46743], [85.5591, 28.46775], [85.55945, 28.46819], [85.55987, 28.46865], [85.56037, 28.46904], [85.56072, 28.46926], [85.56099, 28.46935], [85.56126, 28.46943], [85.56161, 28.4695], [85.56212, 28.4697], [85.56241, 28.46987], [85.56289, 28.47013], [85.56313, 28.4702], [85.56339, 28.47025], [85.56368, 28.47024], [85.56419, 28.47013], [85.56446, 28.47008], [85.56478, 28.46989], [85.56516, 28.46964], [85.56543, 28.46937], [85.56555, 28.46919], [85.5657, 28.46903], [85.56579, 28.46898], [85.56511, 28.47063], [85.56488, 28.4715], [85.56473, 28.47241], [85.56477, 28.47291], [85.56494, 28.47348], [85.5651, 28.47371], [85.56543, 28.47406], [85.56584, 28.47433], [85.56637, 28.47463], [85.56692, 28.47513], [85.56731, 28.47579], [85.56757, 28.47636], [85.56817, 28.47908], [85.56873, 28.48087], [85.56896, 28.48138], [85.56936, 28.4818], [85.56963, 28.48208], [85.56996, 28.4824], [85.57022, 28.4827], [85.57039, 28.48307], [85.57057, 28.48407], [85.5709, 28.48494], [85.57126, 28.48558], [85.5717, 28.48592], [85.57256, 28.48664], [85.57311, 28.4874], [85.57343, 28.48852], [85.57369, 28.48882], [85.57409, 28.48949], [85.57409, 28.48987], [85.57396, 28.49008], [85.57371, 28.49051], [85.57295, 28.49092], [85.57248, 28.49101], [85.57182, 28.49145], [85.57094, 28.4918], [85.57083, 28.49216], [85.57083, 28.49288], [85.57104, 28.494], [85.57108, 28.49487], [85.57131, 28.49527], [85.57161, 28.49547], [85.57223, 28.49558], [85.57253, 28.49569], [85.57276, 28.49596], [85.57265, 28.49648], [85.57274, 28.49671], [85.57297, 28.49687], [85.57314, 28.49679], [85.57325, 28.49648], [85.57348, 28.49601], [85.57401, 28.49578], [85.57444, 28.49592], [85.5747, 28.49637], [85.57472, 28.4966], [85.57514, 28.49697], [85.57646, 28.49748], [85.57692, 28.49788], [85.57724, 28.49833], [85.57743, 28.49902], [85.57763, 28.49962], [85.57784, 28.49981], [85.57825, 28.50004], [85.57876, 28.50014], [85.57941, 28.50043], [85.58, 28.50065], [85.58081, 28.50056], [85.58155, 28.50011], [85.58184, 28.49976], [85.58203, 28.49928], [85.582, 28.49869], [85.5818, 28.49821], [85.58122, 28.49736], [85.58058, 28.49664], [85.58007, 28.49611], [85.57939, 28.49559], [85.57894, 28.49507], [85.57864, 28.49475], [85.57851, 28.49453], [85.57851, 28.49437], [85.57889, 28.49432], [85.58004, 28.49424], [85.5809, 28.49409], [85.58158, 28.49391], [85.58329, 28.49341], [85.58458, 28.4928], [85.58509, 28.49207], [85.58552, 28.49117], [85.58555, 28.49053], [85.58527, 28.48993], [85.58576, 28.48962], [85.58686, 28.48958], [85.58856, 28.48955], [85.58901, 28.489], [85.58913, 28.48826], [85.58921, 28.48744], [85.58918, 28.4863], [85.58841, 28.48481], [85.58763, 28.48399], [85.58678, 28.48369], [85.58566, 28.48377], [85.58486, 28.48421], [85.58407, 28.48479], [85.58354, 28.48543], [85.58319, 28.48579], [85.58273, 28.48577], [85.58245, 28.48568], [85.58179, 28.48537], [85.58112, 28.48532], [85.58027, 28.4853], [85.57951, 28.48541], [85.57888, 28.48551], [85.57827, 28.48548], [85.57778, 28.48509], [85.5775, 28.4844], [85.5773, 28.48398], [85.57698, 28.48352], [85.57697, 28.483], [85.57705, 28.4822], [85.57705, 28.48175], [85.5774, 28.48168], [85.5778, 28.48173], [85.57816, 28.48194], [85.57812, 28.48229], [85.57803, 28.48261], [85.57812, 28.48292], [85.57849, 28.48322], [85.57861, 28.48351], [85.57865, 28.48403], [85.57883, 28.48438], [85.5793, 28.48455], [85.57961, 28.48454], [85.57991, 28.48409], [85.57992, 28.48387], [85.5803, 28.48325], [85.58094, 28.48303], [85.58157, 28.48307], [85.58198, 28.48249], [85.58194, 28.48157], [85.58167, 28.48124], [85.58103, 28.48072], [85.58036, 28.48014], [85.57951, 28.47986], [85.57875, 28.47941], [85.57702, 28.47908], [85.5764, 28.47866], [85.57602, 28.47799], [85.57538, 28.4765], [85.57509, 28.47402], [85.57511, 28.47232], [85.57516, 28.47152], [85.57546, 28.47084], [85.57608, 28.47026], [85.57626, 28.46987], [85.57661, 28.46933], [85.57702, 28.46909], [85.57737, 28.46885], [85.57768, 28.46828], [85.57782, 28.46769], [85.57782, 28.46752], [85.57777, 28.46679], [85.57758, 28.46572], [85.57731, 28.46464], [85.57711, 28.46305], [85.5768, 28.46185], [85.57681, 28.46077], [85.577, 28.45938], [85.57735, 28.45791], [85.57806, 28.45781], [85.57867, 28.45788], [85.57924, 28.45805], [85.57955, 28.45818], [85.58025, 28.45843], [85.58054, 28.45843], [85.5807, 28.45842], [85.58151, 28.45838], [85.58231, 28.45825], [85.58268, 28.45814], [85.58292, 28.45811], [85.58351, 28.45812], [85.58377, 28.45818], [85.58407, 28.4583], [85.58465, 28.45865], [85.5852, 28.45881], [85.58558, 28.45901], [85.58611, 28.45902], [85.58706, 28.45902], [85.58807, 28.45892], [85.5891, 28.45877], [85.59013, 28.45861], [85.59084, 28.45825], [85.59143, 28.45796], [85.59277, 28.45744], [85.59344, 28.4573], [85.59391, 28.45726], [85.59431, 28.45722], [85.59483, 28.4572], [85.59508, 28.45723], [85.59542, 28.45726], [85.59584, 28.45733], [85.59682, 28.45753], [85.59776, 28.45762], [85.59864, 28.45766], [85.59924, 28.45762], [85.59991, 28.45755], [85.60094, 28.4573], [85.60144, 28.45717], [85.60244, 28.45716], [85.60339, 28.45738], [85.60428, 28.45741], [85.60486, 28.45759], [85.60527, 28.45776], [85.60546, 28.4578], [85.60639, 28.45773], [85.60689, 28.45754], [85.6072, 28.45738], [85.60753, 28.45706], [85.60781, 28.45665], [85.60835, 28.45649], [85.60896, 28.4564], [85.60945, 28.45608], [85.60993, 28.4558], [85.61072, 28.45533], [85.61115, 28.4547], [85.61157, 28.45384], [85.61189, 28.45284], [85.61189, 28.4522], [85.61165, 28.45158], [85.61141, 28.45126], [85.61092, 28.45043], [85.61069, 28.44999], [85.61072, 28.44955], [85.61072, 28.44932], [85.61072, 28.44908], [85.61057, 28.44857], [85.61026, 28.44832], [85.60984, 28.44798], [85.60911, 28.44747], [85.60846, 28.44734], [85.60822, 28.44721], [85.60802, 28.44692], [85.60795, 28.44633], [85.60829, 28.44586], [85.6085, 28.44536], [85.60823, 28.44483], [85.60792, 28.44426], [85.60757, 28.44362], [85.60725, 28.44323], [85.60638, 28.44244], [85.60557, 28.44221], [85.60458, 28.4422], [85.60373, 28.44247], [85.60336, 28.44264], [85.60226, 28.44373], [85.6014, 28.44443], [85.60048, 28.44508], [85.60015, 28.44536], [85.59945, 28.44577], [85.59866, 28.4459], [85.59803, 28.44585], [85.59747, 28.44559], [85.59735, 28.44532], [85.59746, 28.44495], [85.59767, 28.4447], [85.59815, 28.44392], [85.5989, 28.44293], [85.59976, 28.44184], [85.60068, 28.44071], [85.60087, 28.43943], [85.60079, 28.43857], [85.60051, 28.43794], [85.60003, 28.4376], [85.59924, 28.43735], [85.59863, 28.43725], [85.59743, 28.43688], [85.59655, 28.43654], [85.59549, 28.43622], [85.59425, 28.43635], [85.59329, 28.43641], [85.59167, 28.43672], [85.59039, 28.43718], [85.58945, 28.43817], [85.58884, 28.43879], [85.58855, 28.4392], [85.58803, 28.44026], [85.5878, 28.44139], [85.58777, 28.44188], [85.58794, 28.4422], [85.58824, 28.44265], [85.58824, 28.44307], [85.58815, 28.44321], [85.58769, 28.44324], [85.58713, 28.44339], [85.58681, 28.4436], [85.58633, 28.44388], [85.58568, 28.44417], [85.58534, 28.44434], [85.58513, 28.44449], [85.58482, 28.44522], [85.58481, 28.44574], [85.58483, 28.44638], [85.58502, 28.44695], [85.58548, 28.44706], [85.58593, 28.44696], [85.58632, 28.44658], [85.58693, 28.44622], [85.58767, 28.44588], [85.58806, 28.44582], [85.58837, 28.44573], [85.5886, 28.4457], [85.58906, 28.4454], [85.58921, 28.44525], [85.58946, 28.4448], [85.58956, 28.44437], [85.59005, 28.44385], [85.59075, 28.44327], [85.59142, 28.4428], [85.59192, 28.4426], [85.59296, 28.44259], [85.59355, 28.44262], [85.59396, 28.44242], [85.5948, 28.44202], [85.5953, 28.44161], [85.59562, 28.4417], [85.59572, 28.44226], [85.59554, 28.4427], [85.59492, 28.4432], [85.59374, 28.44399], [85.59267, 28.44438], [85.59196, 28.44494], [85.59138, 28.44544], [85.59058, 28.44591], [85.58987, 28.44669], [85.58941, 28.44758], [85.58889, 28.44883], [85.58845, 28.45011], [85.58841, 28.45073], [85.58848, 28.45155], [85.58832, 28.45212], [85.58805, 28.45242], [85.58747, 28.4524], [85.58716, 28.45235], [85.58641, 28.45216], [85.5857, 28.45204], [85.58498, 28.45204], [85.58354, 28.4518], [85.58091, 28.45132], [85.57887, 28.45078], [85.57733, 28.45014], [85.57697, 28.44996], [85.57645, 28.44886], [85.57623, 28.44816], [85.57577, 28.44732], [85.57519, 28.44638], [85.57453, 28.44503], [85.57405, 28.4426], [85.57385, 28.4406], [85.57376, 28.43909], [85.57345, 28.43866], [85.57334, 28.43827], [85.57318, 28.43686], [85.57273, 28.43421], [85.57188, 28.43187], [85.57119, 28.43089], [85.5702, 28.43005], [85.56902, 28.42935], [85.56839, 28.42891], [85.56745, 28.42774], [85.56628, 28.42594], [85.56538, 28.42494], [85.56432, 28.42391], [85.56366, 28.42319], [85.56289, 28.42197], [85.56227, 28.42094], [85.56127, 28.42009], [85.56066, 28.4194], [85.55995, 28.41848], [85.55804, 28.41631], [85.55695, 28.41455], [85.55612, 28.41378], [85.55529, 28.41311], [85.55498, 28.41267], [85.55433, 28.41136], [85.55347, 28.4105], [85.55273, 28.41005], [85.55225, 28.40988], [85.55123, 28.40966], [85.55073, 28.40989], [85.55035, 28.41043], [85.55016, 28.41143], [85.55053, 28.413], [85.55179, 28.41528], [85.55278, 28.41685], [85.55553, 28.41991], [85.55699, 28.4211], [85.5579, 28.42169], [85.55832, 28.42214], [85.55878, 28.42324], [85.55929, 28.42402], [85.56018, 28.42518], [85.5612, 28.42624], [85.56156, 28.42649], [85.56183, 28.42679], [85.56237, 28.42708], [85.56252, 28.42736], [85.56294, 28.42773], [85.5631, 28.42809], [85.56326, 28.42821], [85.56338, 28.42829], [85.56355, 28.42839], [85.56416, 28.42887], [85.56474, 28.42947], [85.56544, 28.43039], [85.56653, 28.43163], [85.56694, 28.43225], [85.56734, 28.43293], [85.56779, 28.43382], [85.56813, 28.43468], [85.56856, 28.43587], [85.56894, 28.43729], [85.56906, 28.43853], [85.56922, 28.44018], [85.56937, 28.44189], [85.56955, 28.44397], [85.56954, 28.44601], [85.56947, 28.44755], [85.56951, 28.44929], [85.56974, 28.45084], [85.56991, 28.45322], [85.56998, 28.45473], [85.56998, 28.45646], [85.5699, 28.45762], [85.56974, 28.45882], [85.56917, 28.46008], [85.56892, 28.46147], [85.56845, 28.46373], [85.56801, 28.46425], [85.56769, 28.4646], [85.56656, 28.46572], [85.56593, 28.46576], [85.56554, 28.46568], [85.56526, 28.46557], [85.56474, 28.4653], [85.56434, 28.46513], [85.56352, 28.46454], [85.56305, 28.46425], [85.56288, 28.46409], [85.56235, 28.46352], [85.56204, 28.46328], [85.56161, 28.46282], [85.56147, 28.46263], [85.56135, 28.4624], [85.5613, 28.46211], [85.56125, 28.46189], [85.56119, 28.4617], [85.56105, 28.4615], [85.56089, 28.46121], [85.56085, 28.46102], [85.56088, 28.46083], [85.56096, 28.46062], [85.56105, 28.46033], [85.56106, 28.45993], [85.5611, 28.45974], [85.56121, 28.4596], [85.56139, 28.45946], [85.56163, 28.45917], [85.56175, 28.45892], [85.56179, 28.45871], [85.56174, 28.45851], [85.56167, 28.4584], [85.56141, 28.45825], [85.56119, 28.4582], [85.56102, 28.45819], [85.5607, 28.45825], [85.56042, 28.45835], [85.56021, 28.45849], [85.56007, 28.4587], [85.56001, 28.45895], [85.56007, 28.45917], [85.56016, 28.45945], [85.56026, 28.45967], [85.56028, 28.4598], [85.56024, 28.4599], [85.56001, 28.46007], [85.55973, 28.4604], [85.55952, 28.46052], [85.55944, 28.46054], [85.55931, 28.46051], [85.55927, 28.46048], [85.55912, 28.46035], [85.55905, 28.46022], [85.55899, 28.45996], [85.55884, 28.4597], [85.55858, 28.45936], [85.55841, 28.45925], [85.55807, 28.45909], [85.55773, 28.45903], [85.55753, 28.45895], [85.55733, 28.45882], [85.55692, 28.4587], [85.55643, 28.45875], [85.55616, 28.45886], [85.55593, 28.45903], [85.55562, 28.45938], [85.55547, 28.45968], [85.55535, 28.4602], [85.55539, 28.46046], [85.55551, 28.46068], [85.55587, 28.461], [85.55617, 28.46124], [85.55641, 28.46142], [85.55667, 28.46152], [85.55681, 28.46151], [85.55711, 28.46137], [85.55734, 28.46108], [85.55741, 28.46092], [85.55752, 28.46087], [85.55764, 28.46093], [85.55796, 28.46137], [85.55814, 28.46165], [85.55833, 28.46185], [85.55851, 28.46201], [85.55865, 28.46214], [85.55862, 28.4626], [85.55857, 28.46267], [85.55842, 28.46279], [85.5583, 28.46281], [85.55815, 28.4628], [85.55787, 28.46281], [85.55761, 28.46287], [85.55739, 28.46298], [85.55715, 28.46309], [85.55694, 28.46313], [85.55668, 28.46308], [85.55644, 28.46301], [85.55619, 28.4629], [85.55591, 28.4628], [85.55561, 28.46277], [85.55518, 28.46271], [85.55486, 28.46256], [85.5546, 28.46248], [85.55398, 28.46256], [85.55367, 28.46268], [85.55332, 28.46286], [85.55311, 28.46309], [85.5526, 28.46345], [85.55214, 28.46373], [85.55199, 28.4639], [85.55194, 28.46409], [85.55177, 28.46449], [85.55151, 28.46484], [85.55131, 28.46516], [85.55104, 28.46544], [85.55095, 28.46553], [85.5509, 28.46567], [85.5509, 28.4659], [85.55099, 28.46606], [85.55111, 28.46614], [85.55139, 28.46615], [85.55149, 28.46613], [85.55169, 28.46612], [85.55188, 28.46616], [85.55207, 28.46627], [85.55227, 28.4665], [85.55253, 28.46682], [85.55274, 28.46715], [85.5528, 28.4674], [85.5528, 28.46752], [85.55277, 28.4676], [85.55267, 28.46763], [85.55249, 28.46761], [85.55223, 28.46749], [85.55209, 28.46733], [85.55192, 28.46709], [85.55181, 28.46698], [85.5518, 28.46689], [85.5518, 28.46681], [85.55174, 28.46669], [85.55161, 28.46664], [85.55146, 28.46662], [85.55131, 28.46663], [85.55124, 28.4666], [85.55118, 28.46654], [85.5511, 28.46644], [85.55099, 28.46637], [85.55082, 28.46637], [85.55065, 28.46641], [85.55041, 28.46645], [85.55012, 28.46647], [85.54971, 28.46649], [85.54951, 28.46653], [85.5491, 28.46655], [85.54873, 28.4665], [85.54845, 28.46649], [85.54905, 28.46751], [85.55025, 28.46821], [85.55075, 28.46901], [85.55089, 28.46957], [85.55045, 28.47207]]]}}, {"type": "Feature", "properties": {"km2": 6.597, "name": null, "near_source_5km": false}, "geometry": {"type": "Polygon", "coordinates": [[[85.64613, 28.45057], [85.64584, 28.45012], [85.64549, 28.44847], [85.64551, 28.44779], [85.64567, 28.44661], [85.64549, 28.44589], [85.6449, 28.44529], [85.64461, 28.44515], [85.64404, 28.44504], [85.64334, 28.44511], [85.64218, 28.44564], [85.64004, 28.44597], [85.63888, 28.44623], [85.63793, 28.44606], [85.63705, 28.44576], [85.63526, 28.44484], [85.63452, 28.44472], [85.63381, 28.44487], [85.63304, 28.44526], [85.63264, 28.44563], [85.63212, 28.44615], [85.63113, 28.44616], [85.62968, 28.44645], [85.62927, 28.44649], [85.62767, 28.44692], [85.62688, 28.44701], [85.62552, 28.44746], [85.62467, 28.4479], [85.62286, 28.44872], [85.62156, 28.44944], [85.62005, 28.45018], [85.61911, 28.45049], [85.61809, 28.45089], [85.61709, 28.45139], [85.61669, 28.45223], [85.61602, 28.45295], [85.61538, 28.45347], [85.61487, 28.45426], [85.61416, 28.45578], [85.61387, 28.45666], [85.61385, 28.45734], [85.61405, 28.45777], [85.6143, 28.45794], [85.61488, 28.45794], [85.61591, 28.45751], [85.6162, 28.45744], [85.61679, 28.45733], [85.61739, 28.45739], [85.61863, 28.45751], [85.62087, 28.45836], [85.62195, 28.45889], [85.62279, 28.45931], [85.62368, 28.45951], [85.62458, 28.45948], [85.62487, 28.45931], [85.6251, 28.45891], [85.62513, 28.45822], [85.6244, 28.45754], [85.62412, 28.45722], [85.62393, 28.45694], [85.62383, 28.45649], [85.62408, 28.45631], [85.62486, 28.4562], [85.62541, 28.45643], [85.6264, 28.45696], [85.6272, 28.45748], [85.62758, 28.4579], [85.6278, 28.45836], [85.62781, 28.45857], [85.62772, 28.45898], [85.62748, 28.45916], [85.62727, 28.45941], [85.62686, 28.45995], [85.6266, 28.46037], [85.62652, 28.46075], [85.62637, 28.461], [85.62616, 28.46124], [85.62585, 28.46139], [85.62545, 28.46171], [85.62523, 28.46193], [85.62499, 28.46199], [85.62432, 28.46195], [85.62393, 28.4618], [85.62353, 28.46154], [85.62337, 28.46134], [85.62325, 28.46106], [85.62316, 28.46054], [85.62287, 28.4602], [85.62257, 28.46], [85.62205, 28.45988], [85.62152, 28.45978], [85.62109, 28.45978], [85.62064, 28.45973], [85.62009, 28.45957], [85.61977, 28.4594], [85.61941, 28.45915], [85.61829, 28.4588], [85.61753, 28.45873], [85.6172, 28.45873], [85.61665, 28.45912], [85.61577, 28.46011], [85.61534, 28.46074], [85.6153, 28.46125], [85.61555, 28.46209], [85.6158, 28.4627], [85.61636, 28.46319], [85.61691, 28.46368], [85.61777, 28.46399], [85.61809, 28.46413], [85.61866, 28.46442], [85.61889, 28.46468], [85.61899, 28.46494], [85.61902, 28.46522], [85.61914, 28.46589], [85.61919, 28.46609], [85.61948, 28.46625], [85.61974, 28.46626], [85.61997, 28.46619], [85.62018, 28.46603], [85.62035, 28.46602], [85.62055, 28.46609], [85.62074, 28.46635], [85.62081, 28.46657], [85.62108, 28.46693], [85.62149, 28.46726], [85.62172, 28.4674], [85.62205, 28.46778], [85.62167, 28.46945], [85.62114, 28.47098], [85.62075, 28.47181], [85.62059, 28.47239], [85.62038, 28.47284], [85.62037, 28.47312], [85.62044, 28.47329], [85.62054, 28.47344], [85.62066, 28.4736], [85.62082, 28.47359], [85.62096, 28.47363], [85.62115, 28.47367], [85.62136, 28.47369], [85.62142, 28.47371], [85.62151, 28.4737], [85.62165, 28.47368], [85.62177, 28.47363], [85.6219, 28.47362], [85.62204, 28.47365], [85.62214, 28.47371], [85.6222, 28.4738], [85.62226, 28.47388], [85.62232, 28.47393], [85.62245, 28.47399], [85.62248, 28.47404], [85.62265, 28.47418], [85.62267, 28.47425], [85.62273, 28.47431], [85.62282, 28.47434], [85.62287, 28.47436], [85.62291, 28.4744], [85.62294, 28.47449], [85.62298, 28.47451], [85.62304, 28.47451], [85.6232, 28.47448], [85.62328, 28.47449], [85.62333, 28.47452], [85.62334, 28.47463], [85.62334, 28.47475], [85.62342, 28.47489], [85.62355, 28.47498], [85.62361, 28.47509], [85.62366, 28.47514], [85.62372, 28.47516], [85.62385, 28.47513], [85.62392, 28.4751], [85.62401, 28.47509], [85.6241, 28.4751], [85.62418, 28.4751], [85.62431, 28.47506], [85.62444, 28.47497], [85.62457, 28.47492], [85.62472, 28.47492], [85.62491, 28.47494], [85.62501, 28.47498], [85.62509, 28.47505], [85.62513, 28.47519], [85.62522, 28.47529], [85.62544, 28.47546], [85.62564, 28.47563], [85.62591, 28.47583], [85.62599, 28.47591], [85.62606, 28.47613], [85.62613, 28.4762], [85.62628, 28.476], [85.62638, 28.4758], [85.6264, 28.47562], [85.62642, 28.47529], [85.62644, 28.47511], [85.62652, 28.47503], [85.62661, 28.47503], [85.62669, 28.47505], [85.62678, 28.47516], [85.62682, 28.47529], [85.62685, 28.47546], [85.62697, 28.47558], [85.62706, 28.47563], [85.62721, 28.47563], [85.6276, 28.47522], [85.6282, 28.47462], [85.62925, 28.47324], [85.62971, 28.47247], [85.63211, 28.46905], [85.63348, 28.46727], [85.6342, 28.46609], [85.63545, 28.46448], [85.63693, 28.46363], [85.6381, 28.46322], [85.64073, 28.46282], [85.64154, 28.46258], [85.64277, 28.46235], [85.64401, 28.4619], [85.64537, 28.46123], [85.64627, 28.46084], [85.64725, 28.46044], [85.64789, 28.46021], [85.64822, 28.4601], [85.64849, 28.45982], [85.64867, 28.45957], [85.64883, 28.45864], [85.64882, 28.4579], [85.64877, 28.45735], [85.64825, 28.45661], [85.64792, 28.45594], [85.64689, 28.45482], [85.64656, 28.45434], [85.64623, 28.45387], [85.64535, 28.4514], [85.64517, 28.45058], [85.64541, 28.45038], [85.64576, 28.45035], [85.64613, 28.45057]]]}}, {"type": "Feature", "properties": {"km2": 2.755, "name": null, "near_source_5km": false}, "geometry": {"type": "Polygon", "coordinates": [[[85.21238, 28.3865], [85.21235, 28.38664], [85.21235, 28.38697], [85.21235, 28.38725], [85.21236, 28.38742], [85.21239, 28.3877], [85.21247, 28.38787], [85.21256, 28.38807], [85.21261, 28.38823], [85.21262, 28.3884], [85.21259, 28.38861], [85.21246, 28.3887], [85.21236, 28.38877], [85.21226, 28.38886], [85.21222, 28.38898], [85.21219, 28.38923], [85.21223, 28.38945], [85.21228, 28.38956], [85.2124, 28.38966], [85.21259, 28.38978], [85.21274, 28.38986], [85.21288, 28.38994], [85.21315, 28.39011], [85.21337, 28.39032], [85.21344, 28.39048], [85.21344, 28.39066], [85.21344, 28.39089], [85.21343, 28.3911], [85.2134, 28.39128], [85.21337, 28.39157], [85.21328, 28.3917], [85.21309, 28.3919], [85.21288, 28.39208], [85.21276, 28.39216], [85.21259, 28.39238], [85.21247, 28.39256], [85.21239, 28.39266], [85.21227, 28.3927], [85.21218, 28.39268], [85.21207, 28.39259], [85.21197, 28.39236], [85.21198, 28.39217], [85.212, 28.39203], [85.2121, 28.39185], [85.21222, 28.39168], [85.21233, 28.39155], [85.21228, 28.39141], [85.21213, 28.39132], [85.21193, 28.39129], [85.21161, 28.3913], [85.21135, 28.39124], [85.21118, 28.39119], [85.211, 28.39114], [85.21079, 28.39115], [85.21055, 28.3912], [85.2103, 28.39128], [85.2101, 28.39133], [85.20989, 28.39134], [85.20966, 28.39133], [85.20945, 28.39131], [85.20923, 28.39126], [85.20917, 28.39126], [85.20906, 28.39133], [85.20907, 28.39149], [85.20913, 28.39165], [85.20923, 28.39179], [85.20939, 28.39195], [85.2095, 28.39206], [85.20964, 28.39222], [85.20974, 28.39237], [85.20992, 28.39247], [85.21017, 28.39257], [85.21034, 28.39258], [85.2106, 28.39252], [85.21082, 28.39252], [85.21102, 28.39259], [85.21122, 28.39268], [85.2113, 28.3927], [85.21152, 28.39277], [85.21164, 28.39288], [85.21183, 28.39307], [85.21199, 28.39325], [85.21212, 28.39335], [85.21222, 28.39347], [85.21229, 28.39357], [85.21237, 28.39373], [85.21237, 28.39396], [85.21229, 28.39418], [85.21222, 28.39439], [85.21217, 28.39459], [85.21211, 28.39484], [85.21209, 28.39501], [85.21209, 28.39518], [85.21211, 28.39531], [85.21217, 28.39554], [85.21226, 28.39576], [85.21234, 28.3959], [85.21241, 28.39604], [85.21253, 28.39626], [85.21255, 28.39645], [85.21253, 28.3967], [85.2124, 28.39703], [85.21232, 28.39723], [85.21227, 28.39739], [85.21226, 28.39757], [85.21228, 28.39775], [85.21231, 28.39792], [85.21231, 28.39805], [85.2123, 28.39822], [85.21228, 28.39848], [85.21228, 28.39863], [85.21233, 28.39881], [85.21245, 28.39901], [85.21255, 28.39912], [85.21264, 28.39918], [85.2128, 28.39932], [85.21295, 28.39949], [85.21303, 28.39959], [85.21309, 28.39968], [85.2132, 28.39979], [85.21344, 28.39993], [85.21361, 28.40017], [85.21362, 28.40037], [85.21355, 28.40062], [85.21351, 28.40087], [85.21358, 28.40129], [85.21375, 28.40155], [85.21395, 28.4017], [85.21422, 28.4018], [85.21459, 28.40199], [85.21481, 28.40224], [85.21496, 28.40251], [85.21505, 28.40273], [85.21519, 28.40301], [85.21535, 28.4032], [85.21548, 28.40338], [85.21556, 28.40353], [85.21553, 28.40373], [85.21542, 28.40386], [85.21526, 28.40388], [85.21504, 28.40385], [85.21474, 28.40378], [85.21452, 28.40375], [85.21426, 28.40372], [85.21408, 28.40375], [85.21391, 28.40396], [85.21382, 28.40436], [85.21383, 28.40472], [85.21381, 28.40487], [85.21369, 28.40521], [85.21351, 28.40544], [85.21335, 28.40555], [85.21322, 28.40569], [85.21301, 28.40592], [85.2127, 28.40609], [85.21237, 28.40614], [85.21216, 28.40616], [85.21195, 28.40612], [85.2118, 28.40615], [85.21166, 28.40618], [85.2115, 28.40618], [85.21132, 28.40614], [85.21121, 28.40609], [85.21106, 28.40609], [85.21093, 28.40618], [85.21085, 28.40629], [85.21069, 28.40627], [85.21065, 28.40618], [85.21067, 28.40611], [85.21072, 28.40602], [85.21075, 28.40585], [85.21079, 28.40559], [85.21071, 28.40539], [85.21053, 28.40541], [85.21041, 28.40552], [85.21029, 28.40569], [85.21016, 28.40589], [85.21007, 28.40609], [85.21004, 28.40636], [85.20992, 28.40695], [85.20992, 28.40721], [85.20993, 28.40751], [85.20994, 28.40775], [85.20994, 28.40801], [85.20999, 28.40816], [85.20997, 28.40826], [85.20988, 28.40834], [85.20976, 28.40832], [85.20967, 28.40826], [85.20961, 28.40816], [85.2095, 28.40811], [85.20929, 28.40802], [85.20906, 28.40796], [85.20885, 28.40794], [85.20857, 28.40783], [85.20831, 28.40779], [85.20814, 28.40779], [85.20789, 28.40779], [85.20764, 28.40774], [85.20743, 28.40767], [85.20725, 28.40759], [85.20714, 28.40749], [85.20703, 28.40738], [85.20692, 28.40719], [85.20685, 28.40699], [85.2067, 28.40685], [85.20647, 28.40673], [85.20629, 28.40663], [85.20616, 28.40654], [85.20604, 28.40642], [85.20597, 28.40629], [85.2059, 28.40612], [85.20589, 28.40596], [85.20577, 28.40588], [85.20559, 28.40581], [85.20536, 28.40568], [85.20522, 28.4056], [85.2051, 28.40546], [85.20491, 28.40531], [85.20474, 28.40515], [85.20456, 28.40503], [85.2044, 28.40492], [85.20414, 28.40474], [85.20396, 28.40457], [85.20381, 28.40436], [85.20365, 28.40414], [85.20348, 28.40396], [85.20324, 28.40375], [85.20313, 28.40363], [85.2029, 28.40343], [85.20279, 28.40329], [85.20268, 28.40316], [85.20254, 28.40304], [85.20239, 28.40283], [85.20229, 28.40271], [85.20217, 28.4026], [85.20205, 28.4025], [85.20192, 28.40237], [85.20184, 28.40224], [85.20172, 28.40208], [85.20159, 28.40194], [85.20143, 28.40182], [85.20127, 28.40172], [85.20105, 28.40157], [85.20087, 28.40144], [85.2007, 28.40133], [85.2005, 28.40118], [85.20032, 28.40105], [85.2001, 28.40092], [85.19985, 28.40082], [85.19961, 28.40081], [85.1994, 28.40085], [85.19911, 28.40097], [85.19884, 28.40101], [85.1985, 28.40109], [85.19805, 28.40114], [85.19777, 28.40116], [85.19745, 28.40115], [85.19731, 28.40108], [85.1971, 28.40089], [85.19704, 28.40079], [85.197, 28.40071], [85.19698, 28.4006], [85.19698, 28.40044], [85.19694, 28.40017], [85.19696, 28.39995], [85.19701, 28.39971], [85.19709, 28.39958], [85.19725, 28.39952], [85.19748, 28.39949], [85.19784, 28.39935], [85.19806, 28.39919], [85.19822, 28.39908], [85.19845, 28.39896], [85.19863, 28.3988], [85.19879, 28.39857], [85.19888, 28.39843], [85.19892, 28.39829], [85.19893, 28.39811], [85.19891, 28.39766], [85.19889, 28.39742], [85.19892, 28.39724], [85.19895, 28.39698], [85.19896, 28.3968], [85.19893, 28.39662], [85.19885, 28.3965], [85.19877, 28.39639], [85.19863, 28.39622], [85.19851, 28.3961], [85.19839, 28.39594], [85.1983, 28.39563], [85.19826, 28.39537], [85.19831, 28.39514], [85.1984, 28.39497], [85.19855, 28.39485], [85.19878, 28.39475], [85.19914, 28.39455], [85.19937, 28.39444], [85.19961, 28.39435], [85.19978, 28.39424], [85.1999, 28.39406], [85.19993, 28.39391], [85.19993, 28.39369], [85.19985, 28.39333], [85.1998, 28.39318], [85.19978, 28.39301], [85.19983, 28.39275], [85.19989, 28.39252], [85.19997, 28.39231], [85.20014, 28.39205], [85.20044, 28.39174], [85.20066, 28.39164], [85.20084, 28.39149], [85.20096, 28.39124], [85.20102, 28.39103], [85.20111, 28.39082], [85.20118, 28.39055], [85.20124, 28.39032], [85.20112, 28.38991], [85.20103, 28.38948], [85.20097, 28.38907], [85.20106, 28.38863], [85.20116, 28.38831], [85.20141, 28.38801], [85.20175, 28.38794], [85.20195, 28.3877], [85.202, 28.38747], [85.2021, 28.38704], [85.2022, 28.38639], [85.20227, 28.38604], [85.20231, 28.38575], [85.20246, 28.3854], [85.20267, 28.38524], [85.20293, 28.38516], [85.20322, 28.38521], [85.20347, 28.38533], [85.20364, 28.38551], [85.20376, 28.38572], [85.20385, 28.38589], [85.20387, 28.38603], [85.20388, 28.38623], [85.2039, 28.38646], [85.20398, 28.38666], [85.20409, 28.38688], [85.20424, 28.38694], [85.20433, 28.38677], [85.20433, 28.38642], [85.20434, 28.38614], [85.20437, 28.38574], [85.20449, 28.38521], [85.20466, 28.38478], [85.20478, 28.38461], [85.20489, 28.3846], [85.20505, 28.38466], [85.20515, 28.38478], [85.20527, 28.38503], [85.20538, 28.38527], [85.20543, 28.38572], [85.20544, 28.38596], [85.20548, 28.38623], [85.20551, 28.38653], [85.20554, 28.38681], [85.20554, 28.38714], [85.20556, 28.38746], [85.20557, 28.38774], [85.20555, 28.38796], [85.20544, 28.38818], [85.20526, 28.38836], [85.20518, 28.38847], [85.20517, 28.38861], [85.20518, 28.38868], [85.20529, 28.38876], [85.20543, 28.38874], [85.20556, 28.38869], [85.20577, 28.38863], [85.20599, 28.38863], [85.20619, 28.38864], [85.20651, 28.38864], [85.20673, 28.38864], [85.20699, 28.38858], [85.20719, 28.38838], [85.20731, 28.38822], [85.20742, 28.38779], [85.20743, 28.38752], [85.20739, 28.38728], [85.20735, 28.3871], [85.20732, 28.38698], [85.20725, 28.38686], [85.20717, 28.38665], [85.2072, 28.38645], [85.20723, 28.38634], [85.20733, 28.38607], [85.20757, 28.38578], [85.20777, 28.38562], [85.20805, 28.38545], [85.20854, 28.38528], [85.20901, 28.38513], [85.20953, 28.38498], [85.21003, 28.38492], [85.21051, 28.38485], [85.21074, 28.38488], [85.21131, 28.38501], [85.21182, 28.38505], [85.21225, 28.38506], [85.21263, 28.38507], [85.21313, 28.3851], [85.21338, 28.38522], [85.21351, 28.38537], [85.21347, 28.38567], [85.21323, 28.38582], [85.21303, 28.38588], [85.21281, 28.38593], [85.21268, 28.38602], [85.21253, 28.38617], [85.21238, 28.3865]]]}}, {"type": "Feature", "properties": {"km2": 0.409, "name": null, "near_source_5km": false}, "geometry": {"type": "Polygon", "coordinates": [[[85.15825, 28.29321], [85.15839, 28.29357], [85.15846, 28.29377], [85.1587, 28.29406], [85.159, 28.29425], [85.1594, 28.2944], [85.15978, 28.29449], [85.16013, 28.29468], [85.16035, 28.29489], [85.16054, 28.29511], [85.16075, 28.29543], [85.16087, 28.29577], [85.16083, 28.29595], [85.16068, 28.29612], [85.1605, 28.29645], [85.16016, 28.29673], [85.15974, 28.29695], [85.15956, 28.29711], [85.15931, 28.29731], [85.15902, 28.29757], [85.15872, 28.2977], [85.15839, 28.29774], [85.15808, 28.29769], [85.15766, 28.29755], [85.15736, 28.29744], [85.1569, 28.29735], [85.15664, 28.29738], [85.15643, 28.29748], [85.15646, 28.29765], [85.15667, 28.29776], [85.15693, 28.29785], [85.15705, 28.29799], [85.15705, 28.2981], [85.15696, 28.29829], [85.15661, 28.29855], [85.15642, 28.29858], [85.15578, 28.29848], [85.15551, 28.2984], [85.15522, 28.29817], [85.15494, 28.29795], [85.15472, 28.29774], [85.15454, 28.29753], [85.15434, 28.29733], [85.1542, 28.29714], [85.15407, 28.29689], [85.15407, 28.2965], [85.15406, 28.29612], [85.154, 28.29588], [85.15376, 28.29571], [85.15347, 28.29553], [85.15327, 28.29542], [85.15299, 28.2952], [85.15282, 28.29487], [85.15273, 28.29466], [85.15272, 28.29434], [85.15272, 28.29395], [85.15267, 28.29338], [85.15267, 28.29311], [85.15271, 28.29289], [85.15282, 28.29249], [85.15304, 28.29206], [85.15325, 28.29171], [85.15358, 28.29123], [85.1537, 28.29103], [85.15402, 28.29074], [85.15441, 28.29062], [85.15474, 28.29063], [85.15507, 28.29082], [85.15542, 28.29117], [85.15568, 28.29149], [85.15604, 28.29184], [85.15642, 28.29216], [85.15686, 28.2924], [85.15729, 28.29257], [85.15787, 28.29289], [85.15825, 28.29321]]]}}, {"type": "Feature", "properties": {"km2": 6.335, "name": null, "near_source_5km": false}, "geometry": {"type": "Polygon", "coordinates": [[[85.15486, 28.3176], [85.15483, 28.31786], [85.15483, 28.31819], [85.1548, 28.31839], [85.15476, 28.31878], [85.15471, 28.3191], [85.1546, 28.31934], [85.15442, 28.31953], [85.15406, 28.31967], [85.15371, 28.31971], [85.15345, 28.31979], [85.15313, 28.31985], [85.15263, 28.3198], [85.15211, 28.31965], [85.15174, 28.31953], [85.15142, 28.31931], [85.15118, 28.31899], [85.15112, 28.3188], [85.15113, 28.31855], [85.15116, 28.31811], [85.15121, 28.31788], [85.15141, 28.3176], [85.15149, 28.3171], [85.15141, 28.31685], [85.15124, 28.31669], [85.15095, 28.3166], [85.15043, 28.3166], [85.15004, 28.3166], [85.14945, 28.31659], [85.14888, 28.31651], [85.14824, 28.31638], [85.14748, 28.31639], [85.14711, 28.31644], [85.1466, 28.31662], [85.14601, 28.31684], [85.14552, 28.31697], [85.14502, 28.3172], [85.1446, 28.31742], [85.14436, 28.31756], [85.14409, 28.3178], [85.14374, 28.31821], [85.14343, 28.3186], [85.1433, 28.31881], [85.14326, 28.31912], [85.14309, 28.31956], [85.14302, 28.3198], [85.14297, 28.32007], [85.14289, 28.32033], [85.14269, 28.32066], [85.14259, 28.32074], [85.14209, 28.32095], [85.14166, 28.32102], [85.14131, 28.32108], [85.1409, 28.32127], [85.14063, 28.32142], [85.14035, 28.32163], [85.14002, 28.32185], [85.13974, 28.32236], [85.13955, 28.32284], [85.13943, 28.32333], [85.13921, 28.32362], [85.13896, 28.32381], [85.13865, 28.32397], [85.13839, 28.32407], [85.13817, 28.32419], [85.13792, 28.32437], [85.13762, 28.32469], [85.13728, 28.32499], [85.13711, 28.32519], [85.13693, 28.3255], [85.13677, 28.32572], [85.13657, 28.32596], [85.13637, 28.32617], [85.13605, 28.32653], [85.13596, 28.32664], [85.1357, 28.32687], [85.1355, 28.327], [85.13535, 28.32709], [85.13521, 28.32723], [85.13503, 28.32741], [85.13502, 28.32775], [85.13511, 28.32785], [85.13552, 28.32791], [85.13596, 28.32787], [85.13651, 28.32764], [85.13687, 28.32744], [85.13688, 28.32724], [85.13688, 28.32701], [85.13681, 28.32675], [85.13678, 28.3265], [85.13681, 28.32626], [85.13696, 28.32601], [85.13721, 28.3258], [85.13741, 28.32573], [85.13773, 28.32573], [85.13813, 28.32574], [85.13842, 28.32576], [85.13886, 28.32583], [85.13919, 28.32598], [85.13929, 28.32604], [85.13948, 28.32625], [85.1396, 28.32653], [85.13965, 28.32672], [85.13982, 28.32695], [85.14003, 28.32711], [85.14029, 28.32726], [85.14047, 28.32737], [85.14086, 28.32747], [85.14106, 28.32759], [85.1411, 28.32785], [85.14102, 28.32815], [85.14086, 28.32835], [85.14075, 28.32846], [85.14023, 28.32871], [85.1399, 28.32878], [85.13953, 28.32878], [85.13923, 28.32876], [85.13881, 28.32864], [85.1385, 28.32859], [85.13836, 28.32859], [85.13817, 28.32881], [85.13817, 28.32902], [85.13818, 28.32935], [85.13813, 28.32956], [85.138, 28.32966], [85.13779, 28.32973], [85.13751, 28.3297], [85.13722, 28.32963], [85.13713, 28.3295], [85.13713, 28.32922], [85.13716, 28.32913], [85.13738, 28.32879], [85.13754, 28.32856], [85.13761, 28.32847], [85.13756, 28.32833], [85.1374, 28.32823], [85.13706, 28.32817], [85.13665, 28.32815], [85.13635, 28.32815], [85.1362, 28.32825], [85.13624, 28.32841], [85.13619, 28.32864], [85.13604, 28.32883], [85.13574, 28.32899], [85.1353, 28.32909], [85.13497, 28.32914], [85.13456, 28.32921], [85.1342, 28.32928], [85.13397, 28.32947], [85.13371, 28.32969], [85.13349, 28.32994], [85.13321, 28.33011], [85.13268, 28.33012], [85.13248, 28.3301], [85.13213, 28.33], [85.13188, 28.33002], [85.13168, 28.33016], [85.13144, 28.33039], [85.13124, 28.33071], [85.13109, 28.33099], [85.13091, 28.33119], [85.13078, 28.33138], [85.13062, 28.33157], [85.13048, 28.3318], [85.13042, 28.33197], [85.13026, 28.33238], [85.13013, 28.33248], [85.12985, 28.33258], [85.12947, 28.33258], [85.12912, 28.33257], [85.12883, 28.33253], [85.12861, 28.33245], [85.12821, 28.3322], [85.12796, 28.33195], [85.12783, 28.33172], [85.12777, 28.33142], [85.12775, 28.33121], [85.12768, 28.33101], [85.12737, 28.33083], [85.12693, 28.33064], [85.12659, 28.33054], [85.12623, 28.33043], [85.12599, 28.33036], [85.12554, 28.33025], [85.12521, 28.33019], [85.12484, 28.33022], [85.12423, 28.33031], [85.12373, 28.33034], [85.12352, 28.33029], [85.12334, 28.33012], [85.12324, 28.32993], [85.12323, 28.32962], [85.12325, 28.32935], [85.12331, 28.3291], [85.12348, 28.32895], [85.12367, 28.32878], [85.12398, 28.32852], [85.12422, 28.3283], [85.1243, 28.32796], [85.12426, 28.32762], [85.12404, 28.32743], [85.12389, 28.32701], [85.12389, 28.32669], [85.12398, 28.32629], [85.12419, 28.32578], [85.12462, 28.32541], [85.12501, 28.32512], [85.12563, 28.32476], [85.12632, 28.32437], [85.12668, 28.32408], [85.12722, 28.32369], [85.12763, 28.32314], [85.12775, 28.32305], [85.12797, 28.32272], [85.12811, 28.32251], [85.1283, 28.32227], [85.12857, 28.32206], [85.12886, 28.32181], [85.12908, 28.32171], [85.12938, 28.32165], [85.12978, 28.32163], [85.13011, 28.32163], [85.13037, 28.32163], [85.13067, 28.32164], [85.13108, 28.32161], [85.13134, 28.32147], [85.13142, 28.32133], [85.13142, 28.32105], [85.13138, 28.32094], [85.13132, 28.32078], [85.1311, 28.32081], [85.13099, 28.32085], [85.13072, 28.32097], [85.13043, 28.32095], [85.1301, 28.32077], [85.12982, 28.32051], [85.12962, 28.32024], [85.12948, 28.31996], [85.12927, 28.31962], [85.12911, 28.31926], [85.12905, 28.31889], [85.12907, 28.31868], [85.12912, 28.31848], [85.12919, 28.31834], [85.12931, 28.31824], [85.12943, 28.31814], [85.12961, 28.31806], [85.12972, 28.31793], [85.12977, 28.31766], [85.12981, 28.3174], [85.12977, 28.31703], [85.12981, 28.31664], [85.12981, 28.31637], [85.12987, 28.3159], [85.12991, 28.31564], [85.12997, 28.31536], [85.12998, 28.31489], [85.1299, 28.31441], [85.1298, 28.31419], [85.1296, 28.31378], [85.1294, 28.31345], [85.12926, 28.31294], [85.12927, 28.31268], [85.12933, 28.31232], [85.12939, 28.31212], [85.12955, 28.31186], [85.1297, 28.31156], [85.12996, 28.31133], [85.13012, 28.31114], [85.13044, 28.31092], [85.13071, 28.31073], [85.13104, 28.31062], [85.13161, 28.31054], [85.13197, 28.31043], [85.13216, 28.31033], [85.13233, 28.31008], [85.1325, 28.30972], [85.1326, 28.3094], [85.1328, 28.30908], [85.133, 28.3088], [85.13329, 28.30843], [85.13359, 28.30826], [85.13385, 28.3082], [85.13424, 28.30821], [85.13447, 28.30832], [85.13474, 28.30863], [85.13503, 28.30891], [85.13522, 28.30915], [85.1354, 28.30939], [85.13556, 28.30963], [85.13575, 28.30981], [85.136, 28.31015], [85.13615, 28.31032], [85.13629, 28.31052], [85.13636, 28.31067], [85.13644, 28.31087], [85.13651, 28.31113], [85.1366, 28.31124], [85.13684, 28.3114], [85.13701, 28.31145], [85.13717, 28.31152], [85.13741, 28.31161], [85.13757, 28.31183], [85.13769, 28.31193], [85.13783, 28.3121], [85.13794, 28.31225], [85.13802, 28.31247], [85.13815, 28.31283], [85.13829, 28.31299], [85.13837, 28.31321], [85.13835, 28.31361], [85.13818, 28.31383], [85.13806, 28.31404], [85.13806, 28.31432], [85.13815, 28.31455], [85.13829, 28.31463], [85.13866, 28.3147], [85.13895, 28.31468], [85.13919, 28.31461], [85.13965, 28.31447], [85.1402, 28.31433], [85.14056, 28.31429], [85.14095, 28.31419], [85.14129, 28.31405], [85.14155, 28.31394], [85.14183, 28.31377], [85.14208, 28.31349], [85.1423, 28.31324], [85.14258, 28.31291], [85.14279, 28.3127], [85.14289, 28.31237], [85.14294, 28.31211], [85.14294, 28.31188], [85.14283, 28.31154], [85.1427, 28.31115], [85.14248, 28.31082], [85.14225, 28.31048], [85.14196, 28.3101], [85.14148, 28.30963], [85.14096, 28.3092], [85.14071, 28.30907], [85.14017, 28.30888], [85.13975, 28.30887], [85.1394, 28.30885], [85.13887, 28.30873], [85.13852, 28.30852], [85.13826, 28.30827], [85.13776, 28.30811], [85.1374, 28.30791], [85.13706, 28.30756], [85.13684, 28.30725], [85.13678, 28.30693], [85.13678, 28.30674], [85.13683, 28.30648], [85.13697, 28.30623], [85.13716, 28.30598], [85.13729, 28.30587], [85.13752, 28.30577], [85.13777, 28.30568], [85.13797, 28.3056], [85.13812, 28.30545], [85.13817, 28.30524], [85.13815, 28.30501], [85.13802, 28.3048], [85.13798, 28.30462], [85.13807, 28.3045], [85.13815, 28.30445], [85.13841, 28.3044], [85.13865, 28.30437], [85.13881, 28.30438], [85.13891, 28.30438], [85.13913, 28.30445], [85.13921, 28.30454], [85.13927, 28.30468], [85.13936, 28.30483], [85.13943, 28.30499], [85.13952, 28.30514], [85.13963, 28.30528], [85.13977, 28.30543], [85.13993, 28.30558], [85.14012, 28.30584], [85.14017, 28.30604], [85.14016, 28.30619], [85.14016, 28.30633], [85.14015, 28.30644], [85.14019, 28.30652], [85.14034, 28.30675], [85.14063, 28.30721], [85.14099, 28.30764], [85.14118, 28.30781], [85.1414, 28.30791], [85.14163, 28.308], [85.14198, 28.3081], [85.14225, 28.30814], [85.14241, 28.30816], [85.14263, 28.30819], [85.14277, 28.30818], [85.14294, 28.30821], [85.14307, 28.30828], [85.14317, 28.30841], [85.14321, 28.30855], [85.14324, 28.30874], [85.14333, 28.30891], [85.14346, 28.30909], [85.14363, 28.30925], [85.1439, 28.30948], [85.14412, 28.30964], [85.14432, 28.30988], [85.14445, 28.31022], [85.14463, 28.31064], [85.14494, 28.31104], [85.14527, 28.31141], [85.14551, 28.31166], [85.1459, 28.31196], [85.14631, 28.31212], [85.14665, 28.31218], [85.14708, 28.31221], [85.14748, 28.31224], [85.14811, 28.31228], [85.1486, 28.31236], [85.14889, 28.31233], [85.14906, 28.31224], [85.14919, 28.31208], [85.14909, 28.31187], [85.14882, 28.31161], [85.14835, 28.31147], [85.14799, 28.31138], [85.14763, 28.3113], [85.14724, 28.31123], [85.14683, 28.31107], [85.14654, 28.31091], [85.14637, 28.31072], [85.14609, 28.31048], [85.1458, 28.3101], [85.14541, 28.30978], [85.14515, 28.30962], [85.1449, 28.30931], [85.14471, 28.30899], [85.14459, 28.3087], [85.14435, 28.30833], [85.14395, 28.30793], [85.14362, 28.30769], [85.14332, 28.30737], [85.14303, 28.30697], [85.14285, 28.30676], [85.14267, 28.30652], [85.14248, 28.30622], [85.14226, 28.30578], [85.14204, 28.30542], [85.14177, 28.30509], [85.14159, 28.30474], [85.14131, 28.30433], [85.1411, 28.30415], [85.14092, 28.30401], [85.14081, 28.30395], [85.14066, 28.30389], [85.14041, 28.30385], [85.13987, 28.30379], [85.13957, 28.30373], [85.13921, 28.30359], [85.13901, 28.30345], [85.13889, 28.30332], [85.13875, 28.30309], [85.13875, 28.30294], [85.13881, 28.30278], [85.13889, 28.30269], [85.139, 28.30263], [85.13913, 28.30261], [85.13932, 28.30262], [85.13947, 28.30262], [85.13962, 28.3026], [85.13973, 28.30253], [85.13979, 28.30244], [85.13978, 28.30232], [85.13974, 28.30219], [85.13974, 28.30206], [85.13972, 28.30189], [85.13976, 28.3017], [85.1399, 28.30145], [85.14001, 28.30129], [85.14019, 28.30111], [85.14041, 28.3009], [85.14061, 28.3008], [85.14074, 28.30075], [85.14099, 28.30064], [85.14108, 28.3005], [85.14116, 28.3003], [85.14117, 28.29987], [85.14134, 28.29965], [85.14159, 28.29948], [85.14183, 28.2993], [85.14207, 28.2992], [85.14232, 28.29911], [85.14264, 28.2991], [85.1432, 28.29919], [85.1434, 28.29927], [85.1437, 28.29958], [85.14376, 28.29974], [85.14376, 28.29997], [85.14376, 28.30024], [85.14378, 28.30044], [85.14388, 28.30057], [85.14407, 28.30067], [85.14436, 28.30067], [85.14448, 28.30061], [85.14456, 28.30045], [85.14463, 28.30023], [85.14471, 28.30004], [85.14477, 28.29979], [85.14487, 28.29961], [85.1449, 28.29938], [85.14488, 28.29912], [85.1449, 28.29897], [85.14494, 28.29891], [85.14511, 28.29879], [85.1453, 28.29872], [85.14569, 28.29868], [85.14602, 28.29862], [85.14672, 28.29867], [85.14714, 28.2988], [85.1473, 28.29891], [85.14772, 28.29927], [85.14789, 28.29942], [85.14811, 28.29962], [85.14835, 28.29988], [85.14857, 28.30016], [85.1488, 28.30038], [85.14898, 28.30047], [85.1493, 28.30061], [85.14955, 28.30066], [85.14981, 28.30069], [85.14996, 28.30066], [85.15012, 28.30066], [85.15026, 28.30068], [85.15048, 28.30076], [85.15069, 28.30093], [85.15086, 28.30103], [85.15093, 28.3011], [85.1511, 28.30129], [85.15125, 28.30151], [85.15131, 28.30165], [85.15142, 28.30181], [85.15159, 28.30194], [85.1517, 28.30209], [85.15177, 28.30235], [85.15179, 28.30253], [85.15184, 28.30269], [85.15188, 28.3028], [85.15192, 28.30301], [85.15194, 28.30311], [85.15197, 28.30323], [85.15204, 28.30342], [85.15204, 28.30356], [85.15202, 28.30366], [85.15196, 28.30385], [85.15196, 28.30404], [85.15213, 28.30422], [85.1524, 28.30435], [85.15262, 28.30435], [85.15273, 28.30429], [85.15276, 28.30415], [85.1527, 28.30401], [85.15266, 28.30386], [85.15259, 28.30367], [85.15257, 28.30347], [85.15257, 28.30334], [85.15246, 28.30315], [85.15228, 28.303], [85.15222, 28.30274], [85.15222, 28.30252], [85.15223, 28.30234], [85.15226, 28.30217], [85.15234, 28.30203], [85.1524, 28.30188], [85.1523, 28.30173], [85.15218, 28.30161], [85.15192, 28.30144], [85.15181, 28.30126], [85.15181, 28.30111], [85.15183, 28.30086], [85.15188, 28.30071], [85.15191, 28.30055], [85.15196, 28.30026], [85.15188, 28.30005], [85.15164, 28.2998], [85.15148, 28.29959], [85.15144, 28.29938], [85.15144, 28.29924], [85.15149, 28.29905], [85.15156, 28.29895], [85.15167, 28.29887], [85.15187, 28.29883], [85.15206, 28.29885], [85.15249, 28.29893], [85.15275, 28.29893], [85.15293, 28.29887], [85.15317, 28.29881], [85.15342, 28.29882], [85.15366, 28.29886], [85.15404, 28.29909], [85.15435, 28.29915], [85.15462, 28.29916], [85.15494, 28.29913], [85.15533, 28.29915], [85.1559, 28.29929], [85.15604, 28.29932], [85.15634, 28.29942], [85.15662, 28.29959], [85.15673, 28.29973], [85.15682, 28.29987], [85.15687, 28.30011], [85.1569, 28.30029], [85.15692, 28.30045], [85.15693, 28.30054], [85.15696, 28.30059], [85.15709, 28.30079], [85.15724, 28.30102], [85.1573, 28.3011], [85.15745, 28.30128], [85.15761, 28.30148], [85.15773, 28.30166], [85.15783, 28.30181], [85.15801, 28.30194], [85.15812, 28.30204], [85.15825, 28.30223], [85.15823, 28.30239], [85.15811, 28.3024], [85.15803, 28.3024], [85.15776, 28.30233], [85.15761, 28.30229], [85.15731, 28.30221], [85.15705, 28.30212], [85.15683, 28.30207], [85.15667, 28.30208], [85.15648, 28.30216], [85.15625, 28.30215], [85.15601, 28.30212], [85.15577, 28.30204], [85.15535, 28.3019], [85.15479, 28.30178], [85.15431, 28.30169], [85.15412, 28.30166], [85.15363, 28.30165], [85.15354, 28.30166], [85.15336, 28.30173], [85.15325, 28.30176], [85.15319, 28.30181], [85.15313, 28.30192], [85.15314, 28.30198], [85.15329, 28.30211], [85.15337, 28.30236], [85.15336, 28.30249], [85.15328, 28.30263], [85.15327, 28.30278], [85.1533, 28.30291], [85.15348, 28.30305], [85.15357, 28.3031], [85.1537, 28.30318], [85.15377, 28.30329], [85.15377, 28.30341], [85.15377, 28.30354], [85.15379, 28.30364], [85.15385, 28.30376], [85.15404, 28.30395], [85.15426, 28.30406], [85.15444, 28.3042], [85.15453, 28.30432], [85.15457, 28.30456], [85.15456, 28.30474], [85.15456, 28.30489], [85.15462, 28.30516], [85.15476, 28.30539], [85.15494, 28.30572], [85.15504, 28.30587], [85.15505, 28.30602], [85.15503, 28.30616], [85.15498, 28.30634], [85.15497, 28.30655], [85.155, 28.30668], [85.15503, 28.30689], [85.15502, 28.30709], [85.15495, 28.30719], [85.15482, 28.30725], [85.15459, 28.30725], [85.15443, 28.30722], [85.15425, 28.30712], [85.15407, 28.30696], [85.15387, 28.3068], [85.15371, 28.30664], [85.15362, 28.30659], [85.15348, 28.30651], [85.15332, 28.30647], [85.15312, 28.30641], [85.15284, 28.30628], [85.15263, 28.30613], [85.15251, 28.30599], [85.15239, 28.30583], [85.15232, 28.30573], [85.15224, 28.30559], [85.15215, 28.30546], [85.152, 28.3053], [85.15177, 28.30521], [85.15165, 28.30523], [85.15159, 28.30539], [85.15159, 28.30557], [85.15157, 28.30583], [85.15158, 28.30598], [85.15159, 28.30603], [85.15161, 28.30612], [85.15173, 28.3062], [85.15184, 28.30631], [85.1519, 28.30642], [85.15193, 28.30654], [85.152, 28.30668], [85.15199, 28.30682], [85.15193, 28.30694], [85.15183, 28.30698], [85.15167, 28.30695], [85.15156, 28.30687], [85.15142, 28.30674], [85.15138, 28.30662], [85.15132, 28.30643], [85.15118, 28.30631], [85.15093, 28.30624], [85.1508, 28.30625], [85.15071, 28.30631], [85.15062, 28.30646], [85.15056, 28.30658], [85.15057, 28.30666], [85.15059, 28.30681], [85.15069, 28.30693], [85.15082, 28.30706], [85.15089, 28.3072], [85.15093, 28.30734], [85.15094, 28.30761], [85.15086, 28.30776], [85.15081, 28.30789], [85.15082, 28.30815], [85.15088, 28.30827], [85.15093, 28.30833], [85.1511, 28.30851], [85.15127, 28.30866], [85.15137, 28.30881], [85.15149, 28.30907], [85.15153, 28.30923], [85.15161, 28.30956], [85.15169, 28.30977], [85.15176, 28.31002], [85.15169, 28.31031], [85.15154, 28.31056], [85.1515, 28.31071], [85.15159, 28.31088], [85.15179, 28.31109], [85.15204, 28.31126], [85.15243, 28.31138], [85.15271, 28.31139], [85.15336, 28.3114], [85.15387, 28.31136], [85.15428, 28.31126], [85.15471, 28.3111], [85.15515, 28.31089], [85.15584, 28.31062], [85.1563, 28.31039], [85.15683, 28.31016], [85.15728, 28.30993], [85.1577, 28.30973], [85.15817, 28.30929], [85.15847, 28.30902], [85.15875, 28.30881], [85.15918, 28.30848], [85.15952, 28.30806], [85.15977, 28.30768], [85.16009, 28.30734], [85.16054, 28.30697], [85.16089, 28.30668], [85.16114, 28.30648], [85.16161, 28.30597], [85.16208, 28.30531], [85.16238, 28.30484], [85.16268, 28.30438], [85.16298, 28.30397], [85.16337, 28.30358], [85.16375, 28.30324], [85.16416, 28.3029], [85.16434, 28.30282], [85.16464, 28.30261], [85.16495, 28.30246], [85.16519, 28.30226], [85.16566, 28.30211], [85.1659, 28.30199], [85.16606, 28.30192], [85.16641, 28.30178], [85.16673, 28.30169], [85.16709, 28.30157], [85.16732, 28.30148], [85.16791, 28.30124], [85.16816, 28.30107], [85.16841, 28.3009], [85.16868, 28.30068], [85.16897, 28.30041], [85.16943, 28.30022], [85.16971, 28.30013], [85.17012, 28.29999], [85.17049, 28.29987], [85.17083, 28.29971], [85.17111, 28.2997], [85.17141, 28.29971], [85.17166, 28.29976], [85.17184, 28.29976], [85.17195, 28.29976], [85.1722, 28.2998], [85.17227, 28.29984], [85.17242, 28.29992], [85.17249, 28.29998], [85.1727, 28.30005], [85.17292, 28.30006], [85.17317, 28.30006], [85.17353, 28.30002], [85.17374, 28.30002], [85.17402, 28.30012], [85.17417, 28.30035], [85.17439, 28.30042], [85.17464, 28.3003], [85.17493, 28.30018], [85.17513, 28.30019], [85.17537, 28.30029], [85.17547, 28.30051], [85.17541, 28.30076], [85.17555, 28.30091], [85.17574, 28.30105], [85.17583, 28.30114], [85.17581, 28.30132], [85.17564, 28.30142], [85.17545, 28.30155], [85.17541, 28.30168], [85.17547, 28.30174], [85.17533, 28.30185], [85.1744, 28.30185], [85.17385, 28.30191], [85.1733, 28.30201], [85.17279, 28.30213], [85.17233, 28.30225], [85.17186, 28.30239], [85.17157, 28.30258], [85.17128, 28.30277], [85.17094, 28.30305], [85.17064, 28.30331], [85.17028, 28.30359], [85.16992, 28.30378], [85.16959, 28.30392], [85.16937, 28.30397], [85.16901, 28.30419], [85.16871, 28.30445], [85.1685, 28.30464], [85.16835, 28.30489], [85.16832, 28.30521], [85.16833, 28.30547], [85.16846, 28.30569], [85.16859, 28.30599], [85.1686, 28.30634], [85.1685, 28.3067], [85.16835, 28.30699], [85.1681, 28.30719], [85.16746, 28.3077], [85.16711, 28.30792], [85.16682, 28.30817], [85.16639, 28.30865], [85.16608, 28.30894], [85.16576, 28.30935], [85.16543, 28.3097], [85.16519, 28.30994], [85.16487, 28.31025], [85.16452, 28.31044], [85.16425, 28.31061], [85.16387, 28.31095], [85.16347, 28.31129], [85.16304, 28.31164], [85.1626, 28.31208], [85.16219, 28.31243], [85.16178, 28.31267], [85.16153, 28.31284], [85.16084, 28.31328], [85.15991, 28.31371], [85.15919, 28.31403], [85.15873, 28.31435], [85.1584, 28.3145], [85.15802, 28.31474], [85.15742, 28.31508], [85.15705, 28.31528], [85.15667, 28.31565], [85.15627, 28.31596], [85.15601, 28.31625], [85.15574, 28.31645], [85.15545, 28.31673], [85.15523, 28.31691], [85.15512, 28.31706], [85.155, 28.31721], [85.15493, 28.31735], [85.15486, 28.3176]]]}}, {"type": "Feature", "properties": {"km2": 1.694, "name": null, "near_source_5km": false}, "geometry": {"type": "Polygon", "coordinates": [[[85.1741, 28.33087], [85.17417, 28.33114], [85.17421, 28.33143], [85.17421, 28.33171], [85.1741, 28.33208], [85.17397, 28.33229], [85.17389, 28.33243], [85.17386, 28.33264], [85.17389, 28.33279], [85.17396, 28.33291], [85.17411, 28.33305], [85.1743, 28.33312], [85.17447, 28.33313], [85.17475, 28.33308], [85.17492, 28.33303], [85.17509, 28.33302], [85.17537, 28.33306], [85.17561, 28.33317], [85.17578, 28.33345], [85.1759, 28.33379], [85.17599, 28.33399], [85.17615, 28.33429], [85.17626, 28.33463], [85.1764, 28.33495], [85.1765, 28.33529], [85.17667, 28.33561], [85.17697, 28.33589], [85.17721, 28.33601], [85.1776, 28.33608], [85.17792, 28.33614], [85.17824, 28.33626], [85.17853, 28.33645], [85.17882, 28.3367], [85.17902, 28.33695], [85.17917, 28.33714], [85.17936, 28.3374], [85.17956, 28.33768], [85.17964, 28.33785], [85.17969, 28.33807], [85.17972, 28.33834], [85.17973, 28.33872], [85.17971, 28.33901], [85.17968, 28.3392], [85.1798, 28.33936], [85.17999, 28.33948], [85.18042, 28.33965], [85.18072, 28.33982], [85.18092, 28.34003], [85.18101, 28.34018], [85.18106, 28.34033], [85.18099, 28.34042], [85.18081, 28.34053], [85.18061, 28.34055], [85.18035, 28.34056], [85.18016, 28.34058], [85.17999, 28.34068], [85.1799, 28.34081], [85.17989, 28.341], [85.17985, 28.3412], [85.17976, 28.34133], [85.17956, 28.3414], [85.17944, 28.34147], [85.1794, 28.34155], [85.17943, 28.34177], [85.17954, 28.34196], [85.17969, 28.34214], [85.17988, 28.34232], [85.18006, 28.34246], [85.18019, 28.34254], [85.18026, 28.34263], [85.18023, 28.34272], [85.1801, 28.34284], [85.17997, 28.34284], [85.1798, 28.34283], [85.17967, 28.34283], [85.17957, 28.34286], [85.17946, 28.34296], [85.17937, 28.34307], [85.17926, 28.34313], [85.17913, 28.34313], [85.17901, 28.34309], [85.17893, 28.34304], [85.17886, 28.34295], [85.17885, 28.3428], [85.17884, 28.34268], [85.17879, 28.34256], [85.17865, 28.34247], [85.17853, 28.34242], [85.17833, 28.34233], [85.17815, 28.34225], [85.17802, 28.34223], [85.17791, 28.34225], [85.17776, 28.34234], [85.17767, 28.34248], [85.17763, 28.34269], [85.17765, 28.34289], [85.17774, 28.34314], [85.17783, 28.34325], [85.17797, 28.34341], [85.17812, 28.34354], [85.17825, 28.34365], [85.17832, 28.34378], [85.1784, 28.34391], [85.17848, 28.34411], [85.17861, 28.34426], [85.17875, 28.34446], [85.17896, 28.34464], [85.17904, 28.34469], [85.17926, 28.34473], [85.17956, 28.34476], [85.17987, 28.34484], [85.18013, 28.34493], [85.18038, 28.34503], [85.18068, 28.34513], [85.18101, 28.34518], [85.18137, 28.34524], [85.18168, 28.34527], [85.18193, 28.34542], [85.1822, 28.3456], [85.18238, 28.34573], [85.18262, 28.3459], [85.18285, 28.34605], [85.18322, 28.34614], [85.18356, 28.34616], [85.18379, 28.34621], [85.18397, 28.34632], [85.18394, 28.34647], [85.18378, 28.34662], [85.18365, 28.34665], [85.18329, 28.34676], [85.18301, 28.34677], [85.18273, 28.34673], [85.18244, 28.34671], [85.18219, 28.3467], [85.18193, 28.34673], [85.18178, 28.34682], [85.18165, 28.34693], [85.18151, 28.34697], [85.18128, 28.34695], [85.18107, 28.347], [85.18103, 28.34708], [85.18098, 28.34725], [85.1809, 28.34736], [85.18068, 28.34738], [85.18034, 28.34736], [85.18008, 28.34733], [85.17986, 28.34729], [85.17975, 28.34728], [85.17969, 28.34733], [85.17962, 28.34739], [85.17954, 28.34745], [85.17952, 28.34754], [85.17946, 28.34766], [85.17937, 28.34775], [85.17922, 28.34781], [85.17916, 28.34788], [85.17915, 28.34802], [85.17921, 28.34819], [85.17921, 28.34833], [85.17919, 28.34841], [85.17912, 28.34851], [85.17906, 28.34864], [85.17905, 28.34874], [85.17906, 28.34885], [85.17915, 28.34896], [85.17923, 28.34909], [85.17922, 28.34919], [85.17913, 28.34932], [85.17908, 28.34949], [85.17908, 28.34963], [85.17908, 28.34981], [85.17902, 28.34993], [85.17892, 28.34996], [85.17882, 28.34994], [85.17874, 28.34989], [85.17865, 28.34986], [85.1785, 28.34991], [85.1784, 28.34999], [85.17833, 28.3501], [85.17821, 28.3503], [85.17807, 28.35057], [85.17803, 28.35074], [85.17802, 28.351], [85.17794, 28.35115], [85.17779, 28.35122], [85.1776, 28.35126], [85.17737, 28.35132], [85.17725, 28.35139], [85.17715, 28.35149], [85.17707, 28.35164], [85.17696, 28.35177], [85.17685, 28.35184], [85.17673, 28.35184], [85.17664, 28.35176], [85.17654, 28.35163], [85.17643, 28.35152], [85.1763, 28.3515], [85.17612, 28.35153], [85.1759, 28.35166], [85.17571, 28.35181], [85.17551, 28.35191], [85.17525, 28.35201], [85.17509, 28.35212], [85.1749, 28.35225], [85.17467, 28.35232], [85.17454, 28.3523], [85.17442, 28.35221], [85.17429, 28.35206], [85.17413, 28.35181], [85.17393, 28.35155], [85.17376, 28.35125], [85.1736, 28.35101], [85.17344, 28.35075], [85.17326, 28.35052], [85.1731, 28.35023], [85.1729, 28.34992], [85.17268, 28.34964], [85.17253, 28.34944], [85.17237, 28.34917], [85.17225, 28.34898], [85.17206, 28.3487], [85.17188, 28.34845], [85.17173, 28.34826], [85.17158, 28.34815], [85.1712, 28.34795], [85.17092, 28.34782], [85.17079, 28.34774], [85.17059, 28.34761], [85.17045, 28.3475], [85.17017, 28.34734], [85.17003, 28.34725], [85.16989, 28.34709], [85.16987, 28.34696], [85.16988, 28.34673], [85.16992, 28.34659], [85.17004, 28.34638], [85.1701, 28.34614], [85.17008, 28.34604], [85.16996, 28.34588], [85.16969, 28.34564], [85.16947, 28.34545], [85.1693, 28.34535], [85.16896, 28.3452], [85.1687, 28.34509], [85.16848, 28.34495], [85.16832, 28.34473], [85.16827, 28.34458], [85.1682, 28.34437], [85.16812, 28.34416], [85.168, 28.3439], [85.16791, 28.34376], [85.1679, 28.34365], [85.16793, 28.34354], [85.16802, 28.34328], [85.16807, 28.34297], [85.168, 28.34273], [85.16788, 28.34247], [85.16771, 28.34224], [85.16744, 28.342], [85.16716, 28.34183], [85.1669, 28.34163], [85.16685, 28.34147], [85.16684, 28.34121], [85.16693, 28.34103], [85.16701, 28.34097], [85.16717, 28.34101], [85.16754, 28.34114], [85.16775, 28.34126], [85.16811, 28.34134], [85.1686, 28.34135], [85.16894, 28.34147], [85.16929, 28.34176], [85.16946, 28.34195], [85.16989, 28.34247], [85.17009, 28.34277], [85.17026, 28.34302], [85.17049, 28.34314], [85.17082, 28.34322], [85.17117, 28.34325], [85.17155, 28.34323], [85.17169, 28.34315], [85.1718, 28.34297], [85.17182, 28.34273], [85.17182, 28.34256], [85.17181, 28.3423], [85.17174, 28.342], [85.17168, 28.34179], [85.17146, 28.34152], [85.17121, 28.34134], [85.17113, 28.34128], [85.171, 28.34105], [85.17095, 28.3407], [85.17085, 28.3403], [85.17062, 28.34009], [85.17044, 28.3399], [85.17021, 28.33973], [85.16993, 28.33942], [85.16978, 28.33912], [85.16961, 28.33889], [85.16918, 28.33866], [85.16896, 28.33856], [85.16839, 28.33829], [85.16808, 28.33813], [85.16776, 28.33768], [85.16772, 28.33748], [85.16774, 28.33713], [85.16788, 28.33695], [85.16809, 28.33685], [85.1685, 28.3368], [85.16892, 28.33681], [85.16933, 28.33694], [85.16968, 28.33715], [85.17001, 28.33735], [85.1705, 28.33779], [85.17078, 28.33811], [85.171, 28.33848], [85.17135, 28.33903], [85.17166, 28.33953], [85.17188, 28.33996], [85.17208, 28.34039], [85.17211, 28.34085], [85.17225, 28.34117], [85.17242, 28.34157], [85.17266, 28.34188], [85.17284, 28.34217], [85.17294, 28.3423], [85.17301, 28.34256], [85.17308, 28.34273], [85.17313, 28.34289], [85.17325, 28.34304], [85.17347, 28.34326], [85.17368, 28.34338], [85.17409, 28.34353], [85.17437, 28.34361], [85.17472, 28.34368], [85.17504, 28.34367], [85.17519, 28.34355], [85.17522, 28.34335], [85.1752, 28.34309], [85.17515, 28.34261], [85.17507, 28.34229], [85.17494, 28.34191], [85.17472, 28.34154], [85.17453, 28.34123], [85.17433, 28.34089], [85.17405, 28.34052], [85.17369, 28.34003], [85.17343, 28.33956], [85.17324, 28.33928], [85.17297, 28.33896], [85.17275, 28.33879], [85.17227, 28.33842], [85.172, 28.33819], [85.17161, 28.33794], [85.17128, 28.33773], [85.17107, 28.33762], [85.17076, 28.33744], [85.17022, 28.33711], [85.16993, 28.33696], [85.16963, 28.3367], [85.1694, 28.33657], [85.16914, 28.33643], [85.16891, 28.33625], [85.16877, 28.3361], [85.16865, 28.33592], [85.16863, 28.33572], [85.16865, 28.33547], [85.16872, 28.33523], [85.16881, 28.33501], [85.16891, 28.33487], [85.16901, 28.33475], [85.16913, 28.33457], [85.1693, 28.33438], [85.16952, 28.33416], [85.16978, 28.3342], [85.16997, 28.33425], [85.17035, 28.33441], [85.17063, 28.33459], [85.17089, 28.33484], [85.1711, 28.33503], [85.17139, 28.33523], [85.17163, 28.33534], [85.17188, 28.33541], [85.17212, 28.33552], [85.17231, 28.33556], [85.17255, 28.33567], [85.17282, 28.3358], [85.17295, 28.33588], [85.17318, 28.33604], [85.17332, 28.33612], [85.17345, 28.33613], [85.17353, 28.3361], [85.17362, 28.33591], [85.17365, 28.33572], [85.17361, 28.3354], [85.17353, 28.33502], [85.17347, 28.33482], [85.17328, 28.33453], [85.1731, 28.33429], [85.17287, 28.33403], [85.17265, 28.3337], [85.17245, 28.33339], [85.17236, 28.33322], [85.1722, 28.33284], [85.17205, 28.33245], [85.17199, 28.33223], [85.17187, 28.33199], [85.1719, 28.33157], [85.17192, 28.33136], [85.17205, 28.33107], [85.17224, 28.33085], [85.17252, 28.33067], [85.17276, 28.33059], [85.17334, 28.33055], [85.17374, 28.33063], [85.1741, 28.33087]]]}}, {"type": "Feature", "properties": {"km2": 4.117, "name": null, "near_source_5km": false}, "geometry": {"type": "Polygon", "coordinates": [[[85.15583, 28.35626], [85.15601, 28.35549], [85.15613, 28.35514], [85.15639, 28.35474], [85.15666, 28.3544], [85.15689, 28.35408], [85.15718, 28.3539], [85.15738, 28.35364], [85.15785, 28.35275], [85.15795, 28.35235], [85.158, 28.35208], [85.15802, 28.35157], [85.15795, 28.35085], [85.1578, 28.35026], [85.15752, 28.34968], [85.15743, 28.34921], [85.15749, 28.34873], [85.1576, 28.3483], [85.15787, 28.34788], [85.15842, 28.34718], [85.15874, 28.34692], [85.15898, 28.34666], [85.15907, 28.34632], [85.15911, 28.34597], [85.15903, 28.34544], [85.15881, 28.34482], [85.15853, 28.34428], [85.15819, 28.34389], [85.15802, 28.34349], [85.15793, 28.343], [85.15793, 28.34273], [85.15804, 28.34211], [85.15809, 28.34164], [85.15794, 28.34116], [85.15773, 28.34074], [85.15751, 28.34036], [85.15704, 28.33981], [85.15679, 28.33932], [85.15672, 28.339], [85.15667, 28.33854], [85.15665, 28.33819], [85.15654, 28.33784], [85.15637, 28.33744], [85.15624, 28.33707], [85.15594, 28.33641], [85.15557, 28.33594], [85.15509, 28.33532], [85.15472, 28.33492], [85.15427, 28.33453], [85.15363, 28.33404], [85.15322, 28.33364], [85.15287, 28.33335], [85.15228, 28.33274], [85.15155, 28.33223], [85.15119, 28.33206], [85.15043, 28.33197], [85.14995, 28.33199], [85.14962, 28.33213], [85.14928, 28.3324], [85.14925, 28.33273], [85.1494, 28.33304], [85.14976, 28.33361], [85.15003, 28.33389], [85.15034, 28.33406], [85.15081, 28.33416], [85.1513, 28.3342], [85.15164, 28.33431], [85.15205, 28.33458], [85.15243, 28.33485], [85.15298, 28.33529], [85.15318, 28.33556], [85.15344, 28.33583], [85.15358, 28.33614], [85.15426, 28.33645], [85.15472, 28.3368], [85.15493, 28.33698], [85.15518, 28.3375], [85.15521, 28.33791], [85.15522, 28.33815], [85.15519, 28.33842], [85.15505, 28.33862], [85.15478, 28.33883], [85.15442, 28.33904], [85.1542, 28.33915], [85.15384, 28.33928], [85.15346, 28.33933], [85.15312, 28.33933], [85.15259, 28.33932], [85.15218, 28.33935], [85.15194, 28.3394], [85.15159, 28.33958], [85.15123, 28.33973], [85.15083, 28.33984], [85.15051, 28.33986], [85.15021, 28.33985], [85.14992, 28.33986], [85.14973, 28.33992], [85.14958, 28.34005], [85.14954, 28.34029], [85.14949, 28.34048], [85.14949, 28.34068], [85.14955, 28.34085], [85.14953, 28.34097], [85.14945, 28.3411], [85.14932, 28.3413], [85.14916, 28.34144], [85.14904, 28.34161], [85.14899, 28.34182], [85.14884, 28.34196], [85.14866, 28.34201], [85.14831, 28.34194], [85.14799, 28.34188], [85.14763, 28.34178], [85.14733, 28.34158], [85.14709, 28.34124], [85.14671, 28.34071], [85.14642, 28.34033], [85.14618, 28.34007], [85.14577, 28.33983], [85.14549, 28.33969], [85.14528, 28.33938], [85.14478, 28.3389], [85.14443, 28.33838], [85.1441, 28.33781], [85.14395, 28.33717], [85.14394, 28.33639], [85.14382, 28.33591], [85.14357, 28.33556], [85.14315, 28.33532], [85.14284, 28.3348], [85.14263, 28.33435], [85.14244, 28.3338], [85.14238, 28.33326], [85.14238, 28.33291], [85.14247, 28.33255], [85.14257, 28.33216], [85.14252, 28.33186], [85.14227, 28.33165], [85.14193, 28.3315], [85.14149, 28.33145], [85.14095, 28.33153], [85.1403, 28.33183], [85.13985, 28.3324], [85.13923, 28.33303], [85.13882, 28.33322], [85.13842, 28.33345], [85.13806, 28.33352], [85.13765, 28.33352], [85.13729, 28.33357], [85.137, 28.33357], [85.1367, 28.33348], [85.13644, 28.33325], [85.13629, 28.333], [85.13602, 28.33289], [85.13569, 28.33299], [85.13535, 28.33301], [85.13507, 28.33314], [85.13492, 28.33337], [85.13485, 28.33363], [85.13479, 28.33385], [85.13468, 28.33426], [85.1346, 28.33452], [85.1346, 28.33485], [85.13463, 28.3353], [85.13479, 28.33601], [85.13484, 28.33632], [85.13486, 28.33659], [85.13484, 28.33679], [85.13483, 28.33713], [85.13496, 28.33797], [85.13496, 28.3382], [85.13496, 28.33845], [85.13502, 28.33869], [85.13503, 28.33895], [85.13497, 28.33924], [85.1349, 28.33936], [85.13471, 28.33946], [85.13454, 28.33954], [85.13425, 28.3396], [85.13387, 28.33961], [85.13346, 28.33957], [85.1332, 28.33951], [85.13302, 28.33958], [85.13283, 28.33974], [85.13263, 28.33994], [85.13238, 28.34016], [85.13216, 28.3402], [85.13189, 28.34019], [85.13166, 28.34015], [85.13147, 28.34011], [85.1313, 28.34014], [85.13114, 28.34033], [85.13111, 28.34052], [85.13114, 28.34072], [85.13117, 28.34092], [85.13124, 28.34116], [85.13131, 28.34128], [85.13139, 28.34143], [85.13152, 28.34162], [85.13162, 28.34172], [85.13182, 28.34192], [85.13198, 28.34202], [85.13217, 28.34221], [85.13238, 28.34256], [85.13247, 28.34279], [85.13263, 28.34308], [85.13278, 28.34325], [85.13305, 28.34341], [85.13329, 28.34351], [85.13358, 28.34364], [85.13405, 28.34386], [85.13462, 28.34407], [85.13471, 28.34418], [85.13477, 28.34437], [85.13477, 28.34454], [85.13481, 28.34468], [85.1349, 28.34485], [85.13498, 28.34497], [85.1351, 28.34515], [85.13517, 28.34527], [85.13528, 28.34538], [85.13538, 28.34548], [85.13552, 28.34558], [85.13569, 28.34562], [85.13591, 28.34565], [85.13609, 28.3456], [85.13621, 28.34543], [85.13621, 28.34531], [85.13613, 28.3452], [85.13589, 28.34494], [85.1358, 28.34484], [85.13571, 28.34468], [85.13563, 28.34442], [85.13556, 28.34421], [85.13556, 28.34408], [85.13563, 28.34403], [85.13579, 28.34402], [85.13596, 28.34405], [85.13619, 28.34412], [85.13644, 28.34424], [85.13671, 28.34423], [85.13695, 28.34411], [85.13703, 28.344], [85.13714, 28.34399], [85.13738, 28.34415], [85.1377, 28.34442], [85.13799, 28.34469], [85.13831, 28.34509], [85.13836, 28.34529], [85.13838, 28.34563], [85.1385, 28.34593], [85.13866, 28.3462], [85.13875, 28.34649], [85.13881, 28.34679], [85.13882, 28.34698], [85.13898, 28.34725], [85.1393, 28.34747], [85.13961, 28.3477], [85.13998, 28.34801], [85.14021, 28.34826], [85.14049, 28.34864], [85.14063, 28.34897], [85.14066, 28.34924], [85.14077, 28.34947], [85.14096, 28.3497], [85.14132, 28.34998], [85.14156, 28.35028], [85.14178, 28.35058], [85.14205, 28.35086], [85.14233, 28.35107], [85.14263, 28.3513], [85.14288, 28.35172], [85.14315, 28.3522], [85.1433, 28.35275], [85.14353, 28.35318], [85.14371, 28.35397], [85.14372, 28.35457], [85.14383, 28.35501], [85.14403, 28.35542], [85.15103, 28.35511], [85.15583, 28.35626]]]}}, {"type": "Feature", "properties": {"km2": 3.658, "name": null, "near_source_5km": false}, "geometry": {"type": "Polygon", "coordinates": [[[85.15558, 28.39209], [85.15518, 28.39256], [85.1551, 28.39304], [85.15501, 28.39347], [85.15476, 28.39374], [85.15445, 28.39397], [85.1539, 28.39412], [85.15341, 28.39414], [85.15282, 28.39406], [85.15221, 28.3938], [85.15186, 28.39361], [85.15162, 28.39333], [85.15153, 28.39315], [85.15121, 28.39264], [85.15064, 28.39223], [85.15037, 28.39193], [85.15005, 28.3917], [85.14957, 28.39159], [85.14894, 28.39154], [85.14825, 28.39134], [85.14773, 28.39101], [85.14755, 28.39075], [85.14738, 28.39036], [85.14727, 28.38988], [85.1473, 28.38965], [85.14724, 28.38943], [85.14712, 28.38931], [85.14686, 28.38929], [85.14639, 28.3893], [85.146, 28.3893], [85.14568, 28.38915], [85.14537, 28.38881], [85.14521, 28.38838], [85.1452, 28.38801], [85.14531, 28.38766], [85.14553, 28.38738], [85.14577, 28.38717], [85.14602, 28.38692], [85.1463, 28.38666], [85.14647, 28.38628], [85.14664, 28.38592], [85.14673, 28.38564], [85.14683, 28.38552], [85.14703, 28.38541], [85.14721, 28.3854], [85.14757, 28.38541], [85.14801, 28.38505], [85.14817, 28.38475], [85.14817, 28.38443], [85.1481, 28.38422], [85.14798, 28.38398], [85.14797, 28.38374], [85.14806, 28.38347], [85.14821, 28.38334], [85.14844, 28.38325], [85.1487, 28.3833], [85.14923, 28.38349], [85.14964, 28.38359], [85.15012, 28.38365], [85.15052, 28.38362], [85.15091, 28.38353], [85.15125, 28.38336], [85.1513, 28.38301], [85.15122, 28.38273], [85.15107, 28.38238], [85.15087, 28.38218], [85.15068, 28.38206], [85.15029, 28.38184], [85.14979, 28.38174], [85.14916, 28.38177], [85.14876, 28.3818], [85.14836, 28.38179], [85.14804, 28.38173], [85.14771, 28.38165], [85.14742, 28.38163], [85.14696, 28.38168], [85.1467, 28.38175], [85.14651, 28.38193], [85.14647, 28.38217], [85.14645, 28.38232], [85.14642, 28.38251], [85.1463, 28.38281], [85.14614, 28.38325], [85.14608, 28.38353], [85.14598, 28.3838], [85.14581, 28.384], [85.14563, 28.38409], [85.14545, 28.38421], [85.14518, 28.38455], [85.14472, 28.38527], [85.1445, 28.38555], [85.14425, 28.38571], [85.14392, 28.38576], [85.14344, 28.38564], [85.14303, 28.38543], [85.14265, 28.38503], [85.14241, 28.38466], [85.14211, 28.38421], [85.14194, 28.38386], [85.14181, 28.38349], [85.14162, 28.38287], [85.1416, 28.38271], [85.14149, 28.38221], [85.14144, 28.38194], [85.1414, 28.38184], [85.14126, 28.38179], [85.14103, 28.38183], [85.14093, 28.38196], [85.14082, 28.38212], [85.14076, 28.38227], [85.14072, 28.38245], [85.14072, 28.38265], [85.14074, 28.38288], [85.14075, 28.38319], [85.14075, 28.38335], [85.1407, 28.38351], [85.14048, 28.38365], [85.14031, 28.38367], [85.13999, 28.38364], [85.13973, 28.38362], [85.13939, 28.38358], [85.13915, 28.38352], [85.13896, 28.38346], [85.13884, 28.38346], [85.13854, 28.38353], [85.1383, 28.38363], [85.1381, 28.38368], [85.13797, 28.38379], [85.13783, 28.38393], [85.13768, 28.38394], [85.1375, 28.38387], [85.13711, 28.38378], [85.13682, 28.38388], [85.1367, 28.38397], [85.13668, 28.38408], [85.13692, 28.38419], [85.13737, 28.38426], [85.13779, 28.38439], [85.13803, 28.38468], [85.13808, 28.38508], [85.13805, 28.38544], [85.13796, 28.38585], [85.13784, 28.38626], [85.13769, 28.38647], [85.13742, 28.38661], [85.13722, 28.38665], [85.13704, 28.38676], [85.13693, 28.38686], [85.13699, 28.38699], [85.13725, 28.38713], [85.1377, 28.38734], [85.13795, 28.38746], [85.13836, 28.38769], [85.13861, 28.38779], [85.1388, 28.38791], [85.13875, 28.38813], [85.1386, 28.38839], [85.13859, 28.3887], [85.1386, 28.38881], [85.13869, 28.38904], [85.13878, 28.38917], [85.13919, 28.3894], [85.13975, 28.38945], [85.14019, 28.38926], [85.14048, 28.38908], [85.14077, 28.38872], [85.14107, 28.38814], [85.14119, 28.38779], [85.14131, 28.38755], [85.14151, 28.38734], [85.14197, 28.38726], [85.14268, 28.38723], [85.14295, 28.38719], [85.14324, 28.38707], [85.14357, 28.38704], [85.14384, 28.38725], [85.14394, 28.38747], [85.14392, 28.38775], [85.14384, 28.388], [85.1436, 28.38844], [85.14307, 28.3888], [85.14267, 28.38905], [85.14226, 28.38925], [85.14194, 28.38927], [85.14159, 28.38932], [85.14138, 28.3894], [85.14124, 28.38957], [85.14117, 28.38981], [85.14117, 28.39], [85.14115, 28.39025], [85.14102, 28.39037], [85.14088, 28.39059], [85.14065, 28.39071], [85.14042, 28.39078], [85.14011, 28.39086], [85.13985, 28.39086], [85.13955, 28.39091], [85.13932, 28.39106], [85.13924, 28.39114], [85.13921, 28.39133], [85.13927, 28.3915], [85.13935, 28.39165], [85.13947, 28.39177], [85.13967, 28.39191], [85.13985, 28.392], [85.14019, 28.39208], [85.1406, 28.39208], [85.14099, 28.39218], [85.14118, 28.39231], [85.14122, 28.39244], [85.14115, 28.39264], [85.1409, 28.39287], [85.14064, 28.39299], [85.14035, 28.393], [85.14001, 28.3929], [85.13937, 28.39269], [85.13899, 28.39248], [85.13846, 28.39218], [85.13817, 28.392], [85.13782, 28.39181], [85.13732, 28.39152], [85.13681, 28.39124], [85.13662, 28.39107], [85.1362, 28.3909], [85.13573, 28.39083], [85.13521, 28.39088], [85.13459, 28.39088], [85.13394, 28.39086], [85.13308, 28.39077], [85.13247, 28.39053], [85.13205, 28.39026], [85.13176, 28.38996], [85.1315, 28.3896], [85.13148, 28.38931], [85.13138, 28.38897], [85.13137, 28.38866], [85.13146, 28.38839], [85.13172, 28.38799], [85.13163, 28.38765], [85.13538, 28.38207], [85.13552, 28.38213], [85.13569, 28.38218], [85.13602, 28.38218], [85.13643, 28.38211], [85.13679, 28.38203], [85.13724, 28.3819], [85.13785, 28.38171], [85.13852, 28.38148], [85.13904, 28.38119], [85.13948, 28.38099], [85.1402, 28.38063], [85.1406, 28.3803], [85.14089, 28.37985], [85.1411, 28.37947], [85.14121, 28.37911], [85.14121, 28.37852], [85.14119, 28.378], [85.14121, 28.37756], [85.14122, 28.37712], [85.14125, 28.37652], [85.14127, 28.37602], [85.14127, 28.37569], [85.14136, 28.37539], [85.1414, 28.37505], [85.14162, 28.37449], [85.14171, 28.37407], [85.14174, 28.37365], [85.14173, 28.37304], [85.14173, 28.37269], [85.14163, 28.37245], [85.14158, 28.37217], [85.14168, 28.37192], [85.14194, 28.37166], [85.14221, 28.37147], [85.14242, 28.37133], [85.14263, 28.37129], [85.14281, 28.37134], [85.14303, 28.37152], [85.14331, 28.37169], [85.14353, 28.37172], [85.14375, 28.37166], [85.14391, 28.37143], [85.14401, 28.37111], [85.14411, 28.3708], [85.14434, 28.37032], [85.14449, 28.37002], [85.14488, 28.36994], [85.14538, 28.36994], [85.14582, 28.36988], [85.14625, 28.36995], [85.14654, 28.37009], [85.14709, 28.37029], [85.14735, 28.37041], [85.1478, 28.37054], [85.14824, 28.37061], [85.1488, 28.37062], [85.14949, 28.37061], [85.14978, 28.37066], [85.14995, 28.37086], [85.15009, 28.37116], [85.15027, 28.37132], [85.15066, 28.37145], [85.15109, 28.37153], [85.15151, 28.37165], [85.15204, 28.37177], [85.15254, 28.37191], [85.15275, 28.37209], [85.15294, 28.37236], [85.153, 28.37271], [85.15289, 28.373], [85.15252, 28.3733], [85.15211, 28.37348], [85.15166, 28.37361], [85.15127, 28.37365], [85.15074, 28.37364], [85.1501, 28.37368], [85.14969, 28.3737], [85.14921, 28.37372], [85.14859, 28.37371], [85.14827, 28.37382], [85.1481, 28.37401], [85.14808, 28.37419], [85.14822, 28.37441], [85.14853, 28.37457], [85.14904, 28.37469], [85.14926, 28.37474], [85.14982, 28.37477], [85.15016, 28.37479], [85.15043, 28.37486], [85.15074, 28.37494], [85.15098, 28.37502], [85.15119, 28.37517], [85.1512, 28.3753], [85.15104, 28.37542], [85.1508, 28.3756], [85.15058, 28.3757], [85.15012, 28.37577], [85.14987, 28.37587], [85.14972, 28.37601], [85.14966, 28.37622], [85.1498, 28.37648], [85.14986, 28.37662], [85.14973, 28.37687], [85.14946, 28.37707], [85.14936, 28.37732], [85.14955, 28.37762], [85.14974, 28.37772], [85.15001, 28.3778], [85.15034, 28.37785], [85.15059, 28.37781], [85.15082, 28.37771], [85.15113, 28.37757], [85.15159, 28.37738], [85.15226, 28.37715], [85.15251, 28.37699], [85.15273, 28.37679], [85.15295, 28.37652], [85.15314, 28.37644], [85.15343, 28.37626], [85.15367, 28.37616], [85.15401, 28.37606], [85.1543, 28.37606], [85.15451, 28.37609], [85.15486, 28.37618], [85.15507, 28.37628], [85.15532, 28.37632], [85.15569, 28.37631], [85.15603, 28.37628], [85.15645, 28.37627], [85.15679, 28.3763], [85.15707, 28.37649], [85.15725, 28.37658], [85.15742, 28.37663], [85.15782, 28.37655], [85.15797, 28.3765], [85.15826, 28.37645], [85.15844, 28.37647], [85.15859, 28.37653], [85.15887, 28.37667], [85.15914, 28.37687], [85.15923, 28.37697], [85.15932, 28.37708], [85.15959, 28.37723], [85.15989, 28.37744], [85.16022, 28.37763], [85.16069, 28.37786], [85.161, 28.37799], [85.16129, 28.37811], [85.16155, 28.37832], [85.16161, 28.37845], [85.16173, 28.37861], [85.16196, 28.37871], [85.16207, 28.37878], [85.16222, 28.37893], [85.16226, 28.3791], [85.16226, 28.37932], [85.16218, 28.37949], [85.16205, 28.37965], [85.16187, 28.37988], [85.16169, 28.38014], [85.16156, 28.3803], [85.16131, 28.38061], [85.16113, 28.38083], [85.16086, 28.38106], [85.16065, 28.38124], [85.16052, 28.3814], [85.16036, 28.38159], [85.1602, 28.38178], [85.15983, 28.38203], [85.15963, 28.38214], [85.15943, 28.38225], [85.1592, 28.38235], [85.15897, 28.38258], [85.15881, 28.3828], [85.15867, 28.383], [85.15855, 28.38318], [85.15837, 28.38334], [85.15793, 28.38359], [85.15754, 28.38381], [85.15726, 28.38416], [85.15701, 28.38451], [85.15687, 28.38492], [85.15678, 28.38531], [85.15659, 28.38563], [85.15633, 28.38593], [85.1561, 28.38621], [85.1559, 28.3866], [85.15588, 28.38691], [85.15587, 28.38712], [85.15584, 28.38741], [85.15577, 28.38771], [85.15566, 28.38793], [85.15557, 28.38816], [85.15554, 28.38843], [85.15553, 28.38877], [85.15562, 28.38907], [85.15577, 28.38937], [85.15578, 28.39009], [85.15579, 28.39053], [85.1558, 28.39093], [85.15572, 28.39128], [85.15571, 28.39169], [85.15558, 28.39209]]]}}, {"type": "Feature", "properties": {"km2": 1.168, "name": null, "near_source_5km": false}, "geometry": {"type": "Polygon", "coordinates": [[[85.20321, 28.37965], [85.20317, 28.38004], [85.20307, 28.38025], [85.20284, 28.38063], [85.20263, 28.38094], [85.20236, 28.38123], [85.20214, 28.38145], [85.20179, 28.38164], [85.20145, 28.38179], [85.20091, 28.38194], [85.2004, 28.38201], [85.19968, 28.38204], [85.1992, 28.38195], [85.19887, 28.3818], [85.19852, 28.38157], [85.19826, 28.38127], [85.19802, 28.38088], [85.19773, 28.38053], [85.19753, 28.38017], [85.19737, 28.37988], [85.19726, 28.37944], [85.1972, 28.37914], [85.19701, 28.37888], [85.1965, 28.37857], [85.196, 28.37843], [85.19563, 28.37837], [85.19518, 28.37839], [85.19481, 28.37832], [85.19444, 28.37818], [85.19397, 28.378], [85.19354, 28.37786], [85.19328, 28.37777], [85.19294, 28.37759], [85.19272, 28.37734], [85.19248, 28.377], [85.19237, 28.37675], [85.19214, 28.37641], [85.19202, 28.37613], [85.19196, 28.37587], [85.1918, 28.37546], [85.19165, 28.37515], [85.19159, 28.37501], [85.19149, 28.37488], [85.19133, 28.37481], [85.19114, 28.37473], [85.19091, 28.37458], [85.1908, 28.37434], [85.19076, 28.37414], [85.19075, 28.37397], [85.1907, 28.37374], [85.19065, 28.37346], [85.19064, 28.37321], [85.19065, 28.37284], [85.1907, 28.37259], [85.19079, 28.37242], [85.19092, 28.37231], [85.19112, 28.3723], [85.19166, 28.37228], [85.1918, 28.37232], [85.19204, 28.37226], [85.19213, 28.37208], [85.19222, 28.37198], [85.19247, 28.37188], [85.19258, 28.37185], [85.19266, 28.37175], [85.19267, 28.37155], [85.19261, 28.37135], [85.19256, 28.37124], [85.19252, 28.37112], [85.19259, 28.371], [85.19267, 28.3709], [85.19282, 28.37083], [85.19301, 28.37074], [85.19316, 28.37053], [85.19326, 28.37044], [85.19341, 28.37038], [85.19352, 28.37028], [85.19354, 28.37005], [85.19356, 28.36992], [85.19362, 28.36983], [85.19373, 28.36976], [85.19389, 28.3697], [85.19416, 28.36968], [85.19435, 28.36959], [85.19447, 28.36956], [85.1946, 28.36954], [85.1948, 28.36956], [85.19502, 28.36952], [85.19509, 28.36941], [85.1951, 28.36933], [85.19522, 28.36925], [85.19531, 28.36921], [85.19542, 28.36908], [85.19555, 28.36892], [85.19566, 28.36885], [85.19578, 28.36866], [85.19591, 28.36854], [85.196, 28.36847], [85.19608, 28.36835], [85.19615, 28.36824], [85.19628, 28.36812], [85.19641, 28.368], [85.19651, 28.36783], [85.19651, 28.3677], [85.19646, 28.36754], [85.19639, 28.36739], [85.19635, 28.36729], [85.19635, 28.36718], [85.19637, 28.36709], [85.19647, 28.36695], [85.19657, 28.36686], [85.19661, 28.36676], [85.19662, 28.36659], [85.19669, 28.3665], [85.19678, 28.36646], [85.1969, 28.36645], [85.19716, 28.36647], [85.19734, 28.36651], [85.19746, 28.36657], [85.19762, 28.36665], [85.19779, 28.36667], [85.19802, 28.36666], [85.19827, 28.36663], [85.19845, 28.36666], [85.19864, 28.36672], [85.19878, 28.36679], [85.19899, 28.36699], [85.19916, 28.36723], [85.19934, 28.36756], [85.19946, 28.36784], [85.19952, 28.36809], [85.19956, 28.36831], [85.19961, 28.36858], [85.19962, 28.36901], [85.19964, 28.36933], [85.19969, 28.36964], [85.19977, 28.36986], [85.19992, 28.3701], [85.20006, 28.37036], [85.20022, 28.37074], [85.20039, 28.37105], [85.20052, 28.37129], [85.20075, 28.37169], [85.20095, 28.37228], [85.20105, 28.37258], [85.20114, 28.37285], [85.20122, 28.37316], [85.20128, 28.37356], [85.20129, 28.37427], [85.20129, 28.37457], [85.20135, 28.37509], [85.20144, 28.3755], [85.20168, 28.37589], [85.20185, 28.37618], [85.20187, 28.37658], [85.20185, 28.37694], [85.20185, 28.37733], [85.20194, 28.37793], [85.20214, 28.37828], [85.20241, 28.37857], [85.20265, 28.37883], [85.20291, 28.37912], [85.20307, 28.37937], [85.20321, 28.37965]]]}}, {"type": "Feature", "properties": {"km2": 0.413, "name": null, "near_source_5km": false}, "geometry": {"type": "Polygon", "coordinates": [[[85.10999, 28.40441], [85.11005, 28.40409], [85.1101, 28.40361], [85.1101, 28.40341], [85.11012, 28.40308], [85.11024, 28.40274], [85.1106, 28.40245], [85.11104, 28.40238], [85.11134, 28.40242], [85.11166, 28.40244], [85.11237, 28.40248], [85.11255, 28.40261], [85.11261, 28.40279], [85.11275, 28.40301], [85.11287, 28.40318], [85.11308, 28.40338], [85.11341, 28.40365], [85.11366, 28.40378], [85.11379, 28.40397], [85.11384, 28.40417], [85.1138, 28.40442], [85.11368, 28.40467], [85.11352, 28.4049], [85.11333, 28.40508], [85.11315, 28.40528], [85.11291, 28.40551], [85.11278, 28.40575], [85.11271, 28.40605], [85.1127, 28.40623], [85.11266, 28.40641], [85.11254, 28.40657], [85.11238, 28.40667], [85.11223, 28.40679], [85.11207, 28.40695], [85.11192, 28.40709], [85.11177, 28.40732], [85.11167, 28.40747], [85.11162, 28.40771], [85.1116, 28.40788], [85.11163, 28.40807], [85.11169, 28.40823], [85.11184, 28.40835], [85.11199, 28.40834], [85.11221, 28.40828], [85.11249, 28.40809], [85.11276, 28.40796], [85.11332, 28.40766], [85.11347, 28.40761], [85.11365, 28.40758], [85.11378, 28.40757], [85.11394, 28.40768], [85.11402, 28.40779], [85.11408, 28.40794], [85.1141, 28.40811], [85.11406, 28.4083], [85.11398, 28.40843], [85.11346, 28.40865], [85.11306, 28.40874], [85.11288, 28.40877], [85.11264, 28.40892], [85.11241, 28.40904], [85.11206, 28.4091], [85.1117, 28.4091], [85.11151, 28.409], [85.1114, 28.40882], [85.11133, 28.40868], [85.1113, 28.40852], [85.11131, 28.40833], [85.11127, 28.4082], [85.11122, 28.4081], [85.11102, 28.40805], [85.11098, 28.40808], [85.11092, 28.40823], [85.11086, 28.40836], [85.11078, 28.40849], [85.11062, 28.40859], [85.11037, 28.40864], [85.11017, 28.40867], [85.10993, 28.40868], [85.10967, 28.40874], [85.1095, 28.40881], [85.10935, 28.4089], [85.10924, 28.40903], [85.10912, 28.4092], [85.10891, 28.40935], [85.10875, 28.40946], [85.10842, 28.40964], [85.10817, 28.40972], [85.10791, 28.40979], [85.10749, 28.40984], [85.10709, 28.40983], [85.10681, 28.40982], [85.10653, 28.4098], [85.10628, 28.40975], [85.10601, 28.4097], [85.10589, 28.40968], [85.10566, 28.4096], [85.10549, 28.40953], [85.10527, 28.40948], [85.10503, 28.40942], [85.10481, 28.40936], [85.10466, 28.40923], [85.10442, 28.40908], [85.1042, 28.40903], [85.10402, 28.40903], [85.10386, 28.40903], [85.10378, 28.40903], [85.10362, 28.40906], [85.1033, 28.40903], [85.10316, 28.40898], [85.10297, 28.40892], [85.10279, 28.40891], [85.10267, 28.40892], [85.10255, 28.40894], [85.10243, 28.40894], [85.10232, 28.4089], [85.10225, 28.40886], [85.10222, 28.40873], [85.10221, 28.40856], [85.10225, 28.40844], [85.10233, 28.4083], [85.10237, 28.40816], [85.10243, 28.40804], [85.1025, 28.40789], [85.10266, 28.40779], [85.10283, 28.40772], [85.10301, 28.40765], [85.10326, 28.4075], [85.10345, 28.40736], [85.10356, 28.40724], [85.10371, 28.40698], [85.10382, 28.40684], [85.10404, 28.40671], [85.10432, 28.40668], [85.10465, 28.40668], [85.10494, 28.40672], [85.10518, 28.40682], [85.10539, 28.40687], [85.10567, 28.40693], [85.10599, 28.40704], [85.10619, 28.40715], [85.1063, 28.40717], [85.10659, 28.40729], [85.10687, 28.40746], [85.10717, 28.40757], [85.10753, 28.40761], [85.10773, 28.4076], [85.10783, 28.40754], [85.10788, 28.40739], [85.10785, 28.40707], [85.10786, 28.40675], [85.10787, 28.4066], [85.10786, 28.40647], [85.10791, 28.40632], [85.10799, 28.40619], [85.10812, 28.40605], [85.10825, 28.406], [85.10841, 28.40597], [85.10883, 28.40583], [85.10925, 28.40571], [85.1094, 28.40567], [85.10969, 28.40545], [85.10983, 28.40529], [85.10991, 28.4051], [85.10996, 28.40488], [85.10998, 28.40467], [85.10999, 28.40441]]]}}, {"type": "Feature", "properties": {"km2": 2.959, "name": "Kongju Glacier", "near_source_5km": false}, "geometry": {"type": "Polygon", "coordinates": [[[85.12685, 28.45618], [85.12682, 28.45638], [85.12676, 28.45661], [85.12669, 28.45684], [85.12654, 28.45709], [85.12644, 28.45727], [85.12638, 28.45752], [85.12636, 28.45767], [85.12624, 28.45784], [85.12603, 28.458], [85.12593, 28.45816], [85.12586, 28.45836], [85.12581, 28.45846], [85.1256, 28.45857], [85.12547, 28.45861], [85.12534, 28.45865], [85.12513, 28.45872], [85.12487, 28.45872], [85.12478, 28.45873], [85.12475, 28.45881], [85.12468, 28.45886], [85.12454, 28.45889], [85.12444, 28.45882], [85.12432, 28.4588], [85.12424, 28.45886], [85.12425, 28.45897], [85.12426, 28.45908], [85.12425, 28.45914], [85.12415, 28.4592], [85.12395, 28.45915], [85.12387, 28.45896], [85.12382, 28.45887], [85.12365, 28.45882], [85.12356, 28.4588], [85.12349, 28.45881], [85.12338, 28.45886], [85.12333, 28.45891], [85.12321, 28.4589], [85.12315, 28.45895], [85.12316, 28.45902], [85.1232, 28.45906], [85.12334, 28.4592], [85.12339, 28.45939], [85.1234, 28.45953], [85.12338, 28.45965], [85.12336, 28.45981], [85.12339, 28.45997], [85.1234, 28.46015], [85.12333, 28.46037], [85.12334, 28.46052], [85.1234, 28.4607], [85.12347, 28.46084], [85.12355, 28.46098], [85.12366, 28.4611], [85.12377, 28.46123], [85.12386, 28.46136], [85.12388, 28.46147], [85.12387, 28.4616], [85.12389, 28.46172], [85.12396, 28.46194], [85.12406, 28.46209], [85.12416, 28.46225], [85.12423, 28.46256], [85.12432, 28.46282], [85.12437, 28.4629], [85.12444, 28.463], [85.12444, 28.46308], [85.12449, 28.46325], [85.12458, 28.46339], [85.12477, 28.46352], [85.12503, 28.4636], [85.12535, 28.46367], [85.12555, 28.46369], [85.12571, 28.46378], [85.12581, 28.46389], [85.12585, 28.46408], [85.1258, 28.46424], [85.12577, 28.46434], [85.12596, 28.46448], [85.1261, 28.46455], [85.12635, 28.46469], [85.12651, 28.46481], [85.1266, 28.46492], [85.12681, 28.46506], [85.12702, 28.46514], [85.12728, 28.46531], [85.12753, 28.46538], [85.12779, 28.46548], [85.12802, 28.46562], [85.12821, 28.46574], [85.12828, 28.46582], [85.1283, 28.46588], [85.12814, 28.466], [85.12778, 28.46603], [85.12757, 28.46598], [85.12715, 28.46585], [85.12684, 28.46583], [85.12658, 28.46581], [85.12631, 28.46578], [85.1261, 28.46575], [85.12591, 28.46571], [85.12569, 28.46566], [85.12548, 28.4656], [85.12524, 28.46551], [85.12493, 28.46539], [85.12474, 28.4653], [85.12456, 28.4652], [85.12441, 28.46511], [85.12428, 28.46504], [85.12412, 28.46498], [85.12379, 28.46492], [85.12355, 28.46488], [85.12338, 28.46485], [85.12314, 28.46481], [85.12293, 28.46476], [85.12266, 28.46465], [85.12249, 28.46458], [85.12228, 28.46451], [85.12201, 28.46442], [85.12157, 28.46439], [85.12128, 28.46443], [85.12086, 28.4646], [85.12036, 28.46483], [85.11996, 28.46497], [85.11953, 28.46512], [85.11917, 28.46528], [85.11887, 28.4654], [85.11863, 28.46548], [85.11812, 28.46552], [85.11756, 28.46568], [85.11723, 28.46588], [85.11703, 28.46614], [85.11682, 28.4663], [85.11637, 28.46651], [85.11607, 28.46671], [85.11587, 28.467], [85.11568, 28.46728], [85.11556, 28.46744], [85.11512, 28.46766], [85.1147, 28.4678], [85.11431, 28.46785], [85.11381, 28.46788], [85.11355, 28.46796], [85.11335, 28.4681], [85.11322, 28.46837], [85.11304, 28.46881], [85.11305, 28.46921], [85.11311, 28.46938], [85.11303, 28.46969], [85.11268, 28.47], [85.1121, 28.47009], [85.11176, 28.46996], [85.11166, 28.46979], [85.11163, 28.46946], [85.11166, 28.46925], [85.11165, 28.46893], [85.11168, 28.46861], [85.11185, 28.46835], [85.11203, 28.46813], [85.11222, 28.46796], [85.11246, 28.4677], [85.11258, 28.46754], [85.11258, 28.4673], [85.11226, 28.46699], [85.11194, 28.46681], [85.11162, 28.46663], [85.1115, 28.46649], [85.11149, 28.46621], [85.11155, 28.46598], [85.11165, 28.46578], [85.11191, 28.46556], [85.11232, 28.46541], [85.11267, 28.46541], [85.11313, 28.46541], [85.11348, 28.46542], [85.11392, 28.46546], [85.11427, 28.46548], [85.1146, 28.4655], [85.115, 28.46548], [85.11549, 28.46534], [85.11586, 28.46518], [85.11623, 28.46497], [85.11656, 28.4646], [85.11679, 28.46442], [85.11714, 28.46421], [85.11752, 28.46407], [85.11813, 28.46382], [85.11841, 28.46373], [85.11881, 28.46366], [85.11954, 28.46365], [85.12009, 28.46365], [85.12042, 28.46365], [85.12069, 28.46357], [85.12076, 28.4634], [85.12081, 28.46318], [85.12069, 28.46302], [85.12038, 28.46279], [85.1199, 28.46254], [85.11962, 28.46237], [85.11941, 28.46226], [85.11914, 28.46208], [85.11876, 28.46167], [85.11857, 28.46146], [85.1184, 28.46127], [85.11796, 28.46111], [85.11769, 28.46108], [85.11732, 28.46108], [85.11698, 28.46113], [85.11675, 28.46114], [85.1163, 28.46116], [85.11573, 28.46124], [85.11543, 28.4613], [85.11509, 28.46145], [85.11483, 28.46159], [85.11472, 28.46181], [85.11479, 28.46199], [85.11496, 28.46218], [85.11492, 28.46247], [85.11486, 28.4627], [85.11471, 28.46302], [85.11442, 28.46338], [85.11415, 28.46363], [85.11385, 28.46383], [85.11368, 28.46399], [85.11359, 28.46415], [85.11338, 28.46431], [85.1131, 28.46447], [85.11279, 28.46448], [85.1125, 28.46446], [85.11217, 28.46439], [85.11158, 28.46442], [85.11133, 28.46447], [85.11104, 28.4646], [85.11052, 28.4649], [85.11016, 28.46517], [85.11001, 28.46541], [85.10981, 28.46576], [85.1093, 28.46598], [85.10892, 28.46597], [85.10871, 28.46581], [85.10854, 28.46557], [85.10827, 28.46523], [85.10825, 28.46503], [85.10825, 28.46485], [85.10831, 28.46472], [85.10854, 28.4647], [85.10871, 28.4647], [85.10888, 28.46471], [85.10901, 28.46459], [85.10902, 28.46438], [85.10887, 28.46424], [85.10869, 28.46415], [85.10854, 28.46411], [85.10828, 28.46398], [85.10793, 28.46378], [85.10791, 28.46362], [85.10791, 28.46348], [85.10795, 28.46331], [85.10812, 28.46318], [85.10823, 28.46305], [85.10826, 28.4629], [85.10825, 28.46273], [85.10814, 28.4626], [85.10803, 28.46248], [85.10796, 28.46228], [85.10795, 28.46213], [85.10795, 28.46185], [85.10806, 28.4616], [85.10831, 28.46142], [85.10865, 28.46127], [85.10899, 28.46115], [85.1095, 28.4611], [85.10996, 28.4611], [85.11034, 28.46121], [85.1106, 28.46139], [85.11088, 28.46158], [85.11096, 28.46185], [85.11104, 28.46203], [85.1113, 28.46215], [85.11149, 28.46199], [85.11163, 28.46169], [85.11181, 28.46137], [85.11211, 28.46117], [85.11256, 28.46104], [85.11293, 28.46099], [85.11336, 28.46101], [85.11387, 28.46097], [85.11426, 28.46083], [85.11451, 28.46068], [85.11495, 28.46045], [85.11524, 28.46037], [85.11548, 28.46033], [85.11574, 28.46035], [85.11612, 28.46046], [85.11635, 28.46047], [85.1165, 28.46036], [85.11653, 28.46021], [85.1163, 28.45999], [85.11609, 28.45987], [85.11588, 28.45978], [85.11557, 28.45962], [85.11482, 28.45923], [85.1144, 28.45908], [85.11377, 28.45895], [85.11321, 28.45883], [85.11233, 28.45862], [85.11172, 28.45854], [85.11115, 28.45846], [85.1105, 28.45833], [85.10999, 28.45821], [85.10953, 28.4581], [85.10896, 28.45795], [85.10844, 28.45779], [85.10784, 28.45751], [85.10761, 28.45739], [85.10726, 28.45723], [85.10676, 28.45692], [85.10631, 28.45674], [85.10567, 28.45647], [85.10511, 28.4562], [85.10456, 28.45588], [85.10417, 28.45568], [85.10383, 28.45551], [85.10339, 28.45515], [85.10323, 28.45484], [85.10307, 28.45444], [85.1029, 28.45419], [85.10277, 28.45397], [85.10275, 28.45376], [85.10279, 28.45337], [85.10291, 28.45311], [85.1031, 28.45292], [85.10364, 28.45248], [85.10423, 28.45212], [85.10446, 28.45188], [85.10467, 28.45171], [85.10511, 28.45155], [85.10542, 28.4515], [85.10593, 28.45149], [85.10625, 28.45158], [85.10669, 28.45182], [85.10687, 28.45204], [85.10697, 28.4524], [85.10706, 28.45265], [85.10725, 28.45294], [85.10753, 28.45328], [85.10783, 28.45356], [85.10825, 28.45373], [85.10866, 28.45383], [85.10918, 28.45387], [85.10955, 28.45385], [85.10984, 28.45371], [85.10998, 28.45351], [85.11002, 28.45319], [85.11002, 28.45292], [85.10999, 28.45273], [85.10976, 28.45249], [85.10924, 28.45225], [85.10896, 28.45211], [85.10869, 28.45194], [85.10828, 28.45173], [85.10761, 28.45143], [85.10715, 28.45118], [85.1068, 28.45098], [85.10645, 28.45079], [85.10612, 28.45061], [85.10589, 28.45041], [85.10577, 28.45019], [85.10567, 28.44985], [85.10554, 28.44955], [85.10526, 28.44918], [85.10486, 28.44884], [85.1046, 28.44854], [85.10438, 28.44813], [85.10431, 28.44778], [85.10439, 28.44752], [85.10456, 28.44746], [85.10479, 28.44749], [85.10495, 28.44755], [85.10529, 28.44769], [85.10571, 28.44763], [85.10584, 28.44728], [85.10591, 28.44703], [85.10612, 28.44677], [85.10648, 28.44662], [85.10744, 28.44638], [85.10798, 28.44622], [85.10853, 28.44589], [85.10936, 28.44538], [85.10988, 28.44513], [85.11019, 28.4451], [85.11046, 28.44515], [85.11072, 28.44519], [85.11099, 28.44536], [85.11107, 28.4455], [85.11115, 28.44569], [85.11101, 28.4459], [85.11067, 28.44608], [85.11016, 28.44637], [85.10988, 28.44654], [85.10962, 28.44685], [85.10915, 28.44719], [85.10884, 28.44738], [85.10865, 28.4476], [85.10859, 28.44782], [85.10848, 28.44819], [85.10847, 28.44873], [85.10847, 28.44907], [85.10849, 28.4493], [85.10856, 28.44981], [85.10872, 28.45021], [85.10888, 28.4506], [85.10916, 28.45098], [85.10942, 28.4512], [85.10959, 28.45125], [85.11002, 28.45125], [85.11044, 28.45118], [85.11079, 28.45109], [85.11105, 28.45084], [85.11113, 28.45051], [85.11119, 28.45027], [85.11146, 28.44993], [85.11171, 28.44972], [85.11208, 28.44947], [85.11234, 28.44937], [85.11265, 28.44937], [85.11315, 28.44943], [85.11364, 28.44952], [85.11398, 28.44951], [85.11431, 28.44936], [85.11453, 28.44906], [85.11462, 28.44879], [85.11445, 28.44853], [85.11428, 28.44834], [85.11418, 28.44809], [85.11416, 28.44783], [85.11437, 28.44757], [85.11464, 28.44741], [85.11492, 28.44729], [85.11525, 28.44703], [85.11554, 28.44669], [85.11577, 28.44636], [85.11567, 28.44612], [85.11532, 28.44589], [85.11498, 28.44575], [85.1146, 28.44558], [85.11427, 28.44554], [85.11391, 28.44546], [85.11367, 28.44538], [85.11358, 28.44522], [85.11365, 28.44509], [85.11374, 28.44495], [85.11376, 28.44473], [85.11381, 28.44451], [85.11391, 28.44433], [85.11409, 28.44418], [85.11442, 28.44415], [85.11486, 28.44418], [85.11508, 28.44426], [85.11526, 28.44449], [85.11534, 28.44469], [85.11552, 28.44489], [85.11582, 28.44524], [85.11607, 28.44553], [85.11634, 28.44569], [85.1168, 28.44595], [85.11712, 28.44625], [85.11745, 28.44657], [85.11766, 28.44681], [85.118, 28.44716], [85.11834, 28.44751], [85.11885, 28.44804], [85.11892, 28.44835], [85.11894, 28.44912], [85.11892, 28.4499], [85.11889, 28.45062], [85.11892, 28.45109], [85.119, 28.45184], [85.11906, 28.45218], [85.11906, 28.45257], [85.11897, 28.45288], [85.1188, 28.45318], [85.11863, 28.4535], [85.11853, 28.45372], [85.11858, 28.45394], [85.11876, 28.45408], [85.11903, 28.45412], [85.11926, 28.45396], [85.11935, 28.4538], [85.11988, 28.45346], [85.12025, 28.45348], [85.12068, 28.45353], [85.12099, 28.4535], [85.12114, 28.45328], [85.12114, 28.45303], [85.12121, 28.4528], [85.12142, 28.45265], [85.12171, 28.45257], [85.12203, 28.45265], [85.12226, 28.45278], [85.12245, 28.45293], [85.12268, 28.45304], [85.12291, 28.45307], [85.12339, 28.45329], [85.12382, 28.45348], [85.12408, 28.45367], [85.12446, 28.45385], [85.1248, 28.45385], [85.12497, 28.45374], [85.12515, 28.45354], [85.12534, 28.45334], [85.12558, 28.45327], [85.12584, 28.45329], [85.12624, 28.45348], [85.12642, 28.45357], [85.1268, 28.45366], [85.12716, 28.45364], [85.12748, 28.45362], [85.12795, 28.45364], [85.12852, 28.45375], [85.12875, 28.45389], [85.12888, 28.45418], [85.12896, 28.45446], [85.12909, 28.45474], [85.12913, 28.45499], [85.12904, 28.45519], [85.12884, 28.45544], [85.12864, 28.45551], [85.12835, 28.45545], [85.12811, 28.4555], [85.12777, 28.45558], [85.12737, 28.45569], [85.12716, 28.4558], [85.12703, 28.45592], [85.12685, 28.45618]]]}}, {"type": "Feature", "properties": {"km2": 3.267, "name": "Tabo Glacier", "near_source_5km": true}, "geometry": {"type": "Polygon", "coordinates": [[[85.53539, 28.29101], [85.53566, 28.29098], [85.53608, 28.29094], [85.53632, 28.29104], [85.53644, 28.29141], [85.53659, 28.2918], [85.53649, 28.29201], [85.53677, 28.29214], [85.53736, 28.29219], [85.53753, 28.29189], [85.53806, 28.29165], [85.53852, 28.29166], [85.53883, 28.29114], [85.5397, 28.29112], [85.53993, 28.29079], [85.5389, 28.29048], [85.53905, 28.29021], [85.54037, 28.2904], [85.54103, 28.29024], [85.54152, 28.2898], [85.54172, 28.28991], [85.54122, 28.29068], [85.5407, 28.29148], [85.53997, 28.29241], [85.53942, 28.2925], [85.53811, 28.29324], [85.5374, 28.29367], [85.53724, 28.29394], [85.53696, 28.29438], [85.53652, 28.29484], [85.53626, 28.29535], [85.53608, 28.29583], [85.53616, 28.29614], [85.53651, 28.29646], [85.53678, 28.2967], [85.53747, 28.29688], [85.53778, 28.29681], [85.53866, 28.29684], [85.53891, 28.29689], [85.53947, 28.29695], [85.54001, 28.29704], [85.54051, 28.29706], [85.54102, 28.29707], [85.5417, 28.29705], [85.54198, 28.29689], [85.54238, 28.29708], [85.54209, 28.29757], [85.5417, 28.29798], [85.54139, 28.29806], [85.54056, 28.29808], [85.53982, 28.29797], [85.53939, 28.29839], [85.5393, 28.29882], [85.53953, 28.29911], [85.54027, 28.29927], [85.54097, 28.29928], [85.54188, 28.29928], [85.54304, 28.29928], [85.54384, 28.2991], [85.54435, 28.29825], [85.54391, 28.29718], [85.54348, 28.29712], [85.54406, 28.2969], [85.54452, 28.29655], [85.54528, 28.29611], [85.54587, 28.29577], [85.54608, 28.29511], [85.54565, 28.29382], [85.54452, 28.29386], [85.54397, 28.29363], [85.54334, 28.29381], [85.54249, 28.29427], [85.54242, 28.29454], [85.54195, 28.29504], [85.54118, 28.29557], [85.54094, 28.295], [85.54038, 28.29474], [85.54105, 28.29363], [85.54162, 28.2929], [85.54207, 28.29267], [85.54312, 28.29252], [85.54364, 28.29243], [85.54416, 28.29219], [85.54456, 28.29221], [85.54494, 28.29227], [85.5457, 28.29262], [85.54624, 28.29273], [85.54719, 28.29243], [85.54755, 28.29216], [85.54777, 28.29159], [85.54761, 28.29094], [85.5471, 28.29], [85.54698, 28.28975], [85.54669, 28.28913], [85.54672, 28.2886], [85.54716, 28.28787], [85.54737, 28.28697], [85.54724, 28.28489], [85.54761, 28.28341], [85.54764, 28.28284], [85.5476, 28.28223], [85.5472, 28.28177], [85.54683, 28.28155], [85.54632, 28.28143], [85.54578, 28.28133], [85.54551, 28.2812], [85.54539, 28.28091], [85.54547, 28.2805], [85.54577, 28.27962], [85.54578, 28.27877], [85.54561, 28.27803], [85.54509, 28.27738], [85.54468, 28.27704], [85.54401, 28.27681], [85.54335, 28.27677], [85.54289, 28.27662], [85.54213, 28.2766], [85.54161, 28.27659], [85.54116, 28.27646], [85.54095, 28.27639], [85.54081, 28.27621], [85.54074, 28.27596], [85.54059, 28.27582], [85.54042, 28.27566], [85.53997, 28.27551], [85.5397, 28.27543], [85.53917, 28.27515], [85.53836, 28.27439], [85.53813, 28.27392], [85.53799, 28.27365], [85.53791, 28.2734], [85.53732, 28.27305], [85.53677, 28.2729], [85.53632, 28.2727], [85.53536, 28.27214], [85.53461, 28.2719], [85.53396, 28.27186], [85.53344, 28.27182], [85.53273, 28.27162], [85.53167, 28.2713], [85.53094, 28.27101], [85.53029, 28.27061], [85.5295, 28.27051], [85.52926, 28.27058], [85.52894, 28.27113], [85.52889, 28.27162], [85.5295, 28.27215], [85.53007, 28.27235], [85.53071, 28.27247], [85.53177, 28.27261], [85.53225, 28.27266], [85.53268, 28.27271], [85.53279, 28.27298], [85.53242, 28.27375], [85.53214, 28.27458], [85.53173, 28.27516], [85.53141, 28.27528], [85.53061, 28.27538], [85.52999, 28.27537], [85.5298, 28.27534], [85.52942, 28.27506], [85.52917, 28.2749], [85.52878, 28.27473], [85.52798, 28.27432], [85.52727, 28.27383], [85.5269, 28.2737], [85.52651, 28.27363], [85.52617, 28.2737], [85.52602, 28.27382], [85.52585, 28.27433], [85.52589, 28.27469], [85.52615, 28.27499], [85.52615, 28.27553], [85.5262, 28.2758], [85.52623, 28.27618], [85.52647, 28.27651], [85.52662, 28.27673], [85.52714, 28.27727], [85.52773, 28.27772], [85.52791, 28.27771], [85.52813, 28.27781], [85.52826, 28.27798], [85.52828, 28.27832], [85.52822, 28.27855], [85.5293, 28.27954], [85.52982, 28.28077], [85.53042, 28.28208], [85.53169, 28.28293], [85.53172, 28.28383], [85.53205, 28.2839], [85.53222, 28.28407], [85.53237, 28.28454], [85.53231, 28.28494], [85.53223, 28.28509], [85.53395, 28.2853], [85.53615, 28.28648], [85.53676, 28.28813], [85.53592, 28.28978], [85.53539, 28.29101]]]}}]}
